c,q,alpha_h,s,v,lam_max,N_half
0.80,0.010,0.004333009937,0.008665992757,0.002508562701,0.9993672993,1095.1907
0.80,0.011,0.004766315116,0.009532594139,0.00275941891,0.9992343328,904.9386
0.80,0.012,0.005199614569,0.01039918228,0.003010271094,0.9990886624,760.2356
0.80,0.013,0.005632923534,0.01126578749,0.003261128011,0.9989302691,647.6174
0.80,0.014,0.006066234423,0.01213239443,0.003511985203,0.9987591441,558.2574
0.80,0.015,0.006499547379,0.01299900324,0.003762842689,0.9985752743,486.1661
0.80,0.016,0.00693286255,0.01386561402,0.004013700489,0.9983786432,427.1639
0.80,0.017,0.007366180079,0.01473222693,0.004264558623,0.9981692364,378.2643
0.80,0.018,0.007799500115,0.01559884208,0.004515417111,0.9979470354,337.2856
0.80,0.019,0.008232822803,0.0164654596,0.004766275973,0.9977120229,302.6053
0.80,0.020,0.008666148291,0.01733207963,0.00501713523,0.9974641801,272.9957
0.80,0.021,0.009099476724,0.0181987023,0.005267994902,0.9972034849,247.5143
0.80,0.022,0.009532808249,0.01906532774,0.00551885501,0.9969299171,225.4280
0.80,0.023,0.009966143015,0.01993195607,0.005769715575,0.9966434534,206.1593
0.80,0.024,0.01039948117,0.02079858744,0.006020576616,0.9963440706,189.2486
0.80,0.025,0.01083282285,0.02166522196,0.006271438155,0.9960317415,174.3261
0.80,0.026,0.01126616822,0.02253185978,0.006522300212,0.9957064412,161.0920
0.80,0.027,0.01169951741,0.02339850102,0.006773162808,0.9953681434,149.3010
0.80,0.028,0.01213287058,0.02426514582,0.007024025964,0.9950168175,138.7504
0.80,0.029,0.01256622787,0.02513179431,0.007274889701,0.9946524355,129.2723
0.80,0.030,0.01299958943,0.02599844661,0.007525754038,0.9942749636,120.7261
0.80,0.031,0.0134329543,0.02686510065,0.007776618357,0.9938843720,112.9934
0.80,0.032,0.01386632485,0.027731761,0.008027483963,0.9934806244,105.9741
0.80,0.033,0.01429970011,0.02859842555,0.008278350233,0.9930636855,99.5832
0.80,0.034,0.01473308023,0.02946509446,0.008529217187,0.9926335211,93.7478
0.80,0.035,0.01516646535,0.03033176784,0.008780084845,0.9921900903,88.4052
0.80,0.036,0.01559985562,0.03119844582,0.00903095323,0.9917333557,83.5016
0.80,0.037,0.01603325119,0.03206512854,0.009281822361,0.9912632762,78.9901
0.80,0.038,0.01646665221,0.03293181613,0.00953269226,0.9907798089,74.8300
0.80,0.039,0.01690005883,0.03379850873,0.009783562947,0.9902829122,70.9857
0.80,0.040,0.01733347119,0.03466520646,0.01003443444,0.9897725365,67.4260
0.80,0.041,0.01776688943,0.03553190945,0.01028530677,0.9892486419,64.1235
0.80,0.042,0.01820031371,0.03639861784,0.01053617995,0.9887111711,61.0539
0.80,0.043,0.01863374418,0.03726533175,0.010787054,0.9881600809,58.1960
0.80,0.044,0.01906718098,0.03813205133,0.01103792894,0.9875953152,55.5306
0.80,0.045,0.01950062426,0.0389987767,0.0112888048,0.9870168250,53.0408
0.80,0.046,0.01993407416,0.03986550799,0.01153968159,0.9864245509,50.7115
0.80,0.047,0.02036753084,0.04073224533,0.01179055934,0.9858184387,48.5292
0.80,0.048,0.02080099443,0.04159898886,0.01204143807,0.9851984267,46.4819
0.80,0.049,0.0212344651,0.04246573871,0.01229231779,0.9845644569,44.5584
0.80,0.050,0.02166794298,0.04333249501,0.01254319853,0.9839164674,42.7492
0.80,0.051,0.02210142823,0.04419925789,0.01279408032,0.9832543898,41.0452
0.80,0.052,0.02253492099,0.04506602749,0.01304496316,0.9825781601,39.4385
0.80,0.053,0.0229684214,0.04593280392,0.01329584709,0.9818877076,37.9218
0.80,0.054,0.02340192962,0.04679958734,0.01354673212,0.9811829663,36.4885
0.80,0.055,0.0238354458,0.04766637786,0.01379761828,0.9804638557,35.1325
0.80,0.056,0.02426897008,0.04853317563,0.01404850558,0.9797303040,33.8485
0.80,0.057,0.0247025026,0.04939998076,0.01429939405,0.9789822333,32.6313
0.80,0.058,0.02513604353,0.0502667934,0.0145502837,0.9782195662,31.4765
0.80,0.059,0.02556959299,0.05113361367,0.01480117457,0.9774422173,30.3797
0.80,0.060,0.02600315115,0.05200044171,0.01505206666,0.9766501019,29.3373
0.80,0.061,0.02643671815,0.05286727765,0.01530296001,0.9758431314,28.3456
0.80,0.062,0.02687029414,0.05373412161,0.01555385463,0.9750212174,27.4014
0.80,0.063,0.02730387926,0.05460097374,0.01580475055,0.9741842635,26.5017
0.80,0.064,0.02773747366,0.05546783417,0.01605564778,0.9733321734,25.6438
0.80,0.065,0.0281710775,0.05633470301,0.01630654635,0.9724648535,24.8250
0.80,0.066,0.02860469091,0.05720158042,0.01655744628,0.9715821936,24.0431
0.80,0.067,0.02903831405,0.05806846651,0.01680834758,0.9706840950,23.2958
0.80,0.068,0.02947194706,0.05893536143,0.01705925029,0.9697704444,22.5811
0.80,0.069,0.0299055901,0.0598022653,0.01731015442,0.9688411344,21.8972
0.80,0.070,0.0303392433,0.06066917825,0.01756105999,0.9678960407,21.2422
0.80,0.071,0.03077290682,0.06153610041,0.01781196703,0.9669350551,20.6147
0.80,0.072,0.03120658081,0.06240303193,0.01806287556,0.9659580443,20.0130
0.80,0.073,0.03164026521,0.06326997253,0.01831378548,0.9649648854,19.4357
0.80,0.074,0.03207396057,0.06413692313,0.01856469705,0.9639554455,18.8816
0.80,0.075,0.03250766684,0.06500388348,0.01881561016,0.9629295919,18.3494
0.80,0.076,0.03294138417,0.0658708537,0.01906652485,0.9618871835,17.8379
0.80,0.077,0.0333751127,0.06673783393,0.01931744114,0.9608280738,17.3461
0.80,0.078,0.03380885258,0.0676048243,0.01956835904,0.9597521191,16.8730
0.80,0.079,0.03424260397,0.06847182493,0.01981927857,0.9586591580,16.4176
0.80,0.080,0.034676367,0.06933883597,0.02007019977,0.9575490326,15.9791
0.80,0.081,0.03511014184,0.07020585755,0.02032112265,0.9564215796,15.5566
0.80,0.082,0.03554392861,0.07107288978,0.02057204723,0.9552766277,15.1493
0.80,0.083,0.03597772748,0.07193993282,0.02082297354,0.9541140029,14.7566
0.80,0.084,0.0364115386,0.07280698678,0.02107390159,0.9529335192,14.3776
0.80,0.085,0.0368453621,0.07367405181,0.02132483141,0.9517349902,14.0118
0.80,0.086,0.03727919814,0.07454112803,0.02157576302,0.9505182197,13.6586
0.80,0.087,0.03771304686,0.07540821557,0.02182669644,0.9492830021,13.3174
0.80,0.088,0.03814690842,0.07627531457,0.0220776317,0.9480291324,12.9876
0.80,0.089,0.03858078296,0.07714242515,0.02232856881,0.9467563961,12.6687
0.80,0.090,0.03901467064,0.07800954746,0.0225795078,0.9454645593,12.3602
0.80,0.091,0.03944857159,0.07887668162,0.02283044869,0.9441533887,12.0617
0.80,0.092,0.03988248597,0.07974382776,0.0230813915,0.9428226479,11.7728
0.80,0.093,0.04031641393,0.08061098602,0.02333233626,0.9414720860,11.4930
0.80,0.094,0.04075035561,0.08147815653,0.02358328298,0.9401014290,11.2219
0.80,0.095,0.04118431116,0.08234533941,0.02383423169,0.9387104213,10.9592
0.80,0.096,0.04161828074,0.08321253481,0.0240851824,0.9372987734,10.7044
0.80,0.097,0.04205226448,0.08407974285,0.02433613515,0.9358661866,10.4574
0.80,0.098,0.04248626255,0.08494696367,0.02458708996,0.9344123588,10.2178
0.80,0.099,0.04292027508,0.08581419739,0.02483804684,0.9329369763,9.9852
0.80,0.100,0.04335430223,0.08668144415,0.02508900582,0.9314397041,9.7594
0.80,0.101,0.04378834414,0.08754870409,0.02533996692,0.9299202035,9.5401
0.80,0.102,0.04422240096,0.08841597732,0.02559093016,0.9283780952,9.3270
0.80,0.103,0.04465647285,0.089283264,0.02584189557,0.9268130188,9.1199
0.80,0.104,0.04509055994,0.09015056423,0.02609286317,0.9252245824,8.9187
0.80,0.105,0.04552466239,0.09101787817,0.02634383298,0.9236123687,8.7229
0.80,0.106,0.04595878036,0.09188520594,0.02659480502,0.9219759505,8.5325
0.80,0.107,0.04639291397,0.09275254767,0.02684577931,0.9203148852,8.3472
0.80,0.108,0.0468270634,0.0936199035,0.02709675589,0.9186286956,8.1668
0.80,0.109,0.04726122878,0.09448727355,0.02734773476,0.9169168862,7.9912
0.80,0.110,0.04769541026,0.09535465796,0.02759871596,0.9151789466,7.8202
0.80,0.111,0.04812960799,0.09622205686,0.0278496995,0.9134143302,7.6535
0.80,0.112,0.04856382212,0.09708947038,0.02810068541,0.9116224723,7.4911
0.80,0.113,0.04899805281,0.09795689866,0.02835167372,0.9098027614,7.3328
0.80,0.114,0.04943230019,0.09882434183,0.02860266443,0.9079545762,7.1783
0.80,0.115,0.04986656442,0.09969180001,0.02885365758,0.9060772505,7.0277
0.80,0.116,0.05030084565,0.1005592734,0.0291046532,0.9041700648,6.8807
0.80,0.117,0.05073514402,0.101426762,0.02935565129,0.9022323062,6.7372
0.80,0.118,0.05116945969,0.102294266,0.02960665189,0.9002631695,6.5971
0.80,0.119,0.05160379281,0.1031617856,0.02985765501,0.8982618285,6.4603
0.80,0.120,0.05203814352,0.1040293208,0.03010866069,0.8962274020,6.3266
0.80,0.121,0.05247251197,0.1048968719,0.03035966894,0.8941589461,6.1959
0.80,0.122,0.05290689831,0.1057644389,0.03061067979,0.8920554858,6.0682
0.80,0.123,0.0533413027,0.106632022,0.03086169326,0.8899159432,5.9432
0.80,0.124,0.05377572527,0.1074996213,0.03111270937,0.8877391992,5.8210
0.80,0.125,0.05421016619,0.108367237,0.03136372814,0.8855240434,5.7014
0.80,0.126,0.0546446256,0.1092348691,0.03161474961,0.8832691856,5.5843
0.80,0.127,0.05507910364,0.1101025178,0.03186577379,0.8809732349,5.4696
0.80,0.128,0.05551360048,0.1109701832,0.0321168007,0.8786347215,5.3572
0.80,0.129,0.05594811625,0.1118378655,0.03236783038,0.8762520147,5.2471
0.80,0.130,0.05638265112,0.1127055649,0.03261886283,0.8738234161,5.1391
0.80,0.131,0.05681720522,0.1135732813,0.0328698981,0.8713470315,5.0332
0.80,0.132,0.05725177871,0.114441015,0.03312093619,0.8688208469,4.9293
0.80,0.133,0.05768637173,0.1153087661,0.03337197713,0.8662426492,4.8273
0.80,0.134,0.05812098444,0.1161765348,0.03362302095,0.8636100557,4.7271
0.80,0.135,0.05855561699,0.1170443211,0.03387406767,0.8609204128,4.6286
0.80,0.136,0.05899026953,0.1179121252,0.03412511732,0.8581708403,4.5318
0.80,0.137,0.0594249422,0.1187799472,0.03437616991,0.8553581645,4.4366
0.80,0.138,0.05985963516,0.1196477873,0.03462722547,0.8524788669,4.3428
0.80,0.139,0.06029434855,0.1205156455,0.03487828403,0.8495290458,4.2505
0.80,0.140,0.06072908253,0.1213835221,0.03512934561,0.8465043239,4.1595
0.80,0.141,0.06116383725,0.1222514172,0.03538041023,0.8433998303,4.0698
0.80,0.142,0.06159861286,0.1231193308,0.03563147791,0.8402100547,3.9812
0.80,0.143,0.0620334095,0.1239872631,0.03588254869,0.8369287305,3.8937
0.80,0.144,0.06246822732,0.1248552143,0.03613362258,0.8335487262,3.8072
0.80,0.145,0.06290306649,0.1257231845,0.03638469961,0.8300618085,3.7215
0.80,0.146,0.06333792714,0.1265911738,0.0366357798,0.8264584150,3.6366
0.80,0.147,0.06377280943,0.1274591824,0.03688686317,0.8227273564,3.5522
0.80,0.148,0.06420771351,0.1283272103,0.03713794976,0.8188553548,3.4684
0.80,0.149,0.06464263952,0.1291952578,0.03738903959,0.8148264838,3.3848
0.80,0.150,0.06507758763,0.1300633248,0.03764013267,0.8106213381,3.3014
0.80,0.151,0.06551255797,0.1309314117,0.03789122903,0.8062158791,3.2179
0.80,0.152,0.0659475507,0.1317995185,0.03814232871,0.8015796925,3.1340
0.80,0.153,0.06638256598,0.1326676453,0.03839343171,0.7966733795,3.0493
0.80,0.154,0.06681760394,0.1335357923,0.03864453807,0.7914442454,2.9635
0.80,0.155,0.06725266475,0.1344039596,0.03889564782,0.7858190647,2.8758
0.80,0.156,0.06768774855,0.1352721473,0.03914676097,0.7796906450,2.7853
0.80,0.157,0.06812285549,0.1361403556,0.03939787755,0.7728905136,2.6906
0.80,0.158,0.06855798572,0.1370085847,0.03964899758,0.7651246897,2.5891
0.80,0.159,0.0689931394,0.1378768345,0.0399001211,0.7557814189,2.4755
0.80,0.160,0.06942831668,0.1387451053,0.04015124812,0.7430195873,2.3336
0.80,0.161,0.0698635177,0.1396133973,0.04040237867,0.7208901646,2.1180
0.80,0.162,0.07029874262,0.1404817104,0.04065351277,0.7208684774,2.1178
0.80,0.163,0.07073399159,0.141350045,0.04090465045,0.7208466480,2.1176
0.80,0.164,0.07116926476,0.142218401,0.04115579174,0.7208246732,2.1174
0.80,0.165,0.07160456224,0.1430867786,0.04140693664,0.7208025585,2.1172
0.80,0.166,0.07203988426,0.143955178,0.04165808521,0.7207802986,2.1170
0.80,0.167,0.07247523094,0.1448235993,0.04190923746,0.7207578941,2.1168
0.80,0.168,0.07291060241,0.1456920426,0.04216039342,0.7207353481,2.1166
0.80,0.169,0.07334599885,0.1465605082,0.04241155311,0.7207126567,2.1164
0.80,0.170,0.07378142039,0.147428996,0.04266271655,0.7206898218,2.1162
0.80,0.171,0.07421686719,0.1482975062,0.04291388377,0.7206668428,2.1160
0.80,0.172,0.0746523394,0.149166039,0.0431650548,0.7206437188,2.1158
0.80,0.173,0.07508783717,0.1500345945,0.04341622967,0.7206204487,2.1156
0.80,0.174,0.07552336066,0.1509031728,0.04366740839,0.7205970378,2.1153
0.80,0.175,0.07595891001,0.151771774,0.04391859099,0.7205734796,2.1151
0.80,0.176,0.07639448538,0.1526403984,0.0441697775,0.7205497772,2.1149
0.80,0.177,0.07683008692,0.153509046,0.04442096795,0.7205259286,2.1147
0.80,0.178,0.07726571477,0.1543777169,0.04467216235,0.7205019340,2.1145
0.80,0.179,0.0777013691,0.1552464113,0.04492336075,0.7204777963,2.1143
0.80,0.180,0.07813705005,0.1561151294,0.04517456315,0.7204535122,2.1141
0.80,0.181,0.07857275778,0.1569838712,0.04542576959,0.7204290798,2.1138
0.80,0.182,0.07900849244,0.1578526368,0.0456769801,0.7204045024,2.1136
0.80,0.183,0.07944425418,0.1587214265,0.0459281947,0.7203797809,2.1134
0.80,0.184,0.07988004315,0.1595902404,0.04617941341,0.7203549099,2.1132
0.80,0.185,0.0803158595,0.1604590785,0.04643063627,0.7203298939,2.1130
0.80,0.186,0.08075170339,0.1613279411,0.0466818633,0.7203047312,2.1127
0.80,0.187,0.08118757497,0.1621968282,0.04693309452,0.7202794194,2.1125
0.80,0.188,0.08162347439,0.16306574,0.04718432996,0.7202539627,2.1123
0.80,0.189,0.08205940181,0.1639346766,0.04743556965,0.7202283583,2.1120
0.80,0.190,0.08249535737,0.1648036381,0.04768681361,0.7202026055,2.1118
0.80,0.191,0.08293134123,0.1656726248,0.04793806188,0.7201767065,2.1116
0.80,0.192,0.08336735354,0.1665416366,0.04818931448,0.7201506574,2.1114
0.80,0.193,0.08380339445,0.1674106738,0.04844057143,0.7201244601,2.1111
0.80,0.194,0.08423946413,0.1682797365,0.04869183276,0.7200981171,2.1109
0.80,0.195,0.08467556271,0.1691488247,0.0489430985,0.7200716234,2.1107
0.80,0.196,0.08511169035,0.1700179388,0.04919436867,0.7200449823,2.1104
0.80,0.197,0.08554784721,0.1708870787,0.04944564331,0.7200181917,2.1102
0.80,0.198,0.08598403344,0.1717562446,0.04969692243,0.7199912514,2.1099
0.80,0.199,0.08642024919,0.1726254367,0.04994820608,0.7199641624,2.1097
0.80,0.200,0.08685649461,0.173494655,0.05019949426,0.7199369237,2.1094
0.80,0.201,0.08729276986,0.1743638997,0.05045078702,0.7199095351,2.1092
0.80,0.202,0.0877290751,0.175233171,0.05070208437,0.7198819979,2.1090
0.80,0.203,0.08816541046,0.176102469,0.05095338635,0.7198543114,2.1087
0.80,0.204,0.08860177611,0.1769717938,0.05120469299,0.7198264733,2.1085
0.80,0.205,0.08903817221,0.1778411455,0.0514560043,0.7197984851,2.1082
0.80,0.206,0.0894745989,0.1787105243,0.05170732033,0.7197703437,2.1080
0.80,0.207,0.08991105633,0.1795799303,0.05195864109,0.7197420555,2.1077
0.80,0.208,0.09034754467,0.1804493636,0.05220996661,0.7197136149,2.1075
0.80,0.209,0.09078406406,0.1813188245,0.05246129692,0.7196850227,2.1072
0.80,0.210,0.09122061466,0.1821883129,0.05271263205,0.7196562780,2.1069
0.80,0.211,0.09165719662,0.1830578291,0.05296397204,0.7196273831,2.1067
0.80,0.212,0.0920938101,0.1839273731,0.05321531689,0.7195983354,2.1064
0.80,0.213,0.09253045524,0.1847969451,0.05346666665,0.7195691353,2.1062
0.80,0.214,0.09296713222,0.1856665453,0.05371802134,0.7195397839,2.1059
0.80,0.215,0.09340384117,0.1865361738,0.05396938099,0.7195102812,2.1056
0.80,0.216,0.09384058225,0.1874058306,0.05422074563,0.7194806228,2.1054
0.80,0.217,0.09427735562,0.1882755161,0.05447211529,0.7194508147,2.1051
0.80,0.218,0.09471416142,0.1891452301,0.05472348999,0.7194208512,2.1049
0.80,0.219,0.09515099983,0.190014973,0.05497486976,0.7193907360,2.1046
0.80,0.220,0.09558787098,0.1908847448,0.05522625464,0.7193604665,2.1043
0.80,0.221,0.09602477503,0.1917545457,0.05547764465,0.7193300429,2.1040
0.80,0.222,0.09646171215,0.1926243758,0.05572903981,0.7192994668,2.1038
0.80,0.223,0.09689868247,0.1934942353,0.05598044017,0.7192687323,2.1035
0.80,0.224,0.09733568617,0.1943641242,0.05623184574,0.7192378486,2.1032
0.80,0.225,0.09777272338,0.1952340427,0.05648325656,0.7192068080,2.1030
0.80,0.226,0.09820979427,0.1961039909,0.05673467266,0.7191756140,2.1027
0.80,0.227,0.098646899,0.1969739691,0.05698609406,0.7191442624,2.1024
0.80,0.228,0.09908403771,0.1978439772,0.05723752079,0.7191127561,2.1021
0.80,0.229,0.09952121056,0.1987140155,0.05748895289,0.7190810966,2.1018
0.80,0.230,0.09995841771,0.199584084,0.05774039038,0.7190492781,2.1016
0.80,0.231,0.1003956593,0.200454183,0.05799183329,0.7190173048,2.1013
0.80,0.232,0.1008329355,0.2013243124,0.05824328166,0.7189851766,2.1010
0.80,0.233,0.1012702465,0.2021944726,0.0584947355,0.7189528930,2.1007
0.80,0.234,0.1017075924,0.2030646636,0.05874619486,0.7189204512,2.1004
0.80,0.235,0.1021449733,0.2039348855,0.05899765975,0.7188878526,2.1001
0.80,0.236,0.1025823895,0.2048051384,0.05924913022,0.7188550967,2.0998
0.80,0.237,0.1030198411,0.2056754226,0.05950060629,0.7188221840,2.0995
0.80,0.238,0.1034573282,0.2065457382,0.05975208799,0.7187891131,2.0993
0.80,0.239,0.103894851,0.2074160852,0.06000357535,0.7187558847,2.0990
0.80,0.240,0.1043324096,0.2082864638,0.0602550684,0.7187224996,2.0987
0.80,0.241,0.1047700043,0.2091568741,0.06050656717,0.7186889549,2.0984
0.80,0.242,0.1052076351,0.2100273163,0.06075807169,0.7186552522,2.0981
0.80,0.243,0.1056453023,0.2108977905,0.061009582,0.7186213902,2.0978
0.80,0.244,0.1060830059,0.2117682969,0.06126109811,0.7185873697,2.0975
0.80,0.245,0.1065207461,0.2126388356,0.06151262007,0.7185531896,2.0972
0.80,0.246,0.1069585232,0.2135094066,0.06176414791,0.7185188518,2.0969
0.80,0.247,0.1073963372,0.2143800102,0.06201568165,0.7184843522,2.0966
0.80,0.248,0.1078341882,0.2152506465,0.06226722132,0.7184496938,2.0963
0.80,0.249,0.1082720766,0.2161213156,0.06251876697,0.7184148767,2.0959
0.80,0.250,0.1087100023,0.2169920176,0.0627703186,0.7183798958,2.0956
0.80,0.251,0.1091479656,0.2178627527,0.06302187627,0.7183447568,2.0953
0.80,0.252,0.1095859667,0.218733521,0.06327344,0.7183094578,2.0950
0.80,0.253,0.1100240056,0.2196043227,0.06352500982,0.7182739958,2.0947
0.80,0.254,0.1104620826,0.2204751578,0.06377658576,0.7182383740,2.0944
0.80,0.255,0.1109001977,0.2213460265,0.06402816786,0.7182025898,2.0941
0.80,0.256,0.1113383513,0.222216929,0.06427975614,0.7181666432,2.0938
0.80,0.257,0.1117765433,0.2230878654,0.06453135064,0.7181305350,2.0934
0.80,0.258,0.112214774,0.2239588358,0.06478295139,0.7180942658,2.0931
0.80,0.259,0.1126530435,0.2248298403,0.06503455842,0.7180578311,2.0928
0.80,0.260,0.113091352,0.2257008792,0.06528617176,0.7180212374,2.0925
0.80,0.261,0.1135296997,0.2265719524,0.06553779145,0.7179844793,2.0922
0.80,0.262,0.1139680866,0.2274430602,0.06578941751,0.7179475561,2.0918
0.80,0.263,0.114406513,0.2283142026,0.06604104999,0.7179104701,2.0915
0.80,0.264,0.114844979,0.2291853799,0.0662926889,0.7178732216,2.0912
0.80,0.265,0.1152834848,0.2300565922,0.06654433429,0.7178358087,2.0909
0.80,0.266,0.1157220305,0.2309278395,0.06679598619,0.7177982306,2.0905
0.80,0.267,0.1161606163,0.231799122,0.06704764463,0.7177604870,2.0902
0.80,0.268,0.1165992423,0.2326704399,0.06729930963,0.7177225825,2.0899
0.80,0.269,0.1170379088,0.2335417933,0.06755098125,0.7176845097,2.0895
0.80,0.270,0.1174766158,0.2344131823,0.0678026595,0.7176462733,2.0892
0.80,0.271,0.1179153635,0.2352846071,0.06805434442,0.7176078699,2.0888
0.80,0.272,0.1183541521,0.2361560677,0.06830603604,0.7175693019,2.0885
0.80,0.273,0.1187929817,0.2370275644,0.0685577344,0.7175305668,2.0882
0.80,0.274,0.1192318526,0.2378990973,0.06880943953,0.7174916647,2.0878
0.80,0.275,0.1196707647,0.2387706664,0.06906115146,0.7174525975,2.0875
0.80,0.276,0.1201097184,0.2396422719,0.06931287024,0.7174133624,2.0871
0.80,0.277,0.1205487138,0.2405139141,0.06956459588,0.7173739594,2.0868
0.80,0.278,0.120987751,0.2413855929,0.06981632842,0.7173343900,2.0865
0.80,0.279,0.1214268302,0.2422573085,0.0700680679,0.7172946540,2.0861
0.80,0.280,0.1218659515,0.2431290611,0.07031981436,0.7172547493,2.0858
0.80,0.281,0.1223051151,0.2440008508,0.07057156782,0.7172146747,2.0854
0.80,0.282,0.1227443212,0.2448726778,0.07082332832,0.7171744318,2.0851
0.80,0.283,0.12318357,0.2457445421,0.07107509589,0.7171340218,2.0847
0.80,0.284,0.1236228615,0.2466164439,0.07132687057,0.7170934454,2.0843
0.80,0.285,0.1240621959,0.2474883833,0.0715786524,0.7170526941,2.0840
0.80,0.286,0.1245015735,0.2483603606,0.0718304414,0.7170117732,2.0836
0.80,0.287,0.1249409943,0.2492323757,0.07208223761,0.7169706888,2.0833
0.80,0.288,0.1253804585,0.2501044288,0.07233404107,0.7169294282,2.0829
0.80,0.289,0.1258199664,0.2509765202,0.07258585181,0.7168879988,2.0826
0.80,0.290,0.1262595179,0.2518486498,0.07283766986,0.7168463995,2.0822
0.80,0.291,0.1266991134,0.2527208179,0.07308949526,0.7168046291,2.0818
0.80,0.292,0.1271387529,0.2535930246,0.07334132806,0.7167626861,2.0815
0.80,0.293,0.1275784367,0.2544652699,0.07359316827,0.7167205745,2.0811
0.80,0.294,0.1280181648,0.2553375541,0.07384501594,0.7166782873,2.0807
0.80,0.295,0.1284579375,0.2562098774,0.07409687109,0.7166358322,2.0804
0.80,0.296,0.1288977549,0.2570822397,0.07434873378,0.7165932020,2.0800
0.80,0.297,0.1293376171,0.2579546412,0.07460060403,0.7165503987,2.0796
0.80,0.298,0.1297775244,0.2588270822,0.07485248188,0.7165074250,2.0792
0.80,0.299,0.1302174769,0.2596995627,0.07510436736,0.7164642770,2.0789
0.80,0.300,0.1306574747,0.2605720828,0.07535626051,0.7164209549,2.0785
0.80,0.301,0.131097518,0.2614446427,0.07560816137,0.7163774576,2.0781
0.80,0.302,0.131537607,0.2623172425,0.07586006997,0.7163337877,2.0777
0.80,0.303,0.1319777418,0.2631898824,0.07611198635,0.7162899448,2.0773
0.80,0.304,0.1324179226,0.2640625625,0.07636391055,0.7162459249,2.0770
0.80,0.305,0.1328581496,0.264935283,0.07661584259,0.7162017295,2.0766
0.80,0.306,0.1332984229,0.2658080438,0.07686778253,0.7161573601,2.0762
0.80,0.307,0.1337387426,0.2666808453,0.07711973039,0.7161128159,2.0758
0.80,0.308,0.134179109,0.2675536876,0.07737168621,0.7160680952,2.0754
0.80,0.309,0.1346195222,0.2684265706,0.07762365003,0.7160231994,2.0750
0.80,0.310,0.1350599824,0.2692994947,0.07787562188,0.7159781269,2.0746
0.80,0.311,0.1355004896,0.27017246,0.07812760181,0.7159328770,2.0742
0.80,0.312,0.1359410442,0.2710454665,0.07837958985,0.7158874512,2.0738
0.80,0.313,0.1363816462,0.2719185144,0.07863158603,0.7158418446,2.0735
0.80,0.314,0.1368222958,0.2727916038,0.0788835904,0.7157960640,2.0731
0.80,0.315,0.1372629932,0.2736647349,0.07913560299,0.7157501053,2.0727
0.80,0.316,0.1377037386,0.2745379079,0.07938762385,0.7157039660,2.0723
0.80,0.317,0.138144532,0.2754111228,0.079639653,0.7156576526,2.0719
0.80,0.318,0.1385853737,0.2762843797,0.07989169048,0.7156111562,2.0715
0.80,0.319,0.1390262638,0.2771576789,0.08014373634,0.7155644817,2.0711
0.80,0.320,0.1394672025,0.2780310205,0.08039579062,0.7155176282,2.0706
0.80,0.321,0.1399081899,0.2789044045,0.08064785334,0.7154705951,2.0702
0.80,0.322,0.1403492263,0.2797778312,0.08089992455,0.7154233822,2.0698
0.80,0.323,0.1407903117,0.2806513006,0.08115200429,0.7153759871,2.0694
0.80,0.324,0.1412314464,0.2815248129,0.0814040926,0.7153284147,2.0690
0.80,0.325,0.1416726305,0.2823983683,0.08165618951,0.7152806604,2.0686
0.80,0.326,0.1421138641,0.2832719668,0.08190829507,0.7152327244,2.0682
0.80,0.327,0.1425551475,0.2841456086,0.08216040931,0.7151846058,2.0678
0.80,0.328,0.1429964808,0.2850192938,0.08241253227,0.7151363053,2.0674
0.80,0.329,0.1434378641,0.2858930226,0.08266466399,0.7150878245,2.0669
0.80,0.330,0.1438792976,0.2867667952,0.08291680451,0.7150391612,2.0665
0.80,0.331,0.1443207816,0.2876406115,0.08316895388,0.7149903107,2.0661
0.80,0.332,0.144762316,0.2885144719,0.08342111212,0.7149412805,2.0657
0.80,0.333,0.1452039012,0.2893883763,0.08367327928,0.7148920705,2.0653
0.80,0.334,0.1456455373,0.290262325,0.0839254554,0.7148426692,2.0648
0.80,0.335,0.1460872244,0.2911363181,0.08417764053,0.7147930892,2.0644
0.80,0.336,0.1465289627,0.2920103558,0.08442983469,0.7147433214,2.0640
0.80,0.337,0.1469707524,0.292884438,0.08468203793,0.7146933747,2.0635
0.80,0.338,0.1474125936,0.2937585651,0.08493425029,0.7146432362,2.0631
0.80,0.339,0.1478544866,0.2946327371,0.08518647182,0.7145929148,2.0627
0.80,0.340,0.1482964314,0.2955069541,0.08543870254,0.7145424106,2.0622
0.80,0.341,0.1487384282,0.2963812164,0.08569094251,0.7144917176,2.0618
0.80,0.342,0.1491804772,0.2972555239,0.08594319176,0.7144408371,2.0614
0.80,0.343,0.1496225786,0.298129877,0.08619545034,0.7143897730,2.0609
0.80,0.344,0.1500647325,0.2990042756,0.08644771828,0.7143385203,2.0605
0.80,0.345,0.1505069392,0.29987872,0.08669999563,0.7142870801,2.0601
0.80,0.346,0.1509491986,0.3007532103,0.08695228242,0.7142354525,2.0596
0.80,0.347,0.1513915111,0.3016277466,0.08720457871,0.7141836383,2.0592
0.80,0.348,0.1518338768,0.302502329,0.08745688452,0.7141316361,2.0587
0.80,0.349,0.1522762959,0.3033769578,0.08770919991,0.7140794439,2.0583
0.80,0.350,0.1527187684,0.3042516329,0.08796152492,0.7140270613,2.0578
0.80,0.351,0.1531612947,0.3051263546,0.08821385958,0.7139744945,2.0574
0.80,0.352,0.1536038748,0.306001123,0.08846620394,0.7139217302,2.0569
0.80,0.353,0.154046509,0.3068759382,0.08871855805,0.7138687816,2.0565
0.80,0.354,0.1544891973,0.3077508004,0.08897092194,0.7138156447,2.0560
0.80,0.355,0.15493194,0.3086257097,0.08922329565,0.7137623102,2.0556
0.80,0.356,0.1553747372,0.3095006662,0.08947567923,0.7137087912,2.0551
0.80,0.357,0.1558175891,0.3103756701,0.08972807273,0.7136550795,2.0546
0.80,0.358,0.1562604959,0.3112507215,0.08998047618,0.7136011739,2.0542
0.80,0.359,0.1567034576,0.3121258206,0.09023288964,0.7135470789,2.0537
0.80,0.360,0.1571464746,0.3130009674,0.09048531313,0.7134927935,2.0533
0.80,0.361,0.157589547,0.3138761621,0.09073774671,0.7134383118,2.0528
0.80,0.362,0.1580326748,0.3147514049,0.09099019041,0.7133836379,2.0523
0.80,0.363,0.1584758584,0.3156266959,0.0912426443,0.7133287724,2.0519
0.80,0.364,0.1589190978,0.3165020353,0.09149510839,0.7132737116,2.0514
0.80,0.365,0.1593623933,0.317377423,0.09174758275,0.7132184575,2.0509
0.80,0.366,0.1598057449,0.3182528594,0.09200006741,0.7131630085,2.0505
0.80,0.367,0.160249153,0.3191283445,0.09225256242,0.7131073641,2.0500
0.80,0.368,0.1606926175,0.3200038785,0.09250506782,0.7130515293,2.0495
0.80,0.369,0.1611361388,0.3208794615,0.09275758366,0.7129954962,2.0490
0.80,0.370,0.1615797169,0.3217550937,0.09301010999,0.7129392643,2.0486
0.80,0.371,0.1620233521,0.3226307751,0.09326264684,0.7128828382,2.0481
0.80,0.372,0.1624670445,0.3235065059,0.09351519426,0.7128262195,2.0476
0.80,0.373,0.1629107943,0.3243822863,0.09376775231,0.7127694011,2.0471
0.80,0.374,0.1633546016,0.3252581164,0.09402032101,0.7127123871,2.0466
0.80,0.375,0.1637984667,0.3261339964,0.09427290042,0.7126551758,2.0461
0.80,0.376,0.1642423896,0.3270099262,0.09452549059,0.7125977634,2.0457
0.80,0.377,0.1646863706,0.3278859062,0.09477809156,0.7125401561,2.0452
0.80,0.378,0.1651304098,0.3287619365,0.09503070337,0.7124823484,2.0447
0.80,0.379,0.1655745074,0.329638017,0.09528332607,0.7124243434,2.0442
0.80,0.380,0.1660186636,0.3305141482,0.09553595971,0.7123661387,2.0437
0.80,0.381,0.1664628785,0.3313903299,0.09578860433,0.7123077326,2.0432
0.80,0.382,0.1669071524,0.3322665625,0.09604125999,0.7122491314,2.0427
0.80,0.383,0.1673514853,0.3331428459,0.09629392672,0.7121903277,2.0422
0.80,0.384,0.1677958774,0.3340191805,0.09654660457,0.7121313226,2.0417
0.80,0.385,0.168240329,0.3348955662,0.09679929359,0.7120721145,2.0412
0.80,0.386,0.1686848402,0.3357720032,0.09705199383,0.7120127119,2.0407
0.80,0.387,0.1691294111,0.3366484918,0.09730470534,0.7119531008,2.0402
0.80,0.388,0.1695740419,0.3375250319,0.09755742816,0.7118932905,2.0397
0.80,0.389,0.1700187329,0.3384016238,0.09781016234,0.7118332785,2.0392
0.80,0.390,0.1704634841,0.3392782675,0.09806290792,0.7117730609,2.0387
0.80,0.391,0.1709082958,0.3401549633,0.09831566496,0.7117126444,2.0382
0.80,0.392,0.1713531681,0.3410317112,0.0985684335,0.7116520232,2.0377
0.80,0.393,0.1717981012,0.3419085114,0.0988212136,0.7115911928,2.0372
0.80,0.394,0.1722430952,0.3427853641,0.09907400529,0.7115301649,2.0366
0.80,0.395,0.1726881504,0.3436622693,0.09932680863,0.7114689288,2.0361
0.80,0.396,0.1731332668,0.3445392272,0.09957962366,0.7114074911,2.0356
0.80,0.397,0.1735784448,0.345416238,0.09983245045,0.7113458462,2.0351
0.80,0.398,0.1740236844,0.3462933017,0.100085289,0.7112839935,2.0346
0.80,0.399,0.1744689858,0.3471704186,0.1003381394,0.7112219408,2.0341
0.80,0.400,0.1749143492,0.3480475887,0.1005910018,0.7111596778,2.0335
0.80,0.401,0.1753597748,0.3489248122,0.100843876,0.7110972082,2.0330
0.80,0.402,0.1758052627,0.3498020892,0.1010967622,0.7110345305,2.0325
0.80,0.403,0.1762508131,0.3506794199,0.1013496605,0.7109716465,2.0320
0.80,0.404,0.1766964263,0.3515568044,0.1016025709,0.7109085541,2.0314
0.80,0.405,0.1771421022,0.3524342429,0.1018554934,0.7108452528,2.0309
0.80,0.406,0.1775878412,0.3533117354,0.1021084281,0.7107817434,2.0304
0.80,0.407,0.1780336434,0.3541892821,0.1023613751,0.7107180255,2.0298
0.80,0.408,0.178479509,0.3550668832,0.1026143343,0.7106540999,2.0293
0.80,0.409,0.1789254382,0.3559445388,0.1028673059,0.7105899617,2.0288
0.80,0.410,0.1793714311,0.356822249,0.1031202899,0.7105256145,2.0282
0.80,0.411,0.1798174878,0.357700014,0.1033732863,0.7104610593,2.0277
0.80,0.412,0.1802636087,0.3585778339,0.1036262952,0.7103962898,2.0271
0.80,0.413,0.1807097938,0.3594557088,0.1038793166,0.7103313081,2.0266
0.80,0.414,0.1811560433,0.3603336389,0.1041323507,0.7102661154,2.0261
0.80,0.415,0.1816023574,0.3612116243,0.1043853974,0.7102007118,2.0255
0.80,0.416,0.1820487363,0.3620896652,0.1046384568,0.7101350966,2.0250
0.80,0.417,0.1824951802,0.3629677617,0.104891529,0.7100692686,2.0244
0.80,0.418,0.1829416891,0.3638459139,0.105144614,0.7100032246,2.0239
0.80,0.419,0.1833882634,0.364724122,0.1053977118,0.7099369687,2.0233
0.80,0.420,0.1838349032,0.365602386,0.1056508225,0.7098704983,2.0228
0.80,0.421,0.1842816086,0.3664807063,0.1059039462,0.7098038157,2.0222
0.80,0.422,0.1847283798,0.3673590828,0.1061570829,0.7097369182,2.0217
0.80,0.423,0.185175217,0.3682375157,0.1064102327,0.7096698036,2.0211
0.80,0.424,0.1856221204,0.3691160052,0.1066633956,0.7096024785,2.0205
0.80,0.425,0.1860690902,0.3699945514,0.1069165717,0.7095349343,2.0200
0.80,0.426,0.1865161265,0.3708731544,0.107169761,0.7094671685,2.0194
0.80,0.427,0.1869632295,0.3717518144,0.1074229636,0.7093991935,2.0189
0.80,0.428,0.1874103994,0.3726305316,0.1076761796,0.7093309970,2.0183
0.80,0.429,0.1878576363,0.3735093059,0.1079294089,0.7092625811,2.0177
0.80,0.430,0.1883049405,0.3743881377,0.1081826516,0.7091939577,2.0172
0.80,0.431,0.1887523121,0.375267027,0.1084359079,0.7091251069,2.0166
0.80,0.432,0.1891997513,0.376145974,0.1086891777,0.7090560392,2.0160
0.80,0.433,0.1896472583,0.3770249787,0.1089424612,0.7089867538,2.0154
0.80,0.434,0.1900948332,0.3779040414,0.1091957583,0.7089172456,2.0149
0.80,0.435,0.1905424762,0.3787831622,0.1094490691,0.7088475202,2.0143
0.80,0.436,0.1909901876,0.3796623412,0.1097023937,0.7087775767,2.0137
0.80,0.437,0.1914379674,0.3805415786,0.1099557321,0.7087074106,2.0131
0.80,0.438,0.1918858159,0.3814208745,0.1102090844,0.7086370247,2.0126
0.80,0.439,0.1923337332,0.382300229,0.1104624506,0.7085664118,2.0120
0.80,0.440,0.1927817195,0.3831796423,0.1107158309,0.7084955850,2.0114
0.80,0.441,0.1932297751,0.3840591145,0.1109692252,0.7084245318,2.0108
0.80,0.442,0.1936779,0.3849386457,0.1112226336,0.7083532578,2.0102
0.80,0.443,0.1941260945,0.3858182362,0.1114760562,0.7082817588,2.0096
0.80,0.444,0.1945743587,0.386697886,0.111729493,0.7082100356,2.0090
0.80,0.445,0.1950226928,0.3875775952,0.111982944,0.7081380923,2.0084
0.80,0.446,0.195471097,0.3884573641,0.1122364094,0.7080659223,2.0079
0.80,0.447,0.1959195715,0.3893371927,0.1124898893,0.7079935269,2.0073
0.80,0.448,0.1963681164,0.3902170812,0.1127433835,0.7079209111,2.0067
0.80,0.449,0.1968167319,0.3910970297,0.1129968923,0.7078480629,2.0061
0.80,0.450,0.1972654183,0.3919770384,0.1132504156,0.7077749943,2.0055
0.80,0.451,0.1977141757,0.3928571074,0.1135039536,0.7077016959,2.0049
0.80,0.452,0.1981630042,0.3937372368,0.1137575062,0.7076281709,2.0043
0.80,0.453,0.1986119041,0.3946174268,0.1140110736,0.7075544227,2.0037
0.80,0.454,0.1990608755,0.3954976776,0.1142646558,0.7074804456,2.0031
0.80,0.455,0.1995099186,0.3963779892,0.1145182529,0.7074062382,2.0024
0.80,0.456,0.1999590337,0.3972583618,0.1147718649,0.7073318041,2.0018
0.80,0.457,0.2004082208,0.3981387955,0.1150254918,0.7072571391,2.0012
0.80,0.458,0.2008574801,0.3990192905,0.1152791338,0.7071822475,2.0006
0.80,0.459,0.2013068119,0.399899847,0.1155327909,0.7071071269,2.0000
0.80,0.460,0.2017562164,0.400780465,0.1157864631,0.7070317733,1.9994
0.80,0.461,0.2022056936,0.4016611447,0.1160401506,0.7069561919,1.9988
0.80,0.462,0.2026552438,0.4025418862,0.1162938533,0.7068803830,1.9982
0.80,0.463,0.2031048672,0.4034226897,0.1165475714,0.7068043347,1.9975
0.80,0.464,0.2035545639,0.4043035554,0.1168013049,0.7067280603,1.9969
0.80,0.465,0.2040043342,0.4051844833,0.1170550538,0.7066515504,1.9963
0.80,0.466,0.2044541782,0.4060654735,0.1173088183,0.7065748117,1.9957
0.80,0.467,0.2049040961,0.4069465264,0.1175625983,0.7064978372,1.9950
0.80,0.468,0.2053540881,0.4078276419,0.117816394,0.7064206324,1.9944
0.80,0.469,0.2058041543,0.4087088202,0.1180702054,0.7063431921,1.9938
0.80,0.470,0.206254295,0.4095900615,0.1183240326,0.7062655159,1.9932
0.80,0.471,0.2067045103,0.4104713658,0.1185778756,0.7061876087,1.9925
0.80,0.472,0.2071548004,0.4113527334,0.1188317344,0.7061094651,1.9919
0.80,0.473,0.2076051656,0.4122341644,0.1190856093,0.7060310837,1.9913
0.80,0.474,0.2080556059,0.4131156589,0.1193395001,0.7059524732,1.9906
0.80,0.475,0.2085061216,0.413997217,0.119593407,0.7058736181,1.9900
0.80,0.476,0.2089567128,0.414878839,0.1198473301,0.7057945289,1.9893
0.80,0.477,0.2094073798,0.4157605249,0.1201012694,0.7057152062,1.9887
0.80,0.478,0.2098581227,0.4166422748,0.1203552249,0.7056356410,1.9881
0.80,0.479,0.2103089418,0.417524089,0.1206091968,0.7055558408,1.9874
0.80,0.480,0.2107598371,0.4184059675,0.120863185,0.7054758005,1.9868
0.80,0.481,0.2112108089,0.4192879106,0.1211171898,0.7053955213,1.9861
0.80,0.482,0.2116618574,0.4201699182,0.121371211,0.7053150042,1.9855
0.80,0.483,0.2121129827,0.4210519907,0.1216252489,0.7052342461,1.9848
0.80,0.484,0.212564185,0.421934128,0.1218793034,0.7051532520,1.9842
0.80,0.485,0.2130154646,0.4228163304,0.1221333746,0.7050720153,1.9835
0.80,0.486,0.2134668216,0.4236985981,0.1223874626,0.7049905346,1.9829
0.80,0.487,0.2139182562,0.424580931,0.1226415674,0.7049088115,1.9822
0.80,0.488,0.2143697686,0.4254633295,0.1228956892,0.7048268506,1.9815
0.80,0.489,0.2148213589,0.4263457935,0.1231498279,0.7047446452,1.9809
0.80,0.490,0.2152730274,0.4272283233,0.1234039837,0.7046621977,1.9802
0.80,0.491,0.2157247742,0.4281109191,0.1236581566,0.7045795045,1.9795
0.80,0.492,0.2161765996,0.4289935808,0.1239123467,0.7044965729,1.9789
0.80,0.493,0.2166285037,0.4298763088,0.124166554,0.7044133957,1.9782
0.80,0.494,0.2170804867,0.4307591031,0.1244207787,0.7043299736,1.9775
0.80,0.495,0.2175325488,0.4316419638,0.1246750207,0.7042463029,1.9769
0.80,0.496,0.2179846902,0.4325248912,0.1249292801,0.7041623930,1.9762
0.80,0.497,0.2184369111,0.4334078853,0.1251835571,0.7040782297,1.9755
0.80,0.498,0.2188892116,0.4342909463,0.1254378517,0.7039938279,1.9749
0.80,0.499,0.219341592,0.4351740743,0.1256921639,0.7039091737,1.9742
0.80,0.500,0.2197940524,0.4360572695,0.1259464938,0.7038242778,1.9735
0.80,0.501,0.2202465931,0.436940532,0.1262008416,0.7037391311,1.9728
0.80,0.502,0.2206992141,0.4378238619,0.1264552071,0.7036537334,1.9721
0.80,0.503,0.2211519158,0.4387072595,0.1267095906,0.7035680920,1.9715
0.80,0.504,0.2216046983,0.4395907248,0.1269639921,0.7034822001,1.9708
0.80,0.505,0.2220575617,0.4404742579,0.1272184117,0.7033960572,1.9701
0.80,0.506,0.2225105064,0.4413578591,0.1274728494,0.7033096645,1.9694
0.80,0.507,0.2229635324,0.4422415285,0.1277273053,0.7032230267,1.9687
0.80,0.508,0.2234166399,0.4431252661,0.1279817794,0.7031361298,1.9680
0.80,0.509,0.2238698292,0.4440090722,0.1282362719,0.7030489886,1.9673
0.80,0.510,0.2243231005,0.4448929469,0.1284907828,0.7029615917,1.9666
0.80,0.511,0.2247764539,0.4457768903,0.1287453122,0.7028739451,1.9659
0.80,0.512,0.2252298896,0.4466609025,0.1289998602,0.7027860461,1.9652
0.80,0.513,0.2256834078,0.4475449838,0.1292544268,0.7026978947,1.9645
0.80,0.514,0.2261370088,0.4484291342,0.1295090121,0.7026094874,1.9638
0.80,0.515,0.2265906926,0.449313354,0.1297636161,0.7025208298,1.9631
0.80,0.516,0.2270444595,0.4501976431,0.130018239,0.7024319107,1.9624
0.80,0.517,0.2274983097,0.4510820019,0.1302728808,0.7023427444,1.9617
0.80,0.518,0.2279522434,0.4519664303,0.1305275416,0.7022533196,1.9610
0.80,0.519,0.2284062608,0.4528509286,0.1307822214,0.7021636350,1.9603
0.80,0.520,0.228860362,0.453735497,0.1310369204,0.7020737033,1.9596
0.80,0.521,0.2293145472,0.4546201354,0.1312916386,0.7019835084,1.9589
0.80,0.522,0.2297688168,0.4555048442,0.1315463761,0.7018930577,1.9582
0.80,0.523,0.2302231707,0.4563896234,0.1318011329,0.7018023528,1.9575
0.80,0.524,0.2306776093,0.4572744731,0.1320559091,0.7017113860,1.9568
0.80,0.525,0.2311321327,0.4581593936,0.1323107048,0.7016201636,1.9560
0.80,0.526,0.2315867412,0.4590443849,0.1325655201,0.7015286785,1.9553
0.80,0.527,0.2320414349,0.4599294472,0.1328203551,0.7014369358,1.9546
0.80,0.528,0.2324962139,0.4608145807,0.1330752098,0.7013449354,1.9539
0.80,0.529,0.2329510786,0.4616997855,0.1333300842,0.7012526718,1.9531
0.80,0.530,0.2334060291,0.4625850616,0.1335849786,0.7011601471,1.9524
0.80,0.531,0.2338610656,0.4634704094,0.1338398929,0.7010673665,1.9517
0.80,0.532,0.2343161883,0.4643558288,0.1340948272,0.7009743215,1.9510
0.80,0.533,0.2347713974,0.4652413202,0.1343497816,0.7008810109,1.9502
0.80,0.534,0.235226693,0.4661268835,0.1346047562,0.7007874430,1.9495
0.80,0.535,0.2356820754,0.4670125189,0.134859751,0.7006936094,1.9488
0.80,0.536,0.2361375449,0.4678982266,0.1351147662,0.7005995100,1.9480
0.80,0.537,0.2365931015,0.4687840068,0.1353698018,0.7005051519,1.9473
0.80,0.538,0.2370487454,0.4696698595,0.1356248579,0.7004105213,1.9466
0.80,0.539,0.2375044769,0.4705557849,0.1358799345,0.7003156294,1.9458
0.80,0.540,0.2379602962,0.4714417832,0.1361350317,0.7002204777,1.9451
0.80,0.541,0.2384162035,0.4723278545,0.1363901497,0.7001250559,1.9443
0.80,0.542,0.2388721989,0.4732139989,0.1366452885,0.7000293664,1.9436
0.80,0.543,0.2393282827,0.4741002166,0.1369004481,0.6999334127,1.9428
0.80,0.544,0.239784455,0.4749865078,0.1371556287,0.6998371885,1.9421
0.80,0.545,0.2402407161,0.4758728725,0.1374108304,0.6997407004,1.9413
0.80,0.546,0.2406970662,0.4767593109,0.1376660531,0.6996439415,1.9406
0.80,0.547,0.2411535053,0.4776458232,0.137921297,0.6995469139,1.9398
0.80,0.548,0.2416100339,0.4785324094,0.1381765622,0.6994496151,1.9391
0.80,0.549,0.242066652,0.4794190699,0.1384318488,0.6993520534,1.9383
0.80,0.550,0.2425233598,0.4803058046,0.1386871568,0.6992542172,1.9376
0.80,0.551,0.2429801576,0.4811926137,0.1389424863,0.6991561080,1.9368
0.80,0.552,0.2434370456,0.4820794974,0.1391978374,0.6990577338,1.9360
0.80,0.553,0.2438940238,0.4829664558,0.1394532101,0.6989590833,1.9353
0.80,0.554,0.2443510927,0.4838534891,0.1397086046,0.6988601585,1.9345
0.80,0.555,0.2448082523,0.4847405974,0.139964021,0.6987609636,1.9338
0.80,0.556,0.2452655028,0.4856277808,0.1402194592,0.6986615002,1.9330
0.80,0.557,0.2457228445,0.4865150396,0.1404749195,0.6985617596,1.9322
0.80,0.558,0.2461802775,0.4874023737,0.1407304019,0.6984617470,1.9314
0.80,0.559,0.2466378021,0.4882897835,0.1409859064,0.6983614563,1.9307
0.80,0.560,0.2470954185,0.4891772689,0.1412414332,0.6982608943,1.9299
0.80,0.561,0.2475531268,0.4900648303,0.1414969823,0.6981600537,1.9291
0.80,0.562,0.2480109273,0.4909524676,0.1417525538,0.6980589361,1.9283
0.80,0.563,0.2484688201,0.4918401811,0.1420081478,0.6979575502,1.9276
0.80,0.564,0.2489268055,0.492727971,0.1422637644,0.6978558801,1.9268
0.80,0.565,0.2493848836,0.4936158372,0.1425194037,0.6977539322,1.9260
0.80,0.566,0.2498430548,0.4945037801,0.1427750657,0.6976517100,1.9252
0.80,0.567,0.2503013191,0.4953917996,0.1430307505,0.6975492092,1.9244
0.80,0.568,0.2507596768,0.4962798961,0.1432864583,0.6974464270,1.9236
0.80,0.569,0.251218128,0.4971680696,0.1435421891,0.6973433710,1.9229
0.80,0.570,0.2516766731,0.4980563202,0.143797943,0.6972400280,1.9221
0.80,0.571,0.2521353121,0.4989446482,0.14405372,0.6971364145,1.9213
0.80,0.572,0.2525940454,0.4998330536,0.1443095204,0.6970325115,1.9205
0.80,0.573,0.253052873,0.5007215366,0.1445653441,0.6969283287,1.9197
0.80,0.574,0.2535117952,0.5016100974,0.1448211912,0.6968238662,1.9189
0.80,0.575,0.2539708123,0.502498736,0.1450770618,0.6967191199,1.9181
0.80,0.576,0.2544299243,0.5033874527,0.1453329561,0.6966140969,1.9173
0.80,0.577,0.2548891316,0.5042762476,0.1455888741,0.6965087846,1.9165
0.80,0.578,0.2553484343,0.5051651208,0.1458448158,0.6964031839,1.9157
0.80,0.579,0.2558078326,0.5060540725,0.1461007815,0.6962973078,1.9149
0.80,0.580,0.2562673268,0.5069431028,0.1463567711,0.6961911477,1.9141
0.80,0.581,0.256726917,0.5078322118,0.1466127848,0.6960846964,1.9133
0.80,0.582,0.2571866035,0.5087213997,0.1468688226,0.6959779633,1.9125
0.80,0.583,0.2576463864,0.5096106668,0.1471248846,0.6958709465,1.9116
0.80,0.584,0.258106266,0.510500013,0.147380971,0.6957636384,1.9108
0.80,0.585,0.2585662425,0.5113894385,0.1476370818,0.6956560454,1.9100
0.80,0.586,0.259026316,0.5122789435,0.1478932171,0.6955481583,1.9092
0.80,0.587,0.2594864869,0.5131685282,0.148149377,0.6954399966,1.9084
0.80,0.588,0.2599467552,0.5140581926,0.1484055616,0.6953315311,1.9076
0.80,0.589,0.2604071213,0.514947937,0.1486617709,0.6952227843,1.9067
0.80,0.590,0.2608675852,0.5158377614,0.1489180052,0.6951137475,1.9059
0.80,0.591,0.2613281473,0.5167276661,0.1491742644,0.6950044197,1.9051
0.80,0.592,0.2617888078,0.5176176511,0.1494305486,0.6948947993,1.9043
0.80,0.593,0.2622495667,0.5185077166,0.149686858,0.6947848914,1.9035
0.80,0.594,0.2627104244,0.5193978628,0.1499431927,0.6946746940,1.9026
0.80,0.595,0.2631713811,0.5202880898,0.1501995526,0.6945641975,1.9018
0.80,0.596,0.263632437,0.5211783977,0.150455938,0.6944534181,1.9010
0.80,0.597,0.2640935922,0.5220687867,0.1507123489,0.6943423372,1.9001
0.80,0.598,0.2645548471,0.522959257,0.1509687855,0.6942309642,1.8993
0.80,0.599,0.2650162017,0.5238498086,0.1512252477,0.6941192975,1.8985
0.80,0.600,0.2654776564,0.5247404418,0.1514817358,0.6940073368,1.8976
0.80,0.601,0.2659392113,0.5256311566,0.1517382497,0.6938950807,1.8968
0.80,0.602,0.2664008667,0.5265219533,0.1519947897,0.6937825339,1.8959
0.80,0.603,0.2668626227,0.5274128319,0.1522513557,0.6936696836,1.8951
0.80,0.604,0.2673244795,0.5283037926,0.1525079479,0.6935565456,1.8942
0.80,0.605,0.2677864375,0.5291948356,0.1527645664,0.6934431031,1.8934
0.80,0.606,0.2682484967,0.5300859611,0.1530212113,0.6933293593,1.8926
0.80,0.607,0.2687106575,0.530977169,0.1532778826,0.6932153245,1.8917
0.80,0.608,0.2691729199,0.5318684597,0.1535345806,0.6931009887,1.8909
0.80,0.609,0.2696352843,0.5327598332,0.1537913052,0.6929863538,1.8900
0.80,0.610,0.2700977509,0.5336512897,0.1540480565,0.6928714186,1.8891
0.80,0.611,0.2705603198,0.5345428294,0.1543048348,0.6927561823,1.8883
0.80,0.612,0.2710229913,0.5354344524,0.15456164,0.6926406491,1.8874
0.80,0.613,0.2714857656,0.5363261587,0.1548184722,0.6925248129,1.8866
0.80,0.614,0.2719486429,0.5372179487,0.1550753316,0.6924086771,1.8857
0.80,0.615,0.2724116234,0.5381098224,0.1553322183,0.6922922412,1.8848
0.80,0.616,0.2728747073,0.53900178,0.1555891323,0.6921754929,1.8840
0.80,0.617,0.2733378949,0.5398938216,0.1558460739,0.6920584497,1.8831
0.80,0.618,0.2738011864,0.5407859474,0.1561030429,0.6919410978,1.8823
0.80,0.619,0.274264582,0.5416781575,0.1563600396,0.6918234424,1.8814
0.80,0.620,0.2747280818,0.542570452,0.1566170641,0.6917054859,1.8805
0.80,0.621,0.2751916862,0.5434628312,0.1568741165,0.6915872161,1.8796
0.80,0.622,0.2756553953,0.5443552952,0.1571311968,0.6914686468,1.8788
0.80,0.623,0.2761192094,0.545247844,0.1573883052,0.6913497742,1.8779
0.80,0.624,0.2765831287,0.5461404779,0.1576454418,0.6912305920,1.8770
0.80,0.625,0.2770471533,0.5470331971,0.1579026066,0.6911110984,1.8761
0.80,0.626,0.2775112836,0.5479260015,0.1581597998,0.6909913005,1.8753
0.80,0.627,0.2779755197,0.5488188915,0.1584170215,0.6908711915,1.8744
0.80,0.628,0.2784398618,0.5497118671,0.1586742718,0.6907507762,1.8735
0.80,0.629,0.2789043102,0.5506049286,0.1589315508,0.6906300542,1.8726
0.80,0.630,0.2793688651,0.5514980759,0.1591888585,0.6905090164,1.8717
0.80,0.631,0.2798335267,0.5523913094,0.1594461952,0.6903876743,1.8708
0.80,0.632,0.2802982953,0.5532846291,0.1597035608,0.6902660172,1.8699
0.80,0.633,0.2807631709,0.5541780352,0.1599609556,0.6901440503,1.8691
0.80,0.634,0.281228154,0.5550715278,0.1602183796,0.6900217613,1.8682
0.80,0.635,0.2816932446,0.5559651072,0.1604758329,0.6898991788,1.8673
0.80,0.636,0.2821584431,0.5568587733,0.1607333156,0.6897762717,1.8664
0.80,0.637,0.2826237496,0.5577525265,0.1609908279,0.6896530514,1.8655
0.80,0.638,0.2830891643,0.5586463667,0.1612483698,0.6895295175,1.8646
0.80,0.639,0.2835546875,0.5595402943,0.1615059414,0.6894056700,1.8637
0.80,0.640,0.2840203194,0.5604343093,0.1617635429,0.6892815044,1.8628
0.80,0.641,0.2844860603,0.5613284119,0.1620211744,0.6891570259,1.8619
0.80,0.642,0.2849519103,0.5622226022,0.162278836,0.6890322279,1.8610
0.80,0.643,0.2854178696,0.5631168803,0.1625365277,0.6889071233,1.8601
0.80,0.644,0.2858839385,0.5640112465,0.1627942497,0.6887816935,1.8591
0.80,0.645,0.2863501173,0.5649057009,0.1630520021,0.6886559445,1.8582
0.80,0.646,0.2868164061,0.5658002436,0.163309785,0.6885298790,1.8573
0.80,0.647,0.2872828052,0.5666948748,0.1635675986,0.6884034951,1.8564
0.80,0.648,0.2877493147,0.5675895946,0.1638254429,0.6882767942,1.8555
0.80,0.649,0.288215935,0.5684844032,0.164083318,0.6881497667,1.8546
0.80,0.650,0.2886826662,0.5693793007,0.1643412241,0.6880224270,1.8537
0.80,0.651,0.2891495086,0.5702742873,0.1645991612,0.6878947629,1.8527
0.80,0.652,0.2896164624,0.571169363,0.1648571295,0.6877667707,1.8518
0.80,0.653,0.2900835278,0.5720645282,0.1651151291,0.6876384663,1.8509
0.80,0.654,0.290550705,0.5729597829,0.1653731602,0.6875098343,1.8500
0.80,0.655,0.2910179944,0.5738551272,0.1656312227,0.6873808886,1.8490
0.80,0.656,0.291485396,0.5747505614,0.1658893168,0.6872516091,1.8481
0.80,0.657,0.2919529101,0.5756460856,0.1661474428,0.6871220122,1.8472
0.80,0.658,0.292420537,0.5765416998,0.1664056005,0.6869920801,1.8463
0.80,0.659,0.2928882769,0.5774374044,0.1666637903,0.6868618284,1.8453
0.80,0.660,0.29335613,0.5783331993,0.1669220121,0.6867312532,1.8444
0.80,0.661,0.2938240965,0.5792290849,0.1671802661,0.6866003508,1.8435
0.80,0.662,0.2942921768,0.5801250611,0.1674385525,0.6864691185,1.8425
0.80,0.663,0.2947603709,0.5810211282,0.1676968713,0.6863375617,1.8416
0.80,0.664,0.2952286791,0.5819172864,0.1679552226,0.6862056782,1.8406
0.80,0.665,0.2956971017,0.5828135357,0.1682136066,0.6860734656,1.8397
0.80,0.666,0.2961656389,0.5837098763,0.1684720235,0.6859409179,1.8388
0.80,0.667,0.2966342909,0.5846063084,0.1687304732,0.6858080474,1.8378
0.80,0.668,0.297103058,0.5855028322,0.1689889559,0.6856748453,1.8369
0.80,0.669,0.2975719404,0.5863994477,0.1692474718,0.6855413176,1.8359
0.80,0.670,0.2980409382,0.5872961551,0.1695060209,0.6854074497,1.8350
0.80,0.671,0.2985100518,0.5881929547,0.1697646034,0.6852732594,1.8340
0.80,0.672,0.2989792814,0.5890898464,0.1700232195,0.6851387326,1.8331
0.80,0.673,0.2994486273,0.5899868305,0.1702818691,0.6850038737,1.8321
0.80,0.674,0.2999180895,0.5908839072,0.1705405525,0.6848686761,1.8312
0.80,0.675,0.3003876685,0.5917810765,0.1707992697,0.6847331490,1.8302
0.80,0.676,0.3008573643,0.5926783387,0.171058021,0.6845972877,1.8292
0.80,0.677,0.3013271773,0.5935756939,0.1713168063,0.6844610898,1.8283
0.80,0.678,0.3017971077,0.5944731422,0.1715756259,0.6843245577,1.8273
0.80,0.679,0.3022671557,0.5953706837,0.1718344798,0.6841876890,1.8264
0.80,0.680,0.3027373215,0.5962683188,0.1720933682,0.6840504859,1.8254
0.80,0.681,0.3032076055,0.5971660474,0.1723522911,0.6839129476,1.8244
0.80,0.682,0.3036780077,0.5980638697,0.1726112488,0.6837750626,1.8235
0.80,0.683,0.3041485285,0.598961786,0.1728702414,0.6836368553,1.8225
0.80,0.684,0.3046191682,0.5998597963,0.1731292689,0.6834982903,1.8215
0.80,0.685,0.3050899268,0.6007579008,0.1733883315,0.6833594001,1.8206
0.80,0.686,0.3055608047,0.6016560996,0.1736474293,0.6832201593,1.8196
0.80,0.687,0.3060318021,0.602554393,0.1739065625,0.6830805892,1.8186
0.80,0.688,0.3065029193,0.603452781,0.1741657312,0.6829406730,1.8176
0.80,0.689,0.3069741564,0.6043512638,0.1744249354,0.6828004152,1.8166
0.80,0.690,0.3074455138,0.6052498416,0.1746841754,0.6826598157,1.8157
0.80,0.691,0.3079169916,0.6061485145,0.1749434512,0.6825188760,1.8147
0.80,0.692,0.3083885901,0.6070472826,0.175202763,0.6823775843,1.8137
0.80,0.693,0.3088603096,0.6079461462,0.1754621109,0.6822359591,1.8127
0.80,0.694,0.3093321502,0.6088451053,0.175721495,0.6820939894,1.8117
0.80,0.695,0.3098041122,0.6097441602,0.1759809155,0.6819516679,1.8107
0.80,0.696,0.3102761959,0.6106433109,0.1762403725,0.6818090045,1.8098
0.80,0.697,0.3107484015,0.6115425577,0.1764998662,0.6816659974,1.8088
0.80,0.698,0.3112207293,0.6124419007,0.1767593965,0.6815226423,1.8078
0.80,0.699,0.3116931794,0.61334134,0.1770189638,0.6813789481,1.8068
0.80,0.700,0.3121657521,0.6142408757,0.1772785681,0.6812348949,1.8058
0.80,0.701,0.3126384478,0.6151405082,0.1775382095,0.6810904933,1.8048
0.80,0.702,0.3131112665,0.6160402374,0.1777978882,0.6809457483,1.8038
0.80,0.703,0.3135842085,0.6169400635,0.1780576044,0.6808006510,1.8028
0.80,0.704,0.3140572742,0.6178399868,0.178317358,0.6806552086,1.8018
0.80,0.705,0.3145304637,0.6187400073,0.1785771494,0.6805094122,1.8008
0.80,0.706,0.3150037773,0.6196401252,0.1788369786,0.6803632668,1.7998
0.80,0.707,0.3154772152,0.6205403407,0.1790968457,0.6802167704,1.7988
0.80,0.708,0.3159507776,0.621440654,0.1793567509,0.6800699222,1.7978
0.80,0.709,0.3164244649,0.622341065,0.1796166943,0.6799227203,1.7968
0.80,0.710,0.3168982772,0.6232415741,0.1798766761,0.6797751670,1.7957
0.80,0.711,0.3173722149,0.6241421814,0.1801366963,0.6796272560,1.7947
0.80,0.712,0.3178462781,0.6250428871,0.1803967552,0.6794789918,1.7937
0.80,0.713,0.3183204671,0.6259436912,0.1806568528,0.6793303759,1.7927
0.80,0.714,0.3187947821,0.6268445939,0.1809169894,0.6791814055,1.7917
0.80,0.715,0.3192692235,0.6277455955,0.181177165,0.6790320832,1.7907
0.80,0.716,0.3197437914,0.628646696,0.1814373797,0.6788823921,1.7897
0.80,0.717,0.320218486,0.6295478956,0.1816976338,0.6787323459,1.7886
0.80,0.718,0.3206933077,0.6304491944,0.1819579273,0.6785819510,1.7876
0.80,0.719,0.3211682567,0.6313505927,0.1822182604,0.6784311974,1.7866
0.80,0.720,0.3216433332,0.6322520906,0.1824786333,0.6782800793,1.7856
0.80,0.721,0.3221185375,0.6331536881,0.182739046,0.6781286032,1.7845
0.80,0.722,0.3225938699,0.6340553856,0.1829994987,0.6779767653,1.7835
0.80,0.723,0.3230693305,0.6349571831,0.1832599916,0.6778245746,1.7825
0.80,0.724,0.3235449197,0.6358590808,0.1835205248,0.6776720154,1.7814
0.80,0.725,0.3240206376,0.6367610788,0.1837810984,0.6775190978,1.7804
0.80,0.726,0.3244964846,0.6376631773,0.1840417126,0.6773658223,1.7794
0.80,0.727,0.3249724609,0.6385653765,0.1843023676,0.6772121812,1.7783
0.80,0.728,0.3254485667,0.6394676765,0.1845630634,0.6770581643,1.7773
0.80,0.729,0.3259248023,0.6403700774,0.1848238002,0.6769038060,1.7763
0.80,0.730,0.3264011679,0.6412725795,0.1850845782,0.6767490637,1.7752
0.80,0.731,0.3268776639,0.6421751829,0.1853453975,0.6765939730,1.7742
0.80,0.732,0.3273542904,0.6430778877,0.1856062582,0.6764385081,1.7731
0.80,0.733,0.3278310477,0.6439806941,0.1858671605,0.6762826820,1.7721
0.80,0.734,0.328307936,0.6448836022,0.1861281046,0.6761264826,1.7711
0.80,0.735,0.3287849557,0.6457866123,0.1863890905,0.6759699202,1.7700
0.80,0.736,0.329262107,0.6466897244,0.1866501185,0.6758129907,1.7690
0.80,0.737,0.3297393901,0.6475929387,0.1869111887,0.6756556839,1.7679
0.80,0.738,0.3302168052,0.6484962554,0.1871723012,0.6754980138,1.7669
0.80,0.739,0.3306943527,0.6493996746,0.1874334562,0.6753399807,1.7658
0.80,0.740,0.3311720328,0.6503031965,0.1876946538,0.6751815771,1.7647
0.80,0.741,0.3316498458,0.6512068213,0.1879558942,0.6750227927,1.7637
0.80,0.742,0.3321277919,0.652110549,0.1882171775,0.6748636440,1.7626
0.80,0.743,0.3326058713,0.6530143799,0.1884785039,0.6747041176,1.7616
0.80,0.744,0.3330840844,0.6539183142,0.1887398736,0.6745442258,1.7605
0.80,0.745,0.3335624313,0.6548223519,0.1890012866,0.6743839671,1.7595
0.80,0.746,0.3340409124,0.6557264932,0.1892627432,0.6742233225,1.7584
0.80,0.747,0.3345195279,0.6566307383,0.1895242434,0.6740623129,1.7573
0.80,0.748,0.3349982781,0.6575350873,0.1897857875,0.6739009200,1.7563
0.80,0.749,0.3354771632,0.6584395405,0.1900473756,0.6737391569,1.7552
0.80,0.750,0.3359561834,0.6593440979,0.1903090078,0.6735770139,1.7541
0.80,0.751,0.3364353392,0.6602487597,0.1905706844,0.6734144967,1.7531
0.80,0.752,0.3369146306,0.6611535261,0.1908324054,0.6732516065,1.7520
0.80,0.753,0.337394058,0.6620583972,0.191094171,0.6730883350,1.7509
0.80,0.754,0.3378736217,0.6629633732,0.1913559815,0.6729246929,1.7498
0.80,0.755,0.3383533218,0.6638684543,0.1916178368,0.6727606549,1.7488
0.80,0.756,0.3388331587,0.6647736406,0.1918797372,0.6725962552,1.7477
0.80,0.757,0.3393131326,0.6656789322,0.1921416829,0.6724314650,1.7466
0.80,0.758,0.3397932438,0.6665843293,0.192403674,0.6722663012,1.7455
0.80,0.759,0.3402734926,0.6674898322,0.1926657106,0.6721007497,1.7444
0.80,0.760,0.3407538792,0.6683954408,0.192927793,0.6719348189,1.7434
0.80,0.761,0.3412344038,0.6693011555,0.1931899212,0.6717685090,1.7423
0.80,0.762,0.3417150669,0.6702069763,0.1934520955,0.6716018146,1.7412
0.80,0.763,0.3421958685,0.6711129035,0.193714316,0.6714347386,1.7401
0.80,0.764,0.342676809,0.6720189371,0.1939765829,0.6712672736,1.7390
0.80,0.765,0.3431578887,0.6729250773,0.1942388963,0.6710994310,1.7379
0.80,0.766,0.3436391077,0.6738313243,0.1945012564,0.6709311941,1.7368
0.80,0.767,0.3441204665,0.6747376783,0.1947636633,0.6707625795,1.7357
0.80,0.768,0.3446019652,0.6756441394,0.1950261173,0.6705935800,1.7346
0.80,0.769,0.3450836042,0.6765507078,0.1952886184,0.6704241799,1.7335
0.80,0.770,0.3455653836,0.6774573836,0.1955511669,0.6702544042,1.7324
0.80,0.771,0.3460473038,0.678364167,0.1958137629,0.6700842354,1.7313
0.80,0.772,0.346529365,0.6792710581,0.1960764065,0.6699136826,1.7302
0.80,0.773,0.3470115675,0.6801780571,0.1963390981,0.6697427376,1.7291
0.80,0.774,0.3474939116,0.6810851642,0.1966018376,0.6695714005,1.7280
0.80,0.775,0.3479763976,0.6819923796,0.1968646253,0.6693996719,1.7269
0.80,0.776,0.3484590257,0.6828997033,0.1971274613,0.6692275624,1.7258
0.80,0.777,0.3489417961,0.6838071356,0.1973903459,0.6690550528,1.7247
0.80,0.778,0.3494247092,0.6847146766,0.1976532792,0.6688821506,1.7236
0.80,0.779,0.3499077653,0.6856223264,0.1979162613,0.6687088590,1.7225
0.80,0.780,0.3503909645,0.6865300853,0.1981792924,0.6685351741,1.7214
0.80,0.781,0.3508743073,0.6874379534,0.1984423727,0.6683610950,1.7203
0.80,0.782,0.3513577938,0.6883459308,0.1987055024,0.6681866172,1.7192
0.80,0.783,0.3518414243,0.6892540177,0.1989686816,0.6680117428,1.7181
0.80,0.784,0.3523251992,0.6901622144,0.1992319106,0.6678364818,1.7169
0.80,0.785,0.3528091186,0.6910705208,0.1994951894,0.6676608159,1.7158
0.80,0.786,0.3532931829,0.6919789372,0.1997585182,0.6674847598,1.7147
0.80,0.787,0.3537773923,0.6928874638,0.2000218974,0.6673083018,1.7136
0.80,0.788,0.3542617471,0.6937961008,0.2002853269,0.6671314416,1.7125
0.80,0.789,0.3547462477,0.6947048482,0.200548807,0.6669541931,1.7113
0.80,0.790,0.3552308942,0.6956137062,0.2008123378,0.6667765375,1.7102
0.80,0.791,0.355715687,0.696522675,0.2010759196,0.6665984824,1.7091
0.80,0.792,0.3562006262,0.6974317548,0.2013395525,0.6664200267,1.7080
0.80,0.793,0.3566857123,0.6983409458,0.2016032366,0.6662411693,1.7068
0.80,0.794,0.3571709455,0.699250248,0.2018669723,0.6660619094,1.7057
0.80,0.795,0.3576563261,0.7001596617,0.2021307596,0.6658822505,1.7046
0.80,0.796,0.3581418543,0.701069187,0.2023945987,0.6657021879,1.7034
0.80,0.797,0.3586275305,0.701978824,0.2026584898,0.6655217195,1.7023
0.80,0.798,0.3591133548,0.702888573,0.2029224331,0.6653408484,1.7012
0.80,0.799,0.3595993277,0.7037984341,0.2031864287,0.6651595668,1.7000
0.80,0.800,0.3600854493,0.7047084075,0.2034504769,0.6649778853,1.6989
1.00,0.010,0.00484444008,0.009688842262,0.002804648234,0.9992090082,875.9547
1.00,0.011,0.005328889341,0.01065772824,0.003085112627,0.9990427384,723.7471
1.00,0.012,0.005813340219,0.01162661495,0.003365576964,0.9988605659,607.9792
1.00,0.013,0.006297792852,0.01259550244,0.003646041236,0.9986624724,517.8835
1.00,0.014,0.006782247382,0.01356439077,0.003926505434,0.9984484373,446.3947
1.00,0.015,0.007266703952,0.01453328,0.004206969551,0.9982184400,388.7209
1.00,0.016,0.007751162706,0.01550217018,0.004487433579,0.9979724569,341.5189
1.00,0.017,0.008235623787,0.01647106138,0.004767897512,0.9977104627,302.3988
1.00,0.018,0.008720087339,0.01743995365,0.005048361344,0.9974324306,269.6157
1.00,0.019,0.009204553507,0.01840884707,0.005328825067,0.9971383319,241.8711
1.00,0.020,0.009689022435,0.01937774168,0.005609288676,0.9968281361,218.1832
1.00,0.021,0.01017349427,0.02034663755,0.005889752163,0.9965018117,197.7978
1.00,0.022,0.01065796915,0.02131553475,0.006170215522,0.9961593259,180.1286
1.00,0.023,0.01114244723,0.02228443333,0.006450678748,0.9958006398,164.7134
1.00,0.024,0.01162692864,0.02325333336,0.006731141835,0.9954257189,151.1846
1.00,0.025,0.01211141354,0.0242222349,0.007011604775,0.9950345212,139.2464
1.00,0.026,0.01259590079,0.02519113544,0.007292066818,0.9946270075,128.6589
1.00,0.027,0.0130803931,0.02616004021,0.007572529454,0.9942031312,119.2258
1.00,0.028,0.01356488934,0.02712894667,0.007852991925,0.9937628489,110.7851
1.00,0.029,0.01404938963,0.02809785489,0.008133454225,0.9933061136,103.2023
1.00,0.030,0.01453389414,0.02906676494,0.008413916349,0.9928328740,96.3650
1.00,0.031,0.015018403,0.03003567686,0.00869437829,0.9923430769,90.1785
1.00,0.032,0.01550291636,0.03100459074,0.008974840042,0.9918366730,84.5628
1.00,0.033,0.01598743436,0.03197350662,0.009255301599,0.9913136023,79.4498
1.00,0.034,0.01647195715,0.03294242457,0.009535762956,0.9907738097,74.7811
1.00,0.035,0.01695648488,0.03391134466,0.009816224106,0.9902172300,70.5067
1.00,0.036,0.01744101769,0.03488026694,0.01009668504,0.9896438027,66.5835
1.00,0.037,0.01792555572,0.03584919149,0.01037714576,0.9890534640,62.9739
1.00,0.038,0.01841009912,0.03681811835,0.01065760626,0.9884461396,59.6454
1.00,0.039,0.01889464804,0.0377870476,0.01093806653,0.9878217654,56.5696
1.00,0.040,0.01937920262,0.0387559793,0.01121852656,0.9871802661,53.7214
1.00,0.041,0.019863763,0.03972491351,0.01149898634,0.9865215642,51.0790
1.00,0.042,0.02034832933,0.04069385029,0.01177944589,0.9858455817,48.6230
1.00,0.043,0.02083290177,0.0416627897,0.01205990517,0.9851522387,46.3362
1.00,0.044,0.02131748044,0.04263173182,0.0123403642,0.9844414483,44.2034
1.00,0.045,0.0218020655,0.04360067669,0.01262082297,0.9837131223,42.2111
1.00,0.046,0.02228665709,0.04456962439,0.01290128146,0.9829671741,40.3472
1.00,0.047,0.02277125536,0.04553857497,0.01318173968,0.9822035079,38.6009
1.00,0.048,0.02325586046,0.0465075285,0.01346219762,0.9814220243,36.9625
1.00,0.049,0.02374047252,0.04747648504,0.01374265527,0.9806226256,35.4233
1.00,0.050,0.02422509169,0.04844544465,0.01402311263,0.9798052079,33.9753
1.00,0.051,0.02470971813,0.0494144074,0.01430356969,0.9789696620,32.6116
1.00,0.052,0.02519435197,0.05038337335,0.01458402645,0.9781158761,31.3257
1.00,0.053,0.02567899335,0.05135234256,0.0148644829,0.9772437357,30.1117
1.00,0.054,0.02616364244,0.05232131509,0.01514493903,0.9763531255,28.9645
1.00,0.055,0.02664829936,0.05329029101,0.01542539484,0.9754439161,27.8791
1.00,0.056,0.02713296427,0.05425927038,0.01570585033,0.9745159810,26.8512
1.00,0.057,0.02761763731,0.05522825325,0.01598630548,0.9735691894,25.8768
1.00,0.058,0.02810231863,0.0561972397,0.0162667603,0.9726034080,24.9523
1.00,0.059,0.02858700837,0.05716622979,0.01654721478,0.9716184896,24.0743
1.00,0.060,0.02907170667,0.05813522357,0.01682766891,0.9706142897,23.2396
1.00,0.061,0.02955641347,0.05910422067,0.01710812256,0.9695906607,22.4455
1.00,0.062,0.03004112935,0.06007322203,0.01738857598,0.9685474425,21.6894
1.00,0.063,0.03052585423,0.06104222729,0.01766902904,0.9674844699,20.9689
1.00,0.064,0.03101058826,0.06201123649,0.01794948173,0.9664015773,20.2818
1.00,0.065,0.03149533159,0.0629802497,0.01822993405,0.9652985928,19.6260
1.00,0.066,0.03198008435,0.06394926698,0.01851038599,0.9641753326,18.9996
1.00,0.067,0.03246484671,0.06491828839,0.01879083754,0.9630316077,18.4010
1.00,0.068,0.03294961879,0.06588731401,0.01907128871,0.9618672321,17.8284
1.00,0.069,0.03343440075,0.06685634388,0.01935173948,0.9606819964,17.2804
1.00,0.070,0.03391919273,0.06782537808,0.01963218986,0.9594756991,16.7555
1.00,0.071,0.03440399489,0.06879441665,0.01991263983,0.9582481200,16.2525
1.00,0.072,0.03488880735,0.06976345968,0.02019308939,0.9569990356,15.7702
1.00,0.073,0.03537363028,0.07073250721,0.02047353854,0.9557282130,15.3074
1.00,0.074,0.03585846381,0.07170155931,0.02075398727,0.9544354087,14.8631
1.00,0.075,0.03634330809,0.07267061605,0.02103443558,0.9531203764,14.4363
1.00,0.076,0.03682816327,0.07363967748,0.02131488346,0.9517828565,14.0261
1.00,0.077,0.03731302948,0.07460874367,0.02159533091,0.9504225641,13.6316
1.00,0.078,0.03779790689,0.07557781467,0.02187577792,0.9490392302,13.2520
1.00,0.079,0.03828279563,0.07654689056,0.02215622449,0.9476325566,12.8865
1.00,0.080,0.03876769585,0.07751597139,0.02243667061,0.9462022397,12.5345
1.00,0.081,0.03925260769,0.07848505723,0.02271711628,0.9447479595,12.1953
1.00,0.082,0.03973753131,0.07945414814,0.02299756149,0.9432693855,11.8683
1.00,0.083,0.04022246684,0.08042324417,0.02327800625,0.9417661757,11.5528
1.00,0.084,0.04070741443,0.0813923454,0.02355845054,0.9402379666,11.2483
1.00,0.085,0.04119237424,0.08236145188,0.02383889436,0.9386843810,10.9543
1.00,0.086,0.04167734639,0.08333056368,0.0241193377,0.9371050306,10.6704
1.00,0.087,0.04216233105,0.08429968085,0.02439978057,0.9354994994,10.3960
1.00,0.088,0.04264732835,0.08526880347,0.02468022296,0.9338673647,10.1306
1.00,0.089,0.04313233844,0.08623793158,0.02496066486,0.9322081670,9.8740
1.00,0.090,0.04361736147,0.08720706526,0.02524110627,0.9305214496,9.6257
1.00,0.091,0.04410239758,0.08817620457,0.02552154719,0.9288067113,9.3853
1.00,0.092,0.04458744692,0.08914534956,0.0258019876,0.9270634507,9.1525
1.00,0.093,0.04507250964,0.09011450031,0.02608242751,0.9252911023,8.9269
1.00,0.094,0.04555758588,0.09108365686,0.02636286692,0.9234891171,8.7083
1.00,0.095,0.04604267578,0.09205281929,0.02664330581,0.9216568875,8.4963
1.00,0.096,0.0465277795,0.09302198765,0.02692374419,0.9197937901,8.2907
1.00,0.097,0.04701289718,0.09399116201,0.02720418205,0.9178991520,8.0911
1.00,0.098,0.04749802896,0.09496034243,0.02748461939,0.9159722851,7.8974
1.00,0.099,0.04798317499,0.09592952897,0.0277650562,0.9140124562,7.7093
1.00,0.100,0.04846833542,0.09689872169,0.02804549248,0.9120188733,7.5265
1.00,0.101,0.0489535104,0.09786792066,0.02832592823,0.9099907203,7.3488
1.00,0.102,0.04943870006,0.09883712593,0.02860636344,0.9079271212,7.1761
1.00,0.103,0.04992390456,0.09980633757,0.02888679811,0.9058271542,7.0081
1.00,0.104,0.05040912404,0.1007755556,0.02916723223,0.9036898377,6.8446
1.00,0.105,0.05089435865,0.1017447802,0.0294476658,0.9015141222,6.6855
1.00,0.106,0.05137960853,0.1027140113,0.02972809883,0.8992989006,6.5305
1.00,0.107,0.05186487384,0.103683249,0.03000853129,0.8970429814,6.3795
1.00,0.108,0.05235015471,0.1046524934,0.0302889632,0.8947451036,6.2324
1.00,0.109,0.05283545129,0.1056217446,0.03056939455,0.8924038966,6.0890
1.00,0.110,0.05332076374,0.1065910025,0.03084982533,0.8900179336,5.9491
1.00,0.111,0.05380609219,0.1075602673,0.03113025554,0.8875856211,5.8125
1.00,0.112,0.05429143679,0.108529539,0.03141068519,0.8851052978,5.6793
1.00,0.113,0.05477679769,0.1094988177,0.03169111425,0.8825751421,5.5491
1.00,0.114,0.05526217503,0.1104681034,0.03197154274,0.8799931906,5.4219
1.00,0.115,0.05574756897,0.1114373963,0.03225197065,0.8773573161,5.2976
1.00,0.116,0.05623297964,0.1124066963,0.03253239798,0.8746652142,5.1761
1.00,0.117,0.0567184072,0.1133760036,0.03281282472,0.8719143373,5.0571
1.00,0.118,0.05720385178,0.1143453181,0.03309325087,0.8691019496,4.9406
1.00,0.119,0.05768931355,0.11531464,0.03337367643,0.8662250241,4.8266
1.00,0.120,0.05817479264,0.1162839693,0.0336541014,0.8632802156,4.7148
1.00,0.121,0.0586602892,0.117253306,0.03393452577,0.8602638450,4.6051
1.00,0.122,0.05914580337,0.1182226503,0.03421494954,0.8571718186,4.4975
1.00,0.123,0.05963133531,0.1191920022,0.0344953727,0.8539995906,4.3919
1.00,0.124,0.06011688516,0.1201613618,0.03477579527,0.8507420118,4.2880
1.00,0.125,0.06060245307,0.1211307291,0.03505621722,0.8473933562,4.1859
1.00,0.126,0.06108803918,0.1221001041,0.03533663857,0.8439470511,4.0854
1.00,0.127,0.06157364364,0.123069487,0.03561705931,0.8403956510,3.9863
1.00,0.128,0.06205926659,0.1240388778,0.03589747943,0.8367305716,3.8886
1.00,0.129,0.06254490819,0.1250082766,0.03617789894,0.8329418345,3.7920
1.00,0.130,0.06303056858,0.1259776834,0.03645831783,0.8290178014,3.6965
1.00,0.131,0.06351624791,0.1269470982,0.0367387361,0.8249446339,3.6019
1.00,0.132,0.06400194632,0.1279165212,0.03701915375,0.8207058145,3.5080
1.00,0.133,0.06448766397,0.1288859525,0.03729957078,0.8162811850,3.4146
1.00,0.134,0.06497340099,0.1298553919,0.03757998718,0.8116458686,3.3214
1.00,0.135,0.06545915753,0.1308248398,0.03786040295,0.8067684618,3.2282
1.00,0.136,0.06594493375,0.131794296,0.0381408181,0.8016083492,3.1345
1.00,0.137,0.06643072979,0.1327637606,0.03842123261,0.7961114519,3.0399
1.00,0.138,0.06691654579,0.1337332338,0.0387016465,0.7902029150,2.9437
1.00,0.139,0.06740238186,0.1347027154,0.03898205973,0.7837738184,2.8450
1.00,0.140,0.06788823824,0.1356722058,0.03926247234,0.7766543792,2.7423
1.00,0.141,0.06837411502,0.1366417048,0.03954288433,0.7685518861,2.6331
1.00,0.142,0.06886001236,0.1376112126,0.03982329567,0.7588710815,2.5121
1.00,0.143,0.06934593039,0.1385807293,0.04010370638,0.7459160305,2.3645
1.00,0.144,0.06983186928,0.1395502548,0.04038411645,0.7208917351,2.1180
1.00,0.145,0.07031782916,0.1405197892,0.04066452588,0.7208675236,2.1178
1.00,0.146,0.07080381018,0.1414893326,0.04094493467,0.7208431332,2.1176
1.00,0.147,0.0712898125,0.1424588851,0.04122534281,0.7208185647,2.1173
1.00,0.148,0.07177583625,0.1434284467,0.04150575032,0.7207938160,2.1171
1.00,0.149,0.07226188159,0.1443980175,0.04178615718,0.7207688923,2.1169
1.00,0.150,0.07274794866,0.1453675975,0.04206656339,0.7207437880,2.1167
1.00,0.151,0.07323403761,0.1463371868,0.04234696897,0.7207185056,2.1164
1.00,0.152,0.07372014859,0.1473067855,0.04262737389,0.7206930435,2.1162
1.00,0.153,0.07420628174,0.1482763936,0.04290777817,0.7206674032,2.1160
1.00,0.154,0.07469243721,0.1492460111,0.04318818181,0.7206415830,2.1157
1.00,0.155,0.07517861515,0.1502156382,0.0434685848,0.7206155833,2.1155
1.00,0.156,0.07566481571,0.1511852749,0.04374898715,0.7205894027,2.1153
1.00,0.157,0.07615103904,0.1521549213,0.04402938884,0.7205630422,2.1150
1.00,0.158,0.07663728527,0.1531245774,0.0443097899,0.7205365027,2.1148
1.00,0.159,0.07712355457,0.1540942432,0.0445901903,0.7205097799,2.1146
1.00,0.160,0.07760984708,0.1550639189,0.04487059006,0.7204828784,2.1143
1.00,0.161,0.07809616294,0.1560336045,0.04515098918,0.7204557972,2.1141
1.00,0.162,0.0785825023,0.1570033001,0.04543138765,0.7204285305,2.1138
1.00,0.163,0.07906886532,0.1579730056,0.04571178547,0.7204010858,2.1136
1.00,0.164,0.07955525213,0.1589427213,0.04599218265,0.7203734599,2.1133
1.00,0.165,0.08004166289,0.1599124471,0.04627257919,0.7203456503,2.1131
1.00,0.166,0.08052809775,0.1608821831,0.04655297508,0.7203176590,2.1128
1.00,0.167,0.08101455684,0.1618519293,0.04683337033,0.7202894848,2.1126
1.00,0.168,0.08150104033,0.1628216859,0.04711376494,0.7202611277,2.1123
1.00,0.169,0.08198754836,0.1637914528,0.0473941589,0.7202325890,2.1121
1.00,0.170,0.08247408107,0.1647612302,0.04767455223,0.7202038645,2.1118
1.00,0.171,0.08296063862,0.1657310181,0.04795494492,0.7201749596,2.1116
1.00,0.172,0.08344722115,0.1667008165,0.04823533697,0.7201458706,2.1113
1.00,0.173,0.08393382881,0.1676706256,0.04851572838,0.7201165972,2.1111
1.00,0.174,0.08442046176,0.1686404453,0.04879611916,0.7200871381,2.1108
1.00,0.175,0.08490712012,0.1696102758,0.04907650931,0.7200574965,2.1105
1.00,0.176,0.08539380407,0.170580117,0.04935689882,0.7200276706,2.1103
1.00,0.177,0.08588051374,0.1715499691,0.0496372877,0.7199976586,2.1100
1.00,0.178,0.08636724928,0.1725198322,0.04991767595,0.7199674628,2.1097
1.00,0.179,0.08685401084,0.1734897062,0.05019806358,0.7199370799,2.1094
1.00,0.180,0.08734079857,0.1744595912,0.05047845058,0.7199065118,2.1092
1.00,0.181,0.08782761262,0.1754294873,0.05075883696,0.7198757589,2.1089
1.00,0.182,0.08831445313,0.1763993946,0.05103922272,0.7198448191,2.1086
1.00,0.183,0.08880132026,0.1773693131,0.05131960785,0.7198136930,2.1084
1.00,0.184,0.08928821415,0.1783392428,0.05159999237,0.7197823803,2.1081
1.00,0.185,0.08977513495,0.1793091839,0.05188037628,0.7197508819,2.1078
1.00,0.186,0.09026208281,0.1802791364,0.05216075957,0.7197191945,2.1075
1.00,0.187,0.09074905788,0.1812491003,0.05244114226,0.7196873193,2.1072
1.00,0.188,0.09123606031,0.1822190757,0.05272152434,0.7196552575,2.1069
1.00,0.189,0.09172309025,0.1831890627,0.05300190581,0.7196230103,2.1067
1.00,0.190,0.09221014784,0.1841590613,0.05328228668,0.7195905715,2.1064
1.00,0.191,0.09269723324,0.1851290716,0.05356266695,0.7195579433,2.1061
1.00,0.192,0.09318434658,0.1860990937,0.05384304663,0.7195251285,2.1058
1.00,0.193,0.09367148803,0.1870691275,0.05412342572,0.7194921252,2.1055
1.00,0.194,0.09415865773,0.1880391732,0.05440380421,0.7194589305,2.1052
1.00,0.195,0.09464585584,0.1890092308,0.05468418212,0.7194255464,2.1049
1.00,0.196,0.09513308248,0.1899793004,0.05496455945,0.7193919728,2.1046
1.00,0.197,0.09562033783,0.190949382,0.0552449362,0.7193582094,2.1043
1.00,0.198,0.09610762203,0.1919194757,0.05552531238,0.7193242550,2.1040
1.00,0.199,0.09659493522,0.1928895816,0.05580568798,0.7192901118,2.1037
1.00,0.200,0.09708227755,0.1938596997,0.05608606301,0.7192557782,2.1034
1.00,0.201,0.09756964918,0.19482983,0.05636643748,0.7192212494,2.1031
1.00,0.202,0.09805705026,0.1957999727,0.05664681139,0.7191865312,2.1028
1.00,0.203,0.09854448093,0.1967701277,0.05692718475,0.7191516220,2.1025
1.00,0.204,0.09903194134,0.1977402952,0.05720755755,0.7191165192,2.1022
1.00,0.205,0.09951943164,0.1987104752,0.05748792981,0.7190812237,2.1018
1.00,0.206,0.100006952,0.1996806678,0.05776830152,0.7190457372,2.1015
1.00,0.207,0.1004945025,0.200650873,0.0580486727,0.7190100575,2.1012
1.00,0.208,0.1009820834,0.2016210908,0.05832904334,0.7189741838,2.1009
1.00,0.209,0.1014696948,0.2025913214,0.05860941345,0.7189381174,2.1006
1.00,0.210,0.1019573368,0.2035615648,0.05888978304,0.7189018545,2.1003
1.00,0.211,0.1024450096,0.204531821,0.05917015211,0.7188653996,2.0999
1.00,0.212,0.1029327133,0.2055020902,0.05945052066,0.7188287511,2.0996
1.00,0.213,0.1034204481,0.2064723723,0.05973088871,0.7187919071,2.0993
1.00,0.214,0.1039082142,0.2074426674,0.06001125626,0.7187548673,2.0990
1.00,0.215,0.1043960116,0.2084129756,0.0602916233,0.7187176339,2.0986
1.00,0.216,0.1048838406,0.209383297,0.06057198986,0.7186802032,2.0983
1.00,0.217,0.1053717013,0.2103536315,0.06085235592,0.7186425761,2.0980
1.00,0.218,0.1058595938,0.2113239793,0.06113272151,0.7186047528,2.0976
1.00,0.219,0.1063475183,0.2122943405,0.06141308662,0.7185667343,2.0973
1.00,0.220,0.106835475,0.213264715,0.06169345126,0.7185285180,2.0970
1.00,0.221,0.1073234639,0.2142351029,0.06197381544,0.7184901071,2.0966
1.00,0.222,0.1078114853,0.2152055043,0.06225417916,0.7184514953,2.0963
1.00,0.223,0.1082995393,0.2161759192,0.06253454243,0.7184126879,2.0959
1.00,0.224,0.108787626,0.2171463478,0.06281490526,0.7183736803,2.0956
1.00,0.225,0.1092757456,0.21811679,0.06309526765,0.7183344784,2.0952
1.00,0.226,0.1097638982,0.2190872459,0.06337562961,0.7182950730,2.0949
1.00,0.227,0.110252084,0.2200577156,0.06365599114,0.7182554722,2.0945
1.00,0.228,0.1107403032,0.2210281991,0.06393635226,0.7182156675,2.0942
1.00,0.229,0.1112285558,0.2219986965,0.06421671297,0.7181756650,2.0938
1.00,0.230,0.1117168421,0.2229692079,0.06449707327,0.7181354642,2.0935
1.00,0.231,0.1122051622,0.2239397332,0.06477743318,0.7180950636,2.0931
1.00,0.232,0.1126935163,0.2249102726,0.0650577927,0.7180544609,2.0928
1.00,0.233,0.1131819044,0.2258808261,0.06533815184,0.7180136559,2.0924
1.00,0.234,0.1136703268,0.2268513938,0.06561851061,0.7179726508,2.0921
1.00,0.235,0.1141587836,0.2278219757,0.06589886901,0.7179314449,2.0917
1.00,0.236,0.1146472749,0.2287925719,0.06617922705,0.7178900387,2.0913
1.00,0.237,0.1151358009,0.2297631825,0.06645958475,0.7178484285,2.0910
1.00,0.238,0.1156243618,0.2307338074,0.0667399421,0.7178066145,2.0906
1.00,0.239,0.1161129576,0.2317044468,0.06702029912,0.7177645978,2.0902
1.00,0.240,0.1166015887,0.2326751007,0.06730065582,0.7177223783,2.0899
1.00,0.241,0.117090255,0.2336457692,0.06758101219,0.7176799560,2.0895
1.00,0.242,0.1175789568,0.2346164523,0.06786136827,0.7176373296,2.0891
1.00,0.243,0.1180676941,0.2355871501,0.06814172404,0.7175944988,2.0887
1.00,0.244,0.1185564673,0.2365578626,0.06842207952,0.7175514638,2.0884
1.00,0.245,0.1190452763,0.2375285899,0.06870243472,0.7175082217,2.0880
1.00,0.246,0.1195341214,0.2384993321,0.06898278965,0.7174647782,2.0876
1.00,0.247,0.1200230027,0.2394700892,0.06926314432,0.7174211271,2.0872
1.00,0.248,0.1205119204,0.2404408612,0.06954349873,0.7173772688,2.0868
1.00,0.249,0.1210008746,0.2414116482,0.0698238529,0.7173332049,2.0864
1.00,0.250,0.1214898655,0.2423824504,0.07010420684,0.7172889351,2.0861
1.00,0.251,0.1219788931,0.2433532676,0.07038456055,0.7172444589,2.0857
1.00,0.252,0.1224679578,0.2443241,0.07066491405,0.7171997739,2.0853
1.00,0.253,0.1229570595,0.2452949477,0.07094526734,0.7171548820,2.0849
1.00,0.254,0.1234461986,0.2462658107,0.07122562044,0.7171097801,2.0845
1.00,0.255,0.123935375,0.247236689,0.07150597336,0.7170644725,2.0841
1.00,0.256,0.1244245891,0.2482075828,0.0717863261,0.7170189564,2.0837
1.00,0.257,0.1249138408,0.249178492,0.07206667868,0.7169732302,2.0833
1.00,0.258,0.1254031305,0.2501494167,0.07234703111,0.7169272947,2.0829
1.00,0.259,0.1258924581,0.251120357,0.0726273834,0.7168811496,2.0825
1.00,0.260,0.126381824,0.2520913129,0.07290773555,0.7168347969,2.0821
1.00,0.261,0.1268712282,0.2530622845,0.07318808759,0.7167882297,2.0817
1.00,0.262,0.1273606709,0.2540332719,0.07346843953,0.7167414518,2.0813
1.00,0.263,0.1278501522,0.255004275,0.07374879136,0.7166944633,2.0809
1.00,0.264,0.1283396723,0.2559752941,0.07402914311,0.7166472633,2.0805
1.00,0.265,0.1288292314,0.256946329,0.07430949479,0.7165998543,2.0800
1.00,0.266,0.1293188295,0.2579173798,0.07458984641,0.7165522314,2.0796
1.00,0.267,0.129808467,0.2588884467,0.07487019797,0.7165043947,2.0792
1.00,0.268,0.1302981438,0.2598595297,0.07515054951,0.7164563466,2.0788
1.00,0.269,0.1307878601,0.2608306288,0.07543090101,0.7164080836,2.0784
1.00,0.270,0.1312776162,0.2618017441,0.07571125251,0.7163596056,2.0779
1.00,0.271,0.1317674122,0.2627728756,0.075991604,0.7163109157,2.0775
1.00,0.272,0.1322572481,0.2637440234,0.07627195551,0.7162620130,2.0771
1.00,0.273,0.1327471243,0.2647151876,0.07655230704,0.7162128921,2.0767
1.00,0.274,0.1332370407,0.2656863681,0.07683265862,0.7161635563,2.0762
1.00,0.275,0.1337269976,0.2666575651,0.07711301024,0.7161140073,2.0758
1.00,0.276,0.1342169952,0.2676287787,0.07739336193,0.7160642409,2.0754
1.00,0.277,0.1347070335,0.2686000088,0.0776737137,0.7160142571,2.0749
1.00,0.278,0.1351971128,0.2695712555,0.07795406556,0.7159640576,2.0745
1.00,0.279,0.1356872332,0.2705425188,0.07823441753,0.7159136412,2.0741
1.00,0.280,0.1361773948,0.271513799,0.07851476962,0.7158630077,2.0736
1.00,0.281,0.1366675977,0.2724850959,0.07879512184,0.7158121577,2.0732
1.00,0.282,0.1371578423,0.2734564096,0.07907547421,0.7157610861,2.0728
1.00,0.283,0.1376481285,0.2744277402,0.07935582675,0.7157097992,2.0723
1.00,0.284,0.1381384566,0.2753990878,0.07963617946,0.7156582895,2.0719
1.00,0.285,0.1386288267,0.2763704523,0.07991653236,0.7156065623,2.0714
1.00,0.286,0.139119239,0.277341834,0.08019688547,0.7155546154,2.0710
1.00,0.287,0.1396096936,0.2783132327,0.0804772388,0.7155024507,2.0705
1.00,0.288,0.1401001906,0.2792846486,0.08075759236,0.7154500641,2.0701
1.00,0.289,0.1405907303,0.2802560817,0.08103794618,0.7153974549,2.0696
1.00,0.290,0.1410813127,0.281227532,0.08131830027,0.7153446259,2.0692
1.00,0.291,0.1415719381,0.2821989997,0.08159865464,0.7152915735,2.0687
1.00,0.292,0.1420626066,0.2831704848,0.0818790093,0.7152383018,2.0682
1.00,0.293,0.1425533183,0.2841419873,0.08215936428,0.7151848055,2.0678
1.00,0.294,0.1430440734,0.2851135073,0.0824397196,0.7151310854,2.0673
1.00,0.295,0.143534872,0.2860850448,0.08272007526,0.7150771436,2.0668
1.00,0.296,0.1440257144,0.2870565999,0.08300043128,0.7150229795,2.0664
1.00,0.297,0.1445166006,0.2880281726,0.08328078768,0.7149685870,2.0659
1.00,0.298,0.1450075308,0.288999763,0.08356114448,0.7149139742,2.0654
1.00,0.299,0.1454985052,0.2899713712,0.08384150169,0.7148591373,2.0650
1.00,0.300,0.1459895239,0.2909429972,0.08412185933,0.7148040709,2.0645
1.00,0.301,0.1464805871,0.291914641,0.08440221742,0.7147487807,2.0640
1.00,0.302,0.146971695,0.2928863028,0.08468257597,0.7146932650,2.0635
1.00,0.303,0.1474628476,0.2938579825,0.08496293501,0.7146375243,2.0631
1.00,0.304,0.1479540451,0.2948296802,0.08524329454,0.7145815522,2.0626
1.00,0.305,0.1484452878,0.295801396,0.0855236546,0.7145253589,2.0621
1.00,0.306,0.1489365756,0.2967731299,0.08580401519,0.7144689341,2.0616
1.00,0.307,0.1494279089,0.2977448819,0.08608437633,0.7144122794,2.0611
1.00,0.308,0.1499192878,0.2987166522,0.08636473805,0.7143553982,2.0606
1.00,0.309,0.1504107124,0.2996884408,0.08664510035,0.7142982919,2.0602
1.00,0.310,0.1509021828,0.3006602477,0.08692546327,0.7142409527,2.0597
1.00,0.311,0.1513936993,0.3016320729,0.08720582681,0.7141833818,2.0592
1.00,0.312,0.151885262,0.3026039166,0.087486191,0.7141255850,2.0587
1.00,0.313,0.152376871,0.3035757788,0.08776655585,0.7140675554,2.0582
1.00,0.314,0.1528685265,0.3045476595,0.0880469214,0.7140092916,2.0577
1.00,0.315,0.1533602286,0.3055195589,0.08832728764,0.7139508012,2.0572
1.00,0.316,0.1538519776,0.3064914768,0.08860765462,0.7138920764,2.0567
1.00,0.317,0.1543437735,0.3074634135,0.08888802234,0.7138331190,2.0562
1.00,0.318,0.1548356165,0.3084353688,0.08916839082,0.7137739326,2.0557
1.00,0.319,0.1553275068,0.309407343,0.08944876009,0.7137145108,2.0552
1.00,0.320,0.1558194445,0.3103793361,0.08972913016,0.7136548552,2.0546
1.00,0.321,0.1563114299,0.311351348,0.09000950106,0.7135949652,2.0541
1.00,0.322,0.1568034629,0.3123233789,0.09028987281,0.7135348412,2.0536
1.00,0.323,0.1572955439,0.3132954287,0.09057024542,0.7134744884,2.0531
1.00,0.324,0.1577876729,0.3142674977,0.09085061892,0.7134138910,2.0526
1.00,0.325,0.1582798501,0.3152395857,0.09113099334,0.7133530599,2.0521
1.00,0.326,0.1587720757,0.3162116929,0.09141136868,0.7132919953,2.0516
1.00,0.327,0.1592643498,0.3171838193,0.09169174498,0.7132306954,2.0510
1.00,0.328,0.1597566726,0.318155965,0.09197212225,0.7131691546,2.0505
1.00,0.329,0.1602490443,0.3191281299,0.09225250052,0.7131073796,2.0500
1.00,0.330,0.1607414649,0.3201003143,0.09253287981,0.7130453665,2.0495
1.00,0.331,0.1612339347,0.321072518,0.09281326014,0.7129831138,2.0489
1.00,0.332,0.1617264538,0.3220447412,0.09309364154,0.7129206210,2.0484
1.00,0.333,0.1622190223,0.3230169839,0.09337402402,0.7128578932,2.0479
1.00,0.334,0.1627116405,0.3239892462,0.09365440761,0.7127949244,2.0473
1.00,0.335,0.1632043085,0.3249615281,0.09393479234,0.7127317152,2.0468
1.00,0.336,0.1636970264,0.3259338296,0.09421517822,0.7126682651,2.0463
1.00,0.337,0.1641897943,0.3269061509,0.09449556528,0.7126045751,2.0457
1.00,0.338,0.1646826126,0.3278784919,0.09477595355,0.7125406450,2.0452
1.00,0.339,0.1651754812,0.3288508527,0.09505634304,0.7124764699,2.0446
1.00,0.340,0.1656684005,0.3298232335,0.09533673378,0.7124120558,2.0441
1.00,0.341,0.1661613704,0.3307956341,0.0956171258,0.7123473986,2.0435
1.00,0.342,0.1666543912,0.3317680547,0.09589751912,0.7122824955,2.0430
1.00,0.343,0.1671474631,0.3327404953,0.09617791376,0.7122173522,2.0424
1.00,0.344,0.1676405862,0.333712956,0.09645830976,0.7121519664,2.0419
1.00,0.345,0.1681337606,0.3346854367,0.09673870712,0.7120863298,2.0413
1.00,0.346,0.1686269865,0.3356579377,0.09701910589,0.7120204499,2.0408
1.00,0.347,0.1691202641,0.3366304589,0.09729950608,0.7119543302,2.0402
1.00,0.348,0.1696135936,0.3376030003,0.09757990773,0.7118879595,2.0397
1.00,0.349,0.170106975,0.338575562,0.09786031084,0.7118213444,2.0391
1.00,0.350,0.1706004086,0.3395481441,0.09814071547,0.7117544853,2.0385
1.00,0.351,0.1710938944,0.3405207467,0.09842112162,0.7116873756,2.0380
1.00,0.352,0.1715874328,0.3414933696,0.09870152932,0.7116200181,2.0374
1.00,0.353,0.1720810238,0.3424660131,0.09898193861,0.7115524153,2.0368
1.00,0.354,0.1725746675,0.3434386772,0.0992623495,0.7114845648,2.0363
1.00,0.355,0.1730683642,0.3444113618,0.09954276203,0.7114164598,2.0357
1.00,0.356,0.173562114,0.3453840672,0.09982317622,0.7113481105,2.0351
1.00,0.357,0.174055917,0.3463567932,0.1001035921,0.7112795077,2.0345
1.00,0.358,0.1745497735,0.34732954,0.1003840097,0.7112106594,2.0340
1.00,0.359,0.1750436835,0.3483023076,0.100664429,0.7111415579,2.0334
1.00,0.360,0.1755376473,0.349275096,0.1009448502,0.7110722063,2.0328
1.00,0.361,0.176031665,0.3502479053,0.1012252731,0.7110025981,2.0322
1.00,0.362,0.1765257367,0.3512207356,0.1015056978,0.7109327443,2.0316
1.00,0.363,0.1770198627,0.3521935869,0.1017861244,0.7108626324,2.0310
1.00,0.364,0.177514043,0.3531664593,0.1020665529,0.7107922694,2.0305
1.00,0.365,0.1780082779,0.3541393527,0.1023469833,0.7107216568,2.0299
1.00,0.366,0.1785025674,0.3551122673,0.1026274157,0.7106507877,2.0293
1.00,0.367,0.1789969118,0.356085203,0.10290785,0.7105796601,2.0287
1.00,0.368,0.1794913112,0.3570581601,0.1031882863,0.7105082839,2.0281
1.00,0.369,0.1799857658,0.3580311384,0.1034687247,0.7104366494,2.0275
1.00,0.370,0.1804802757,0.359004138,0.1037491651,0.7103647589,2.0269
1.00,0.371,0.1809748411,0.359977159,0.1040296077,0.7102926099,2.0263
1.00,0.372,0.1814694622,0.3609502015,0.1043100523,0.7102202088,2.0257
1.00,0.373,0.1819641391,0.3619232654,0.1045904991,0.7101475469,2.0251
1.00,0.374,0.1824588719,0.3628963508,0.1048709481,0.7100746276,2.0245
1.00,0.375,0.1829536609,0.3638694579,0.1051513993,0.7100014512,2.0239
1.00,0.376,0.1834485062,0.3648425865,0.1054318528,0.7099280144,2.0232
1.00,0.377,0.1839434079,0.3658157368,0.1057123085,0.7098543229,2.0226
1.00,0.378,0.1844383663,0.3667889089,0.1059927666,0.7097803660,2.0220
1.00,0.379,0.1849333814,0.3677621027,0.106273227,0.7097061564,2.0214
1.00,0.380,0.1854284535,0.3687353183,0.1065536897,0.7096316799,2.0208
1.00,0.381,0.1859235827,0.3697085557,0.1068341549,0.7095569415,2.0202
1.00,0.382,0.1864187691,0.3706818151,0.1071146225,0.7094819460,2.0195
1.00,0.383,0.186914013,0.3716550964,0.1073950926,0.7094066821,2.0189
1.00,0.384,0.1874093144,0.3726283997,0.1076755652,0.7093311644,2.0183
1.00,0.385,0.1879046736,0.3736017251,0.1079560404,0.7092553788,2.0177
1.00,0.386,0.1884000907,0.3745750725,0.1082365181,0.7091793314,2.0170
1.00,0.387,0.1888955659,0.3755484421,0.1085169984,0.7091030129,2.0164
1.00,0.388,0.1893910993,0.3765218339,0.1087974814,0.7090264364,2.0158
1.00,0.389,0.1898866911,0.3774952479,0.109077967,0.7089495963,2.0151
1.00,0.390,0.1903823414,0.3784686842,0.1093584554,0.7088724863,2.0145
1.00,0.391,0.1908780505,0.3794421427,0.1096389465,0.7087951176,2.0139
1.00,0.392,0.1913738184,0.3804156237,0.1099194403,0.7087174756,2.0132
1.00,0.393,0.1918696454,0.3813891271,0.110199937,0.7086395688,2.0126
1.00,0.394,0.1923655316,0.3823626529,0.1104804366,0.7085613927,2.0119
1.00,0.395,0.1928614772,0.3833362013,0.110760939,0.7084829499,2.0113
1.00,0.396,0.1933574822,0.3843097722,0.1110414443,0.7084042394,2.0106
1.00,0.397,0.193853547,0.3852833656,0.1113219527,0.7083252616,2.0100
1.00,0.398,0.1943496716,0.3862569818,0.111602464,0.7082460131,2.0093
1.00,0.399,0.1948458563,0.3872306206,0.1118829783,0.7081664943,2.0087
1.00,0.400,0.1953421011,0.3882042822,0.1121634957,0.7080867043,2.0080
1.00,0.401,0.1958384062,0.3891779665,0.1124440162,0.7080066436,2.0074
1.00,0.402,0.1963347719,0.3901516736,0.1127245398,0.7079263115,2.0067
1.00,0.403,0.1968311982,0.3911254037,0.1130050666,0.7078457109,2.0060
1.00,0.404,0.1973276854,0.3920991566,0.1132855967,0.7077648359,2.0054
1.00,0.405,0.1978242335,0.3930729325,0.11356613,0.7076836866,2.0047
1.00,0.406,0.1983208429,0.3940467314,0.1138466665,0.7076022665,2.0041
1.00,0.407,0.1988175135,0.3950205533,0.1141272064,0.7075205700,2.0034
1.00,0.408,0.1993142456,0.3959943984,0.1144077497,0.7074386000,2.0027
1.00,0.409,0.1998110394,0.3969682665,0.1146882964,0.7073563580,2.0020
1.00,0.410,0.200307895,0.3979421579,0.1149688465,0.7072738345,2.0014
1.00,0.411,0.2008048125,0.3989160725,0.1152494002,0.7071910441,2.0007
1.00,0.412,0.2013017922,0.3998900103,0.1155299573,0.7071079675,2.0000
1.00,0.413,0.2017988342,0.4008639715,0.115810518,0.7070246165,1.9993
1.00,0.414,0.2022959387,0.401837956,0.1160910823,0.7069409913,1.9986
1.00,0.415,0.2027931058,0.4028119639,0.1163716503,0.7068570865,1.9980
1.00,0.416,0.2032903358,0.4037859953,0.116652222,0.7067729037,1.9973
1.00,0.417,0.2037876286,0.4047600502,0.1169327973,0.7066884442,1.9966
1.00,0.418,0.2042849846,0.4057341286,0.1172133765,0.7066036998,1.9959
1.00,0.419,0.2047824039,0.4067082305,0.1174939594,0.7065186812,1.9952
1.00,0.420,0.2052798867,0.4076823561,0.1177745462,0.7064333777,1.9945
1.00,0.421,0.2057774331,0.4086565054,0.1180551369,0.7063477962,1.9938
1.00,0.422,0.2062750432,0.4096306783,0.1183357315,0.7062619323,1.9931
1.00,0.423,0.2067727173,0.4106048751,0.1186163302,0.7061757851,1.9924
1.00,0.424,0.2072704556,0.4115790956,0.1188969328,0.7060893573,1.9917
1.00,0.425,0.2077682581,0.4125533399,0.1191775395,0.7060026467,1.9910
1.00,0.426,0.2082661251,0.4135276081,0.1194581503,0.7059156491,1.9903
1.00,0.427,0.2087640567,0.4145019003,0.1197387652,0.7058283718,1.9896
1.00,0.428,0.209262053,0.4154762164,0.1200193843,0.7057408081,1.9889
1.00,0.429,0.2097601143,0.4164505565,0.1203000077,0.7056529592,1.9882
1.00,0.430,0.2102582408,0.4174249207,0.1205806354,0.7055648236,1.9875
1.00,0.431,0.2107564325,0.418399309,0.1208612673,0.7054764044,1.9868
1.00,0.432,0.2112546896,0.4193737214,0.1211419037,0.7053876979,1.9861
1.00,0.433,0.2117530124,0.4203481579,0.1214225444,0.7052987063,1.9853
1.00,0.434,0.2122514009,0.4213226187,0.1217031896,0.7052094235,1.9846
1.00,0.435,0.2127498554,0.4222971038,0.1219838394,0.7051198523,1.9839
1.00,0.436,0.213248376,0.4232716132,0.1222644936,0.7050299958,1.9832
1.00,0.437,0.2137469629,0.4242461469,0.1225451525,0.7049398452,1.9824
1.00,0.438,0.2142456162,0.425220705,0.122825816,0.7048494098,1.9817
1.00,0.439,0.2147443361,0.4261952875,0.1231064842,0.7047586834,1.9810
1.00,0.440,0.2152431228,0.4271698945,0.1233871571,0.7046676619,1.9803
1.00,0.441,0.2157419765,0.428144526,0.1236678348,0.7045763560,1.9795
1.00,0.442,0.2162408973,0.4291191821,0.1239485174,0.7044847536,1.9788
1.00,0.443,0.2167398853,0.4300938628,0.1242292048,0.7043928575,1.9781
1.00,0.444,0.2172389408,0.4310685681,0.1245098971,0.7043006712,1.9773
1.00,0.445,0.2177380639,0.4320432981,0.1247905944,0.7042081903,1.9766
1.00,0.446,0.2182372548,0.4330180528,0.1250712967,0.7041154153,1.9758
1.00,0.447,0.2187365136,0.4339928322,0.1253520041,0.7040223483,1.9751
1.00,0.448,0.2192358406,0.4349676365,0.1256327167,0.7039289833,1.9743
1.00,0.449,0.2197352359,0.4359424656,0.1259134343,0.7038353236,1.9736
1.00,0.450,0.2202346996,0.4369173196,0.1261941572,0.7037413690,1.9728
1.00,0.451,0.2207342319,0.4378921985,0.1264748854,0.7036471189,1.9721
1.00,0.452,0.221233833,0.4388671023,0.1267556189,0.7035525676,1.9713
1.00,0.453,0.2217335031,0.4398420312,0.1270363577,0.7034577224,1.9706
1.00,0.454,0.2222332423,0.4408169851,0.127317102,0.7033625763,1.9698
1.00,0.455,0.2227330508,0.4417919641,0.1275978517,0.7032671353,1.9691
1.00,0.456,0.2232329288,0.4427669683,0.1278786069,0.7031713895,1.9683
1.00,0.457,0.2237328764,0.4437419976,0.1281593678,0.7030753465,1.9675
1.00,0.458,0.2242328939,0.4447170521,0.1284401342,0.7029790033,1.9668
1.00,0.459,0.2247329813,0.4456921318,0.1287209063,0.7028823591,1.9660
1.00,0.460,0.2252331388,0.4466672368,0.1290016841,0.7027854155,1.9652
1.00,0.461,0.2257333667,0.4476423672,0.1292824677,0.7026881688,1.9645
1.00,0.462,0.226233665,0.4486175229,0.1295632572,0.7025906193,1.9637
1.00,0.463,0.226734034,0.449592704,0.1298440525,0.7024927645,1.9629
1.00,0.464,0.2272344738,0.4505679105,0.1301248537,0.7023946059,1.9621
1.00,0.465,0.2277349846,0.4515431425,0.130405661,0.7022961483,1.9614
1.00,0.466,0.2282355666,0.4525184001,0.1306864743,0.7021973798,1.9606
1.00,0.467,0.2287362199,0.4534936832,0.1309672937,0.7020983102,1.9598
1.00,0.468,0.2292369447,0.4544689919,0.1312481192,0.7019989384,1.9590
1.00,0.469,0.2297377412,0.4554443262,0.1315289509,0.7018992537,1.9582
1.00,0.470,0.2302386095,0.4564196863,0.1318097889,0.7017992675,1.9574
1.00,0.471,0.2307395499,0.457395072,0.1320906333,0.7016989688,1.9567
1.00,0.472,0.2312405624,0.4583704835,0.132371484,0.7015983643,1.9559
1.00,0.473,0.2317416473,0.4593459207,0.1326523411,0.7014974512,1.9551
1.00,0.474,0.2322428047,0.4603213838,0.1329332047,0.7013962298,1.9543
1.00,0.475,0.2327440348,0.4612968728,0.1332140748,0.7012947010,1.9535
1.00,0.476,0.2332453378,0.4622723876,0.1334949516,0.7011928554,1.9527
1.00,0.477,0.2337467139,0.4632479284,0.133775835,0.7010907066,1.9519
1.00,0.478,0.2342481631,0.4642234952,0.1340567251,0.7009882432,1.9511
1.00,0.479,0.2347496857,0.465199088,0.134337622,0.7008854682,1.9503
1.00,0.480,0.2352512819,0.4661747069,0.1346185257,0.7007823808,1.9495
1.00,0.481,0.2357529519,0.4671503518,0.1348994363,0.7006789804,1.9487
1.00,0.482,0.2362546957,0.4681260229,0.1351803538,0.7005752685,1.9478
1.00,0.483,0.2367565136,0.4691017201,0.1354612784,0.7004712380,1.9470
1.00,0.484,0.2372584057,0.4700774436,0.13574221,0.7003669011,1.9462
1.00,0.485,0.2377603723,0.4710531933,0.1360231487,0.7002622414,1.9454
1.00,0.486,0.2382624134,0.4720289692,0.1363040946,0.7001572715,1.9446
1.00,0.487,0.2387645294,0.4730047715,0.1365850477,0.7000519829,1.9438
1.00,0.488,0.2392667202,0.4739806002,0.1368660082,0.6999463775,1.9429
1.00,0.489,0.2397689862,0.4749564552,0.137146976,0.6998404572,1.9421
1.00,0.490,0.2402713274,0.4759323366,0.1374279512,0.6997342186,1.9413
1.00,0.491,0.2407737441,0.4769082445,0.137708934,0.6996276607,1.9405
1.00,0.492,0.2412762365,0.4778841789,0.1379899242,0.6995207817,1.9396
1.00,0.493,0.2417788046,0.4788601399,0.1382709221,0.6994135840,1.9388
1.00,0.494,0.2422814487,0.4798361274,0.1385519277,0.6993060672,1.9380
1.00,0.495,0.242784169,0.4808121415,0.138832941,0.6991982306,1.9371
1.00,0.496,0.2432869656,0.4817881822,0.139113962,0.6990900744,1.9363
1.00,0.497,0.2437898387,0.4827642496,0.139394991,0.6989815943,1.9355
1.00,0.498,0.2442927885,0.4837403438,0.1396760278,0.6988727901,1.9346
1.00,0.499,0.2447958151,0.4847164647,0.1399570727,0.6987636668,1.9338
1.00,0.500,0.2452989187,0.4856926123,0.1402381256,0.6986542202,1.9329
1.00,0.501,0.2458020996,0.4866687868,0.1405191866,0.6985444479,1.9321
1.00,0.502,0.2463053578,0.4876449882,0.1408002558,0.6984343539,1.9312
1.00,0.503,0.2468086935,0.4886212164,0.1410813332,0.6983239319,1.9304
1.00,0.504,0.247312107,0.4895974716,0.141362419,0.6982131835,1.9295
1.00,0.505,0.2478155984,0.4905737537,0.1416435131,0.6981021141,1.9287
1.00,0.506,0.2483191679,0.4915500628,0.1419246157,0.6979907146,1.9278
1.00,0.507,0.2488228156,0.4925263989,0.1422057268,0.6978789864,1.9270
1.00,0.508,0.2493265417,0.4935027621,0.1424868464,0.6977669340,1.9261
1.00,0.509,0.2498303464,0.4944791524,0.1427679747,0.6976545503,1.9252
1.00,0.510,0.2503342299,0.4954555699,0.1430491117,0.6975418391,1.9244
1.00,0.511,0.2508381923,0.4964320144,0.1433302575,0.6974287978,1.9235
1.00,0.512,0.2513422339,0.4974084862,0.1436114121,0.6973154307,1.9226
1.00,0.513,0.2518463548,0.4983849853,0.1438925757,0.6972017248,1.9218
1.00,0.514,0.2523505552,0.4993615116,0.1441737482,0.6970876925,1.9209
1.00,0.515,0.2528548352,0.5003380652,0.1444549298,0.6969733315,1.9200
1.00,0.516,0.253359195,0.5013146461,0.1447361205,0.6968586294,1.9192
1.00,0.517,0.2538636349,0.5022912544,0.1450173204,0.6967436014,1.9183
1.00,0.518,0.2543681549,0.5032678901,0.1452985296,0.6966282402,1.9174
1.00,0.519,0.2548727553,0.5042445532,0.145579748,0.6965125432,1.9165
1.00,0.520,0.2553774363,0.5052212438,0.1458609759,0.6963965131,1.9156
1.00,0.521,0.255882198,0.5061979619,0.1461422133,0.6962801465,1.9148
1.00,0.522,0.2563870405,0.5071747076,0.1464234602,0.6961634423,1.9139
1.00,0.523,0.2568919642,0.5081514808,0.1467047167,0.6960464073,1.9130
1.00,0.524,0.2573969691,0.5091282816,0.1469859829,0.6959290342,1.9121
1.00,0.525,0.2579020554,0.51010511,0.1472672589,0.6958113177,1.9112
1.00,0.526,0.2584072233,0.5110819661,0.1475485447,0.6956932732,1.9103
1.00,0.527,0.2589124731,0.5120588499,0.1478298404,0.6955748754,1.9094
1.00,0.528,0.2594178048,0.5130357614,0.1481111461,0.6954561510,1.9085
1.00,0.529,0.2599232186,0.5140127007,0.1483924618,0.6953370842,1.9076
1.00,0.530,0.2604287148,0.5149896678,0.1486737877,0.6952176787,1.9067
1.00,0.531,0.2609342934,0.5159666627,0.1489551238,0.6950979281,1.9058
1.00,0.532,0.2614399548,0.5169436855,0.1492364701,0.6949778399,1.9049
1.00,0.533,0.261945699,0.5179207361,0.1495178268,0.6948574056,1.9040
1.00,0.534,0.2624515262,0.5188978147,0.149799194,0.6947366339,1.9031
1.00,0.535,0.2629574367,0.5198749212,0.1500805716,0.6946155159,1.9022
1.00,0.536,0.2634634305,0.5208520557,0.1503619598,0.6944940545,1.9013
1.00,0.537,0.263969508,0.5218292182,0.1506433587,0.6943722541,1.9004
1.00,0.538,0.2644756692,0.5228064088,0.1509247683,0.6942501017,1.8994
1.00,0.539,0.2649819143,0.5237836274,0.1512061887,0.6941276113,1.8985
1.00,0.540,0.2654882435,0.5247608742,0.15148762,0.6940047655,1.8976
1.00,0.541,0.2659946571,0.5257381491,0.1517690623,0.6938815806,1.8967
1.00,0.542,0.2665011551,0.5267154521,0.1520505156,0.6937580429,1.8958
1.00,0.543,0.2670077378,0.5276927834,0.15233198,0.6936341688,1.8948
1.00,0.544,0.2675144054,0.5286701429,0.1526134557,0.6935099358,1.8939
1.00,0.545,0.2680211579,0.5296475306,0.1528949426,0.6933853569,1.8930
1.00,0.546,0.2685279957,0.5306249466,0.1531764409,0.6932604270,1.8920
1.00,0.547,0.2690349188,0.531602391,0.1534579506,0.6931351486,1.8911
1.00,0.548,0.2695419276,0.5325798637,0.1537394719,0.6930095241,1.8902
1.00,0.549,0.270049022,0.5335573647,0.1540210047,0.6928835422,1.8892
1.00,0.550,0.2705562024,0.5345348942,0.1543025493,0.6927572134,1.8883
1.00,0.551,0.2710634689,0.5355124521,0.1545841056,0.6926305296,1.8874
1.00,0.552,0.2715708217,0.5364900385,0.1548656737,0.6925034946,1.8864
1.00,0.553,0.272078261,0.5374676534,0.1551472538,0.6923761030,1.8855
1.00,0.554,0.272585787,0.5384452968,0.1554288459,0.6922483604,1.8845
1.00,0.555,0.2730933997,0.5394229688,0.1557104501,0.6921202636,1.8836
1.00,0.556,0.2736010996,0.5404006693,0.1559920665,0.6919918067,1.8826
1.00,0.557,0.2741088866,0.5413783985,0.1562736952,0.6918630050,1.8817
1.00,0.558,0.274616761,0.5423561563,0.1565553362,0.6917338391,1.8807
1.00,0.559,0.275124723,0.5433339428,0.1568369896,0.6916043212,1.8798
1.00,0.560,0.2756327727,0.5443117579,0.1571186555,0.6914744339,1.8788
1.00,0.561,0.2761409104,0.5452896018,0.1574003341,0.6913442012,1.8778
1.00,0.562,0.2766491362,0.5462674745,0.1576820253,0.6912136059,1.8769
1.00,0.563,0.2771574503,0.5472453759,0.1579637293,0.6910826551,1.8759
1.00,0.564,0.277665853,0.5482233061,0.1582454462,0.6909513401,1.8750
1.00,0.565,0.2781743442,0.5492012652,0.158527176,0.6908196666,1.8740
1.00,0.566,0.2786829244,0.5501792531,0.1588089189,0.6906876333,1.8730
1.00,0.567,0.2791915936,0.55115727,0.1590906749,0.6905552410,1.8721
1.00,0.568,0.279700352,0.5521353157,0.1593724441,0.6904224790,1.8711
1.00,0.569,0.2802091999,0.5531133904,0.1596542266,0.6902893595,1.8701
1.00,0.570,0.2807181374,0.5540914941,0.1599360225,0.6901558779,1.8691
1.00,0.571,0.2812271646,0.5550696268,0.1602178319,0.6900220282,1.8682
1.00,0.572,0.2817362818,0.5560477885,0.1604996548,0.6898878158,1.8672
1.00,0.573,0.2822454892,0.5570259792,0.1607814914,0.6897532431,1.8662
1.00,0.574,0.2827547869,0.5580041991,0.1610633418,0.6896183019,1.8652
1.00,0.575,0.2832641752,0.558982448,0.161345206,0.6894829896,1.8642
1.00,0.576,0.2837736541,0.5599607261,0.1616270841,0.6893473166,1.8632
1.00,0.577,0.284283224,0.5609390334,0.1619089762,0.6892112756,1.8623
1.00,0.578,0.284792885,0.5619173698,0.1621908825,0.6890748609,1.8613
1.00,0.579,0.2853026372,0.5628957355,0.162472803,0.6889380929,1.8603
1.00,0.580,0.2858124809,0.5638741303,0.1627547377,0.6888009428,1.8593
1.00,0.581,0.2863224162,0.5648525545,0.1630366869,0.6886634215,1.8583
1.00,0.582,0.2868324434,0.5658310079,0.1633186506,0.6885255349,1.8573
1.00,0.583,0.2873425626,0.5668094907,0.1636006288,0.6883872893,1.8563
1.00,0.584,0.2878527741,0.5677880028,0.1638826217,0.6882486585,1.8553
1.00,0.585,0.2883630779,0.5687665442,0.1641646294,0.6881096598,1.8543
1.00,0.586,0.2888734743,0.5697451151,0.1644466519,0.6879702811,1.8533
1.00,0.587,0.2893839635,0.5707237154,0.1647286895,0.6878305392,1.8523
1.00,0.588,0.2898945457,0.5717023451,0.165010742,0.6876904210,1.8513
1.00,0.589,0.290405221,0.5726810043,0.1652928098,0.6875499221,1.8503
1.00,0.590,0.2909159896,0.5736596929,0.1655748927,0.6874090601,1.8493
1.00,0.591,0.2914268518,0.5746384111,0.1658569911,0.6872678143,1.8482
1.00,0.592,0.2919378077,0.5756171588,0.1661391048,0.6871261981,1.8472
1.00,0.593,0.2924488575,0.5765959361,0.1664212341,0.6869842022,1.8462
1.00,0.594,0.2929600014,0.577574743,0.1667033791,0.6868418317,1.8452
1.00,0.595,0.2934712396,0.5785535795,0.1669855398,0.6866990828,1.8442
1.00,0.596,0.2939825723,0.5795324456,0.1672677164,0.6865559572,1.8431
1.00,0.597,0.2944939996,0.5805113414,0.1675499088,0.6864124472,1.8421
1.00,0.598,0.2950055218,0.5814902669,0.1678321174,0.6862685605,1.8411
1.00,0.599,0.2955171391,0.582469222,0.168114342,0.6861242946,1.8401
1.00,0.600,0.2960288516,0.5834482069,0.168396583,0.6859796465,1.8390
1.00,0.601,0.2965406595,0.5844272216,0.1686788402,0.6858346163,1.8380
1.00,0.602,0.297052563,0.585406266,0.1689611139,0.6856892057,1.8370
1.00,0.603,0.2975645624,0.5863853402,0.1692434042,0.6855434176,1.8359
1.00,0.604,0.2980766577,0.5873644443,0.1695257111,0.6853972426,1.8349
1.00,0.605,0.2985888493,0.5883435782,0.1698080348,0.6852506867,1.8339
1.00,0.606,0.2991011372,0.5893227419,0.1700903753,0.6851037406,1.8328
1.00,0.607,0.2996135217,0.5903019355,0.1703727328,0.6849564159,1.8318
1.00,0.608,0.300126003,0.5912811591,0.1706551074,0.6848087031,1.8307
1.00,0.609,0.3006385812,0.5922604126,0.1709374991,0.6846606091,1.8297
1.00,0.610,0.3011512566,0.593239696,0.1712199081,0.6845121233,1.8286
1.00,0.611,0.3016640293,0.5942190094,0.1715023345,0.6843632470,1.8276
1.00,0.612,0.3021768996,0.5951983528,0.1717847784,0.6842139903,1.8265
1.00,0.613,0.3026898676,0.5961777263,0.1720672399,0.6840643469,1.8255
1.00,0.614,0.3032029335,0.5971571297,0.1723497191,0.6839143086,1.8244
1.00,0.615,0.3037160976,0.5981365633,0.1726322161,0.6837638858,1.8234
1.00,0.616,0.3042293599,0.5991160269,0.172914731,0.6836130801,1.8223
1.00,0.617,0.3047427208,0.6000955206,0.173197264,0.6834618710,1.8213
1.00,0.618,0.3052561804,0.6010750445,0.1734798151,0.6833102719,1.8202
1.00,0.619,0.3057697388,0.6020545985,0.1737623844,0.6831582859,1.8191
1.00,0.620,0.3062833964,0.6030341826,0.1740449721,0.6830059060,1.8181
1.00,0.621,0.3067971532,0.604013797,0.1743275783,0.6828531368,1.8170
1.00,0.622,0.3073110095,0.6049934415,0.174610203,0.6826999669,1.8159
1.00,0.623,0.3078249655,0.6059731163,0.1748928464,0.6825464044,1.8149
1.00,0.624,0.3083390214,0.6069528213,0.1751755087,0.6823924519,1.8138
1.00,0.625,0.3088531773,0.6079325566,0.1754581898,0.6822381021,1.8127
1.00,0.626,0.3093674334,0.6089123222,0.17574089,0.6820833589,1.8117
1.00,0.627,0.3098817901,0.6098921181,0.1760236093,0.6819282155,1.8106
1.00,0.628,0.3103962473,0.6108719443,0.1763063479,0.6817726817,1.8095
1.00,0.629,0.3109108055,0.6118518008,0.1765891058,0.6816167399,1.8084
1.00,0.630,0.3114254646,0.6128316877,0.1768718832,0.6814604088,1.8073
1.00,0.631,0.311940225,0.613811605,0.1771546802,0.6813036738,1.8063
1.00,0.632,0.3124550869,0.6147915527,0.177437497,0.6811465470,1.8052
1.00,0.633,0.3129700503,0.6157715309,0.1777203335,0.6809890078,1.8041
1.00,0.634,0.3134851156,0.6167515394,0.17800319,0.6808310781,1.8030
1.00,0.635,0.314000283,0.6177315785,0.1782860666,0.6806727488,1.8019
1.00,0.636,0.3145155525,0.618711648,0.1785689633,0.6805140079,1.8008
1.00,0.637,0.3150309245,0.619691748,0.1788518803,0.6803548742,1.7997
1.00,0.638,0.3155463991,0.6206718785,0.1791348178,0.6801953320,1.7986
1.00,0.639,0.3160619765,0.6216520395,0.1794177757,0.6800353968,1.7975
1.00,0.640,0.3165776569,0.6226322311,0.1797007544,0.6798750455,1.7964
1.00,0.641,0.3170934406,0.6236124532,0.1799837538,0.6797142963,1.7953
1.00,0.642,0.3176093276,0.624592706,0.180266774,0.6795531403,1.7942
1.00,0.643,0.3181253183,0.6255729893,0.1805498153,0.6793915774,1.7931
1.00,0.644,0.3186414128,0.6265533033,0.1808328778,0.6792296067,1.7920
1.00,0.645,0.3191576113,0.6275336478,0.1811159615,0.6790672340,1.7909
1.00,0.646,0.319673914,0.6285140231,0.1813990665,0.6789044568,1.7898
1.00,0.647,0.3201903212,0.629494429,0.1816821931,0.6787412608,1.7887
1.00,0.648,0.3207068329,0.6304748656,0.1819653413,0.6785776614,1.7876
1.00,0.649,0.3212234494,0.6314553329,0.1822485112,0.6784136573,1.7865
1.00,0.650,0.321740171,0.6324358309,0.182531703,0.6782492374,1.7854
1.00,0.651,0.3222569978,0.6334163597,0.1828149168,0.6780844053,1.7842
1.00,0.652,0.32277393,0.6343969192,0.1830981527,0.6779191682,1.7831
1.00,0.653,0.3232909678,0.6353775094,0.1833814108,0.6777535133,1.7820
1.00,0.654,0.3238081114,0.6363581305,0.1836646913,0.6775874577,1.7809
1.00,0.655,0.3243253611,0.6373387823,0.1839479943,0.6774209833,1.7798
1.00,0.656,0.3248427169,0.638319465,0.18423132,0.6772540906,1.7786
1.00,0.657,0.3253601792,0.6393001785,0.1845146684,0.6770867887,1.7775
1.00,0.658,0.3258777481,0.6402809228,0.1847980396,0.6769190739,1.7764
1.00,0.659,0.3263954239,0.641261698,0.1850814339,0.6767509445,1.7752
1.00,0.660,0.3269132067,0.6422425041,0.1853648513,0.6765823943,1.7741
1.00,0.661,0.3274310967,0.643223341,0.185648292,0.6764134248,1.7730
1.00,0.662,0.3279490941,0.6442042089,0.185931756,0.6762440491,1.7718
1.00,0.663,0.3284671992,0.6451851077,0.1862152436,0.6760742453,1.7707
1.00,0.664,0.3289854121,0.6461660374,0.1864987549,0.6759040283,1.7696
1.00,0.665,0.3295037331,0.647146998,0.1867822899,0.6757333934,1.7684
1.00,0.666,0.3300221623,0.6481279897,0.1870658488,0.6755623399,1.7673
1.00,0.667,0.3305407,0.6491090123,0.1873494318,0.6753908628,1.7661
1.00,0.668,0.3310593464,0.6500900658,0.187633039,0.6752189716,1.7650
1.00,0.669,0.3315781016,0.6510711504,0.1879166705,0.6750466530,1.7639
1.00,0.670,0.3320969659,0.652052266,0.1882003265,0.6748739251,1.7627
1.00,0.671,0.3326159395,0.6530334127,0.188484007,0.6747007604,1.7616
1.00,0.672,0.3331350225,0.6540145903,0.1887677123,0.6745271794,1.7604
1.00,0.673,0.3336542152,0.6549957991,0.1890514424,0.6743531777,1.7593
1.00,0.674,0.3341735179,0.6559770388,0.1893351975,0.6741787437,1.7581
1.00,0.675,0.3346929306,0.6569583097,0.1896189778,0.6740038878,1.7569
1.00,0.676,0.3352124536,0.6579396117,0.1899027833,0.6738286127,1.7558
1.00,0.677,0.3357320872,0.6589209448,0.1901866142,0.6736529068,1.7546
1.00,0.678,0.3362518314,0.6599023089,0.1904704706,0.6734767810,1.7535
1.00,0.679,0.3367716866,0.6608837043,0.1907543528,0.6733002228,1.7523
1.00,0.680,0.337291653,0.6618651307,0.1910382607,0.6731232393,1.7511
1.00,0.681,0.3378117306,0.6628465883,0.1913221947,0.6729458265,1.7500
1.00,0.682,0.3383319198,0.6638280771,0.1916061547,0.6727679857,1.7488
1.00,0.683,0.3388522208,0.6648095971,0.1918901409,0.6725897149,1.7476
1.00,0.684,0.3393726338,0.6657911482,0.1921741536,0.6724110141,1.7465
1.00,0.685,0.3398931589,0.6667727306,0.1924581927,0.6722318842,1.7453
1.00,0.686,0.3404137964,0.6677543441,0.1927422586,0.6720523214,1.7441
1.00,0.687,0.3409345465,0.6687359889,0.1930263512,0.6718723304,1.7429
1.00,0.688,0.3414554094,0.6697176649,0.1933104708,0.6716919039,1.7418
1.00,0.689,0.3419763853,0.6706993722,0.1935946175,0.6715110466,1.7406
1.00,0.690,0.3424974744,0.6716811107,0.1938787915,0.6713297607,1.7394
1.00,0.691,0.343018677,0.6726628804,0.1941629928,0.6711480331,1.7382
1.00,0.692,0.3435399932,0.6736446815,0.1944472216,0.6709658726,1.7370
1.00,0.693,0.3440614233,0.6746265138,0.1947314782,0.6707832812,1.7359
1.00,0.694,0.3445829674,0.6756083774,0.1950157625,0.6706002480,1.7347
1.00,0.695,0.3451046258,0.6765902723,0.1953000749,0.6704167779,1.7335
1.00,0.696,0.3456263987,0.6775721986,0.1955844153,0.6702328797,1.7323
1.00,0.697,0.3461482863,0.6785541561,0.195868784,0.6700485362,1.7311
1.00,0.698,0.3466702888,0.679536145,0.1961531812,0.6698637561,1.7299
1.00,0.699,0.3471924064,0.6805181653,0.1964376069,0.6696785381,1.7287
1.00,0.700,0.3477146393,0.6815002168,0.1967220613,0.6694928844,1.7275
1.00,0.701,0.3482369878,0.6824822998,0.1970065446,0.6693067876,1.7263
1.00,0.702,0.3487594521,0.6834644141,0.1972910569,0.6691202477,1.7251
1.00,0.703,0.3492820323,0.6844465598,0.1975755984,0.6689332703,1.7239
1.00,0.704,0.3498047287,0.6854287368,0.1978601692,0.6687458523,1.7227
1.00,0.705,0.3503275415,0.6864109453,0.1981447695,0.6685579852,1.7215
1.00,0.706,0.350850471,0.6873931851,0.1984293994,0.6683696883,1.7203
1.00,0.707,0.3513735172,0.6883754564,0.1987140591,0.6681809378,1.7191
1.00,0.708,0.3518966805,0.6893577591,0.1989987488,0.6679917456,1.7179
1.00,0.709,0.3524199611,0.6903400932,0.1992834685,0.6678021056,1.7167
1.00,0.710,0.3529433591,0.6913224587,0.1995682185,0.6676120285,1.7155
1.00,0.711,0.3534668748,0.6923048557,0.1998529989,0.6674215004,1.7143
1.00,0.712,0.3539905084,0.6932872841,0.2001378099,0.6672305262,1.7131
1.00,0.713,0.3545142602,0.694269744,0.2004226515,0.6670390999,1.7119
1.00,0.714,0.3550381302,0.6952522353,0.2007075241,0.6668472332,1.7107
1.00,0.715,0.3555621188,0.6962347581,0.2009924277,0.6666549214,1.7094
1.00,0.716,0.3560862262,0.6972173124,0.2012773625,0.6664621557,1.7082
1.00,0.717,0.3566104526,0.6981998981,0.2015623287,0.6662689415,1.7070
1.00,0.718,0.3571347982,0.6991825153,0.2018473263,0.6660752734,1.7058
1.00,0.719,0.3576592632,0.7001651641,0.2021323557,0.6658811653,1.7046
1.00,0.720,0.3581838478,0.7011478443,0.2024174169,0.6656865872,1.7033
1.00,0.721,0.3587085523,0.702130556,0.20270251,0.6654915741,1.7021
1.00,0.722,0.3592333768,0.7031132992,0.2029876354,0.6652961063,1.7009
1.00,0.723,0.3597583216,0.704096074,0.2032727931,0.6651001847,1.6997
1.00,0.724,0.360283387,0.7050788802,0.2035579833,0.6649038088,1.6984
1.00,0.725,0.3608085731,0.706061718,0.2038432061,0.6647069753,1.6972
1.00,0.726,0.3613338801,0.7070445873,0.2041284617,0.6645096864,1.6960
1.00,0.727,0.3618593083,0.7080274881,0.2044137504,0.6643119481,1.6947
1.00,0.728,0.3623848578,0.7090104205,0.2046990722,0.6641137518,1.6935
1.00,0.729,0.362910529,0.7099933844,0.2049844273,0.6639150925,1.6922
1.00,0.730,0.363436322,0.7109763799,0.2052698159,0.6637159870,1.6910
1.00,0.731,0.3639622371,0.7119594069,0.2055552382,0.6635164178,1.6898
1.00,0.732,0.3644882744,0.7129424654,0.2058406943,0.6633163973,1.6885
1.00,0.733,0.3650144342,0.7139255556,0.2061261844,0.6631159061,1.6873
1.00,0.734,0.3655407167,0.7149086772,0.2064117086,0.6629149597,1.6860
1.00,0.735,0.3660671222,0.7158918305,0.2066972672,0.6627135543,1.6848
1.00,0.736,0.3665936508,0.7168750153,0.2069828603,0.6625116926,1.6836
1.00,0.737,0.3671203028,0.7178582317,0.2072684881,0.6623093617,1.6823
1.00,0.738,0.3676470784,0.7188414796,0.2075541507,0.6621065724,1.6811
1.00,0.739,0.3681739778,0.7198247592,0.2078398484,0.6619033139,1.6798
1.00,0.740,0.3687010012,0.7208080703,0.2081255812,0.6616996014,1.6786
1.00,0.741,0.369228149,0.721791413,0.2084113495,0.6614954218,1.6773
1.00,0.742,0.3697554212,0.7227747873,0.2086971532,0.6612907787,1.6760
1.00,0.743,0.3702828181,0.7237581931,0.2089829928,0.6610856689,1.6748
1.00,0.744,0.37081034,0.7247416306,0.2092688682,0.6608800988,1.6735
1.00,0.745,0.371337987,0.7257250996,0.2095547796,0.6606740471,1.6723
1.00,0.746,0.3718657595,0.7267086003,0.2098407274,0.6604675459,1.6710
1.00,0.747,0.3723936575,0.7276921325,0.2101267115,0.6602605753,1.6697
1.00,0.748,0.3729216814,0.7286756963,0.2104127323,0.6600531311,1.6685
1.00,0.749,0.3734498314,0.7296592918,0.2106987899,0.6598452138,1.6672
1.00,0.750,0.3739781077,0.7306429188,0.2109848844,0.6596368361,1.6660
1.00,0.751,0.3745065104,0.7316265774,0.2112710161,0.6594279849,1.6647
1.00,0.752,0.37503504,0.7326102676,0.2115571852,0.6592186628,1.6634
1.00,0.753,0.3755636965,0.7335939894,0.2118433917,0.6590088815,1.6622
1.00,0.754,0.3760924802,0.7345777428,0.212129636,0.6587986096,1.6609
1.00,0.755,0.3766213913,0.7355615278,0.2124159181,0.6585878725,1.6596
1.00,0.756,0.3771504301,0.7365453445,0.2127022383,0.6583766611,1.6583
1.00,0.757,0.3776795967,0.7375291927,0.2129885967,0.6581649771,1.6571
1.00,0.758,0.3782088915,0.7385130725,0.2132749936,0.6579528181,1.6558
1.00,0.759,0.3787383147,0.7394969839,0.2135614291,0.6577401915,1.6545
1.00,0.760,0.3792678664,0.7404809269,0.2138479034,0.6575270811,1.6532
1.00,0.761,0.3797975469,0.7414649015,0.2141344167,0.6573134936,1.6519
1.00,0.762,0.3803273564,0.7424489077,0.2144209692,0.6570994337,1.6507
1.00,0.763,0.3808572952,0.7434329455,0.2147075611,0.6568849003,1.6494
1.00,0.764,0.3813873635,0.7444170149,0.2149941925,0.6566698771,1.6481
1.00,0.765,0.3819175615,0.7454011159,0.2152808637,0.6564543904,1.6468
1.00,0.766,0.3824478895,0.7463852485,0.2155675748,0.6562384182,1.6455
1.00,0.767,0.3829783476,0.7473694126,0.2158543261,0.6560219596,1.6442
1.00,0.768,0.3835089362,0.7483536084,0.2161411176,0.6558050213,1.6430
1.00,0.769,0.3840396554,0.7493378357,0.2164279497,0.6555876088,1.6417
1.00,0.770,0.3845705055,0.7503220946,0.2167148225,0.6553697137,1.6404
1.00,0.771,0.3851014867,0.7513063851,0.2170017363,0.6551513285,1.6391
1.00,0.772,0.3856325993,0.7522907072,0.2172886911,0.6549324736,1.6378
1.00,0.773,0.3861638434,0.7532750608,0.2175756872,0.6547131282,1.6365
1.00,0.774,0.3866952194,0.7542594461,0.2178627248,0.6544933017,1.6352
1.00,0.775,0.3872267274,0.7552438629,0.2181498041,0.6542729817,1.6339
1.00,0.776,0.3877583677,0.7562283112,0.2184369252,0.6540521775,1.6326
1.00,0.777,0.3882901405,0.7572127911,0.2187240885,0.6538308946,1.6313
1.00,0.778,0.388822046,0.7581973026,0.219011294,0.6536091199,1.6300
1.00,0.779,0.3893540846,0.7591818457,0.219298542,0.6533868551,1.6287
1.00,0.780,0.3898862563,0.7601664202,0.2195858327,0.6531641107,1.6274
1.00,0.781,0.3904185616,0.7611510264,0.2198731663,0.6529408691,1.6261
1.00,0.782,0.3909510005,0.762135664,0.220160543,0.6527171425,1.6248
1.00,0.783,0.3914835733,0.7631203333,0.220447963,0.6524929224,1.6235
1.00,0.784,0.3920162803,0.764105034,0.2207354264,0.6522682105,1.6222
1.00,0.785,0.3925491218,0.7650897663,0.2210229335,0.6520430209,1.6208
1.00,0.786,0.3930820978,0.7660745301,0.2213104846,0.6518173284,1.6195
1.00,0.787,0.3936152088,0.7670593254,0.2215980797,0.6515911414,1.6182
1.00,0.788,0.3941484548,0.7680441522,0.2218857192,0.6513644656,1.6169
1.00,0.789,0.3946818362,0.7690290106,0.2221734031,0.6511372971,1.6156
1.00,0.790,0.3952153533,0.7700139004,0.2224611318,0.6509096299,1.6143
1.00,0.791,0.3957490061,0.7709988217,0.2227489054,0.6506814704,1.6130
1.00,0.792,0.396282795,0.7719837746,0.2230367242,0.6504528131,1.6116
1.00,0.793,0.3968167203,0.7729687589,0.2233245883,0.6502236570,1.6103
1.00,0.794,0.3973507821,0.7739537747,0.2236124979,0.6499940095,1.6090
1.00,0.795,0.3978849807,0.7749388219,0.2239004534,0.6497638611,1.6077
1.00,0.796,0.3984193163,0.7759239006,0.2241884548,0.6495332150,1.6064
1.00,0.797,0.3989537892,0.7769090108,0.2244765024,0.6493020647,1.6050
1.00,0.798,0.3994883996,0.7778941524,0.2247645964,0.6490704271,1.6037
1.00,0.799,0.4000231478,0.7788793255,0.225052737,0.6488382785,1.6024
1.00,0.800,0.400558034,0.77986453,0.2253409245,0.6486056288,1.6011
1.04,0.010,0.004940378239,0.009880716284,0.002860190219,0.9991773430,842.2247
1.04,0.011,0.005434421268,0.01086878904,0.003146208572,0.9990044099,695.8708
1.04,0.012,0.005928465901,0.01185686235,0.003432226803,0.9988149338,584.5550
1.04,0.013,0.006422512277,0.01284493625,0.003718244895,0.9986088947,497.9242
1.04,0.014,0.006916560537,0.01383301078,0.004004262834,0.9983862718,429.1849
1.04,0.015,0.007410610821,0.01482108599,0.004290280607,0.9981470410,373.7292
1.04,0.016,0.007904663273,0.01580916191,0.0045762982,0.9978911778,328.3426
1.04,0.017,0.008398718034,0.01679723859,0.004862315601,0.9976186548,290.7271
1.04,0.018,0.008892775249,0.01778531608,0.005148332796,0.9973294428,259.2048
1.04,0.019,0.009386835059,0.01877339442,0.005434349774,0.9970235111,232.5274
1.04,0.020,0.009880897609,0.01976147366,0.005720366521,0.9967008268,209.7505
1.04,0.021,0.01037496304,0.02074955383,0.006006383025,0.9963613540,190.1491
1.04,0.022,0.0108690315,0.021737635,0.006292399273,0.9960050579,173.1594
1.04,0.023,0.01136310313,0.0227257172,0.006578415254,0.9956318984,158.3370
1.04,0.024,0.01185717808,0.02371380048,0.006864430955,0.9952418347,145.3285
1.04,0.025,0.01235125516,0.02470188224,0.007150445597,0.9948348264,133.8494
1.04,0.026,0.01284533717,0.02568996785,0.007436460709,0.9944108243,123.6691
1.04,0.027,0.01333942293,0.02667805467,0.007722475503,0.9939697834,114.5987
1.04,0.028,0.01383351259,0.02766614276,0.008008489968,0.9935116542,106.4826
1.04,0.029,0.01432760627,0.02865423216,0.008294504092,0.9930363853,99.1914
1.04,0.030,0.01482170413,0.02964232291,0.008580517863,0.9925439218,92.6170
1.04,0.031,0.01531580631,0.03063041508,0.008866531268,0.9920342087,86.6684
1.04,0.032,0.01580991296,0.03161850869,0.009152544295,0.9915071866,81.2687
1.04,0.033,0.01630402422,0.0326066038,0.009438556933,0.9909627952,76.3522
1.04,0.034,0.01679814023,0.03359470045,0.00972456917,0.9904009715,71.8630
1.04,0.035,0.01729226113,0.0345827987,0.01001058099,0.9898216465,67.7530
1.04,0.036,0.01778638708,0.03557089859,0.01029659239,0.9892247529,63.9805
1.04,0.037,0.01828051822,0.03655900015,0.01058260335,0.9886102232,60.5097
1.04,0.038,0.01877465468,0.03754710345,0.01086861386,0.9879779774,57.3092
1.04,0.039,0.01926879662,0.03853520853,0.01115462391,0.9873279412,54.3516
1.04,0.040,0.01976294417,0.03952331544,0.01144063349,0.9866600358,51.6128
1.04,0.041,0.02025709749,0.04051142421,0.01172664259,0.9859741754,49.0720
1.04,0.042,0.02075125672,0.0414995349,0.01201265118,0.9852702777,46.7103
1.04,0.043,0.02124542199,0.04248764756,0.01229865927,0.9845482508,44.5113
1.04,0.044,0.02173959346,0.04347576222,0.01258466684,0.9838080030,42.4605
1.04,0.045,0.02223377127,0.04446387895,0.01287067387,0.9830494425,40.5447
1.04,0.046,0.02272795556,0.04545199777,0.01315668036,0.9822724641,38.7524
1.04,0.047,0.02322214648,0.04644011875,0.0134426863,0.9814769706,37.0732
1.04,0.048,0.02371634417,0.04742824193,0.01372869167,0.9806628531,35.4977
1.04,0.049,0.02421054878,0.04841636735,0.01401469646,0.9798300001,34.0175
1.04,0.050,0.02470476044,0.04940449506,0.01430070066,0.9789783031,32.6251
1.04,0.051,0.02519897931,0.0503926251,0.01458670426,0.9781076343,31.3137
1.04,0.052,0.02569320553,0.05138075753,0.01487270725,0.9772178842,30.0772
1.04,0.053,0.02618743924,0.05236889239,0.01515870961,0.9763089171,28.9098
1.04,0.054,0.02668168059,0.05335702973,0.01544471133,0.9753806059,27.8065
1.04,0.055,0.02717592971,0.05434516958,0.01573071241,0.9744328127,26.7627
1.04,0.056,0.02767018677,0.05533331201,0.01601671282,0.9734653997,25.7743
1.04,0.057,0.02816445189,0.05632145705,0.01630271257,0.9724782192,24.8372
1.04,0.058,0.02865872523,0.05730960476,0.01658871163,0.9714711246,23.9481
1.04,0.059,0.02915300669,0.05829775471,0.01687470987,0.9704439552,23.1037
1.04,0.060,0.02964729689,0.05928590788,0.01716070753,0.9693965554,22.3010
1.04,0.061,0.03014159574,0.06027406385,0.01744670448,0.9683287505,21.5373
1.04,0.062,0.03063590337,0.06126222266,0.0177327007,0.9672403725,20.8101
1.04,0.063,0.03113021994,0.06225038437,0.01801869618,0.9661312401,20.1171
1.04,0.064,0.03162454559,0.06323854902,0.01830469091,0.9650011682,19.4562
1.04,0.065,0.03211888047,0.06422671665,0.01859068488,0.9638499608,18.8255
1.04,0.066,0.03261322471,0.06521488732,0.01887667808,0.9626774213,18.2230
1.04,0.067,0.03310757847,0.06620306107,0.01916267049,0.9614833421,17.6472
1.04,0.068,0.03360194188,0.06719123794,0.01944866211,0.9602674996,17.0964
1.04,0.069,0.0340963151,0.06817941798,0.01973465293,0.9590296776,16.5693
1.04,0.070,0.03459069826,0.06916760124,0.02002064293,0.9577696474,16.0644
1.04,0.071,0.03508509152,0.07015578776,0.0203066321,0.9564871668,15.5806
1.04,0.072,0.035579495,0.07114397759,0.02059262043,0.9551819721,15.1166
1.04,0.073,0.03607390887,0.07213217078,0.02087860791,0.9538538201,14.6714
1.04,0.074,0.03656833326,0.07312036737,0.02116459453,0.9525024263,14.2439
1.04,0.075,0.03706276832,0.0741085674,0.02145058028,0.9511275249,13.8333
1.04,0.076,0.0375572142,0.07509677094,0.02173656515,0.9497288076,13.4386
1.04,0.077,0.03805167103,0.07608497801,0.02202254913,0.9483059790,13.0590
1.04,0.078,0.03854613896,0.07707318866,0.0223085322,0.9468587188,12.6938
1.04,0.079,0.03904061814,0.07806140295,0.02259451436,0.9453866938,12.3421
1.04,0.080,0.03953510871,0.07904962092,0.0228804956,0.9438895624,12.0034
1.04,0.081,0.04002961082,0.08003784261,0.0231664759,0.9423669689,11.6769
1.04,0.082,0.04052412461,0.08102606807,0.02345245525,0.9408185229,11.3621
1.04,0.083,0.04101865022,0.08201429735,0.02373843365,0.9392438502,11.0585
1.04,0.084,0.04151318781,0.08300253049,0.02402441109,0.9376425303,10.7654
1.04,0.085,0.0420077375,0.08399076754,0.02431038754,0.9360141412,10.4824
1.04,0.086,0.04250229946,0.08497900854,0.02459636301,0.9343582282,10.2090
1.04,0.087,0.04299687382,0.08596725353,0.02488233749,0.9326743304,9.9448
1.04,0.088,0.04349146073,0.08695550258,0.02516831095,0.9309619532,9.6894
1.04,0.089,0.04398606033,0.08794375571,0.0254542834,0.9292205779,9.4422
1.04,0.090,0.04448067277,0.08893201299,0.02574025482,0.9274496644,9.2031
1.04,0.091,0.04497529819,0.08992027444,0.0260262252,0.9256486565,8.9716
1.04,0.092,0.04546993674,0.09090854012,0.02631219453,0.9238169367,8.7473
1.04,0.093,0.04596458856,0.09189681008,0.02659816281,0.9219538962,8.5300
1.04,0.094,0.0464592538,0.09288508435,0.02688413002,0.9200588599,8.3193
1.04,0.095,0.0469539326,0.093873363,0.02717009615,0.9181311473,8.1150
1.04,0.096,0.0474486251,0.09486164605,0.02745606119,0.9161700015,7.9169
1.04,0.097,0.04794333146,0.09584993355,0.02774202514,0.9141746710,7.7245
1.04,0.098,0.04843805181,0.09683822556,0.02802798797,0.9121443109,7.5377
1.04,0.099,0.04893278631,0.09782652212,0.02831394969,0.9100780701,7.3563
1.04,0.100,0.04942753509,0.09881482327,0.02859991029,0.9079750149,7.1800
1.04,0.101,0.0499222983,0.09980312906,0.02888586975,0.9058341698,7.0086
1.04,0.102,0.05041707609,0.1007914395,0.02917182806,0.9036544941,6.8420
1.04,0.103,0.0509118686,0.1017797547,0.02945778522,0.9014348776,6.6798
1.04,0.104,0.05140667597,0.1027680747,0.02974374122,0.8991741439,6.5220
1.04,0.105,0.05190149835,0.1037563995,0.03002969604,0.8968710336,6.3683
1.04,0.106,0.05239633589,0.1047447292,0.03031564967,0.8945241937,6.2186
1.04,0.107,0.05289118873,0.1057330637,0.03060160212,0.8921321789,6.0727
1.04,0.108,0.05338605702,0.1067214033,0.03088755336,0.8896934315,5.9305
1.04,0.109,0.0538809409,0.1077097478,0.0311735034,0.8872062797,5.7918
1.04,0.110,0.05437584051,0.1086980973,0.03145945221,0.8846689373,5.6564
1.04,0.111,0.05487075601,0.109686452,0.0317453998,0.8820794345,5.5243
1.04,0.112,0.05536568753,0.1106748118,0.03203134615,0.8794356740,5.3952
1.04,0.113,0.05586063522,0.1116631768,0.03231729125,0.8767353507,5.2691
1.04,0.114,0.05635559923,0.112651547,0.03260323509,0.8739759770,5.1458
1.04,0.115,0.0568505797,0.1136399225,0.03288917768,0.8711548114,5.0252
1.04,0.116,0.05734557677,0.1146283033,0.03317511899,0.8682688676,4.9071
1.04,0.117,0.0578405906,0.1156166894,0.03346105901,0.8653148471,4.7915
1.04,0.118,0.05833562133,0.116605081,0.03374699775,0.8622890974,4.6782
1.04,0.119,0.05883066909,0.117593478,0.03403293519,0.8591875974,4.5672
1.04,0.120,0.05932573405,0.1185818805,0.03431887133,0.8560058418,4.4582
1.04,0.121,0.05982081634,0.1195702886,0.03460480615,0.8527387891,4.3512
1.04,0.122,0.06031591611,0.1205587022,0.03489073964,0.8493807822,4.2460
1.04,0.123,0.0608110335,0.1215471215,0.0351766718,0.8459253781,4.1425
1.04,0.124,0.06130616866,0.1225355464,0.03546260263,0.8423652631,4.0407
1.04,0.125,0.06180132174,0.1235239771,0.0357485321,0.8386920296,3.9403
1.04,0.126,0.06229649287,0.1245124135,0.03603446022,0.8348959638,3.8413
1.04,0.127,0.06279168221,0.1255008558,0.03632038698,0.8309656566,3.7434
1.04,0.128,0.06328688991,0.1264893039,0.03660631236,0.8268876892,3.6465
1.04,0.129,0.0637821161,0.1274777579,0.03689223636,0.8226460339,3.5504
1.04,0.130,0.06427736093,0.1284662178,0.03717815898,0.8182211845,3.4550
1.04,0.131,0.06477262455,0.1294546837,0.0374640802,0.8135892099,3.3599
1.04,0.132,0.0652679071,0.1304431557,0.03775000002,0.8087199948,3.2649
1.04,0.133,0.06576320873,0.1314316337,0.03803591843,0.8035748460,3.1696
1.04,0.134,0.06625852958,0.1324201179,0.03832183542,0.7981025953,3.0736
1.04,0.135,0.06675386977,0.1334086081,0.03860775096,0.7922330474,2.9762
1.04,0.136,0.06724922951,0.1343971046,0.03889366509,0.7858652868,2.8765
1.04,0.137,0.06774460891,0.1353856074,0.03917957779,0.7788447502,2.7732
1.04,0.138,0.06824000812,0.1363741165,0.03946548903,0.7709117310,2.6641
1.04,0.139,0.06873542728,0.1373626319,0.03975139882,0.7615608975,2.5447
1.04,0.140,0.06923086654,0.1383511537,0.04003730715,0.7494921379,2.4038
1.04,0.141,0.06972632605,0.139339682,0.04032321402,0.7227071376,2.1344
1.04,0.142,0.07022180594,0.1403282167,0.04060911941,0.7208723226,2.1178
1.04,0.143,0.07071730637,0.1413167579,0.04089502331,0.7208474880,2.1176
1.04,0.144,0.07121282749,0.1423053057,0.04118092573,0.7208224670,2.1174
1.04,0.145,0.07170836943,0.1432938602,0.04146682665,0.7207972631,2.1171
1.04,0.146,0.07220393234,0.1442824212,0.04175272608,0.7207718736,2.1169
1.04,0.147,0.07269951638,0.145270989,0.04203862399,0.7207462972,2.1167
1.04,0.148,0.07319512168,0.1462595635,0.04232452039,0.7207205372,2.1165
1.04,0.149,0.07369074839,0.1472481447,0.04261041527,0.7206945898,2.1162
1.04,0.150,0.07418639666,0.1482367328,0.04289630862,0.7206684550,2.1160
1.04,0.151,0.07468206664,0.1492253278,0.04318220044,0.7206421359,2.1158
1.04,0.152,0.07517775846,0.1502139297,0.04346809072,0.7206156295,2.1155
1.04,0.153,0.07567347228,0.1512025385,0.04375397945,0.7205889352,2.1153
1.04,0.154,0.07616920825,0.1521911544,0.04403986664,0.7205620528,2.1150
1.04,0.155,0.0766649665,0.1531797772,0.04432575226,0.7205349865,2.1148
1.04,0.156,0.07716074718,0.1541684072,0.04461163633,0.7205077300,2.1145
1.04,0.157,0.07765655045,0.1551570443,0.04489751882,0.7204802871,2.1143
1.04,0.158,0.07815237644,0.1561456886,0.04518339974,0.7204526543,2.1141
1.04,0.159,0.07864822531,0.1571343401,0.04546927909,0.7204248337,2.1138
1.04,0.160,0.0791440972,0.1581229989,0.04575515685,0.7203968245,2.1136
1.04,0.161,0.07963999225,0.1591116649,0.04604103301,0.7203686279,2.1133
1.04,0.162,0.08013591061,0.1601003383,0.04632690759,0.7203402398,2.1130
1.04,0.163,0.08063185244,0.1610890191,0.04661278056,0.7203116633,2.1128
1.04,0.164,0.08112781787,0.1620777074,0.04689865193,0.7202828991,2.1125
1.04,0.165,0.08162380705,0.1630664031,0.04718452169,0.7202539433,2.1123
1.04,0.166,0.08211982013,0.1640551063,0.04747038983,0.7202247980,2.1120
1.04,0.167,0.08261585725,0.1650438171,0.04775625635,0.7201954610,2.1118
1.04,0.168,0.08311191857,0.1660325355,0.04804212125,0.7201659350,2.1115
1.04,0.169,0.08360800422,0.1670212616,0.04832798452,0.7201362194,2.1112
1.04,0.170,0.08410411436,0.1680099953,0.04861384616,0.7201063097,2.1110
1.04,0.171,0.08460024913,0.1689987368,0.04889970616,0.7200762087,2.1107
1.04,0.172,0.08509640868,0.169987486,0.04918556451,0.7200459178,2.1104
1.04,0.173,0.08559259316,0.1709762431,0.04947142122,0.7200154351,2.1101
1.04,0.174,0.0860888027,0.1719650081,0.04975727628,0.7199847589,2.1099
1.04,0.175,0.08658503746,0.1729537809,0.05004312969,0.7199538904,2.1096
1.04,0.176,0.08708129759,0.1739425617,0.05032898143,0.7199228296,2.1093
1.04,0.177,0.08757758323,0.1749313505,0.05061483152,0.7198915770,2.1090
1.04,0.178,0.08807389453,0.1759201473,0.05090067994,0.7198601313,2.1088
1.04,0.179,0.08857023164,0.1769089522,0.05118652669,0.7198284913,2.1085
1.04,0.180,0.08906659469,0.1778977652,0.05147237177,0.7197966557,2.1082
1.04,0.181,0.08956298385,0.1788865864,0.05175821517,0.7197646276,2.1079
1.04,0.182,0.09005939926,0.1798754158,0.05204405689,0.7197324061,2.1076
1.04,0.183,0.09055584106,0.1808642534,0.05232989693,0.7196999891,2.1073
1.04,0.184,0.0910523094,0.1818530993,0.05261573528,0.7196673793,2.1070
1.04,0.185,0.09154880442,0.1828419536,0.05290157195,0.7196345693,2.1068
1.04,0.186,0.09204532629,0.1838308162,0.05318740692,0.7196015684,2.1065
1.04,0.187,0.09254187513,0.1848196872,0.0534732402,0.7195683701,2.1062
1.04,0.188,0.09303845111,0.1858085667,0.05375907178,0.7195349765,2.1059
1.04,0.189,0.09353505436,0.1867974547,0.05404490166,0.7195013852,2.1056
1.04,0.190,0.09403168504,0.1877863512,0.05433072984,0.7194676004,2.1053
1.04,0.191,0.09452834328,0.1887752563,0.05461655631,0.7194336165,2.1050
1.04,0.192,0.09502502925,0.18976417,0.05490238108,0.7193994358,2.1047
1.04,0.193,0.09552174309,0.1907530924,0.05518820414,0.7193650576,2.1044
1.04,0.194,0.09601848493,0.1917420235,0.05547402549,0.7193304823,2.1041
1.04,0.195,0.09651525494,0.1927309633,0.05575984512,0.7192957082,2.1037
1.04,0.196,0.09701205326,0.1937199119,0.05604566304,0.7192607355,2.1034
1.04,0.197,0.09750888004,0.1947088694,0.05633147925,0.7192255655,2.1031
1.04,0.198,0.09800573542,0.1956978357,0.05661729373,0.7191901957,2.1028
1.04,0.199,0.09850261955,0.196686811,0.0569031065,0.7191546275,2.1025
1.04,0.200,0.09899953258,0.1976757952,0.05718891754,0.7191188594,2.1022
1.04,0.201,0.09949647466,0.1986647884,0.05747472686,0.7190828909,2.1019
1.04,0.202,0.09999344593,0.1996537906,0.05776053446,0.7190467225,2.1015
1.04,0.203,0.1004904465,0.2006428019,0.05804634034,0.7190103541,2.1012
1.04,0.204,0.1009874766,0.2016318224,0.05833214448,0.7189737864,2.1009
1.04,0.205,0.1014845364,0.202620852,0.05861794691,0.7189370170,2.1006
1.04,0.206,0.1019816259,0.2036098908,0.0589037476,0.7189000452,2.1002
1.04,0.207,0.1024787454,0.2045989388,0.05918954657,0.7188628707,2.0999
1.04,0.208,0.1029758949,0.2055879961,0.05947534381,0.7188254967,2.0996
1.04,0.209,0.1034730747,0.2065770628,0.05976113932,0.7187879191,2.0992
1.04,0.210,0.1039702849,0.2075661388,0.0600469331,0.7187501396,2.0989
1.04,0.211,0.1044675256,0.2085552242,0.06033272516,0.7187121583,2.0986
1.04,0.212,0.1049647969,0.2095443191,0.06061851548,0.7186739720,2.0982
1.04,0.213,0.1054620991,0.2105334235,0.06090430408,0.7186355822,2.0979
1.04,0.214,0.1059594322,0.2115225373,0.06119009095,0.7185969906,2.0976
1.04,0.215,0.1064567965,0.2125116608,0.06147587609,0.7185581934,2.0972
1.04,0.216,0.106954192,0.2135007939,0.0617616595,0.7185191910,2.0969
1.04,0.217,0.107451619,0.2144899366,0.06204744119,0.7184799862,2.0965
1.04,0.218,0.1079490775,0.215479089,0.06233322115,0.7184405744,2.0962
1.04,0.219,0.1084465677,0.2164682511,0.06261899938,0.7184009564,2.0958
1.04,0.220,0.1089440898,0.217457423,0.06290477589,0.7183611348,2.0955
1.04,0.221,0.1094416439,0.2184466047,0.06319055068,0.7183211060,2.0951
1.04,0.222,0.1099392302,0.2194357963,0.06347632374,0.7182808703,2.0948
1.04,0.223,0.1104368488,0.2204249977,0.06376209509,0.7182404305,2.0944
1.04,0.224,0.1109344998,0.2214142091,0.06404786471,0.7181997803,2.0941
1.04,0.225,0.1114321834,0.2224034304,0.06433363262,0.7181589264,2.0937
1.04,0.226,0.1119298998,0.2233926618,0.06461939881,0.7181178602,2.0933
1.04,0.227,0.1124276491,0.2243819032,0.06490516329,0.7180765903,2.0930
1.04,0.228,0.1129254314,0.2253711547,0.06519092605,0.7180351100,2.0926
1.04,0.229,0.113423247,0.2263604163,0.06547668711,0.7179934204,2.0922
1.04,0.230,0.1139210958,0.2273496881,0.06576244645,0.7179515222,2.0919
1.04,0.231,0.1144189782,0.2283389701,0.06604820409,0.7179094144,2.0915
1.04,0.232,0.1149168942,0.2293282623,0.06633396003,0.7178670973,2.0911
1.04,0.233,0.1154148441,0.2303175649,0.06661971427,0.7178245705,2.0908
1.04,0.234,0.1159128278,0.2313068777,0.06690546681,0.7177818320,2.0904
1.04,0.235,0.1164108457,0.2322962009,0.06719121766,0.7177388840,2.0900
1.04,0.236,0.1169088978,0.2332855346,0.06747696682,0.7176957248,2.0896
1.04,0.237,0.1174069843,0.2342748786,0.06776271428,0.7176523535,2.0892
1.04,0.238,0.1179051053,0.2352642332,0.06804846006,0.7176087684,2.0889
1.04,0.239,0.118403261,0.2362535982,0.06833420416,0.7175649761,2.0885
1.04,0.240,0.1189014516,0.2372429739,0.06861994659,0.7175209659,2.0881
1.04,0.241,0.1193996772,0.2382323601,0.06890568733,0.7174767461,2.0877
1.04,0.242,0.1198979379,0.239221757,0.06919142641,0.7174323127,2.0873
1.04,0.243,0.1203962338,0.2402111645,0.06947716382,0.7173876648,2.0869
1.04,0.244,0.1208945653,0.2412005828,0.06976289957,0.7173428035,2.0865
1.04,0.245,0.1213929323,0.2421900118,0.07004863366,0.7172977277,2.0861
1.04,0.246,0.121891335,0.2431794516,0.0703343661,0.7172524369,2.0857
1.04,0.247,0.1223897736,0.2441689022,0.07062009689,0.7172069302,2.0853
1.04,0.248,0.1228882483,0.2451583637,0.07090582603,0.7171612113,2.0849
1.04,0.249,0.1233867592,0.2461478361,0.07119155353,0.7171152722,2.0845
1.04,0.250,0.1238853064,0.2471373195,0.0714772794,0.7170691204,2.0841
1.04,0.251,0.12438389,0.2481268138,0.07176300364,0.7170227528,2.0837
1.04,0.252,0.1248825104,0.2491163191,0.07204872626,0.7169761664,2.0833
1.04,0.253,0.1253811675,0.2501058356,0.07233444725,0.7169293614,2.0829
1.04,0.254,0.1258798615,0.2510953631,0.07262016664,0.7168823396,2.0825
1.04,0.255,0.1263785926,0.2520849017,0.07290588441,0.7168351016,2.0821
1.04,0.256,0.126877361,0.2530744515,0.07319160059,0.7167876455,2.0817
1.04,0.257,0.1273761667,0.2540640126,0.07347731516,0.7167399687,2.0813
1.04,0.258,0.12787501,0.2550535848,0.07376302815,0.7166920729,2.0808
1.04,0.259,0.128373891,0.2560431684,0.07404873956,0.7166439577,2.0804
1.04,0.260,0.1288728098,0.2570327633,0.07433444939,0.7165956226,2.0800
1.04,0.261,0.1293717666,0.2580223695,0.07462015764,0.7165470688,2.0796
1.04,0.262,0.1298707615,0.2590119872,0.07490586434,0.7164982946,2.0792
1.04,0.263,0.1303697947,0.2600016162,0.07519156948,0.7164492975,2.0787
1.04,0.264,0.1308688664,0.2609912568,0.07547727306,0.7164000813,2.0783
1.04,0.265,0.1313679767,0.2619809088,0.07576297511,0.7163506395,2.0779
1.04,0.266,0.1318671256,0.2629705724,0.07604867562,0.7163009779,2.0774
1.04,0.267,0.1323663135,0.2639602476,0.0763343746,0.7162510933,2.0770
1.04,0.268,0.1328655405,0.2649499344,0.07662007207,0.7162009874,2.0766
1.04,0.269,0.1333648066,0.2659396329,0.07690576802,0.7161506576,2.0761
1.04,0.270,0.133864112,0.2669293431,0.07719146247,0.7161001008,2.0757
1.04,0.271,0.134363457,0.2679190649,0.07747715542,0.7160493245,2.0753
1.04,0.272,0.1348628416,0.2689087986,0.07776284688,0.7159983228,2.0748
1.04,0.273,0.135362266,0.2698985441,0.07804853686,0.7159470943,2.0744
1.04,0.274,0.1358617304,0.2708883014,0.07833422538,0.7158956387,2.0739
1.04,0.275,0.1363612348,0.2718780705,0.07861991243,0.7158439609,2.0735
1.04,0.276,0.1368607795,0.2728678516,0.07890559803,0.7157920574,2.0730
1.04,0.277,0.1373603646,0.2738576447,0.07919128218,0.7157399270,2.0726
1.04,0.278,0.1378599902,0.2748474497,0.0794769649,0.7156875688,2.0721
1.04,0.279,0.1383596566,0.2758372667,0.07976264619,0.7156349837,2.0717
1.04,0.280,0.1388593638,0.2768270958,0.08004832607,0.7155821713,2.0712
1.04,0.281,0.139359112,0.277816937,0.08033400454,0.7155291267,2.0707
1.04,0.282,0.1398589014,0.2788067903,0.08061968162,0.7154758611,2.0703
1.04,0.283,0.1403587321,0.2797966558,0.08090535731,0.7154223611,2.0698
1.04,0.284,0.1408586042,0.2807865335,0.08119103162,0.7153686339,2.0694
1.04,0.285,0.141358518,0.2817764234,0.08147670457,0.7153146780,2.0689
1.04,0.286,0.1418584735,0.2827663256,0.08176237616,0.7152604924,2.0684
1.04,0.287,0.142358471,0.2837562401,0.08204804641,0.7152060739,2.0680
1.04,0.288,0.1428585105,0.284746167,0.08233371533,0.7151514243,2.0675
1.04,0.289,0.1433585922,0.2857361062,0.08261938292,0.7150965421,2.0670
1.04,0.290,0.1438587163,0.2867260578,0.08290504921,0.7150414325,2.0665
1.04,0.291,0.1443588829,0.2877160219,0.08319071419,0.7149860854,2.0661
1.04,0.292,0.1448590922,0.2887059985,0.08347637788,0.7149305110,2.0656
1.04,0.293,0.1453593444,0.2896959875,0.0837620403,0.7148747026,2.0651
1.04,0.294,0.1458596395,0.2906859892,0.08404770145,0.7148186581,2.0646
1.04,0.295,0.1463599778,0.2916760034,0.08433336135,0.7147623818,2.0641
1.04,0.296,0.1468603593,0.2926660302,0.08461902001,0.7147058721,2.0636
1.04,0.297,0.1473607843,0.2936560697,0.08490467745,0.7146491257,2.0632
1.04,0.298,0.1478612528,0.2946461219,0.08519033367,0.7145921431,2.0627
1.04,0.299,0.1483617651,0.2956361868,0.08547598868,0.7145349285,2.0622
1.04,0.300,0.1488623213,0.2966262645,0.08576164251,0.7144774758,2.0617
1.04,0.301,0.1493629216,0.297616355,0.08604729516,0.7144197880,2.0612
1.04,0.302,0.149863566,0.2986064583,0.08633294664,0.7143618602,2.0607
1.04,0.303,0.1503642548,0.2995965744,0.08661859697,0.7143036971,2.0602
1.04,0.304,0.1508649881,0.3005867034,0.08690424618,0.7142452949,2.0597
1.04,0.305,0.1513657661,0.3015768454,0.08718989425,0.7141866609,2.0592
1.04,0.306,0.1518665889,0.3025670004,0.08747554123,0.7141277824,2.0587
1.04,0.307,0.1523674567,0.3035571683,0.0877611871,0.7140686687,2.0582
1.04,0.308,0.1528683695,0.3045473493,0.0880468319,0.7140093111,2.0577
1.04,0.309,0.1533693277,0.3055375434,0.08833247563,0.7139497184,2.0572
1.04,0.310,0.1538703312,0.3065277505,0.08861811831,0.7138898835,2.0567
1.04,0.311,0.1543713804,0.3075179708,0.08890375996,0.7138298051,2.0561
1.04,0.312,0.1548724752,0.3085082042,0.08918940059,0.7137694850,2.0556
1.04,0.313,0.155373616,0.3094984508,0.08947504021,0.7137089273,2.0551
1.04,0.314,0.1558748028,0.3104887107,0.08976067884,0.7136481270,2.0546
1.04,0.315,0.1563760358,0.3114789839,0.0900463165,0.7135870810,2.0541
1.04,0.316,0.1568773151,0.3124692703,0.09033195321,0.7135257970,2.0535
1.04,0.317,0.157378641,0.3134595701,0.09061758897,0.7134642672,2.0530
1.04,0.318,0.1578800134,0.3144498832,0.0909032238,0.7134024954,2.0525
1.04,0.319,0.1583814327,0.3154402097,0.09118885773,0.7133404771,2.0520
1.04,0.320,0.158882899,0.3164305497,0.09147449076,0.7132782171,2.0514
1.04,0.321,0.1593844123,0.3174209031,0.09176012292,0.7132157097,2.0509
1.04,0.322,0.159885973,0.31841127,0.09204575421,0.7131529544,2.0504
1.04,0.323,0.160387581,0.3194016504,0.09233138467,0.7130899560,2.0498
1.04,0.324,0.1608892367,0.3203920444,0.0926170143,0.7130267123,2.0493
1.04,0.325,0.16139094,0.321382452,0.09290264313,0.7129632178,2.0488
1.04,0.326,0.1618926913,0.3223728732,0.09318827117,0.7128994811,2.0482
1.04,0.327,0.1623944906,0.3233633081,0.09347389844,0.7128354936,2.0477
1.04,0.328,0.162896338,0.3243537566,0.09375952495,0.7127712582,2.0471
1.04,0.329,0.1633982339,0.3253442189,0.09404515073,0.7127067701,2.0466
1.04,0.330,0.1639001782,0.3263346949,0.09433077579,0.7126420384,2.0460
1.04,0.331,0.1644021712,0.3273251847,0.09461640016,0.7125770540,2.0455
1.04,0.332,0.164904213,0.3283156883,0.09490202385,0.7125118206,2.0449
1.04,0.333,0.1654063038,0.3293062058,0.09518764688,0.7124463367,2.0444
1.04,0.334,0.1659084436,0.3302967371,0.09547326927,0.7123806005,2.0438
1.04,0.335,0.1664106328,0.3312872824,0.09575889104,0.7123146133,2.0433
1.04,0.336,0.1669128714,0.3322778416,0.09604451222,0.7122483755,2.0427
1.04,0.337,0.1674151596,0.3332684147,0.09633013281,0.7121818833,2.0421
1.04,0.338,0.1679174975,0.3342590019,0.09661575284,0.7121151408,2.0416
1.04,0.339,0.1684198853,0.3352496031,0.09690137233,0.7120481406,2.0410
1.04,0.340,0.1689223232,0.3362402183,0.0971869913,0.7119808933,2.0404
1.04,0.341,0.1694248112,0.3372308477,0.09747260977,0.7119133881,2.0399
1.04,0.342,0.1699273497,0.3382214911,0.09775822777,0.7118456303,2.0393
1.04,0.343,0.1704299386,0.3392121487,0.09804384531,0.7117776126,2.0387
1.04,0.344,0.1709325782,0.3402028206,0.09832946242,0.7117093408,2.0382
1.04,0.345,0.1714352687,0.3411935066,0.09861507911,0.7116408105,2.0376
1.04,0.346,0.1719380101,0.3421842068,0.09890069541,0.7115720311,2.0370
1.04,0.347,0.1724408027,0.3431749214,0.09918631134,0.7115029865,2.0364
1.04,0.348,0.1729436466,0.3441656502,0.09947192692,0.7114336880,2.0358
1.04,0.349,0.1734465419,0.3451563934,0.09975754218,0.7113641296,2.0353
1.04,0.350,0.1739494888,0.346147151,0.1000431571,0.7112943161,2.0347
1.04,0.351,0.1744524875,0.3471379229,0.1003287718,0.7112242403,2.0341
1.04,0.352,0.1749555381,0.3481287093,0.1006143862,0.7111539101,2.0335
1.04,0.353,0.1754586408,0.3491195101,0.1009000004,0.7110833137,2.0329
1.04,0.354,0.1759617957,0.3501103254,0.1011856144,0.7110124609,2.0323
1.04,0.355,0.176465003,0.3511011552,0.1014712282,0.7109413432,2.0317
1.04,0.356,0.1769682629,0.3520919996,0.1017568418,0.7108699655,2.0311
1.04,0.357,0.1774715754,0.3530828585,0.1020424553,0.7107983309,2.0305
1.04,0.358,0.1779749408,0.354073732,0.1023280687,0.7107264274,2.0299
1.04,0.359,0.1784783593,0.3550646202,0.102613682,0.7106542617,2.0293
1.04,0.360,0.1789818308,0.356055523,0.1028992952,0.7105818382,2.0287
1.04,0.361,0.1794853558,0.3570464405,0.1031849084,0.7105091456,2.0281
1.04,0.362,0.1799889342,0.3580373727,0.1034705216,0.7104361878,2.0275
1.04,0.363,0.1804925662,0.3590283197,0.1037561348,0.7103629698,2.0269
1.04,0.364,0.180996252,0.3600192814,0.104041748,0.7102894829,2.0263
1.04,0.365,0.1814999918,0.3610102579,0.1043273613,0.7102157312,2.0256
1.04,0.366,0.1820037857,0.3620012493,0.1046129747,0.7101417146,2.0250
1.04,0.367,0.1825076339,0.3629922555,0.1048985882,0.7100674252,2.0244
1.04,0.368,0.1830115365,0.3639832766,0.1051842018,0.7099928765,2.0238
1.04,0.369,0.1835154937,0.3649743127,0.1054698157,0.7099180555,2.0232
1.04,0.370,0.1840195056,0.3659653636,0.1057554297,0.7098429700,2.0225
1.04,0.371,0.1845235725,0.3669564295,0.1060410439,0.7097676097,2.0219
1.04,0.372,0.1850276943,0.3679475105,0.1063266584,0.7096919857,2.0213
1.04,0.373,0.1855318714,0.3689386064,0.1066122731,0.7096160873,2.0207
1.04,0.374,0.1860361039,0.3699297174,0.1068978882,0.7095399235,2.0200
1.04,0.375,0.1865403919,0.3709208435,0.1071835036,0.7094634846,2.0194
1.04,0.376,0.1870447356,0.3719119847,0.1074691194,0.7093867785,2.0188
1.04,0.377,0.1875491351,0.372903141,0.1077547355,0.7093097952,2.0181
1.04,0.378,0.1880535907,0.3738943125,0.1080403521,0.7092325436,2.0175
1.04,0.379,0.1885581024,0.3748854991,0.1083259692,0.7091550187,2.0168
1.04,0.380,0.1890626704,0.375876701,0.1086115867,0.7090772194,2.0162
1.04,0.381,0.1895672949,0.3768679181,0.1088972047,0.7089991452,2.0155
1.04,0.382,0.190071976,0.3778591505,0.1091828233,0.7089207998,2.0149
1.04,0.383,0.1905767139,0.3788503981,0.1094684424,0.7088421791,2.0142
1.04,0.384,0.1910815088,0.3798416611,0.1097540621,0.7087632861,2.0136
1.04,0.385,0.1915863608,0.3808329395,0.1100396825,0.7086841110,2.0129
1.04,0.386,0.1920912701,0.3818242332,0.1103253035,0.7086046605,2.0123
1.04,0.387,0.1925962368,0.3828155423,0.1106109252,0.7085249378,2.0116
1.04,0.388,0.1931012611,0.3838068668,0.1108965477,0.7084449349,2.0110
1.04,0.389,0.1936063431,0.3847982068,0.1111821708,0.7083646502,2.0103
1.04,0.390,0.1941114831,0.3857895622,0.1114677948,0.7082840910,2.0096
1.04,0.391,0.1946166811,0.3867809332,0.1117534196,0.7082032535,2.0090
1.04,0.392,0.1951219373,0.3877723197,0.1120390453,0.7081221376,2.0083
1.04,0.393,0.1956272519,0.3887637217,0.1123246718,0.7080407379,2.0076
1.04,0.394,0.1961326251,0.3897551393,0.1126102993,0.7079590623,2.0070
1.04,0.395,0.196638057,0.3907465725,0.1128959276,0.7078771026,2.0063
1.04,0.396,0.1971435477,0.3917380213,0.113181557,0.7077948629,2.0056
1.04,0.397,0.1976490974,0.3927294858,0.1134671874,0.7077123391,2.0050
1.04,0.398,0.1981547064,0.393720966,0.1137528189,0.7076295331,2.0043
1.04,0.399,0.1986603747,0.3947124618,0.1140384514,0.7075464445,2.0036
1.04,0.400,0.1991661025,0.3957039734,0.114324085,0.7074630750,2.0029
1.04,0.401,0.1996718899,0.3966955007,0.1146097198,0.7073794175,2.0022
1.04,0.402,0.2001777372,0.3976870438,0.1148953558,0.7072954794,2.0015
1.04,0.403,0.2006836444,0.3986786027,0.115180993,0.7072112538,2.0009
1.04,0.404,0.2011896118,0.3996701775,0.1154666315,0.7071267413,2.0002
1.04,0.405,0.2016956395,0.4006617681,0.1157522713,0.7070419409,1.9995
1.04,0.406,0.2022017277,0.4016533745,0.1160379123,0.7069568612,1.9988
1.04,0.407,0.2027078765,0.4026449968,0.1163235548,0.7068714895,1.9981
1.04,0.408,0.2032140861,0.4036366351,0.1166091986,0.7067858317,1.9974
1.04,0.409,0.2037203566,0.4046282893,0.1168948439,0.7066998829,1.9967
1.04,0.410,0.2042266882,0.4056199595,0.1171804907,0.7066136473,1.9960
1.04,0.411,0.2047330811,0.4066116456,0.117466139,0.7065271221,1.9953
1.04,0.412,0.2052395355,0.4076033478,0.1177517888,0.7064403089,1.9946
1.04,0.413,0.2057460514,0.408595066,0.1180374402,0.7063532048,1.9939
1.04,0.414,0.2062526291,0.4095868002,0.1183230932,0.7062658057,1.9932
1.04,0.415,0.2067592687,0.4105785506,0.1186087479,0.7061781201,1.9924
1.04,0.416,0.2072659703,0.411570317,0.1188944043,0.7060901414,1.9917
1.04,0.417,0.2077727342,0.4125620996,0.1191800625,0.7060018652,1.9910
1.04,0.418,0.2082795605,0.4135538983,0.1194657224,0.7059132988,1.9903
1.04,0.419,0.2087864494,0.4145457132,0.1197513841,0.7058244431,1.9896
1.04,0.420,0.2092934009,0.4155375443,0.1200370477,0.7057352883,1.9889
1.04,0.421,0.2098004154,0.4165293916,0.1203227132,0.7056458393,1.9881
1.04,0.422,0.2103074929,0.4175212551,0.1206083806,0.7055560942,1.9874
1.04,0.423,0.2108146336,0.4185131349,0.12089405,0.7054660570,1.9867
1.04,0.424,0.2113218377,0.419505031,0.1211797214,0.7053757237,1.9860
1.04,0.425,0.2118291053,0.4204969433,0.1214653949,0.7052850912,1.9852
1.04,0.426,0.2123364366,0.421488872,0.1217510704,0.7051941620,1.9845
1.04,0.427,0.2128438318,0.4224808171,0.1220367481,0.7051029365,1.9838
1.04,0.428,0.213351291,0.4234727785,0.122322428,0.7050114080,1.9830
1.04,0.429,0.2138588143,0.4244647563,0.1226081101,0.7049195854,1.9823
1.04,0.430,0.214366402,0.4254567505,0.1228937945,0.7048274632,1.9815
1.04,0.431,0.2148740542,0.4264487612,0.1231794812,0.7047350383,1.9808
1.04,0.432,0.2153817711,0.4274407883,0.1234651702,0.7046423125,1.9801
1.04,0.433,0.2158895528,0.4284328318,0.1237508617,0.7045492858,1.9793
1.04,0.434,0.2163973996,0.4294248919,0.1240365555,0.7044559631,1.9786
1.04,0.435,0.2169053114,0.4304169684,0.1243222519,0.7043623345,1.9778
1.04,0.436,0.2174132886,0.4314090615,0.1246079508,0.7042683988,1.9771
1.04,0.437,0.2179213313,0.4324011712,0.1248936522,0.7041741613,1.9763
1.04,0.438,0.2184294396,0.4333932974,0.1251793563,0.7040796210,1.9755
1.04,0.439,0.2189376138,0.4343854403,0.125465063,0.7039847794,1.9748
1.04,0.440,0.2194458539,0.4353775997,0.1257507724,0.7038896311,1.9740
1.04,0.441,0.2199541602,0.4363697758,0.1260364845,0.7037941775,1.9733
1.04,0.442,0.2204625327,0.4373619685,0.1263221995,0.7036984172,1.9725
1.04,0.443,0.2209709718,0.4383541779,0.1266079173,0.7036023474,1.9717
1.04,0.444,0.2214794774,0.439346404,0.126893638,0.7035059767,1.9710
1.04,0.445,0.2219880499,0.4403386468,0.1271793616,0.7034092957,1.9702
1.04,0.446,0.2224966893,0.4413309063,0.1274650882,0.7033123034,1.9694
1.04,0.447,0.2230053959,0.4423231826,0.1277508178,0.7032150062,1.9687
1.04,0.448,0.2235141697,0.4433154756,0.1280365505,0.7031173952,1.9679
1.04,0.449,0.224023011,0.4443077855,0.1283222863,0.7030194799,1.9671
1.04,0.450,0.22453192,0.4453001121,0.1286080253,0.7029212485,1.9663
1.04,0.451,0.2250408967,0.4462924556,0.1288937675,0.7028227122,1.9655
1.04,0.452,0.2255499413,0.4472848159,0.1291795129,0.7027238611,1.9648
1.04,0.453,0.2260590541,0.448277193,0.1294652617,0.7026246965,1.9640
1.04,0.454,0.2265682351,0.4492695871,0.1297510138,0.7025252199,1.9632
1.04,0.455,0.2270774846,0.450261998,0.1300367694,0.7024254302,1.9624
1.04,0.456,0.2275868028,0.4512544259,0.1303225284,0.7023253289,1.9616
1.04,0.457,0.2280961896,0.4522468707,0.1306082909,0.7022249088,1.9608
1.04,0.458,0.2286056455,0.4532393324,0.130894057,0.7021241775,1.9600
1.04,0.459,0.2291151704,0.4542318111,0.1311798266,0.7020231334,1.9592
1.04,0.460,0.2296247646,0.4552243068,0.1314656,0.7019217661,1.9584
1.04,0.461,0.2301344282,0.4562168195,0.1317513771,0.7018200885,1.9576
1.04,0.462,0.2306441615,0.4572093492,0.1320371579,0.7017180893,1.9568
1.04,0.463,0.2311539645,0.4582018959,0.1323229425,0.7016157747,1.9560
1.04,0.464,0.2316638375,0.4591944597,0.1326087311,0.7015131417,1.9552
1.04,0.465,0.2321737806,0.4601870406,0.1328945235,0.7014101922,1.9544
1.04,0.466,0.2326837939,0.4611796386,0.1331803199,0.7013069140,1.9536
1.04,0.467,0.2331938777,0.4621722536,0.1334661204,0.7012033277,1.9528
1.04,0.468,0.233704032,0.4631648858,0.1337519249,0.7010994169,1.9519
1.04,0.469,0.2342142572,0.4641575351,0.1340377335,0.7009951804,1.9511
1.04,0.470,0.2347245533,0.4651502016,0.1343235464,0.7008906225,1.9503
1.04,0.471,0.2352349205,0.4661428852,0.1346093635,0.7007857469,1.9495
1.04,0.472,0.2357453589,0.467135586,0.1348951849,0.7006805506,1.9487
1.04,0.473,0.2362558688,0.4681283041,0.1351810106,0.7005750264,1.9478
1.04,0.474,0.2367664503,0.4691210393,0.1354668407,0.7004691783,1.9470
1.04,0.475,0.2372771036,0.4701137917,0.1357526754,0.7003630044,1.9462
1.04,0.476,0.2377878289,0.4711065614,0.1360385145,0.7002565086,1.9454
1.04,0.477,0.2382986262,0.4720993484,0.1363243582,0.7001496883,1.9445
1.04,0.478,0.2388094958,0.4730921526,0.1366102065,0.7000425385,1.9437
1.04,0.479,0.2393204379,0.4740849742,0.1368960595,0.6999350617,1.9429
1.04,0.480,0.2398314525,0.475077813,0.1371819173,0.6998272605,1.9420
1.04,0.481,0.24034254,0.4760706691,0.1374677799,0.6997191313,1.9412
1.04,0.482,0.2408537004,0.4770635426,0.1377536473,0.6996106681,1.9403
1.04,0.483,0.2413649339,0.4780564335,0.1380395196,0.6995018827,1.9395
1.04,0.484,0.2418762407,0.4790493416,0.1383253969,0.6993927651,1.9386
1.04,0.485,0.242387621,0.4800422672,0.1386112793,0.6992833152,1.9378
1.04,0.486,0.2428990749,0.4810352102,0.1388971667,0.6991735416,1.9369
1.04,0.487,0.2434106025,0.4820281705,0.1391830594,0.6990634298,1.9361
1.04,0.488,0.2439222042,0.4830211483,0.1394689572,0.6989529880,1.9352
1.04,0.489,0.24443388,0.4840141435,0.1397548603,0.6988422179,1.9344
1.04,0.490,0.24494563,0.4850071562,0.1400407687,0.6987311111,1.9335
1.04,0.491,0.2454574546,0.4860001863,0.1403266825,0.6986196680,1.9327
1.04,0.492,0.2459693537,0.4869932339,0.1406126018,0.6985078951,1.9318
1.04,0.493,0.2464813277,0.4879862989,0.1408985266,0.6983957833,1.9309
1.04,0.494,0.2469933767,0.4889793815,0.1411844569,0.6982833374,1.9301
1.04,0.495,0.2475055008,0.4899724816,0.1414703929,0.6981705596,1.9292
1.04,0.496,0.2480177003,0.4909655992,0.1417563346,0.6980574407,1.9283
1.04,0.497,0.2485299752,0.4919587343,0.1420422821,0.6979439874,1.9275
1.04,0.498,0.2490423258,0.492951887,0.1423282354,0.6978301946,1.9266
1.04,0.499,0.2495547522,0.4939450572,0.1426141946,0.6977160678,1.9257
1.04,0.500,0.2500672546,0.494938245,0.1429001598,0.6976015985,1.9248
1.04,0.501,0.2505798332,0.4959314504,0.143186131,0.6974867853,1.9240
1.04,0.502,0.2510924881,0.4969246733,0.1434721082,0.6973716414,1.9231
1.04,0.503,0.2516052195,0.4979179139,0.1437580916,0.6972561517,1.9222
1.04,0.504,0.2521180276,0.4989111721,0.1440440812,0.6971403207,1.9213
1.04,0.505,0.2526309126,0.499904448,0.1443300771,0.6970241529,1.9204
1.04,0.506,0.2531438746,0.5008977414,0.1446160794,0.6969076354,1.9195
1.04,0.507,0.2536569138,0.5018910525,0.144902088,0.6967907784,1.9186
1.04,0.508,0.2541700303,0.5028843813,0.1451881032,0.6966735822,1.9177
1.04,0.509,0.2546832244,0.5038777278,0.1454741249,0.6965560374,1.9169
1.04,0.510,0.2551964962,0.5048710919,0.1457601531,0.6964381481,1.9160
1.04,0.511,0.2557098459,0.5058644737,0.1460461881,0.6963199162,1.9151
1.04,0.512,0.2562232736,0.5068578732,0.1463322298,0.6962013326,1.9142
1.04,0.513,0.2567367796,0.5078512905,0.1466182784,0.6960824121,1.9133
1.04,0.514,0.257250364,0.5088447254,0.1469043338,0.6959631412,1.9123
1.04,0.515,0.2577640269,0.5098381781,0.1471903962,0.6958435141,1.9114
1.04,0.516,0.2582777686,0.5108316486,0.1474764656,0.6957235498,1.9105
1.04,0.517,0.2587915892,0.5118251367,0.147762542,0.6956032334,1.9096
1.04,0.518,0.2593054889,0.5128186427,0.1480486257,0.6954825701,1.9087
1.04,0.519,0.2598194678,0.5138121664,0.1483347166,0.6953615498,1.9078
1.04,0.520,0.2603335262,0.5148057079,0.1486208148,0.6952401837,1.9069
1.04,0.521,0.2608476642,0.5157992672,0.1489069203,0.6951184707,1.9060
1.04,0.522,0.261361882,0.5167928443,0.1491930333,0.6949964028,1.9050
1.04,0.523,0.2618761797,0.5177864392,0.1494791538,0.6948739830,1.9041
1.04,0.524,0.2623905575,0.5187800519,0.149765282,0.6947512056,1.9032
1.04,0.525,0.2629050157,0.5197736824,0.1500514177,0.6946280817,1.9023
1.04,0.526,0.2634195543,0.5207673308,0.1503375612,0.6945046003,1.9013
1.04,0.527,0.2639341736,0.521760997,0.1506237126,0.6943807644,1.9004
1.04,0.528,0.2644488737,0.522754681,0.1509098718,0.6942565779,1.8995
1.04,0.529,0.2649636548,0.5237483829,0.1511960389,0.6941320304,1.8985
1.04,0.530,0.265478517,0.5247421027,0.1514822141,0.6940071276,1.8976
1.04,0.531,0.2659934607,0.5257358404,0.1517683974,0.6938818714,1.8967
1.04,0.532,0.2665084858,0.5267295959,0.1520545889,0.6937562584,1.8957
1.04,0.533,0.2670235926,0.5277233693,0.1523407886,0.6936302794,1.8948
1.04,0.534,0.2675387813,0.5287171606,0.1526269967,0.6935039462,1.8939
1.04,0.535,0.2680540521,0.5297109698,0.1529132132,0.6933772582,1.8929
1.04,0.536,0.268569405,0.5307047969,0.1531994381,0.6932502085,1.8920
1.04,0.537,0.2690848404,0.5316986419,0.1534856716,0.6931227967,1.8910
1.04,0.538,0.2696003583,0.5326925048,0.1537719138,0.6929950232,1.8901
1.04,0.539,0.270115959,0.5336863857,0.1540581647,0.6928668907,1.8891
1.04,0.540,0.2706316426,0.5346802844,0.1543444244,0.6927383951,1.8882
1.04,0.541,0.2711474093,0.5356742012,0.1546306929,0.6926095342,1.8872
1.04,0.542,0.2716632593,0.5366681358,0.1549169704,0.6924803112,1.8862
1.04,0.543,0.2721791927,0.5376620884,0.1552032569,0.6923507283,1.8853
1.04,0.544,0.2726952098,0.538656059,0.1554895526,0.6922207725,1.8843
1.04,0.545,0.2732113106,0.5396500475,0.1557758574,0.6920904586,1.8834
1.04,0.546,0.2737274955,0.540644054,0.1560621716,0.6919597830,1.8824
1.04,0.547,0.2742437645,0.5416380785,0.156348495,0.6918287328,1.8814
1.04,0.548,0.2747601178,0.5426321209,0.1566348279,0.6916973190,1.8805
1.04,0.549,0.2752765556,0.5436261814,0.1569211703,0.6915655400,1.8795
1.04,0.550,0.2757930782,0.5446202598,0.1572075224,0.6914333907,1.8785
1.04,0.551,0.2763096855,0.5456143562,0.1574938841,0.6913008736,1.8775
1.04,0.552,0.276826378,0.5466084705,0.1577802555,0.6911679902,1.8766
1.04,0.553,0.2773431556,0.5476026029,0.1580666368,0.6910347275,1.8756
1.04,0.554,0.2778600187,0.5485967533,0.1583530281,0.6909011025,1.8746
1.04,0.555,0.2783769673,0.5495909217,0.1586394294,0.6907671056,1.8736
1.04,0.556,0.2788940017,0.5505851081,0.1589258407,0.6906327348,1.8726
1.04,0.557,0.279411122,0.5515793125,0.1592122623,0.6904979915,1.8716
1.04,0.558,0.2799283284,0.5525735349,0.1594986941,0.6903628793,1.8707
1.04,0.559,0.2804456211,0.5535677754,0.1597851362,0.6902273899,1.8697
1.04,0.560,0.2809630003,0.5545620338,0.1600715889,0.6900915355,1.8687
1.04,0.561,0.2814804661,0.5555563103,0.160358052,0.6899552942,1.8677
1.04,0.562,0.2819980187,0.5565506048,0.1606445257,0.6898186823,1.8667
1.04,0.563,0.2825156584,0.5575449174,0.1609310102,0.6896817033,1.8657
1.04,0.564,0.2830333852,0.558539248,0.1612175055,0.6895443350,1.8647
1.04,0.565,0.2835511994,0.5595335966,0.1615040116,0.6894066005,1.8637
1.04,0.566,0.2840691011,0.5605279633,0.1617905287,0.6892684814,1.8627
1.04,0.567,0.2845870906,0.561522348,0.1620770568,0.6891299884,1.8617
1.04,0.568,0.2851051679,0.5625167507,0.1623635961,0.6889911175,1.8607
1.04,0.569,0.2856233333,0.5635111715,0.1626501466,0.6888518607,1.8597
1.04,0.570,0.286141587,0.5645056103,0.1629367085,0.6887122296,1.8586
1.04,0.571,0.2866599292,0.5655000672,0.1632232818,0.6885722159,1.8576
1.04,0.572,0.2871783599,0.5664945421,0.1635098665,0.6884318180,1.8566
1.04,0.573,0.2876968795,0.567489035,0.1637964629,0.6882910512,1.8556
1.04,0.574,0.288215488,0.568483546,0.164083071,0.6881498913,1.8546
1.04,0.575,0.2887341857,0.5694780751,0.1643696908,0.6880083539,1.8536
1.04,0.576,0.2892529728,0.5704726222,0.1646563225,0.6878664314,1.8525
1.04,0.577,0.2897718493,0.5714671874,0.1649429662,0.6877241234,1.8515
1.04,0.578,0.2902908156,0.5724617706,0.165229622,0.6875814332,1.8505
1.04,0.579,0.2908098718,0.5734563718,0.1655162899,0.6874383553,1.8495
1.04,0.580,0.291329018,0.5744509911,0.16580297,0.6872948933,1.8484
1.04,0.581,0.2918482545,0.5754456285,0.1660896625,0.6871510393,1.8474
1.04,0.582,0.2923675814,0.5764402839,0.1663763674,0.6870068102,1.8464
1.04,0.583,0.292886999,0.5774349574,0.1666630849,0.6868621825,1.8453
1.04,0.584,0.2934065073,0.5784296489,0.166949815,0.6867171747,1.8443
1.04,0.585,0.2939261067,0.5794243584,0.1672365578,0.6865717740,1.8433
1.04,0.586,0.2944457971,0.580419086,0.1675233135,0.6864259866,1.8422
1.04,0.587,0.294965579,0.5814138317,0.1678100821,0.6862798052,1.8412
1.04,0.588,0.2954854523,0.5824085954,0.1680968637,0.6861332416,1.8401
1.04,0.589,0.2960054174,0.5834033771,0.1683836584,0.6859862808,1.8391
1.04,0.590,0.2965254744,0.5843981769,0.1686704663,0.6858389292,1.8380
1.04,0.591,0.2970456234,0.5853929947,0.1689572876,0.6856911804,1.8370
1.04,0.592,0.2975658648,0.5863878305,0.1692441222,0.6855430479,1.8359
1.04,0.593,0.2980861985,0.5873826844,0.1695309704,0.6853945173,1.8349
1.04,0.594,0.2986066249,0.5883775563,0.1698178322,0.6852455935,1.8338
1.04,0.595,0.2991271441,0.5893724462,0.1701047077,0.6850962741,1.8328
1.04,0.596,0.2996477563,0.5903673542,0.170391597,0.6849465614,1.8317
1.04,0.597,0.3001684617,0.5913622802,0.1706785003,0.6847964516,1.8307
1.04,0.598,0.3006892605,0.5923572242,0.1709654176,0.6846459440,1.8296
1.04,0.599,0.3012101528,0.5933521862,0.171252349,0.6844950441,1.8285
1.04,0.600,0.3017311388,0.5943471663,0.1715392946,0.6843437443,1.8275
1.04,0.601,0.3022522188,0.5953421643,0.1718262546,0.6841920429,1.8264
1.04,0.602,0.3027733929,0.5963371804,0.172113229,0.6840399457,1.8253
1.04,0.603,0.3032946613,0.5973322144,0.1724002179,0.6838874491,1.8243
1.04,0.604,0.3038160241,0.5983272665,0.1726872215,0.6837345582,1.8232
1.04,0.605,0.3043374817,0.5993223365,0.1729742398,0.6835812561,1.8221
1.04,0.606,0.304859034,0.6003174246,0.173261273,0.6834275652,1.8210
1.04,0.607,0.3053806815,0.6013125306,0.1735483212,0.6832734599,1.8200
1.04,0.608,0.3059024241,0.6023076546,0.1738353844,0.6831189557,1.8189
1.04,0.609,0.3064242621,0.6033027966,0.1741224628,0.6829640518,1.8178
1.04,0.610,0.3069461958,0.6042979565,0.1744095565,0.6828087438,1.8167
1.04,0.611,0.3074682252,0.6052931344,0.1746966656,0.6826530335,1.8156
1.04,0.612,0.3079903506,0.6062883303,0.1749837901,0.6824969130,1.8145
1.04,0.613,0.3085125722,0.6072835441,0.1752709303,0.6823403935,1.8134
1.04,0.614,0.3090348901,0.6082787759,0.1755580863,0.6821834645,1.8124
1.04,0.615,0.3095573045,0.6092740256,0.175845258,0.6820261259,1.8113
1.04,0.616,0.3100798157,0.6102692932,0.1761324457,0.6818683885,1.8102
1.04,0.617,0.3106024237,0.6112645788,0.1764196494,0.6817102396,1.8091
1.04,0.618,0.3111251289,0.6122598823,0.1767068694,0.6815516785,1.8080
1.04,0.619,0.3116479314,0.6132552037,0.1769941055,0.6813927186,1.8069
1.04,0.620,0.3121708313,0.6142505431,0.1772813581,0.6812333431,1.8058
1.04,0.621,0.3126938289,0.6152459003,0.1775686272,0.6810735522,1.8047
1.04,0.622,0.3132169243,0.6162412754,0.1778559129,0.6809133648,1.8036
1.04,0.623,0.3137401178,0.6172366684,0.1781432153,0.6807527584,1.8025
1.04,0.624,0.3142634095,0.6182320793,0.1784305345,0.6805917332,1.8014
1.04,0.625,0.3147867996,0.6192275081,0.1787178708,0.6804303015,1.8002
1.04,0.626,0.3153102884,0.6202229547,0.1790052241,0.6802684589,1.7991
1.04,0.627,0.3158338759,0.6212184192,0.1792925945,0.6801062024,1.7980
1.04,0.628,0.3163575624,0.6222139015,0.1795799823,0.6799435284,1.7969
1.04,0.629,0.3168813481,0.6232094017,0.1798673875,0.6797804442,1.7958
1.04,0.630,0.3174052332,0.6242049197,0.1801548103,0.6796169367,1.7947
1.04,0.631,0.3179292178,0.6252004555,0.1804422507,0.6794530227,1.7935
1.04,0.632,0.3184533022,0.6261960092,0.1807297089,0.6792886910,1.7924
1.04,0.633,0.3189774865,0.6271915806,0.1810171849,0.6791239346,1.7913
1.04,0.634,0.319501771,0.6281871699,0.181304679,0.6789587673,1.7902
1.04,0.635,0.3200261557,0.6291827769,0.1815921912,0.6787931779,1.7890
1.04,0.636,0.320550641,0.6301784017,0.1818797217,0.6786271760,1.7879
1.04,0.637,0.321075227,0.6311740443,0.1821672706,0.6784607494,1.7868
1.04,0.638,0.3215999139,0.6321697046,0.1824548379,0.6782939049,1.7857
1.04,0.639,0.3221247019,0.6331653827,0.1827424239,0.6781266403,1.7845
1.04,0.640,0.3226495911,0.6341610785,0.1830300286,0.6779589469,1.7834
1.04,0.641,0.3231745819,0.635156792,0.1833176521,0.6777908417,1.7823
1.04,0.642,0.3236996743,0.6361525233,0.1836052947,0.6776223099,1.7811
1.04,0.643,0.3242248685,0.6371482722,0.1838929563,0.6774533527,1.7800
1.04,0.644,0.3247501649,0.6381440389,0.1841806372,0.6772839759,1.7788
1.04,0.645,0.3252755634,0.6391398232,0.1844683375,0.6771141697,1.7777
1.04,0.646,0.3258010644,0.6401356252,0.1847560572,0.6769439458,1.7765
1.04,0.647,0.3263266681,0.6411314449,0.1850437965,0.6767732912,1.7754
1.04,0.648,0.3268523745,0.6421272822,0.1853315556,0.6766022144,1.7742
1.04,0.649,0.327378184,0.6431231371,0.1856193345,0.6764307061,1.7731
1.04,0.650,0.3279040967,0.6441190097,0.1859071335,0.6762587681,1.7719
1.04,0.651,0.3284301128,0.6451148999,0.1861949525,0.6760864119,1.7708
1.04,0.652,0.3289562325,0.6461108077,0.1864827918,0.6759136197,1.7696
1.04,0.653,0.329482456,0.647106733,0.1867706515,0.6757404071,1.7685
1.04,0.654,0.3300087835,0.648102676,0.1870585316,0.6755667586,1.7673
1.04,0.655,0.3305352152,0.6490986364,0.1873464324,0.6753926800,1.7662
1.04,0.656,0.3310617513,0.6500946145,0.187634354,0.6752181677,1.7650
1.04,0.657,0.3315883919,0.6510906101,0.1879222965,0.6750432393,1.7638
1.04,0.658,0.3321151374,0.6520866231,0.1882102599,0.6748678616,1.7627
1.04,0.659,0.3326419878,0.6530826537,0.1884982446,0.6746920603,1.7615
1.04,0.660,0.3331689433,0.6540787018,0.1887862505,0.6745158218,1.7603
1.04,0.661,0.3336960043,0.6550747674,0.1890742779,0.6743391469,1.7592
1.04,0.662,0.3342231708,0.6560708504,0.1893623268,0.6741620468,1.7580
1.04,0.663,0.334750443,0.6570669509,0.1896503974,0.6739845036,1.7568
1.04,0.664,0.3352778212,0.6580630688,0.1899384899,0.6738065298,1.7556
1.04,0.665,0.3358053056,0.6590592041,0.1902266043,0.6736281218,1.7545
1.04,0.666,0.3363328963,0.6600553569,0.1905147408,0.6734492738,1.7533
1.04,0.667,0.3368605935,0.661051527,0.1908028995,0.6732699925,1.7521
1.04,0.668,0.3373883975,0.6620477145,0.1910910806,0.6730902703,1.7509
1.04,0.669,0.3379163084,0.6630439193,0.1913792842,0.6729101110,1.7497
1.04,0.670,0.3384443265,0.6640401415,0.1916675105,0.6727295039,1.7486
1.04,0.671,0.3389724519,0.665036381,0.1919557595,0.6725484601,1.7474
1.04,0.672,0.3395006849,0.6660326379,0.1922440315,0.6723669837,1.7462
1.04,0.673,0.3400290256,0.667028912,0.1925323265,0.6721850621,1.7450
1.04,0.674,0.3405574742,0.6680252034,0.1928206448,0.6720026970,1.7438
1.04,0.675,0.341086031,0.6690215121,0.1931089863,0.6718198964,1.7426
1.04,0.676,0.3416146961,0.670017838,0.1933973514,0.6716366483,1.7414
1.04,0.677,0.3421434697,0.6710141811,0.1936857401,0.6714529642,1.7402
1.04,0.678,0.342672352,0.6720105414,0.1939741526,0.6712688238,1.7390
1.04,0.679,0.3432013433,0.6730069189,0.1942625889,0.6710842432,1.7378
1.04,0.680,0.3437304438,0.6740033136,0.1945510494,0.6708992312,1.7366
1.04,0.681,0.3442596535,0.6749997255,0.194839534,0.6707137561,1.7354
1.04,0.682,0.3447889728,0.6759961545,0.195128043,0.6705278498,1.7342
1.04,0.683,0.3453184019,0.6769926006,0.1954165764,0.6703414814,1.7330
1.04,0.684,0.3458479409,0.6779890638,0.1957051345,0.6701546727,1.7318
1.04,0.685,0.34637759,0.6789855441,0.1959937174,0.6699674173,1.7306
1.04,0.686,0.3469073495,0.6799820415,0.1962823252,0.6697797124,1.7294
1.04,0.687,0.3474372195,0.6809785559,0.1965709581,0.6695915549,1.7282
1.04,0.688,0.3479672002,0.6819750873,0.1968596162,0.6694029541,1.7270
1.04,0.689,0.3484972919,0.6829716357,0.1971482997,0.6692138996,1.7257
1.04,0.690,0.3490274948,0.6839682012,0.1974370086,0.6690243949,1.7245
1.04,0.691,0.349557809,0.6849647835,0.1977257433,0.6688344379,1.7233
1.04,0.692,0.3500882347,0.6859613829,0.1980145038,0.6686440268,1.7221
1.04,0.693,0.3506187723,0.6869579991,0.1983032903,0.6684531736,1.7209
1.04,0.694,0.3511494218,0.6879546323,0.1985921028,0.6682618526,1.7196
1.04,0.695,0.3516801834,0.6889512823,0.1988809417,0.6680700923,1.7184
1.04,0.696,0.3522110575,0.6899479493,0.199169807,0.6678778659,1.7172
1.04,0.697,0.3527420441,0.690944633,0.1994586989,0.6676851865,1.7160
1.04,0.698,0.3532731434,0.6919413336,0.1997476175,0.6674920585,1.7147
1.04,0.699,0.3538043558,0.692938051,0.2000365629,0.6672984652,1.7135
1.04,0.700,0.3543356814,0.6939347851,0.2003255355,0.6671044190,1.7123
1.04,0.701,0.3548671203,0.694931536,0.2006145352,0.6669099123,1.7111
1.04,0.702,0.3553986729,0.6959283037,0.2009035623,0.6667149484,1.7098
1.04,0.703,0.3559303393,0.6969250881,0.2011926169,0.6665195305,1.7086
1.04,0.704,0.3564621196,0.6979218891,0.2014816992,0.6663236477,1.7073
1.04,0.705,0.3569940142,0.6989187068,0.2017708093,0.6661273110,1.7061
1.04,0.706,0.3575260233,0.6999155412,0.2020599473,0.6659305183,1.7049
1.04,0.707,0.3580581469,0.7009123922,0.2023491136,0.6657332530,1.7036
1.04,0.708,0.3585903854,0.7019092598,0.2026383081,0.6655355320,1.7024
1.04,0.709,0.3591227389,0.702906144,0.2029275311,0.6653373461,1.7011
1.04,0.710,0.3596552077,0.7039030447,0.2032167827,0.6651386977,1.6999
1.04,0.711,0.360187792,0.704899962,0.2035060631,0.6649395905,1.6986
1.04,0.712,0.3607204919,0.7058968957,0.2037953725,0.6647400171,1.6974
1.04,0.713,0.3612533077,0.706893846,0.2040847109,0.6645399780,1.6961
1.04,0.714,0.3617862396,0.7078908127,0.2043740787,0.6643394695,1.6949
1.04,0.715,0.3623192878,0.7088877958,0.2046634759,0.6641385046,1.6936
1.04,0.716,0.3628524524,0.7098847954,0.2049529026,0.6639370655,1.6924
1.04,0.717,0.3633857338,0.7108818113,0.2052423592,0.6637351593,1.6911
1.04,0.718,0.3639191321,0.7118788436,0.2055318457,0.6635327872,1.6899
1.04,0.719,0.3644526476,0.7128758922,0.2058213623,0.6633299406,1.6886
1.04,0.720,0.3649862803,0.7138729571,0.2061109091,0.6631266440,1.6874
1.04,0.721,0.3655200307,0.7148700384,0.2064004864,0.6629228602,1.6861
1.04,0.722,0.3660538987,0.7158671358,0.2066900943,0.6627186162,1.6848
1.04,0.723,0.3665878848,0.7168642495,0.206979733,0.6625138982,1.6836
1.04,0.724,0.367121989,0.7178613794,0.2072694026,0.6623087118,1.6823
1.04,0.725,0.3676562117,0.7188585255,0.2075591033,0.6621030542,1.6810
1.04,0.726,0.3681905529,0.7198556878,0.2078488353,0.6618969168,1.6798
1.04,0.727,0.3687250129,0.7208528661,0.2081385987,0.6616903091,1.6785
1.04,0.728,0.369259592,0.7218500606,0.2084283938,0.6614832312,1.6772
1.04,0.729,0.3697942903,0.7228472711,0.2087182207,0.6612756807,1.6760
1.04,0.730,0.3703291081,0.7238444977,0.2090080795,0.6610676434,1.6747
1.04,0.731,0.3708640455,0.7248417402,0.2092979705,0.6608591390,1.6734
1.04,0.732,0.3713991028,0.7258389988,0.2095878938,0.6606501687,1.6721
1.04,0.733,0.3719342802,0.7268362733,0.2098778497,0.6604407062,1.6708
1.04,0.734,0.3724695779,0.7278335638,0.2101678381,0.6602307759,1.6696
1.04,0.735,0.3730049961,0.7288308702,0.2104578595,0.6600203576,1.6683
1.04,0.736,0.373540535,0.7298281924,0.2107479138,0.6598094690,1.6670
1.04,0.737,0.3740761949,0.7308255305,0.2110380014,0.6595981014,1.6657
1.04,0.738,0.374611976,0.7318228844,0.2113281223,0.6593862530,1.6644
1.04,0.739,0.3751478784,0.7328202541,0.2116182768,0.6591739248,1.6631
1.04,0.740,0.3756839024,0.7338176395,0.211908465,0.6589611081,1.6619
1.04,0.741,0.3762200482,0.7348150407,0.2121986872,0.6587478197,1.6606
1.04,0.742,0.376756316,0.7358124575,0.2124889434,0.6585340389,1.6593
1.04,0.743,0.3772927061,0.7368098901,0.212779234,0.6583197894,1.6580
1.04,0.744,0.3778292186,0.7378073382,0.213069559,0.6581050447,1.6567
1.04,0.745,0.3783658538,0.738804802,0.2133599186,0.6578898249,1.6554
1.04,0.746,0.3789026118,0.7398022814,0.2136503131,0.6576741135,1.6541
1.04,0.747,0.379439493,0.7407997763,0.2139407426,0.6574579196,1.6528
1.04,0.748,0.3799764975,0.7417972867,0.2142312073,0.6572412391,1.6515
1.04,0.749,0.3805136255,0.7427948126,0.2145217074,0.6570240748,1.6502
1.04,0.750,0.3810508773,0.7437923539,0.214812243,0.6568064214,1.6489
1.04,0.751,0.381588253,0.7447899107,0.2151028144,0.6565882798,1.6476
1.04,0.752,0.3821257529,0.7457874828,0.2153934218,0.6563696464,1.6463
1.04,0.753,0.3826633773,0.7467850704,0.2156840653,0.6561505359,1.6450
1.04,0.754,0.3832011262,0.7477826732,0.2159747451,0.6559309258,1.6437
1.04,0.755,0.383739,0.7487802913,0.2162654614,0.6557108285,1.6424
1.04,0.756,0.3842769989,0.7497779247,0.2165562145,0.6554902384,1.6411
1.04,0.757,0.384815123,0.7507755733,0.2168470044,0.6552691680,1.6398
1.04,0.758,0.3853533727,0.7517732371,0.2171378314,0.6550475874,1.6385
1.04,0.759,0.3858917481,0.752770916,0.2174286957,0.6548255239,1.6372
1.04,0.760,0.3864302494,0.7537686101,0.2177195975,0.6546029662,1.6358
1.04,0.761,0.3869688769,0.7547663193,0.218010537,0.6543799180,1.6345
1.04,0.762,0.3875076307,0.7557640435,0.2183015143,0.6541563649,1.6332
1.04,0.763,0.3880465112,0.7567617828,0.2185925296,0.6539323294,1.6319
1.04,0.764,0.3885855185,0.757759537,0.2188835832,0.6537077960,1.6306
1.04,0.765,0.3891246529,0.7587573062,0.2191746753,0.6534827577,1.6293
1.04,0.766,0.3896639145,0.7597550903,0.219465806,0.6532572257,1.6279
1.04,0.767,0.3902033036,0.7607528893,0.2197569755,0.6530311940,1.6266
1.04,0.768,0.3907428205,0.7617507031,0.2200481841,0.6528046694,1.6253
1.04,0.769,0.3912824653,0.7627485318,0.220339432,0.6525776452,1.6240
1.04,0.770,0.3918222382,0.7637463752,0.2206307192,0.6523501248,1.6226
1.04,0.771,0.3923621396,0.7647442334,0.2209220462,0.6521220869,1.6213
1.04,0.772,0.3929021695,0.7657421063,0.2212134129,0.6518935669,1.6200
1.04,0.773,0.3934423283,0.7667399938,0.2215048197,0.6516645365,1.6187
1.04,0.774,0.3939826161,0.767737896,0.2217962668,0.6514350114,1.6173
1.04,0.775,0.3945230333,0.7687358128,0.2220877543,0.6512049763,1.6160
1.04,0.776,0.3950635799,0.7697337441,0.2223792825,0.6509744384,1.6147
1.04,0.777,0.3956042563,0.77073169,0.2226708515,0.6507433962,1.6133
1.04,0.778,0.3961450626,0.7717296503,0.2229624616,0.6505118559,1.6120
1.04,0.779,0.3966859991,0.7727276251,0.223254113,0.6502798068,1.6106
1.04,0.780,0.3972270661,0.7737256143,0.2235458058,0.6500472451,1.6093
1.04,0.781,0.3977682636,0.7747236178,0.2238375404,0.6498141838,1.6080
1.04,0.782,0.3983095921,0.7757216357,0.2241293168,0.6495806199,1.6066
1.04,0.783,0.3988510516,0.7767196679,0.2244211354,0.6493465331,1.6053
1.04,0.784,0.3993926425,0.7777177144,0.2247129962,0.6491119460,1.6040
1.04,0.785,0.3999343649,0.778715775,0.2250048996,0.6488768508,1.6026
1.04,0.786,0.4004762191,0.7797138499,0.2252968458,0.6486412431,1.6013
1.04,0.787,0.4010182052,0.7807119388,0.2255888348,0.6484051237,1.5999
1.04,0.788,0.4015603237,0.7817100419,0.2258808671,0.6481684958,1.5986
1.04,0.789,0.4021025746,0.782708159,0.2261729427,0.6479313555,1.5972
1.04,0.790,0.4026449581,0.7837062902,0.226465062,0.6476937043,1.5959
1.04,0.791,0.4031874746,0.7847044353,0.226757225,0.6474555333,1.5945
1.04,0.792,0.4037301243,0.7857025944,0.2270494321,0.6472168558,1.5932
1.04,0.793,0.4042729074,0.7867007674,0.2273416834,0.6469776568,1.5918
1.04,0.794,0.404815824,0.7876989542,0.2276339791,0.6467379456,1.5905
1.04,0.795,0.4053588745,0.7886971548,0.2279263196,0.6464977216,1.5891
1.04,0.796,0.4059020591,0.7896953692,0.2282187049,0.6462569802,1.5878
1.04,0.797,0.406445378,0.7906935974,0.2285111353,0.6460157194,1.5864
1.04,0.798,0.4069888314,0.7916918392,0.2288036111,0.6457739422,1.5850
1.04,0.799,0.4075324196,0.7926900947,0.2290961325,0.6455316436,1.5837
1.04,0.800,0.4080761428,0.7936883638,0.2293886996,0.6452888197,1.5823
1.20,0.010,0.005306814671,0.01061357952,0.00307233286,0.9990506602,729.7894
1.20,0.011,0.005837501074,0.01167493584,0.00337956444,0.9988510638,602.9481
1.20,0.012,0.006368189014,0.01273629194,0.003686795606,0.9986323608,506.4736
1.20,0.013,0.006898878621,0.01379764779,0.003994026316,0.9983945259,431.3932
1.20,0.014,0.007429570029,0.01485900336,0.004301256528,0.9981375300,371.8189
1.20,0.015,0.007960263375,0.01592035861,0.004608486201,0.9978613411,323.7570
1.20,0.016,0.008490958792,0.01698171353,0.004915715298,0.9975659272,284.4217
1.20,0.017,0.009021656419,0.01804306808,0.005222943777,0.9972512498,251.8214
1.20,0.018,0.009552356391,0.01910442224,0.005530171599,0.9969172723,224.5019
1.20,0.019,0.01008305885,0.02016577598,0.005837398725,0.9965639519,201.3812
1.20,0.020,0.01061376392,0.02122712928,0.006144625117,0.9961912465,181.6411
1.20,0.021,0.01114447175,0.02228848212,0.006451850734,0.9957991066,164.6531
1.20,0.022,0.011675181,0.02334983152,0.006759074687,0.9953874874,149.9286
1.20,0.023,0.01220589477,0.02441118339,0.00706629865,0.9949563324,137.0823
1.20,0.024,0.01273661171,0.02547253471,0.007373521722,0.9945055881,125.8080
1.20,0.025,0.01326733195,0.02653388546,0.007680743863,0.9940351974,115.8593
1.20,0.026,0.01379805564,0.02759523563,0.007987965036,0.9935451008,107.0362
1.20,0.027,0.0143287829,0.02865658518,0.008295185201,0.9930352329,99.1750
1.20,0.028,0.01485951388,0.02971793409,0.008602404321,0.9925055279,92.1408
1.20,0.029,0.01539024872,0.03077928234,0.008909622356,0.9919559162,85.8215
1.20,0.030,0.01592098755,0.03184062991,0.009216839268,0.9913863247,80.1235
1.20,0.031,0.01645173051,0.03290197677,0.009524055018,0.9907966781,74.9678
1.20,0.032,0.01698247774,0.03396332289,0.009831269569,0.9901868962,70.2877
1.20,0.033,0.01751322937,0.03502466825,0.01013848288,0.9895568970,66.0265
1.20,0.034,0.01804398555,0.03608601284,0.01044569492,0.9889065931,62.1356
1.20,0.035,0.0185747464,0.03714735662,0.01075290564,0.9882358959,58.5733
1.20,0.036,0.01910551208,0.03820869957,0.011060115,0.9875447106,55.3035
1.20,0.037,0.01963628272,0.03927004167,0.01136732298,0.9868329430,52.2952
1.20,0.038,0.02016705844,0.04033138289,0.01167452952,0.9861004862,49.5211
1.20,0.039,0.0206978394,0.04139272321,0.01198173459,0.9853472391,46.9575
1.20,0.040,0.02122862573,0.04245406261,0.01228893816,0.9845730897,44.5836
1.20,0.041,0.02175941757,0.04351540106,0.01259614019,0.9837779286,42.3811
1.20,0.042,0.02229021505,0.04457673853,0.01290334062,0.9829616310,40.3340
1.20,0.043,0.02282101831,0.04563807501,0.01321053944,0.9821240818,38.4279
1.20,0.044,0.0233518275,0.04669941047,0.0135177366,0.9812651471,36.6501
1.20,0.045,0.02388264274,0.04776074488,0.01382493206,0.9803846962,34.9893
1.20,0.046,0.02441346418,0.04882207823,0.01413212578,0.9794825927,33.4356
1.20,0.047,0.02494429196,0.04988341048,0.01443931773,0.9785586929,31.9798
1.20,0.048,0.0254751262,0.05094474161,0.01474650787,0.9776128502,30.6140
1.20,0.049,0.02600596705,0.05200607161,0.01505369616,0.9766449086,29.3307
1.20,0.050,0.02653681466,0.05306740043,0.01536088256,0.9756547115,28.1235
1.20,0.051,0.02706766914,0.05412872807,0.01566806704,0.9746420888,26.9865
1.20,0.052,0.02759853065,0.05519005449,0.01597524955,0.9736068734,25.9143
1.20,0.053,0.02812939907,0.05625137918,0.01628242991,0.9725488826,24.9021
1.20,0.054,0.02866027504,0.0573127031,0.01658960838,0.9714679357,23.9454
1.20,0.055,0.02919115844,0.05837402574,0.01689678477,0.9703638357,23.0402
1.20,0.056,0.02972204942,0.05943534706,0.01720395905,0.9692363835,22.1830
1.20,0.057,0.0302529481,0.06049666705,0.01751113118,0.9680853738,21.3703
1.20,0.058,0.03078385464,0.06155798568,0.01781830111,0.9669105864,20.5992
1.20,0.059,0.03131476917,0.06261930292,0.01812546882,0.9657117997,19.8667
1.20,0.060,0.03184569181,0.06368061876,0.01843263426,0.9644887829,19.1704
1.20,0.061,0.03237662273,0.06474193316,0.0187397974,0.9632412891,18.5079
1.20,0.062,0.03290756204,0.0658032461,0.0190469582,0.9619690721,17.8771
1.20,0.063,0.03343850989,0.06686455756,0.01935411663,0.9606718632,17.2758
1.20,0.064,0.03396946641,0.06792586751,0.01966127264,0.9593493907,16.7024
1.20,0.065,0.03450043175,0.06898717593,0.01996842619,0.9580013769,16.1550
1.20,0.066,0.03503140604,0.0700484828,0.02027557726,0.9566275203,15.6321
1.20,0.067,0.03556238943,0.07110978808,0.0205827258,0.9552275125,15.1323
1.20,0.068,0.03609338203,0.07217109175,0.02088987177,0.9538010360,14.6542
1.20,0.069,0.03662438401,0.0732323938,0.02119701515,0.9523477524,14.1966
1.20,0.070,0.03715539548,0.07429369418,0.02150415589,0.9508673131,13.7582
1.20,0.071,0.0376864166,0.07535499289,0.02181129395,0.9493593572,13.3380
1.20,0.072,0.0382174475,0.07641628989,0.0221184293,0.9478235030,12.9350
1.20,0.073,0.03874848831,0.07747758517,0.0224255619,0.9462593483,12.5482
1.20,0.074,0.03927953918,0.07853887868,0.02273269172,0.9446664845,12.1769
1.20,0.075,0.03981060024,0.07960017042,0.02303981871,0.9430444736,11.8200
1.20,0.076,0.04034167163,0.08066146035,0.02334694285,0.9413928571,11.4769
1.20,0.077,0.04087275349,0.08172274845,0.02365406409,0.9397111650,11.1469
1.20,0.078,0.04140384595,0.08278403469,0.02396118239,0.9379988943,10.8293
1.20,0.079,0.04193494916,0.08384531905,0.02426829773,0.9362555229,10.5235
1.20,0.080,0.04246606325,0.08490660151,0.02457541007,0.9344805025,10.2288
1.20,0.081,0.04299718836,0.08596788203,0.02488251936,0.9326732532,9.9447
1.20,0.082,0.04352832463,0.0870291606,0.02518962557,0.9308331672,9.6707
1.20,0.083,0.04405947219,0.08809043719,0.02549672867,0.9289596127,9.4063
1.20,0.084,0.04459063119,0.08915171176,0.02580382862,0.9270519060,9.1510
1.20,0.085,0.04512180175,0.09021298431,0.02611092538,0.9251093500,8.9044
1.20,0.086,0.04565298403,0.0912742548,0.02641801892,0.9231311931,8.6661
1.20,0.087,0.04618417816,0.0923355232,0.0267251092,0.9211166414,8.4357
1.20,0.088,0.04671538427,0.09339678949,0.02703219618,0.9190648634,8.2128
1.20,0.089,0.0472466025,0.09445805365,0.02733927984,0.9169749731,7.9971
1.20,0.090,0.047777833,0.09551931565,0.02764636012,0.9148460364,7.7882
1.20,0.091,0.04830907589,0.09658057546,0.02795343701,0.9126770498,7.5859
1.20,0.092,0.04884033132,0.09764183306,0.02826051045,0.9104669739,7.3898
1.20,0.093,0.04937159943,0.09870308842,0.02856758043,0.9082146537,7.1997
1.20,0.094,0.04990288035,0.09976434152,0.02887464689,0.9059189131,7.0153
1.20,0.095,0.05043417422,0.1008255923,0.02918170981,0.9035784635,6.8363
1.20,0.096,0.05096548118,0.1018868408,0.02948876915,0.9011919329,6.6625
1.20,0.097,0.05149680137,0.102948087,0.02979582487,0.8987578551,6.4937
1.20,0.098,0.05202813492,0.1040093308,0.03010287694,0.8962746556,6.3296
1.20,0.099,0.05255948198,0.1050705721,0.03040992533,0.8937406362,6.1701
1.20,0.100,0.05309084268,0.1061318111,0.03071696999,0.8911539695,6.0149
1.20,0.101,0.05362221716,0.1071930476,0.0310240109,0.8885126920,5.8639
1.20,0.102,0.05415360556,0.1082542817,0.03133104801,0.8858146579,5.7168
1.20,0.103,0.05468500801,0.1093155132,0.0316380813,0.8830575384,5.5735
1.20,0.104,0.05521642465,0.1103767423,0.03194511073,0.8802388218,5.4338
1.20,0.105,0.05574785563,0.1114379687,0.03225213627,0.8773557420,5.2976
1.20,0.106,0.05627930108,0.1124991926,0.03255915787,0.8744052816,5.1646
1.20,0.107,0.05681076113,0.1135604139,0.03286617551,0.8713841125,5.0348
1.20,0.108,0.05734223594,0.1146216326,0.03317318915,0.8682885718,4.9079
1.20,0.109,0.05787372562,0.1156828486,0.03348019875,0.8651145929,4.7838
1.20,0.110,0.05840523033,0.1167440619,0.03378720429,0.8618576639,4.6625
1.20,0.111,0.0589367502,0.1178052725,0.03409420572,0.8585127285,4.5436
1.20,0.112,0.05946828537,0.1188664804,0.03440120302,0.8550741099,4.4272
1.20,0.113,0.05999983597,0.1199276855,0.03470819614,0.8515354002,4.3129
1.20,0.114,0.06053140215,0.1209888878,0.03501518507,0.8478892689,4.2008
1.20,0.115,0.06106298405,0.1220500873,0.03532216975,0.8441273784,4.0905
1.20,0.116,0.06159458179,0.123111284,0.03562915016,0.8402400357,3.9821
1.20,0.117,0.06212619553,0.1241724777,0.03593612626,0.8362160013,3.8752
1.20,0.118,0.06265782539,0.1252336686,0.03624309803,0.8320420233,3.7697
1.20,0.119,0.06318947152,0.1262948566,0.03655006542,0.8277022995,3.6655
1.20,0.120,0.06372113406,0.1273560416,0.0368570284,0.8231777935,3.5622
1.20,0.121,0.06425281309,0.1284172235,0.03716398692,0.8184451631,3.4597
1.20,0.122,0.06478450884,0.1294784025,0.03747094099,0.8134752861,3.3576
1.20,0.123,0.06531622142,0.1305395784,0.03777789055,0.8082309537,3.2556
1.20,0.124,0.06584795096,0.1316007513,0.03808483558,0.8026634518,3.1533
1.20,0.125,0.06637969759,0.1326619212,0.03839177603,0.7967067192,3.0499
1.20,0.126,0.06691146145,0.1337230878,0.03869871187,0.7902672227,2.9447
1.20,0.127,0.06744324269,0.1347842514,0.03900564308,0.7832046499,2.8366
1.20,0.128,0.06797504143,0.1358454118,0.03931256961,0.7752904164,2.7234
1.20,0.129,0.06850685783,0.1369065689,0.03961949145,0.7661022054,2.6015
1.20,0.130,0.06903869201,0.1379677228,0.03992640854,0.7546628364,2.4625
1.20,0.131,0.06957054412,0.1390288735,0.04023332087,0.7368805428,2.2702
1.20,0.132,0.0701024143,0.1400900209,0.04054022839,0.7208782785,2.1179
1.20,0.133,0.07063430267,0.141151165,0.04084713108,0.7208516597,2.1176
1.20,0.134,0.07116620939,0.1422123057,0.04115402891,0.7208248301,2.1174
1.20,0.135,0.07169813458,0.1432734431,0.04146092184,0.7207977872,2.1171
1.20,0.136,0.0722300784,0.144334577,0.04176780984,0.7207705286,2.1169
1.20,0.137,0.07276204097,0.1453957075,0.04207469288,0.7207430587,2.1167
1.20,0.138,0.07329402243,0.1464568346,0.04238157092,0.7207153722,2.1164
1.20,0.139,0.07382602293,0.1475179582,0.04268844394,0.7206874746,2.1162
1.20,0.140,0.07435804259,0.1485790783,0.04299531191,0.7206593610,2.1159
1.20,0.141,0.07489008157,0.1496401948,0.04330217479,0.7206310334,2.1157
1.20,0.142,0.07542214,0.1507013077,0.04360903255,0.7206024911,2.1154
1.20,0.143,0.07595421801,0.1517624171,0.04391588516,0.7205737348,2.1151
1.20,0.144,0.07648631575,0.1528235228,0.04422273258,0.7205447611,2.1149
1.20,0.145,0.07701843335,0.1538846249,0.0445295748,0.7205155718,2.1146
1.20,0.146,0.07755057095,0.1549457232,0.04483641178,0.7204861672,2.1144
1.20,0.147,0.0780827287,0.1560068179,0.04514324348,0.7204565461,2.1141
1.20,0.148,0.07861490672,0.1570679088,0.04545006988,0.7204267099,2.1138
1.20,0.149,0.07914710516,0.158128996,0.04575689094,0.7203966548,2.1136
1.20,0.150,0.07967932416,0.1591900793,0.04606370664,0.7203663832,2.1133
1.20,0.151,0.08021156385,0.1602511588,0.04637051694,0.7203358934,2.1130
1.20,0.152,0.08074382438,0.1613122344,0.04667732182,0.7203051871,2.1127
1.20,0.153,0.08127610588,0.1623733061,0.04698412124,0.7202742612,2.1125
1.20,0.154,0.08180840849,0.163434374,0.04729091518,0.7202431175,2.1122
1.20,0.155,0.08234073235,0.1644954378,0.0475977036,0.7202117554,2.1119
1.20,0.156,0.0828730776,0.1655564977,0.04790448648,0.7201801745,2.1116
1.20,0.157,0.08340544437,0.1666175536,0.04821126379,0.7201483752,2.1113
1.20,0.158,0.08393783281,0.1676786054,0.04851803549,0.7201163539,2.1110
1.20,0.159,0.08447024305,0.1687396531,0.04882480156,0.7200841157,2.1108
1.20,0.160,0.08500267524,0.1698006968,0.04913156196,0.7200516563,2.1105
1.20,0.161,0.08553512951,0.1708617363,0.04943831668,0.7200189750,2.1102
1.20,0.162,0.086067606,0.1719227716,0.04974506567,0.7199860735,2.1099
1.20,0.163,0.08660010485,0.1729838028,0.05005180892,0.7199529513,2.1096
1.20,0.164,0.08713262619,0.1740448297,0.05035854639,0.7199196078,2.1093
1.20,0.165,0.08766517017,0.1751058524,0.05066527805,0.7198860413,2.1090
1.20,0.166,0.08819773693,0.1761668707,0.05097200388,0.7198522528,2.1087
1.20,0.167,0.0887303266,0.1772278848,0.05127872384,0.7198182436,2.1084
1.20,0.168,0.08926293933,0.1782888945,0.05158543792,0.7197840116,2.1081
1.20,0.169,0.08979557524,0.1793498998,0.05189214607,0.7197495551,2.1078
1.20,0.170,0.09032823449,0.1804109008,0.05219884828,0.7197148761,2.1075
1.20,0.171,0.0908609172,0.1814718973,0.05250554451,0.7196799716,2.1072
1.20,0.172,0.09139362353,0.1825328893,0.05281223474,0.7196448471,2.1068
1.20,0.173,0.0919263536,0.1835938768,0.05311891895,0.7196094935,2.1065
1.20,0.174,0.09245910756,0.1846548597,0.05342559709,0.7195739180,2.1062
1.20,0.175,0.09299188554,0.1857158381,0.05373226915,0.7195381173,2.1059
1.20,0.176,0.09352468769,0.1867768119,0.05403893509,0.7195020900,2.1056
1.20,0.177,0.09405751414,0.1878377811,0.0543455949,0.7194658370,2.1053
1.20,0.178,0.09459036503,0.1888987456,0.05465224854,0.7194293597,2.1049
1.20,0.179,0.0951232405,0.1899597054,0.054958896,0.7193926532,2.1046
1.20,0.180,0.09565614069,0.1910206605,0.05526553723,0.7193557214,2.1043
1.20,0.181,0.09618906574,0.1920816108,0.05557217221,0.7193185644,2.1039
1.20,0.182,0.09672201579,0.1931425564,0.05587880093,0.7192811767,2.1036
1.20,0.183,0.09725499098,0.1942034971,0.05618542334,0.7192435621,2.1033
1.20,0.184,0.09778799144,0.1952644329,0.05649203944,0.7192057215,2.1029
1.20,0.185,0.09832101731,0.1963253639,0.05679864918,0.7191676497,2.1026
1.20,0.186,0.09885406874,0.1973862899,0.05710525255,0.7191293499,2.1023
1.20,0.187,0.09938714587,0.198447211,0.05741184952,0.7190908226,2.1019
1.20,0.188,0.09992024882,0.1995081271,0.05771844006,0.7190520615,2.1016
1.20,0.189,0.1004533777,0.2005690382,0.05802502415,0.7190130733,2.1012
1.20,0.190,0.1009865328,0.2016299443,0.05833160176,0.7189738551,2.1009
1.20,0.191,0.1015197141,0.2026908452,0.05863817287,0.7189344071,2.1005
1.20,0.192,0.1020529217,0.2037517411,0.05894473745,0.7188947262,2.1002
1.20,0.193,0.102586156,0.2048126317,0.05925129549,0.7188548140,2.0998
1.20,0.194,0.1031194168,0.2058735172,0.05955784694,0.7188146697,2.0995
1.20,0.195,0.1036527045,0.2069343975,0.0598643918,0.7187742937,2.0991
1.20,0.196,0.1041860191,0.2079952725,0.06017093003,0.7187336859,2.0988
1.20,0.197,0.1047193608,0.2090561423,0.06047746161,0.7186928438,2.0984
1.20,0.198,0.1052527298,0.2101170067,0.06078398652,0.7186517699,2.0980
1.20,0.199,0.1057861261,0.2111778658,0.06109050474,0.7186104620,2.0977
1.20,0.200,0.1063195499,0.2122387195,0.06139701623,0.7185689200,2.0973
1.20,0.201,0.1068530013,0.2132995677,0.06170352098,0.7185271442,2.0969
1.20,0.202,0.1073864805,0.2143604105,0.06201001897,0.7184851296,2.0966
1.20,0.203,0.1079199877,0.2154212478,0.06231651016,0.7184428862,2.0962
1.20,0.204,0.1084535229,0.2164820796,0.06262299454,0.7184004026,2.0958
1.20,0.205,0.1089870863,0.2175429059,0.06292947209,0.7183576843,2.0954
1.20,0.206,0.109520678,0.2186037265,0.06323594278,0.7183147287,2.0951
1.20,0.207,0.1100542982,0.2196645415,0.06354240658,0.7182715404,2.0947
1.20,0.208,0.1105879471,0.2207253508,0.06384886348,0.7182281104,2.0943
1.20,0.209,0.1111216247,0.2217861545,0.06415531346,0.7181844448,2.0939
1.20,0.210,0.1116553312,0.2228469524,0.06446175649,0.7181405392,2.0935
1.20,0.211,0.1121890667,0.2239077446,0.06476819255,0.7180963986,2.0931
1.20,0.212,0.1127228314,0.2249685309,0.06507462162,0.7180520168,2.0928
1.20,0.213,0.1132566254,0.2260293114,0.06538104368,0.7180073964,2.0924
1.20,0.214,0.1137904489,0.227090086,0.0656874587,0.7179625385,2.0920
1.20,0.215,0.114324302,0.2281508547,0.06599386667,0.7179174377,2.0916
1.20,0.216,0.1148581848,0.2292116175,0.06630026756,0.7178720980,2.0912
1.20,0.217,0.1153920975,0.2302723743,0.06660666135,0.7178265190,2.0908
1.20,0.218,0.1159260402,0.2313331251,0.06691304802,0.7177806953,2.0904
1.20,0.219,0.116460013,0.2323938698,0.06721942756,0.7177346330,2.0900
1.20,0.220,0.1169940162,0.2334546084,0.06752579994,0.7176883281,2.0896
1.20,0.221,0.1175280497,0.2345153409,0.06783216514,0.7176417806,2.0891
1.20,0.222,0.1180621139,0.2355760673,0.06813852314,0.7175949873,2.0887
1.20,0.223,0.1185962087,0.2366367874,0.06844487392,0.7175479566,2.0883
1.20,0.224,0.1191303345,0.2376975013,0.06875121746,0.7175006795,2.0879
1.20,0.225,0.1196644912,0.238758209,0.06905755375,0.7174531569,2.0875
1.20,0.226,0.120198679,0.2398189103,0.06936388276,0.7174053905,2.0871
1.20,0.227,0.1207328981,0.2408796053,0.06967020447,0.7173573808,2.0867
1.20,0.228,0.1212671486,0.2419402939,0.06997651886,0.7173091233,2.0862
1.20,0.229,0.1218014307,0.243000976,0.07028282592,0.7172606229,2.0858
1.20,0.230,0.1223357444,0.2440616518,0.07058912563,0.7172118749,2.0854
1.20,0.231,0.12287009,0.245122321,0.07089541797,0.7171628803,2.0850
1.20,0.232,0.1234044676,0.2461829837,0.07120170292,0.7171136386,2.0845
1.20,0.233,0.1239388773,0.2472436398,0.07150798046,0.7170641467,2.0841
1.20,0.234,0.1244733192,0.2483042893,0.07181425057,0.7170144121,2.0837
1.20,0.235,0.1250077935,0.2493649322,0.07212051324,0.7169644275,2.0832
1.20,0.236,0.1255423003,0.2504255683,0.07242676846,0.7169141923,2.0828
1.20,0.237,0.1260768399,0.2514861978,0.07273301619,0.7168637073,2.0823
1.20,0.238,0.1266114122,0.2525468205,0.07303925643,0.7168129750,2.0819
1.20,0.239,0.1271460175,0.2536074364,0.07334548916,0.7167619935,2.0815
1.20,0.240,0.1276806558,0.2546680454,0.07365171435,0.7167107573,2.0810
1.20,0.241,0.1282153274,0.2557286476,0.07395793201,0.7166592757,2.0806
1.20,0.242,0.1287500324,0.2567892429,0.0742641421,0.7166075392,2.0801
1.20,0.243,0.1292847709,0.2578498312,0.07457034461,0.7165555489,2.0797
1.20,0.244,0.129819543,0.2589104125,0.07487653953,0.7165033079,2.0792
1.20,0.245,0.1303543489,0.2599709867,0.07518272684,0.7164508167,2.0787
1.20,0.246,0.1308891888,0.261031554,0.07548890652,0.7163980705,2.0783
1.20,0.247,0.1314240627,0.262092114,0.07579507857,0.7163450700,2.0778
1.20,0.248,0.1319589709,0.263152667,0.07610124296,0.7162918171,2.0774
1.20,0.249,0.1324939134,0.2642132127,0.07640739967,0.7162383088,2.0769
1.20,0.250,0.1330288903,0.2652737513,0.0767135487,0.7161845442,2.0764
1.20,0.251,0.133563902,0.2663342825,0.07701969004,0.7161305245,2.0760
1.20,0.252,0.1340989484,0.2673948064,0.07732582365,0.7160762475,2.0755
1.20,0.253,0.1346340297,0.268455323,0.07763194954,0.7160217178,2.0750
1.20,0.254,0.135169146,0.2695158322,0.07793806768,0.7159669273,2.0745
1.20,0.255,0.1357042976,0.270576334,0.07824417807,0.7159118834,2.0741
1.20,0.256,0.1362394845,0.2716368283,0.07855028069,0.7158565780,2.0736
1.20,0.257,0.1367747069,0.272697315,0.07885637552,0.7158010168,2.0731
1.20,0.258,0.1373099648,0.2737577943,0.07916246256,0.7157451950,2.0726
1.20,0.259,0.1378452586,0.2748182659,0.07946854178,0.7156891159,2.0721
1.20,0.260,0.1383805882,0.2758787299,0.07977461319,0.7156327745,2.0716
1.20,0.261,0.1389159539,0.2769391862,0.08008067676,0.7155761747,2.0712
1.20,0.262,0.1394513558,0.2779996347,0.08038673248,0.7155193118,2.0707
1.20,0.263,0.1399867939,0.2790600756,0.08069278034,0.7154621924,2.0702
1.20,0.264,0.1405222686,0.2801205086,0.08099882032,0.7154048087,2.0697
1.20,0.265,0.1410577798,0.2811809338,0.08130485243,0.7153471622,2.0692
1.20,0.266,0.1415933278,0.2822413511,0.08161087664,0.7152892556,2.0687
1.20,0.267,0.1421289127,0.2833017604,0.08191689294,0.7152310863,2.0682
1.20,0.268,0.1426645346,0.2843621618,0.08222290132,0.7151726510,2.0677
1.20,0.269,0.1432001936,0.2854225552,0.08252890178,0.7151139504,2.0672
1.20,0.270,0.14373589,0.2864829405,0.08283489429,0.7150549875,2.0667
1.20,0.271,0.1442716238,0.2875433177,0.08314087886,0.7149957602,2.0661
1.20,0.272,0.1448073951,0.2886036868,0.08344685546,0.7149362638,2.0656
1.20,0.273,0.1453432043,0.2896640477,0.08375282409,0.7148765082,2.0651
1.20,0.274,0.1458790512,0.2907244003,0.08405878475,0.7148164800,2.0646
1.20,0.275,0.1464149362,0.2917847447,0.08436473741,0.7147561871,2.0641
1.20,0.276,0.1469508594,0.2928450808,0.08467068208,0.7146956240,2.0636
1.20,0.277,0.1474868208,0.2939054085,0.08497661873,0.7146347953,2.0630
1.20,0.278,0.1480228207,0.2949657278,0.08528254737,0.7145736999,2.0625
1.20,0.279,0.1485588591,0.2960260387,0.08558846799,0.7145123322,2.0620
1.20,0.280,0.1490949362,0.2970863411,0.08589438057,0.7144506957,2.0615
1.20,0.281,0.1496310523,0.2981466349,0.08620028511,0.7143887906,2.0609
1.20,0.282,0.1501672073,0.2992069202,0.08650618159,0.7143266148,2.0604
1.20,0.283,0.1507034014,0.3002671968,0.08681207002,0.7142641710,2.0599
1.20,0.284,0.1512396348,0.3013274648,0.08711795038,0.7142014512,2.0593
1.20,0.285,0.1517759077,0.302387724,0.08742382267,0.7141384611,2.0588
1.20,0.286,0.1523122201,0.3034479745,0.08772968687,0.7140751981,2.0582
1.20,0.287,0.1528485722,0.3045082162,0.08803554299,0.7140116618,2.0577
1.20,0.288,0.1533849641,0.3055684491,0.08834139101,0.7139478511,2.0572
1.20,0.289,0.153921396,0.3066286731,0.08864723094,0.7138837692,2.0566
1.20,0.290,0.1544578681,0.3076888881,0.08895306275,0.7138194086,2.0561
1.20,0.291,0.1549943804,0.3087490941,0.08925888645,0.7137547769,2.0555
1.20,0.292,0.1555309331,0.3098092911,0.08956470204,0.7136898694,2.0549
1.20,0.293,0.1560675264,0.3108694791,0.0898705095,0.7136246830,2.0544
1.20,0.294,0.1566041604,0.3119296579,0.09017630882,0.7135592232,2.0538
1.20,0.295,0.1571408352,0.3129898275,0.09048210002,0.7134934826,2.0533
1.20,0.296,0.157677551,0.314049988,0.09078788307,0.7134274693,2.0527
1.20,0.297,0.1582143079,0.3151101391,0.09109365798,0.7133611748,2.0521
1.20,0.298,0.158751106,0.316170281,0.09139942474,0.7132946045,2.0516
1.20,0.299,0.1592879456,0.3172304135,0.09170518335,0.7132277519,2.0510
1.20,0.300,0.1598248267,0.3182905366,0.0920109338,0.7131606193,2.0504
1.20,0.301,0.1603617495,0.3193506503,0.09231667609,0.7130932088,2.0499
1.20,0.302,0.1608987141,0.3204107544,0.09262241022,0.7130255143,2.0493
1.20,0.303,0.1614357206,0.321470849,0.09292813618,0.7129575370,2.0487
1.20,0.304,0.1619727693,0.3225309341,0.09323385397,0.7128892829,2.0481
1.20,0.305,0.1625098603,0.3235910095,0.09353956359,0.7128207457,2.0475
1.20,0.306,0.1630469936,0.3246510752,0.09384526504,0.7127519232,2.0470
1.20,0.307,0.1635841694,0.3257111311,0.0941509583,0.7126828192,2.0464
1.20,0.308,0.1641213879,0.3267711773,0.09445664339,0.7126134314,2.0458
1.20,0.309,0.1646586493,0.3278312137,0.0947623203,0.7125437582,2.0452
1.20,0.310,0.1651959536,0.3288912401,0.09506798903,0.7124738019,2.0446
1.20,0.311,0.165733301,0.3299512567,0.09537364957,0.7124035563,2.0440
1.20,0.312,0.1662706916,0.3310112632,0.09567930193,0.7123330257,2.0434
1.20,0.313,0.1668081257,0.3320712598,0.0959849461,0.7122622105,2.0428
1.20,0.314,0.1673456032,0.3331312462,0.09629058209,0.7121911088,2.0422
1.20,0.315,0.1678831245,0.3341912226,0.0965962099,0.7121197160,2.0416
1.20,0.316,0.1684206895,0.3352511887,0.09690182952,0.7120480386,2.0410
1.20,0.317,0.1689582985,0.3363111447,0.09720744095,0.7119760664,2.0404
1.20,0.318,0.1694959516,0.3373710903,0.0975130442,0.7119038078,2.0398
1.20,0.319,0.1700336489,0.3384310257,0.09781863927,0.7118312595,2.0392
1.20,0.320,0.1705713906,0.3394909506,0.09812422615,0.7117584221,2.0386
1.20,0.321,0.1711091768,0.3405508651,0.09842980486,0.7116852938,2.0380
1.20,0.322,0.1716470077,0.3416107692,0.09873537538,0.7116118712,2.0373
1.20,0.323,0.1721848834,0.3426706627,0.09904093773,0.7115381598,2.0367
1.20,0.324,0.1727228041,0.3437305457,0.09934649191,0.7114641561,2.0361
1.20,0.325,0.1732607698,0.344790418,0.09965203791,0.7113898557,2.0355
1.20,0.326,0.1737987808,0.3458502797,0.09995757574,0.7113152612,2.0348
1.20,0.327,0.1743368371,0.3469101306,0.1002631054,0.7112403736,2.0342
1.20,0.328,0.174874939,0.3479699707,0.1005686269,0.7111651949,2.0336
1.20,0.329,0.1754130865,0.3490298,0.1008741402,0.7110897135,2.0329
1.20,0.330,0.1759512799,0.3500896184,0.1011796454,0.7110139445,2.0323
1.20,0.331,0.1764895192,0.3511494259,0.1014851425,0.7109378719,2.0317
1.20,0.332,0.1770278045,0.3522092224,0.1017906314,0.7108615038,2.0310
1.20,0.333,0.1775661361,0.3532690078,0.1020961121,0.7107848388,2.0304
1.20,0.334,0.1781045141,0.3543287822,0.1024015847,0.7107078772,2.0298
1.20,0.335,0.1786429386,0.3553885453,0.1027070492,0.7106306153,2.0291
1.20,0.336,0.1791814097,0.3564482973,0.1030125055,0.7105530547,2.0285
1.20,0.337,0.1797199277,0.3575080381,0.1033179537,0.7104751915,2.0278
1.20,0.338,0.1802584926,0.3585677675,0.1036233938,0.7103970319,2.0272
1.20,0.339,0.1807971046,0.3596274856,0.1039288258,0.7103185674,2.0265
1.20,0.340,0.1813357638,0.3606871922,0.1042342497,0.7102398047,2.0258
1.20,0.341,0.1818744704,0.3617468874,0.1045396655,0.7101607397,2.0252
1.20,0.342,0.1824132245,0.3628065711,0.1048450732,0.7100813684,2.0245
1.20,0.343,0.1829520263,0.3638662432,0.1051504728,0.7100016944,2.0239
1.20,0.344,0.1834908759,0.3649259036,0.1054558644,0.7099217171,2.0232
1.20,0.345,0.1840297734,0.3659855524,0.1057612479,0.7098414347,2.0225
1.20,0.346,0.184568719,0.3670451894,0.1060666233,0.7097608504,2.0219
1.20,0.347,0.1851077128,0.3681048146,0.1063719907,0.7096799602,2.0212
1.20,0.348,0.1856467551,0.369164428,0.10667735,0.7095987577,2.0205
1.20,0.349,0.1861858458,0.3702240295,0.1069827013,0.7095172523,2.0198
1.20,0.350,0.1867249852,0.371283619,0.1072880446,0.7094354421,2.0192
1.20,0.351,0.1872641734,0.3723431965,0.1075933799,0.7093533206,2.0185
1.20,0.352,0.1878034106,0.3734027619,0.1078987071,0.7092708920,2.0178
1.20,0.353,0.1883426968,0.3744623152,0.1082040264,0.7091881544,2.0171
1.20,0.354,0.1888820323,0.3755218563,0.1085093377,0.7091051056,2.0164
1.20,0.355,0.1894214172,0.3765813852,0.108814641,0.7090217478,2.0157
1.20,0.356,0.1899608516,0.3776409018,0.1091199363,0.7089380762,2.0150
1.20,0.357,0.1905003356,0.378700406,0.1094252237,0.7088540947,2.0143
1.20,0.358,0.1910398695,0.3797598978,0.1097305032,0.7087698013,2.0136
1.20,0.359,0.1915794533,0.3808193772,0.1100357747,0.7086851999,2.0130
1.20,0.360,0.1921190872,0.381878844,0.1103410384,0.7086002787,2.0123
1.20,0.361,0.1926587714,0.3829382982,0.1106462941,0.7085150438,2.0115
1.20,0.362,0.1931985059,0.3839977398,0.1109515419,0.7084294986,2.0108
1.20,0.363,0.193738291,0.3850571687,0.1112567819,0.7083436357,2.0101
1.20,0.364,0.1942781267,0.3861165848,0.111562014,0.7082574533,2.0094
1.20,0.365,0.1948180133,0.3871759882,0.1118672383,0.7081709635,2.0087
1.20,0.366,0.1953579508,0.3882353786,0.1121724547,0.7080841528,2.0080
1.20,0.367,0.1958979394,0.3892947561,0.1124776633,0.7079970267,2.0073
1.20,0.368,0.1964379792,0.3903541207,0.1127828641,0.7079095798,2.0066
1.20,0.369,0.1969780705,0.3914134721,0.1130880571,0.7078218136,2.0058
1.20,0.370,0.1975182133,0.3924728105,0.1133932423,0.7077337286,2.0051
1.20,0.371,0.1980584078,0.3935321357,0.1136984198,0.7076453285,2.0044
1.20,0.372,0.1985986541,0.3945914477,0.1140035895,0.7075566031,2.0037
1.20,0.373,0.1991389523,0.3956507464,0.1143087516,0.7074675577,2.0029
1.20,0.374,0.1996793027,0.3967100317,0.1146139058,0.7073781928,2.0022
1.20,0.375,0.2002197053,0.3977693037,0.1149190525,0.7072884994,2.0015
1.20,0.376,0.2007601604,0.3988285622,0.1152241914,0.7071984895,2.0007
1.20,0.377,0.2013006679,0.3998878071,0.1155293227,0.7071081546,2.0000
1.20,0.378,0.2018412282,0.4009470385,0.1158344463,0.7070174941,1.9993
1.20,0.379,0.2023818413,0.4020062562,0.1161395623,0.7069265131,1.9985
1.20,0.380,0.2029225074,0.4030654602,0.1164446707,0.7068352062,1.9978
1.20,0.381,0.2034632266,0.4041246504,0.1167497715,0.7067435697,1.9970
1.20,0.382,0.204003999,0.4051838268,0.1170548648,0.7066516082,1.9963
1.20,0.383,0.2045448249,0.4062429893,0.1173599505,0.7065593211,1.9955
1.20,0.384,0.2050857043,0.4073021379,0.1176650286,0.7064667067,1.9948
1.20,0.385,0.2056266375,0.4083612724,0.1179700993,0.7063737608,1.9940
1.20,0.386,0.2061676245,0.4094203929,0.1182751625,0.7062804914,1.9933
1.20,0.387,0.2067086654,0.4104794992,0.1185802182,0.7061868879,1.9925
1.20,0.388,0.2072497605,0.4115385913,0.1188852665,0.7060929592,1.9918
1.20,0.389,0.2077909099,0.4125976691,0.1191903073,0.7059986919,1.9910
1.20,0.390,0.2083321137,0.4136567326,0.1194953408,0.7059040984,1.9902
1.20,0.391,0.2088733721,0.4147157817,0.1198003668,0.7058091756,1.9895
1.20,0.392,0.2094146852,0.4157748164,0.1201053855,0.7057139179,1.9887
1.20,0.393,0.2099560531,0.4168338365,0.1204103969,0.7056183251,1.9879
1.20,0.394,0.2104974761,0.4178928421,0.120715401,0.7055224023,1.9871
1.20,0.395,0.2110389542,0.418951833,0.1210203977,0.7054261438,1.9864
1.20,0.396,0.2115804876,0.4200108091,0.1213253872,0.7053295473,1.9856
1.20,0.397,0.2121220764,0.4210697706,0.1216303695,0.7052326183,1.9848
1.20,0.398,0.2126637209,0.4221287171,0.1219353445,0.7051353505,1.9840
1.20,0.399,0.213205421,0.4231876488,0.1222403124,0.7050377464,1.9832
1.20,0.400,0.213747177,0.4242465655,0.122545273,0.7049398098,1.9824
1.20,0.401,0.2142889891,0.4253054671,0.1228502266,0.7048415299,1.9817
1.20,0.402,0.2148308573,0.4263643537,0.123155173,0.7047429153,1.9809
1.20,0.403,0.2153727818,0.427423225,0.1234601123,0.7046439581,1.9801
1.20,0.404,0.2159147628,0.4284820812,0.1237650446,0.7045446622,1.9793
1.20,0.405,0.2164568004,0.429540922,0.1240699698,0.7044450232,1.9785
1.20,0.406,0.2169988947,0.4305997475,0.124374888,0.7043450456,1.9777
1.20,0.407,0.217541046,0.4316585575,0.1246797992,0.7042447297,1.9769
1.20,0.408,0.2180832542,0.4327173521,0.1249847035,0.7041440705,1.9761
1.20,0.409,0.2186255197,0.4337761311,0.1252896009,0.7040430661,1.9753
1.20,0.410,0.2191678425,0.4348348944,0.1255944913,0.7039417147,1.9744
1.20,0.411,0.2197102227,0.4358936421,0.1258993749,0.7038400208,1.9736
1.20,0.412,0.2202526606,0.4369523739,0.1262042516,0.7037379861,1.9728
1.20,0.413,0.2207951563,0.43801109,0.1265091215,0.7036356060,1.9720
1.20,0.414,0.2213377098,0.4390697901,0.1268139846,0.7035328755,1.9712
1.20,0.415,0.2218803215,0.4401284743,0.127118841,0.7034297968,1.9704
1.20,0.416,0.2224229913,0.4411871424,0.1274236907,0.7033263768,1.9695
1.20,0.417,0.2229657195,0.4422457944,0.1277285336,0.7032226047,1.9687
1.20,0.418,0.2235085062,0.4433044302,0.1280333699,0.7031184864,1.9679
1.20,0.419,0.2240513515,0.4443630498,0.1283381996,0.7030140167,1.9671
1.20,0.420,0.2245942556,0.4454216531,0.1286430227,0.7029092009,1.9662
1.20,0.421,0.2251372187,0.44648024,0.1289478392,0.7028040289,1.9654
1.20,0.422,0.2256802408,0.4475388104,0.1292526492,0.7026985067,1.9646
1.20,0.423,0.2262233222,0.4485973643,0.1295574527,0.7025926365,1.9637
1.20,0.424,0.2267664629,0.4496559016,0.1298622497,0.7024864112,1.9629
1.20,0.425,0.2273096632,0.4507144223,0.1301670403,0.7023798322,1.9620
1.20,0.426,0.2278529231,0.4517729262,0.1304718244,0.7022729067,1.9612
1.20,0.427,0.2283962429,0.4528314133,0.1307766023,0.7021656172,1.9603
1.20,0.428,0.2289396226,0.4538898835,0.1310813737,0.7020579778,1.9595
1.20,0.429,0.2294830624,0.4549483368,0.1313861389,0.7019499863,1.9586
1.20,0.430,0.2300265625,0.456006773,0.1316908979,0.7018416309,1.9578
1.20,0.431,0.230570123,0.4570651922,0.1319956506,0.7017329234,1.9569
1.20,0.432,0.2311137441,0.4581235942,0.1323003971,0.7016238580,1.9561
1.20,0.433,0.2316574258,0.4591819789,0.1326051375,0.7015144337,1.9552
1.20,0.434,0.2322011684,0.4602403464,0.1329098717,0.7014046522,1.9543
1.20,0.435,0.2327449719,0.4612986964,0.1332145999,0.7012945104,1.9535
1.20,0.436,0.2332888366,0.4623570291,0.1335193221,0.7011840081,1.9526
1.20,0.437,0.2338327626,0.4634153441,0.1338240382,0.7010731436,1.9517
1.20,0.438,0.2343767501,0.4644736416,0.1341287484,0.7009619224,1.9509
1.20,0.439,0.2349207991,0.4655319215,0.1344334526,0.7008503391,1.9500
1.20,0.440,0.2354649098,0.4665901835,0.134738151,0.7007383877,1.9491
1.20,0.441,0.2360090824,0.4676484278,0.1350428436,0.7006260719,1.9482
1.20,0.442,0.236553317,0.4687066541,0.1353475303,0.7005133997,1.9474
1.20,0.443,0.2370976138,0.4697648625,0.1356522112,0.7004003594,1.9465
1.20,0.444,0.2376419729,0.4708230529,0.1359568865,0.7002869595,1.9456
1.20,0.445,0.2381863945,0.4718812251,0.136261556,0.7001731851,1.9447
1.20,0.446,0.2387308786,0.4729393791,0.13656622,0.7000590485,1.9438
1.20,0.447,0.2392754256,0.4739975149,0.1368708783,0.6999445447,1.9429
1.20,0.448,0.2398200354,0.4750556323,0.137175531,0.6998296775,1.9420
1.20,0.449,0.2403647083,0.4761137313,0.1374801783,0.6997144335,1.9411
1.20,0.450,0.2409094444,0.4771718118,0.1377848201,0.6995988227,1.9402
1.20,0.451,0.2414542439,0.4782298738,0.1380894564,0.6994828479,1.9393
1.20,0.452,0.2419991068,0.4792879171,0.1383940874,0.6993664989,1.9384
1.20,0.453,0.2425440334,0.4803459416,0.138698713,0.6992497799,1.9375
1.20,0.454,0.2430890238,0.4814039474,0.1390033333,0.6991326890,1.9366
1.20,0.455,0.2436340781,0.4824619343,0.1393079484,0.6990152292,1.9357
1.20,0.456,0.2441791966,0.4835199022,0.1396125583,0.6988973909,1.9348
1.20,0.457,0.2447243792,0.4845778511,0.139917163,0.6987791816,1.9339
1.20,0.458,0.2452696263,0.4856357809,0.1402217626,0.6986605994,1.9330
1.20,0.459,0.2458149378,0.4866936915,0.1405263572,0.6985416418,1.9321
1.20,0.460,0.2463603141,0.4877515829,0.1408309467,0.6984223109,1.9311
1.20,0.461,0.2469057552,0.4888094549,0.1411355313,0.6983026044,1.9302
1.20,0.462,0.2474512613,0.4898673074,0.1414401109,0.6981825171,1.9293
1.20,0.463,0.2479968324,0.4909251405,0.1417446856,0.6980620545,1.9284
1.20,0.464,0.2485424689,0.491982954,0.1420492556,0.6979412135,1.9274
1.20,0.465,0.2490881708,0.4930407478,0.1423538207,0.6978200011,1.9265
1.20,0.466,0.2496339383,0.4940985219,0.1426583811,0.6976984010,1.9256
1.20,0.467,0.2501797715,0.4951562762,0.1429629369,0.6975764246,1.9246
1.20,0.468,0.2507256706,0.4962140106,0.143267488,0.6974540641,1.9237
1.20,0.469,0.2512716357,0.497271725,0.1435720345,0.6973313242,1.9228
1.20,0.470,0.2518176669,0.4983294193,0.1438765765,0.6972082014,1.9218
1.20,0.471,0.2523637645,0.4993870935,0.1441811141,0.6970847010,1.9209
1.20,0.472,0.2529099285,0.5004447474,0.1444856472,0.6969608155,1.9199
1.20,0.473,0.2534561592,0.5015023811,0.1447901759,0.6968365449,1.9190
1.20,0.474,0.2540024566,0.5025599944,0.1450947003,0.6967118923,1.9180
1.20,0.475,0.254548821,0.5036175872,0.1453992205,0.6965868534,1.9171
1.20,0.476,0.2550952524,0.5046751595,0.1457037364,0.6964614293,1.9161
1.20,0.477,0.255641751,0.5057327111,0.1460082482,0.6963356147,1.9152
1.20,0.478,0.256188317,0.506790242,0.1463127559,0.6962094143,1.9142
1.20,0.479,0.2567349505,0.5078477522,0.1466172595,0.6960828309,1.9133
1.20,0.480,0.2572816517,0.5089052414,0.1469217592,0.6959558615,1.9123
1.20,0.481,0.2578284206,0.5099627097,0.1472262549,0.6958285008,1.9113
1.20,0.482,0.2583752576,0.5110201569,0.1475307467,0.6957007478,1.9104
1.20,0.483,0.2589221626,0.512077583,0.1478352347,0.6955726095,1.9094
1.20,0.484,0.2594691359,0.5131349879,0.1481397189,0.6954440754,1.9084
1.20,0.485,0.2600161776,0.5141923716,0.1484441994,0.6953151509,1.9074
1.20,0.486,0.2605632879,0.5152497338,0.1487486763,0.6951858315,1.9065
1.20,0.487,0.2611104669,0.5163070745,0.1490531495,0.6950561252,1.9055
1.20,0.488,0.2616577148,0.5173643937,0.1493576192,0.6949260266,1.9045
1.20,0.489,0.2622050316,0.5184216913,0.1496620855,0.6947955276,1.9035
1.20,0.490,0.2627524177,0.5194789672,0.1499665483,0.6946646410,1.9025
1.20,0.491,0.263299873,0.5205362212,0.1502710078,0.6945333521,1.9016
1.20,0.492,0.2638473978,0.5215934534,0.1505754639,0.6944016727,1.9006
1.20,0.493,0.2643949922,0.5226506635,0.1508799169,0.6942695925,1.8996
1.20,0.494,0.2649426564,0.5237078517,0.1511843666,0.6941371191,1.8986
1.20,0.495,0.2654903905,0.5247650176,0.1514888133,0.6940042452,1.8976
1.20,0.496,0.2660381946,0.5258221613,0.1517932569,0.6938709760,1.8966
1.20,0.497,0.266586069,0.5268792827,0.1520976974,0.6937373032,1.8956
1.20,0.498,0.2671340137,0.5279363817,0.1524021351,0.6936032325,1.8946
1.20,0.499,0.267682029,0.5289934582,0.1527065699,0.6934687623,1.8936
1.20,0.500,0.2682301149,0.5300505121,0.1530110019,0.6933338925,1.8926
1.20,0.501,0.2687782716,0.5311075433,0.1533154312,0.6931986175,1.8916
1.20,0.502,0.2693264993,0.5321645518,0.1536198578,0.6930629427,1.8906
1.20,0.503,0.2698747981,0.5332215374,0.1539242818,0.6929268628,1.8896
1.20,0.504,0.2704231682,0.5342785001,0.1542287032,0.6927903781,1.8885
1.20,0.505,0.2709716098,0.5353354397,0.1545331222,0.6926534933,1.8875
1.20,0.506,0.2715201228,0.5363923562,0.1548375387,0.6925161989,1.8865
1.20,0.507,0.2720687077,0.5374492495,0.155141953,0.6923785058,1.8855
1.20,0.508,0.2726173643,0.5385061195,0.1554463649,0.6922404054,1.8845
1.20,0.509,0.2731660931,0.5395629661,0.1557507747,0.6921018921,1.8834
1.20,0.510,0.273714894,0.5406197893,0.1560551823,0.6919629723,1.8824
1.20,0.511,0.2742637672,0.5416765888,0.1563595878,0.6918236524,1.8814
1.20,0.512,0.2748127129,0.5427333647,0.1566639913,0.6916839186,1.8804
1.20,0.513,0.2753617312,0.5437901169,0.1569683929,0.6915437712,1.8793
1.20,0.514,0.2759108224,0.5448468452,0.1572727927,0.6914032172,1.8783
1.20,0.515,0.2764599864,0.5459035496,0.1575771906,0.6912622540,1.8772
1.20,0.516,0.2770092236,0.5469602299,0.1578815869,0.6911208779,1.8762
1.20,0.517,0.277558534,0.5480168862,0.1581859815,0.6909790930,1.8752
1.20,0.518,0.2781079178,0.5490735182,0.1584903745,0.6908368839,1.8741
1.20,0.519,0.2786573751,0.5501301259,0.158794766,0.6906942746,1.8731
1.20,0.520,0.2792069062,0.5511867092,0.1590991561,0.6905512436,1.8720
1.20,0.521,0.2797565111,0.552243268,0.1594035448,0.6904078026,1.8710
1.20,0.522,0.28030619,0.5532998023,0.1597079323,0.6902639426,1.8699
1.20,0.523,0.280855943,0.5543563118,0.1600123185,0.6901196699,1.8689
1.20,0.524,0.2814057704,0.5554127966,0.1603167036,0.6899749795,1.8678
1.20,0.525,0.2819556722,0.5564692566,0.1606210877,0.6898298758,1.8668
1.20,0.526,0.2825056486,0.5575256915,0.1609254707,0.6896843550,1.8657
1.20,0.527,0.2830556998,0.5585821015,0.1612298529,0.6895384106,1.8646
1.20,0.528,0.2836058259,0.5596384862,0.1615342342,0.6893920482,1.8636
1.20,0.529,0.2841560271,0.5606948457,0.1618386148,0.6892452659,1.8625
1.20,0.530,0.2847063036,0.5617511799,0.1621429947,0.6890980634,1.8614
1.20,0.531,0.2852566554,0.5628074887,0.162447374,0.6889504409,1.8604
1.20,0.532,0.2858070827,0.5638637719,0.1627517528,0.6888023929,1.8593
1.20,0.533,0.2863575857,0.5649200295,0.1630561312,0.6886539272,1.8582
1.20,0.534,0.2869081645,0.5659762613,0.1633605092,0.6885050382,1.8571
1.20,0.535,0.2874588194,0.5670324674,0.1636648869,0.6883557270,1.8561
1.20,0.536,0.2880095504,0.5680886475,0.1639692644,0.6882059863,1.8550
1.20,0.537,0.2885603576,0.5691448016,0.1642736418,0.6880558227,1.8539
1.20,0.538,0.2891112414,0.5702009296,0.1645780191,0.6879052406,1.8528
1.20,0.539,0.2896622017,0.5712570313,0.1648823966,0.6877542215,1.8517
1.20,0.540,0.2902132388,0.5723131068,0.1651867741,0.6876027823,1.8506
1.20,0.541,0.2907643528,0.5733691559,0.1654911518,0.6874509167,1.8496
1.20,0.542,0.2913155439,0.5744251784,0.1657955299,0.6872986187,1.8485
1.20,0.543,0.2918668122,0.5754811743,0.1660999083,0.6871458905,1.8474
1.20,0.544,0.2924181579,0.5765371436,0.1664042872,0.6869927405,1.8463
1.20,0.545,0.2929695811,0.577593086,0.1667086666,0.6868391588,1.8452
1.20,0.546,0.293521082,0.5786490015,0.1670130467,0.6866851431,1.8441
1.20,0.547,0.2940726607,0.5797048901,0.1673174275,0.6865306986,1.8430
1.20,0.548,0.2946243174,0.5807607515,0.1676218091,0.6863758239,1.8419
1.20,0.549,0.2951760523,0.5818165857,0.1679261915,0.6862205142,1.8408
1.20,0.550,0.2957278655,0.5828723926,0.168230575,0.6860647665,1.8396
1.20,0.551,0.2962797571,0.5839281721,0.1685349595,0.6859085923,1.8385
1.20,0.552,0.2968317273,0.5849839241,0.1688393452,0.6857519855,1.8374
1.20,0.553,0.2973837763,0.5860396485,0.1691437322,0.6855949398,1.8363
1.20,0.554,0.2979359043,0.5870953451,0.1694481204,0.6854374586,1.8352
1.20,0.555,0.2984881113,0.588151014,0.1697525101,0.6852795371,1.8341
1.20,0.556,0.2990403975,0.5892066549,0.1700569013,0.6851211860,1.8329
1.20,0.557,0.2995927631,0.5902622678,0.1703612942,0.6849623886,1.8318
1.20,0.558,0.3001452083,0.5913178526,0.1706656887,0.6848031583,1.8307
1.20,0.559,0.3006977331,0.5923734092,0.170970085,0.6846434939,1.8296
1.20,0.560,0.3012503378,0.5934289374,0.1712744832,0.6844833862,1.8284
1.20,0.561,0.3018030225,0.5944844372,0.1715788833,0.6843228372,1.8273
1.20,0.562,0.3023557874,0.5955399085,0.1718832856,0.6841618478,1.8262
1.20,0.563,0.3029086326,0.5965953511,0.17218769,0.6840004156,1.8250
1.20,0.564,0.3034615583,0.5976507649,0.1724920966,0.6838385458,1.8239
1.20,0.565,0.3040145646,0.59870615,0.1727965056,0.6836762328,1.8228
1.20,0.566,0.3045676517,0.599761506,0.1731009171,0.6835134727,1.8216
1.20,0.567,0.3051208197,0.600816833,0.1734053311,0.6833502708,1.8205
1.20,0.568,0.3056740688,0.6018721308,0.1737097477,0.6831866259,1.8193
1.20,0.569,0.3062273992,0.6029273994,0.1740141671,0.6830225333,1.8182
1.20,0.570,0.306780811,0.6039826386,0.1743185893,0.6828579957,1.8171
1.20,0.571,0.3073343043,0.6050378482,0.1746230145,0.6826930140,1.8159
1.20,0.572,0.3078878794,0.6060930283,0.1749274426,0.6825275795,1.8147
1.20,0.573,0.3084415364,0.6071481787,0.175231874,0.6823617091,1.8136
1.20,0.574,0.3089952754,0.6082032993,0.1755363085,0.6821953766,1.8124
1.20,0.575,0.3095490966,0.6092583899,0.1758407464,0.6820286043,1.8113
1.20,0.576,0.3101030001,0.6103134506,0.1761451877,0.6818613821,1.8101
1.20,0.577,0.3106569862,0.6113684811,0.1764496325,0.6816937069,1.8090
1.20,0.578,0.3112110549,0.6124234813,0.176754081,0.6815255796,1.8078
1.20,0.579,0.3117652064,0.6134784512,0.1770585332,0.6813570080,1.8066
1.20,0.580,0.3123194409,0.6145333906,0.1773629893,0.6811879795,1.8055
1.20,0.581,0.3128737586,0.6155882995,0.1776674493,0.6810184896,1.8043
1.20,0.582,0.3134281595,0.6166431777,0.1779719134,0.6808485629,1.8031
1.20,0.583,0.3139826439,0.6176980251,0.1782763816,0.6806781751,1.8019
1.20,0.584,0.3145372119,0.6187528416,0.1785808541,0.6805073313,1.8008
1.20,0.585,0.3150918637,0.6198076271,0.1788853309,0.6803360356,1.7996
1.20,0.586,0.3156465993,0.6208623815,0.1791898122,0.6801642759,1.7984
1.20,0.587,0.3162014191,0.6219171046,0.1794942981,0.6799920735,1.7972
1.20,0.588,0.3167563231,0.6229717964,0.1797987887,0.6798193993,1.7961
1.20,0.589,0.3173113115,0.6240264567,0.1801032841,0.6796462789,1.7949
1.20,0.590,0.3178663845,0.6250810855,0.1804077844,0.6794726962,1.7937
1.20,0.591,0.3184215422,0.6261356826,0.1807122897,0.6792986598,1.7925
1.20,0.592,0.3189767847,0.6271902478,0.1810168001,0.6791241565,1.7913
1.20,0.593,0.3195321123,0.6282447812,0.1813213157,0.6789491955,1.7901
1.20,0.594,0.3200875251,0.6292992826,0.1816258367,0.6787737784,1.7889
1.20,0.595,0.3206430232,0.6303537518,0.1819303631,0.6785978912,1.7877
1.20,0.596,0.3211986068,0.6314081888,0.1822348951,0.6784215491,1.7865
1.20,0.597,0.3217542761,0.6324625934,0.1825394328,0.6782447371,1.7853
1.20,0.598,0.3223100312,0.6335169656,0.1828439763,0.6780674733,1.7841
1.20,0.599,0.3228658723,0.6345713051,0.1831485257,0.6778897384,1.7829
1.20,0.600,0.3234217995,0.635625612,0.1834530811,0.6777115445,1.7817
1.20,0.601,0.323977813,0.636679886,0.1837576426,0.6775328791,1.7805
1.20,0.602,0.324533913,0.6377341271,0.1840622104,0.6773537477,1.7793
1.20,0.603,0.3250900997,0.6387883351,0.1843667845,0.6771741563,1.7781
1.20,0.604,0.3256463731,0.63984251,0.1846713651,0.6769940947,1.7769
1.20,0.605,0.3262027334,0.6408966516,0.1849759523,0.6768135660,1.7757
1.20,0.606,0.3267591808,0.6419507598,0.1852805463,0.6766325659,1.7744
1.20,0.607,0.3273157155,0.6430048345,0.185585147,0.6764510967,1.7732
1.20,0.608,0.3278723376,0.6440588755,0.1858897547,0.6762691629,1.7720
1.20,0.609,0.3284290473,0.6451128828,0.1861943695,0.6760867612,1.7708
1.20,0.610,0.3289858447,0.6461668562,0.1864989915,0.6759038901,1.7696
1.20,0.611,0.3295427301,0.6472207956,0.1868036208,0.6757205392,1.7683
1.20,0.612,0.3300997034,0.6482747009,0.1871082575,0.6755367192,1.7671
1.20,0.613,0.330656765,0.649328572,0.1874129018,0.6753524300,1.7659
1.20,0.614,0.331213915,0.6503824087,0.1877175537,0.6751676699,1.7647
1.20,0.615,0.3317711535,0.651436211,0.1880222135,0.6749824318,1.7634
1.20,0.616,0.3323284808,0.6524899787,0.1883268811,0.6747967197,1.7622
1.20,0.617,0.3328858969,0.6535437117,0.1886315568,0.6746105396,1.7610
1.20,0.618,0.333443402,0.6545974099,0.1889362407,0.6744238723,1.7597
1.20,0.619,0.3340009963,0.6556510731,0.1892409329,0.6742367409,1.7585
1.20,0.620,0.3345586799,0.6567047012,0.1895456335,0.6740491262,1.7572
1.20,0.621,0.335116453,0.6577582942,0.1898503426,0.6738610335,1.7560
1.20,0.622,0.3356743159,0.6588118519,0.1901550604,0.6736724635,1.7548
1.20,0.623,0.3362322685,0.6598653741,0.1904597871,0.6734834191,1.7535
1.20,0.624,0.3367903111,0.6609188608,0.1907645226,0.6732938851,1.7523
1.20,0.625,0.3373484439,0.6619723118,0.1910692672,0.6731038848,1.7510
1.20,0.626,0.337906667,0.663025727,0.191374021,0.6729134028,1.7498
1.20,0.627,0.3384649806,0.6640791062,0.1916787841,0.6727224278,1.7485
1.20,0.628,0.3390233848,0.6651324495,0.1919835566,0.6725309856,1.7473
1.20,0.629,0.3395818798,0.6661857566,0.1922883388,0.6723390551,1.7460
1.20,0.630,0.3401404658,0.6672390273,0.1925931306,0.6721466362,1.7447
1.20,0.631,0.3406991429,0.6682922617,0.1928979323,0.6719537424,1.7435
1.20,0.632,0.3412579113,0.6693454595,0.1932027439,0.6717603661,1.7422
1.20,0.633,0.3418167712,0.6703986207,0.1935075657,0.6715664983,1.7410
1.20,0.634,0.3423757226,0.671451745,0.1938123977,0.6713721517,1.7397
1.20,0.635,0.3429347659,0.6725048325,0.19411724,0.6711773114,1.7384
1.20,0.636,0.343493901,0.6735578829,0.1944220929,0.6709819909,1.7372
1.20,0.637,0.3440531283,0.6746108962,0.1947269565,0.6707861823,1.7359
1.20,0.638,0.3446124479,0.6756638721,0.1950318308,0.6705898912,1.7346
1.20,0.639,0.3451718598,0.6767168106,0.195336716,0.6703931010,1.7333
1.20,0.640,0.3457313644,0.6777697116,0.1956416123,0.6701958361,1.7321
1.20,0.641,0.3462909617,0.6788225749,0.1959465198,0.6699980750,1.7308
1.20,0.642,0.3468506519,0.6798754004,0.1962514386,0.6697998240,1.7295
1.20,0.643,0.3474104353,0.680928188,0.1965563689,0.6696010786,1.7282
1.20,0.644,0.3479703118,0.6819809375,0.1968613108,0.6694018450,1.7269
1.20,0.645,0.3485302818,0.6830336489,0.1971662645,0.6692021174,1.7257
1.20,0.646,0.3490903454,0.6840863219,0.1974712301,0.6690019006,1.7244
1.20,0.647,0.3496505026,0.6851389565,0.1977762077,0.6688011903,1.7231
1.20,0.648,0.3502107538,0.6861915525,0.1980811975,0.6685999898,1.7218
1.20,0.649,0.3507710991,0.6872441098,0.1983861996,0.6683982973,1.7205
1.20,0.650,0.3513315386,0.6882966282,0.1986912142,0.6681961031,1.7192
1.20,0.651,0.3518920725,0.6893491078,0.1989962414,0.6679934235,1.7179
1.20,0.652,0.3524527009,0.6904015482,0.1993012813,0.6677902280,1.7166
1.20,0.653,0.3530134241,0.6914539493,0.1996063342,0.6675865514,1.7153
1.20,0.654,0.3535742422,0.6925063112,0.1999114001,0.6673823724,1.7140
1.20,0.655,0.3541351553,0.6935586335,0.2002164792,0.6671776996,1.7127
1.20,0.656,0.3546961637,0.6946109162,0.2005215717,0.6669725284,1.7114
1.20,0.657,0.3552572674,0.6956631592,0.2008266776,0.6667668587,1.7101
1.20,0.658,0.3558184667,0.6967153623,0.2011317972,0.6665606791,1.7088
1.20,0.659,0.3563797617,0.6977675254,0.2014369306,0.6663540214,1.7075
1.20,0.660,0.3569411526,0.6988196483,0.201742078,0.6661468449,1.7062
1.20,0.661,0.3575026395,0.6998717309,0.2020472394,0.6659391730,1.7049
1.20,0.662,0.3580642227,0.7009237731,0.2023524151,0.6657309996,1.7036
1.20,0.663,0.3586259023,0.7019757748,0.2026576052,0.6655223211,1.7023
1.20,0.664,0.3591876784,0.7030277358,0.2029628098,0.6653131430,1.7010
1.20,0.665,0.3597495512,0.7040796559,0.2032680291,0.6651034586,1.6997
1.20,0.666,0.3603115209,0.7051315351,0.2035732633,0.6648932742,1.6984
1.20,0.667,0.3608735876,0.7061833732,0.2038785125,0.6646825808,1.6970
1.20,0.668,0.3614357516,0.7072351701,0.2041837769,0.6644713817,1.6957
1.20,0.669,0.3619980129,0.7082869257,0.2044890566,0.6642596795,1.6944
1.20,0.670,0.3625603718,0.7093386397,0.2047943518,0.6640474660,1.6931
1.20,0.671,0.3631228284,0.7103903121,0.2050996626,0.6638347476,1.6917
1.20,0.672,0.3636853829,0.7114419427,0.2054049892,0.6636215235,1.6904
1.20,0.673,0.3642480355,0.7124935314,0.2057103318,0.6634077978,1.6891
1.20,0.674,0.3648107862,0.713545078,0.2060156905,0.6631935483,1.6878
1.20,0.675,0.3653736354,0.7145965825,0.2063210654,0.6629788020,1.6864
1.20,0.676,0.3659365831,0.7156480447,0.2066264568,0.6627635400,1.6851
1.20,0.677,0.3664996296,0.7166994644,0.2069318648,0.6625477637,1.6838
1.20,0.678,0.3670627749,0.7177508414,0.2072372896,0.6623314830,1.6824
1.20,0.679,0.3676260193,0.7188021758,0.2075427313,0.6621146854,1.6811
1.20,0.680,0.3681893629,0.7198534673,0.2078481901,0.6618973777,1.6798
1.20,0.681,0.3687528059,0.7209047157,0.2081536661,0.6616795513,1.6784
1.20,0.682,0.3693163485,0.721955921,0.2084591595,0.6614612181,1.6771
1.20,0.683,0.3698799908,0.723007083,0.2087646706,0.6612423723,1.6757
1.20,0.684,0.370443733,0.7240582016,0.2090701993,0.6610230066,1.6744
1.20,0.685,0.3710075753,0.7251092765,0.209375746,0.6608031291,1.6731
1.20,0.686,0.3715715178,0.7261603078,0.2096813108,0.6605827302,1.6717
1.20,0.687,0.3721355608,0.7272112952,0.2099868938,0.6603618164,1.6704
1.20,0.688,0.3726997043,0.7282622385,0.2102924953,0.6601403920,1.6690
1.20,0.689,0.3732639486,0.7293131378,0.2105981153,0.6599184408,1.6677
1.20,0.690,0.3738282938,0.7303639927,0.2109037541,0.6596959746,1.6663
1.20,0.691,0.3743927401,0.7314148032,0.2112094118,0.6594729908,1.6650
1.20,0.692,0.3749572876,0.7324655691,0.2115150886,0.6592494868,1.6636
1.20,0.693,0.3755219366,0.7335162903,0.2118207847,0.6590254629,1.6623
1.20,0.694,0.3760866872,0.7345669667,0.2121265002,0.6588009156,1.6609
1.20,0.695,0.3766515395,0.735617598,0.2124322354,0.6585758489,1.6595
1.20,0.696,0.3772164938,0.7366681842,0.2127379904,0.6583502633,1.6582
1.20,0.697,0.3777815502,0.737718725,0.2130437653,0.6581241450,1.6568
1.20,0.698,0.3783467089,0.7387692205,0.2133495604,0.6578975109,1.6555
1.20,0.699,0.3789119701,0.7398196703,0.2136553758,0.6576703518,1.6541
1.20,0.700,0.3794773338,0.7408700744,0.2139612117,0.6574426691,1.6527
1.20,0.701,0.3800428004,0.7419204326,0.2142670682,0.6572144569,1.6514
1.20,0.702,0.38060837,0.7429707448,0.2145729457,0.6569857243,1.6500
1.20,0.703,0.3811740426,0.7440210108,0.2148788441,0.6567564690,1.6486
1.20,0.704,0.3817398186,0.7450712305,0.2151847638,0.6565266828,1.6472
1.20,0.705,0.3823056981,0.7461214037,0.2154907049,0.6562963613,1.6459
1.20,0.706,0.3828716813,0.7471715303,0.2157966675,0.6560655182,1.6445
1.20,0.707,0.3834377682,0.7482216102,0.216102652,0.6558341474,1.6431
1.20,0.708,0.3840039592,0.7492716431,0.2164086583,0.6556022458,1.6417
1.20,0.709,0.3845702543,0.7503216289,0.2167146868,0.6553698166,1.6404
1.20,0.710,0.3851366538,0.7513715676,0.2170207376,0.6551368508,1.6390
1.20,0.711,0.3857031578,0.7524214589,0.2173268109,0.6549033661,1.6376
1.20,0.712,0.3862697665,0.7534713026,0.2176329069,0.6546693383,1.6362
1.20,0.713,0.3868364801,0.7545210987,0.2179390257,0.6544347753,1.6348
1.20,0.714,0.3874032987,0.755570847,0.2182451676,0.6541996905,1.6335
1.20,0.715,0.3879702226,0.7566205474,0.2185513328,0.6539640708,1.6321
1.20,0.716,0.3885372518,0.7576701996,0.2188575213,0.6537279123,1.6307
1.20,0.717,0.3891043865,0.7587198035,0.2191637335,0.6534912251,1.6293
1.20,0.718,0.389671627,0.759769359,0.2194699695,0.6532539999,1.6279
1.20,0.719,0.3902389735,0.760818866,0.2197762295,0.6530162316,1.6265
1.20,0.720,0.390806426,0.7618683242,0.2200825137,0.6527779366,1.6251
1.20,0.721,0.3913739847,0.7629177336,0.2203888223,0.6525391008,1.6237
1.20,0.722,0.3919416499,0.7639670939,0.2206951555,0.6522997254,1.6223
1.20,0.723,0.3925094217,0.765016405,0.2210015134,0.6520598179,1.6209
1.20,0.724,0.3930773003,0.7660656668,0.2213078963,0.6518193618,1.6195
1.20,0.725,0.3936452858,0.7671148791,0.2216143044,0.6515783724,1.6182
1.20,0.726,0.3942133785,0.7681640418,0.2219207378,0.6513368422,1.6168
1.20,0.727,0.3947815785,0.7692131546,0.2222271968,0.6510947642,1.6154
1.20,0.728,0.3953498859,0.7702622175,0.2225336816,0.6508521500,1.6139
1.20,0.729,0.3959183011,0.7713112303,0.2228401922,0.6506090000,1.6125
1.20,0.730,0.396486824,0.7723601929,0.2231467291,0.6503652989,1.6111
1.20,0.731,0.397055455,0.773409105,0.2234532923,0.6501210558,1.6097
1.20,0.732,0.3976241942,0.7744579665,0.223759882,0.6498762730,1.6083
1.20,0.733,0.3981930417,0.7755067773,0.2240664985,0.6496309380,1.6069
1.20,0.734,0.3987619977,0.7765555372,0.2243731419,0.6493850669,1.6055
1.20,0.735,0.3993310625,0.777604246,0.2246798125,0.6491386393,1.6041
1.20,0.736,0.3999002362,0.7786529036,0.2249865105,0.6488916784,1.6027
1.20,0.737,0.4004695189,0.7797015099,0.225293236,0.6486441609,1.6013
1.20,0.738,0.4010389109,0.7807500646,0.2255999893,0.6483960894,1.5999
1.20,0.739,0.4016084124,0.7817985677,0.2259067705,0.6481474791,1.5985
1.20,0.740,0.4021780234,0.7828470189,0.2262135799,0.6478983224,1.5970
1.20,0.741,0.4027477442,0.7838954181,0.2265204178,0.6476486050,1.5956
1.20,0.742,0.403317575,0.7849437652,0.2268272842,0.6473983477,1.5942
1.20,0.743,0.4038875159,0.7859920599,0.2271341794,0.6471475407,1.5928
1.20,0.744,0.4044575671,0.7870403021,0.2274411036,0.6468961777,1.5914
1.20,0.745,0.4050277288,0.7880884917,0.2277480571,0.6466442622,1.5899
1.20,0.746,0.4055980012,0.7891366285,0.22805504,0.6463917981,1.5885
1.20,0.747,0.4061683845,0.7901847123,0.2283620525,0.6461387662,1.5871
1.20,0.748,0.4067388787,0.791232743,0.2286690949,0.6458851941,1.5857
1.20,0.749,0.4073094842,0.7922807203,0.2289761674,0.6456310618,1.5842
1.20,0.750,0.4078802011,0.7933286443,0.2292832702,0.6453763796,1.5828
1.20,0.751,0.4084510295,0.7943765146,0.2295904034,0.6451211417,1.5814
1.20,0.752,0.4090219697,0.7954243311,0.2298975674,0.6448653330,1.5800
1.20,0.753,0.4095930219,0.7964720937,0.2302047623,0.6446089776,1.5785
1.20,0.754,0.4101641861,0.7975198022,0.2305119884,0.6443520655,1.5771
1.20,0.755,0.4107354626,0.7985674564,0.2308192458,0.6440945883,1.5757
1.20,0.756,0.4113068516,0.7996150562,0.2311265349,0.6438365566,1.5742
1.20,0.757,0.4118783532,0.8006626013,0.2314338557,0.6435779653,1.5728
1.20,0.758,0.4124499677,0.8017100917,0.2317412086,0.6433188028,1.5714
1.20,0.759,0.4130216952,0.8027575272,0.2320485937,0.6430590911,1.5699
1.20,0.760,0.4135935359,0.8038049075,0.2323560113,0.6427988114,1.5685
1.20,0.761,0.4141654899,0.8048522326,0.2326634615,0.6425379728,1.5670
1.20,0.762,0.4147375576,0.8058995023,0.2329709447,0.6422765736,1.5656
1.20,0.763,0.4153097389,0.8069467164,0.2332784611,0.6420145988,1.5642
1.20,0.764,0.4158820342,0.8079938746,0.2335860108,0.6417520608,1.5627
1.20,0.765,0.4164544436,0.809040977,0.2338935941,0.6414889620,1.5613
1.20,0.766,0.4170269672,0.8100880233,0.2342012112,0.6412252963,1.5598
1.20,0.767,0.4175996053,0.8111350132,0.2345088623,0.6409610628,1.5584
1.20,0.768,0.4181723581,0.8121819468,0.2348165478,0.6406962689,1.5569
1.20,0.769,0.4187452257,0.8132288237,0.2351242677,0.6404308983,1.5555
1.20,0.770,0.4193182084,0.8142756439,0.2354320224,0.6401649598,1.5540
1.20,0.771,0.4198913062,0.8153224071,0.2357398121,0.6398984485,1.5526
1.20,0.772,0.4204645194,0.8163691132,0.2360476369,0.6396313718,1.5511
1.20,0.773,0.4210378482,0.817415762,0.2363554972,0.6393637205,1.5497
1.20,0.774,0.4216112927,0.8184623533,0.2366633931,0.6390955011,1.5482
1.20,0.775,0.4221848532,0.819508887,0.236971325,0.6388267034,1.5468
1.20,0.776,0.4227585297,0.8205553629,0.2372792929,0.6385573383,1.5453
1.20,0.777,0.4233323226,0.8216017808,0.2375872973,0.6382873971,1.5439
1.20,0.778,0.423906232,0.8226481406,0.2378953382,0.6380168747,1.5424
1.20,0.779,0.4244802581,0.8236944421,0.238203416,0.6377457812,1.5410
1.20,0.780,0.425054401,0.824740685,0.2385115308,0.6374741141,1.5395
1.20,0.781,0.4256286609,0.8257868693,0.238819683,0.6372018711,1.5380
1.20,0.782,0.4262030381,0.8268329948,0.2391278728,0.6369290480,1.5366
1.20,0.783,0.4267775327,0.8278790612,0.2394361003,0.6366556486,1.5351
1.20,0.784,0.4273521449,0.8289250685,0.2397443659,0.6363816672,1.5337
1.20,0.785,0.4279268748,0.8299710164,0.2400526698,0.6361071061,1.5322
1.20,0.786,0.4285017228,0.8310169047,0.2403610122,0.6358319660,1.5307
1.20,0.787,0.4290766889,0.8320627334,0.2406693933,0.6355562385,1.5293
1.20,0.788,0.4296517734,0.8331085021,0.2409778135,0.6352799341,1.5278
1.20,0.789,0.4302269763,0.8341542108,0.2412862729,0.6350030425,1.5263
1.20,0.790,0.4308022981,0.8351998593,0.2415947719,0.6347255704,1.5249
1.20,0.791,0.4313777387,0.8362454473,0.2419033106,0.6344475201,1.5234
1.20,0.792,0.4319532984,0.8372909748,0.2422118893,0.6341688691,1.5219
1.20,0.793,0.4325289774,0.8383364414,0.2425205083,0.6338896425,1.5205
1.20,0.794,0.4331047759,0.8393818471,0.2428291677,0.6336098196,1.5190
1.20,0.795,0.433680694,0.8404271917,0.2431378679,0.6333294243,1.5175
1.20,0.796,0.434256732,0.841472475,0.2434466092,0.6330484269,1.5160
1.20,0.797,0.43483289,0.8425176968,0.2437553916,0.6327668510,1.5146
1.20,0.798,0.4354091682,0.8435628569,0.2440642156,0.6324846739,1.5131
1.20,0.799,0.4359855668,0.8446079552,0.2443730814,0.6322019104,1.5116
1.20,0.800,0.4365620861,0.8456529915,0.2446819891,0.6319185518,1.5101
