k_hip,q,alpha_h,s,v,lam_max,N_half,lam1_im
-0.300,0.010,0.004896932227,0.00979382531,0.003052587354,0.9993573614,1078.2490,0.0000000000
-0.300,0.011,0.005386630556,0.01077320901,0.003357846064,0.9992222908,890.9212,0.0000000000
-0.300,0.012,0.00587633046,0.01175259328,0.003663104838,0.9990743077,748.4412,0.0000000000
-0.300,0.013,0.006366032074,0.01273197815,0.003968363679,0.9989133989,637.5574,0.0000000000
-0.300,0.014,0.006855735538,0.01371136367,0.004273622588,0.9987395496,549.5736,0.0000000000
-0.300,0.015,0.007345440989,0.01469074987,0.00457888157,0.9985527445,478.5924,0.0000000000
-0.300,0.016,0.007835148567,0.0156701368,0.004884140628,0.9983529674,420.4994,0.0000000000
-0.300,0.017,0.008324858413,0.01664952451,0.005189399766,0.9981401997,372.3531,0.0000000000
-0.300,0.018,0.008814570667,0.01762891305,0.005494658988,0.9979144228,332.0060,0.0000000000
-0.300,0.019,0.009304285469,0.01860830245,0.005799918299,0.9976756150,297.8600,0.0000000000
-0.300,0.020,0.00979400296,0.01958769277,0.006105177702,0.9974237556,268.7066,0.0000000000
-0.300,0.021,0.01028372328,0.02056708405,0.006410437204,0.9971588209,243.6179,0.0000000000
-0.300,0.022,0.01077344657,0.02154647634,0.006715696807,0.9968807868,221.8718,0.0000000000
-0.300,0.023,0.01126317298,0.02252586968,0.007020956517,0.9965896285,202.9001,0.0000000000
-0.300,0.024,0.01175290264,0.02350526413,0.007326216339,0.9962853176,186.2498,0.0000000000
-0.300,0.025,0.01224263437,0.0244846571,0.007631475459,0.9959678280,171.5574,0.0000000000
-0.300,0.026,0.01273237097,0.02546405393,0.007936735526,0.9956371255,158.5271,0.0000000000
-0.300,0.027,0.01322211125,0.02644345199,0.008241995718,0.9952931830,146.9177,0.0000000000
-0.300,0.028,0.01371185534,0.02742285135,0.008547256041,0.9949359674,136.5297,0.0000000000
-0.300,0.029,0.0142016034,0.02840225205,0.008852516499,0.9945654444,127.1975,0.0000000000
-0.300,0.030,0.01469135555,0.02938165413,0.009157777097,0.9941815780,118.7828,0.0000000000
-0.300,0.031,0.01518111194,0.03036105765,0.009463037841,0.9937843312,111.1692,0.0000000000
-0.300,0.032,0.01567087272,0.03134046265,0.009768298734,0.9933736677,104.2580,0.0000000000
-0.300,0.033,0.01616063802,0.03231986918,0.01007355978,0.9929495453,97.9654,0.0000000000
-0.300,0.034,0.01665040799,0.03329927729,0.01037882099,0.9925119228,92.2198,0.0000000000
-0.300,0.035,0.01714018276,0.03427868703,0.01068408237,0.9920607581,86.9594,0.0000000000
-0.300,0.036,0.01762996248,0.03525809844,0.01098934391,0.9915960066,82.1312,0.0000000000
-0.300,0.037,0.01811974729,0.03623751156,0.01129460563,0.9911176204,77.6891,0.0000000000
-0.300,0.038,0.01860953734,0.03721692646,0.01159986753,0.9906255521,73.5929,0.0000000000
-0.300,0.039,0.01909933276,0.03819634317,0.01190512962,0.9901197533,69.8077,0.0000000000
-0.300,0.040,0.01958913369,0.03917576175,0.0122103919,0.9896001711,66.3027,0.0000000000
-0.300,0.041,0.02007894028,0.04015518224,0.01251565437,0.9890667509,63.0509,0.0000000000
-0.300,0.042,0.02056875266,0.04113460469,0.01282091705,0.9885194406,60.0285,0.0000000000
-0.300,0.043,0.02105857099,0.04211402914,0.01312617993,0.9879581789,57.2144,0.0000000000
-0.300,0.044,0.02154839539,0.04309345565,0.01343144302,0.9873829108,54.5899,0.0000000000
-0.300,0.045,0.02203822602,0.04407288425,0.01373670633,0.9867935695,52.1382,0.0000000000
-0.300,0.046,0.02252806301,0.04505231501,0.01404196986,0.9861900977,49.8447,0.0000000000
-0.300,0.047,0.0230179065,0.04603174797,0.01434723362,0.9855724268,47.6958,0.0000000000
-0.300,0.048,0.02350775665,0.04701118317,0.01465249762,0.9849404904,45.6798,0.0000000000
-0.300,0.049,0.02399761358,0.04799062066,0.01495776185,0.9842942177,43.7858,0.0000000000
-0.300,0.050,0.02448747744,0.04897006049,0.01526302632,0.9836335371,42.0042,0.0000000000
-0.300,0.051,0.02497734837,0.04994950271,0.01556829105,0.9829583721,40.3262,0.0000000000
-0.300,0.052,0.02546722651,0.05092894736,0.01587355603,0.9822686491,38.7440,0.0000000000
-0.300,0.053,0.02595711201,0.0519083945,0.01617882127,0.9815642874,37.2504,0.0000000000
-0.300,0.054,0.02644700501,0.05288784416,0.01648408677,0.9808452034,35.8389,0.0000000000
-0.300,0.055,0.02693690564,0.0538672964,0.01678935254,0.9801113147,34.5036,0.0000000000
-0.300,0.056,0.02742681405,0.05484675127,0.0170946186,0.9793625342,33.2391,0.0000000000
-0.300,0.057,0.02791673038,0.0558262088,0.01739988493,0.9785987671,32.0404,0.0000000000
-0.300,0.058,0.02840665478,0.05680566906,0.01770515155,0.9778199232,30.9030,0.0000000000
-0.300,0.059,0.02889658715,0.05778513163,0.01801041833,0.9770259088,29.8229,0.0000000000
-0.300,0.060,0.0293865281,0.05876459747,0.01831568554,0.9762166200,28.7962,0.0000000000
-0.300,0.061,0.02987647753,0.05974406617,0.01862095306,0.9753919574,27.8195,0.0000000000
-0.300,0.062,0.03036643559,0.06072353778,0.01892622089,0.9745518124,26.8895,0.0000000000
-0.300,0.063,0.03085640242,0.06170301234,0.01923148904,0.9736960764,26.0034,0.0000000000
-0.300,0.064,0.03134637817,0.06268248991,0.01953675751,0.9728246378,25.1583,0.0000000000
-0.300,0.065,0.03183636297,0.06366197053,0.0198420263,0.9719373791,24.3518,0.0000000000
-0.300,0.066,0.03232635696,0.06464145424,0.02014729544,0.9710341778,23.5816,0.0000000000
-0.300,0.067,0.0328163603,0.0656209411,0.02045256491,0.9701149132,22.8454,0.0000000000
-0.300,0.068,0.03330637311,0.06660043116,0.02075783472,0.9691794526,22.1414,0.0000000000
-0.300,0.069,0.03379639554,0.06757992445,0.02106310489,0.9682276646,21.4676,0.0000000000
-0.300,0.070,0.03428642774,0.06855942103,0.02136837542,0.9672594113,20.8224,0.0000000000
-0.300,0.071,0.03477646984,0.06953892094,0.02167364631,0.9662745531,20.2041,0.0000000000
-0.300,0.072,0.03526652199,0.07051842424,0.02197891757,0.9652729396,19.6112,0.0000000000
-0.300,0.073,0.03575658432,0.07149793096,0.0222841892,0.9642544198,19.0425,0.0000000000
-0.300,0.074,0.03624665699,0.07247744116,0.02258946122,0.9632188358,18.4964,0.0000000000
-0.300,0.075,0.03673674013,0.07345695488,0.02289473363,0.9621660265,17.9720,0.0000000000
-0.300,0.076,0.03722683388,0.07443647218,0.02320000643,0.9610958243,17.4679,0.0000000000
-0.300,0.077,0.03771693839,0.07541599308,0.02350527963,0.9600080468,16.9832,0.0000000000
-0.300,0.078,0.03820705379,0.07639551766,0.02381055324,0.9589025240,16.5169,0.0000000000
-0.300,0.079,0.03869718024,0.07737504594,0.02411582727,0.9577790660,16.0681,0.0000000000
-0.300,0.080,0.03918731786,0.07835457798,0.02442110171,0.9566374738,15.6358,0.0000000000
-0.300,0.081,0.03967746681,0.07933411383,0.02472637658,0.9554775520,15.2193,0.0000000000
-0.300,0.082,0.04016762722,0.08031365353,0.02503165189,0.9542990849,14.8178,0.0000000000
-0.300,0.083,0.04065779924,0.08129319712,0.02533692763,0.9531018672,14.4305,0.0000000000
-0.300,0.084,0.04114798301,0.08227274467,0.02564220382,0.9518856669,14.0568,0.0000000000
-0.300,0.085,0.04163817867,0.0832522962,0.02594748047,0.9506502546,13.6961,0.0000000000
-0.300,0.086,0.04212838637,0.08423185178,0.02625275757,0.9493953827,13.3477,0.0000000000
-0.300,0.087,0.04261860623,0.08521141144,0.02655803514,0.9481208041,13.0111,0.0000000000
-0.300,0.088,0.04310883842,0.08619097523,0.02686331318,0.9468262634,12.6858,0.0000000000
-0.300,0.089,0.04359908306,0.08717054321,0.02716859171,0.9455114787,12.3712,0.0000000000
-0.300,0.090,0.04408934031,0.08815011541,0.02747387072,0.9441761716,12.0668,0.0000000000
-0.300,0.091,0.04457961029,0.08912969188,0.02777915022,0.9428200497,11.7722,0.0000000000
-0.300,0.092,0.04506989317,0.09010927268,0.02808443023,0.9414428034,11.4870,0.0000000000
-0.300,0.093,0.04556018907,0.09108885784,0.02838971074,0.9400441186,11.2108,0.0000000000
-0.300,0.094,0.04605049814,0.09206844742,0.02869499177,0.9386236557,10.9432,0.0000000000
-0.300,0.095,0.04654082052,0.09304804146,0.02900027332,0.9371810736,10.6837,0.0000000000
-0.300,0.096,0.04703115635,0.09402764,0.0293055554,0.9357160074,10.4322,0.0000000000
-0.300,0.097,0.04752150578,0.0950072431,0.02961083801,0.9342280669,10.1881,0.0000000000
-0.300,0.098,0.04801186895,0.09598685079,0.02991612117,0.9327168772,9.9514,0.0000000000
-0.300,0.099,0.048502246,0.09696646314,0.03022140488,0.9311820098,9.7215,0.0000000000
-0.300,0.100,0.04899263706,0.09794608018,0.03052668915,0.9296230414,9.4983,0.0000000000
-0.300,0.101,0.0494830423,0.09892570195,0.03083197399,0.9280395029,9.2814,0.0000000000
-0.300,0.102,0.04997346184,0.09990532852,0.03113725939,0.9264309284,9.0707,0.0000000000
-0.300,0.103,0.05046389583,0.1008849599,0.03144254538,0.9247968161,8.8659,0.0000000000
-0.300,0.104,0.05095434441,0.1018645962,0.03174783196,0.9231366461,8.6667,0.0000000000
-0.300,0.105,0.05144480773,0.1028442374,0.03205311914,0.9214498548,8.4730,0.0000000000
-0.300,0.106,0.05193528592,0.1038238836,0.03235840692,0.9197358784,8.2844,0.0000000000
-0.300,0.107,0.05242577912,0.1048035348,0.03266369531,0.9179940894,8.1009,0.0000000000
-0.300,0.108,0.05291628749,0.105783191,0.03296898432,0.9162238516,7.9222,0.0000000000
-0.300,0.109,0.05340681117,0.1067628524,0.03327427395,0.9144244818,7.7481,0.0000000000
-0.300,0.110,0.05389735028,0.1077425189,0.03357956423,0.9125952639,7.5785,0.0000000000
-0.300,0.111,0.05438790499,0.1087221906,0.03388485514,0.9107354354,7.4131,0.0000000000
-0.300,0.112,0.05487847542,0.1097018676,0.03419014671,0.9088441935,7.2519,0.0000000000
-0.300,0.113,0.05536906173,0.1106815499,0.03449543894,0.9069206791,7.0946,0.0000000000
-0.300,0.114,0.05585966405,0.1116612375,0.03480073184,0.9049639892,6.9412,0.0000000000
-0.300,0.115,0.05635028253,0.1126409305,0.03510602541,0.9029731593,6.7914,0.0000000000
-0.300,0.116,0.05684091731,0.1136206289,0.03541131967,0.9009471633,6.6452,0.0000000000
-0.300,0.117,0.05733156853,0.1146003328,0.03571661462,0.8988848966,6.5023,0.0000000000
-0.300,0.118,0.05782223634,0.1155800423,0.03602191027,0.8967851964,6.3627,0.0000000000
-0.300,0.119,0.05831292088,0.1165597573,0.03632720663,0.8946468078,6.2263,0.0000000000
-0.300,0.120,0.05880362228,0.1175394779,0.03663250371,0.8924683795,6.0928,0.0000000000
-0.300,0.121,0.0592943407,0.1185192042,0.03693780151,0.8902484708,5.9623,0.0000000000
-0.300,0.122,0.05978507627,0.1194989362,0.03724310005,0.8879855232,5.8346,0.0000000000
-0.300,0.123,0.06027582915,0.120478674,0.03754839934,0.8856778566,5.7095,0.0000000000
-0.300,0.124,0.06076659946,0.1214584176,0.03785369938,0.8833236566,5.5870,0.0000000000
-0.300,0.125,0.06125738736,0.122438167,0.03815900018,0.8809209362,5.4670,0.0000000000
-0.300,0.126,0.06174819298,0.1234179223,0.03846430176,0.8784675761,5.3493,0.0000000000
-0.300,0.127,0.06223901647,0.1243976835,0.03876960411,0.8759612046,5.2339,0.0000000000
-0.300,0.128,0.06272985797,0.1253774507,0.03907490725,0.8733992771,5.1207,0.0000000000
-0.300,0.129,0.06322071763,0.126357224,0.0393802112,0.8707789824,5.0095,0.0000000000
-0.300,0.130,0.06371159558,0.1273370033,0.03968551595,0.8680972129,4.9002,0.0000000000
-0.300,0.131,0.06420249198,0.1283167888,0.03999082151,0.8653505409,4.7929,0.0000000000
-0.300,0.132,0.06469340696,0.1292965804,0.04029612791,0.8625351488,4.6872,0.0000000000
-0.300,0.133,0.06518434066,0.1302763782,0.04060143514,0.8596467900,4.5833,0.0000000000
-0.300,0.134,0.06567529323,0.1312561823,0.04090674321,0.8566806844,4.4809,0.0000000000
-0.300,0.135,0.06616626482,0.1322359927,0.04121205214,0.8536314206,4.3799,0.0000000000
-0.300,0.136,0.06665725552,0.1332158093,0.04151736191,0.8504929071,4.2803,0.0000000000
-0.300,0.137,0.06714826555,0.1341956325,0.04182267258,0.8472581202,4.1819,0.0000000000
-0.300,0.138,0.06763929503,0.1351754621,0.04212798414,0.8439190037,4.0846,0.0000000000
-0.300,0.139,0.06813034409,0.1361552981,0.04243329659,0.8404661572,3.9882,0.0000000000
-0.300,0.140,0.06862141288,0.1371351407,0.04273860994,0.8368886135,3.8927,0.0000000000
-0.300,0.141,0.06911250153,0.1381149899,0.04304392421,0.8331732690,3.7978,0.0000000000
-0.300,0.142,0.0696036102,0.1390948456,0.0433492394,0.8293044558,3.7033,0.0000000000
-0.300,0.143,0.07009473903,0.1400747081,0.04365455553,0.8252629536,3.6091,0.0000000000
-0.300,0.144,0.07058588816,0.1410545772,0.0439598726,0.8210250135,3.5149,0.0000000000
-0.300,0.145,0.07107705772,0.1420344531,0.04426519063,0.8165604366,3.4203,0.0000000000
-0.300,0.146,0.07156824788,0.1430143359,0.04457050962,0.8118299879,3.3250,0.0000000000
-0.300,0.147,0.07205945876,0.1439942254,0.0448758296,0.8067809733,3.2284,0.0000000000
-0.300,0.148,0.07255069051,0.1449741219,0.04518115055,0.8013397526,3.1298,0.0000000000
-0.300,0.149,0.07304194328,0.1459540252,0.04548647251,0.7953978328,3.0280,0.0000000000
-0.300,0.150,0.07353321721,0.1469339356,0.04579179547,0.7887828643,2.9214,0.0000000000
-0.300,0.151,0.07402451244,0.147913853,0.04609711946,0.7811891039,2.8070,0.0000000000
-0.300,0.152,0.07451582911,0.1488937774,0.04640244447,0.7719619157,2.6781,0.0000000000
-0.300,0.153,0.07500716738,0.149873709,0.04670777053,0.7589710401,2.5133,0.0000000000
-0.300,0.154,0.07549852737,0.1508536477,0.04701309763,0.7396181561,2.2981,0.0165862716
-0.300,0.155,0.07598990924,0.1518335937,0.04731842581,0.7395919833,2.2978,0.0302973105
-0.300,0.156,0.07648131313,0.1528135468,0.04762375505,0.7395656309,2.2975,0.0395522601
-0.300,0.157,0.07697273918,0.1537935073,0.04792908539,0.7395390996,2.2973,0.0470580162
-0.300,0.158,0.07746418754,0.1547734751,0.04823441682,0.7395123893,2.2970,0.0535550838
-0.300,0.159,0.07795565835,0.1557534503,0.04853974936,0.7394854984,2.2967,0.0593753686
-0.300,0.160,0.07844715175,0.1567334329,0.04884508302,0.7394584286,2.2964,0.0647017290
-0.300,0.161,0.07893866789,0.157713423,0.04915041781,0.7394311776,2.2961,0.0696474874
-0.300,0.162,0.07943020691,0.1586934206,0.04945575375,0.7394037467,2.2959,0.0742886320
-0.300,0.163,0.07992176895,0.1596734258,0.04976109085,0.7393761362,2.2956,0.0786790382
-0.300,0.164,0.08041335416,0.1606534385,0.05006642911,0.7393483428,2.2953,0.0828584648
-0.300,0.165,0.08090496268,0.1616334589,0.05037176856,0.7393203700,2.2950,0.0868573565
-0.300,0.166,0.08139659465,0.162613487,0.05067710919,0.7392922166,2.2947,0.0906995208
-0.300,0.167,0.08188825023,0.1635935229,0.05098245104,0.7392638835,2.2944,0.0944040415
-0.300,0.168,0.08237992955,0.1645735665,0.05128779409,0.7392353669,2.2941,0.0979864659
-0.300,0.169,0.08287163275,0.1655536179,0.05159313838,0.7392066686,2.2938,0.1014596855
-0.300,0.170,0.08336335999,0.1665336772,0.05189848391,0.7391777875,2.2935,0.1048344802
-0.300,0.171,0.0838551114,0.1675137445,0.0522038307,0.7391487264,2.2932,0.1081200504
-0.300,0.172,0.08434688712,0.1684938196,0.05250917875,0.7391194833,2.2929,0.1113242344
-0.300,0.173,0.08483868731,0.1694739028,0.05281452809,0.7390900572,2.2926,0.1144538058
-0.300,0.174,0.08533051211,0.170453994,0.05311987871,0.7390604483,2.2923,0.1175146832
-0.300,0.175,0.08582236166,0.1714340933,0.05342523065,0.7390306563,2.2920,0.1205120718
-0.300,0.176,0.0863142361,0.1724142008,0.0537305839,0.7390006815,2.2917,0.1234505224
-0.300,0.177,0.08680613558,0.1733943164,0.05403593849,0.7389705238,2.2914,0.1263341214
-0.300,0.178,0.08729806024,0.1743744402,0.05434129442,0.7389401828,2.2911,0.1291664938
-0.300,0.179,0.08779001023,0.1753545723,0.05464665171,0.7389096580,2.2908,0.1319508932
-0.300,0.180,0.08828198569,0.1763347127,0.05495201037,0.7388789496,2.2905,0.1346902595
-0.300,0.181,0.08877398676,0.1773148614,0.05525737042,0.7388480577,2.2902,0.1373872331
-0.300,0.182,0.0892660136,0.1782950186,0.05556273187,0.7388169795,2.2898,0.1400442336
-0.300,0.183,0.08975806633,0.1792751841,0.05586809474,0.7387857183,2.2895,0.1426634380
-0.300,0.184,0.09025014512,0.1802553582,0.05617345903,0.7387542719,2.2892,0.1452468632
-0.300,0.185,0.0907422501,0.1812355408,0.05647882476,0.7387226407,2.2889,0.1477963366
-0.300,0.186,0.09123438141,0.1822157319,0.05678419195,0.7386908239,2.2886,0.1503135484
-0.300,0.187,0.09172653921,0.1831959317,0.05708956061,0.7386588221,2.2882,0.1528000534
-0.300,0.188,0.09221872363,0.1841761401,0.05739493076,0.7386266352,2.2879,0.1552573026
-0.300,0.189,0.09271093482,0.1851563571,0.0577003024,0.7385942622,2.2876,0.1576866080
-0.300,0.190,0.09320317293,0.186136583,0.05800567556,0.7385617033,2.2872,0.1600892113
-0.300,0.191,0.0936954381,0.1871168176,0.05831105025,0.7385289587,2.2869,0.1624662535
-0.300,0.192,0.09418773047,0.188097061,0.05861642647,0.7384960259,2.2866,0.1648188087
-0.300,0.193,0.09468005019,0.1890773133,0.05892180426,0.7384629079,2.2862,0.1671478708
-0.300,0.194,0.0951723974,0.1900575745,0.05922718362,0.7384296026,2.2859,0.1694543697
-0.300,0.195,0.09566477225,0.1910378447,0.05953256456,0.7383961094,2.2855,0.1717391879
-0.300,0.196,0.09615717488,0.1920181238,0.05983794711,0.7383624290,2.2852,0.1740031339
-0.300,0.197,0.09664960544,0.192998412,0.06014333128,0.7383285622,2.2849,0.1762469800
-0.300,0.198,0.09714206407,0.1939787093,0.06044871708,0.7382945080,2.2845,0.1784714550
-0.300,0.199,0.09763455092,0.1949590157,0.06075410453,0.7382602631,2.2842,0.1806772262
-0.300,0.200,0.09812706613,0.1959393313,0.06105949364,0.7382258323,2.2838,0.1828649497
-0.300,0.201,0.09861960984,0.196919656,0.06136488444,0.7381912125,2.2835,0.1850352144
-0.300,0.202,0.09911218221,0.19789999,0.06167027693,0.7381564022,2.2831,0.1871886072
-0.300,0.203,0.09960478337,0.1988803333,0.06197567113,0.7381214044,2.2827,0.1893256623
-0.300,0.204,0.1000974135,0.199860686,0.06228106706,0.7380862169,2.2824,0.1914468992
-0.300,0.205,0.1005900727,0.200841048,0.06258646473,0.7380508407,2.2820,0.1935528007
-0.300,0.206,0.1010827611,0.2018214194,0.06289186417,0.7380152742,2.2817,0.1956438259
-0.300,0.207,0.1015754789,0.2028018003,0.06319726538,0.7379795184,2.2813,0.1977204208
-0.300,0.208,0.1020682262,0.2037821907,0.06350266839,0.7379435720,2.2809,0.1997829879
-0.300,0.209,0.1025610032,0.2047625907,0.0638080732,0.7379074346,2.2806,0.2018319459
-0.300,0.210,0.10305381,0.2057430002,0.06411347985,0.7378711075,2.2802,0.2038676566
-0.300,0.211,0.1035466468,0.2067234194,0.06441888833,0.7378345889,2.2798,0.2058904811
-0.300,0.212,0.1040395136,0.2077038482,0.06472429868,0.7377978791,2.2794,0.2079007718
-0.300,0.213,0.1045324108,0.2086842867,0.06502971091,0.7377609785,2.2791,0.2098988534
-0.300,0.214,0.1050253383,0.209664735,0.06533512503,0.7377238855,2.2787,0.2118850350
-0.300,0.215,0.1055182963,0.2106451931,0.06564054106,0.7376866008,2.2783,0.2138596140
-0.300,0.216,0.1060112851,0.2116256611,0.06594595902,0.7376491245,2.2779,0.2158228832
-0.300,0.217,0.1065043046,0.2126061389,0.06625137893,0.7376114556,2.2776,0.2177751174
-0.300,0.218,0.1069973552,0.2135866266,0.06655680081,0.7375735932,2.2772,0.2197165821
-0.300,0.219,0.1074904368,0.2145671243,0.06686222467,0.7375355376,2.2768,0.2216475140
-0.300,0.220,0.1079835497,0.215547632,0.06716765053,0.7374972909,2.2764,0.2235681744
-0.300,0.221,0.1084766941,0.2165281497,0.06747307841,0.7374588501,2.2760,0.2254787847
-0.300,0.222,0.10896987,0.2175086775,0.06777850832,0.7374202143,2.2756,0.2273795676
-0.300,0.223,0.1094630776,0.2184892155,0.0680839403,0.7373813849,2.2752,0.2292707348
-0.300,0.224,0.109956317,0.2194697636,0.06838937434,0.7373423625,2.2748,0.2311524974
-0.300,0.225,0.1104495885,0.2204503219,0.06869481048,0.7373031450,2.2744,0.2330250506
-0.300,0.226,0.1109428921,0.2214308905,0.06900024873,0.7372637338,2.2740,0.2348885902
-0.300,0.227,0.111436228,0.2224114693,0.06930568911,0.7372241257,2.2736,0.2367432816
-0.300,0.228,0.1119295963,0.2233920585,0.06961113164,0.7371843235,2.2732,0.2385893145
-0.300,0.229,0.1124229972,0.2243726581,0.06991657634,0.7371443263,2.2728,0.2404268618
-0.300,0.230,0.1129164308,0.2253532681,0.07022202323,0.7371041321,2.2724,0.2422560752
-0.300,0.231,0.1134098973,0.2263338885,0.07052747232,0.7370637435,2.2720,0.2440771225
-0.300,0.232,0.1139033968,0.2273145194,0.07083292364,0.7370231567,2.2716,0.2458901469
-0.300,0.233,0.1143969295,0.2282951609,0.0711383772,0.7369823746,2.2712,0.2476953002
-0.300,0.234,0.1148904954,0.2292758129,0.07144383303,0.7369413964,2.2708,0.2494927274
-0.300,0.235,0.1153840949,0.2302564756,0.07174929115,0.7369002194,2.2704,0.2512825554
-0.300,0.236,0.1158777279,0.2312371489,0.07205475157,0.7368588468,2.2699,0.2530649234
-0.300,0.237,0.1163713947,0.2322178329,0.07236021432,0.7368172760,2.2695,0.2548399589
-0.300,0.238,0.1168650954,0.2331985276,0.07266567941,0.7367755058,2.2691,0.2566077764
-0.300,0.239,0.1173588302,0.2341792331,0.07297114687,0.7367335398,2.2687,0.2583685082
-0.300,0.240,0.1178525991,0.2351599495,0.07327661672,0.7366913735,2.2683,0.2601222609
-0.300,0.241,0.1183464023,0.2361406766,0.07358208898,0.7366490090,2.2678,0.2618691428
-0.300,0.242,0.1188402401,0.2371214147,0.07388756366,0.7366064465,2.2674,0.2636092742
-0.300,0.243,0.1193341124,0.2381021638,0.07419304079,0.7365636827,2.2670,0.2653427429
-0.300,0.244,0.1198280196,0.2390829238,0.0744985204,0.7365207215,2.2665,0.2670696649
-0.300,0.245,0.1203219616,0.2400636948,0.07480400249,0.7364775604,2.2661,0.2687901354
-0.300,0.246,0.1208159388,0.2410444768,0.0751094871,0.7364341981,2.2657,0.2705042392
-0.300,0.247,0.1213099511,0.24202527,0.07541497424,0.7363906353,2.2652,0.2722120771
-0.300,0.248,0.1218039988,0.2430060743,0.07572046395,0.7363468730,2.2648,0.2739137359
-0.300,0.249,0.1222980821,0.2439868898,0.07602595622,0.7363029083,2.2643,0.2756093023
-0.300,0.250,0.1227922009,0.2449677165,0.0763314511,0.7362587451,2.2639,0.2772988650
-0.300,0.251,0.1232863556,0.2459485544,0.0766369486,0.7362143766,2.2635,0.2789824938
-0.300,0.252,0.1237805463,0.2469294037,0.07694244875,0.7361698087,2.2630,0.2806602764
-0.300,0.253,0.124274773,0.2479102642,0.07724795156,0.7361250383,2.2626,0.2823322843
-0.300,0.254,0.124769036,0.2488911362,0.07755345706,0.7360800672,2.2621,0.2839986009
-0.300,0.255,0.1252633353,0.2498720195,0.07785896528,0.7360348915,2.2617,0.2856592853
-0.300,0.256,0.1257576712,0.2508529143,0.07816447623,0.7359895124,2.2612,0.2873144111
-0.300,0.257,0.1262520438,0.2518338206,0.07846998993,0.7359439305,2.2607,0.2889640510
-0.300,0.258,0.1267464533,0.2528147384,0.07877550642,0.7358981475,2.2603,0.2906082720
-0.300,0.259,0.1272408997,0.2537956678,0.07908102571,0.7358521580,2.2598,0.2922471326
-0.300,0.260,0.1277353832,0.2547766088,0.07938654783,0.7358059648,2.2594,0.2938807001
-0.300,0.261,0.128229904,0.2557575614,0.0796920728,0.7357595683,2.2589,0.2955090322
-0.300,0.262,0.1287244622,0.2567385257,0.07999760065,0.7357129652,2.2584,0.2971321847
-0.300,0.263,0.129219058,0.2577195018,0.08030313139,0.7356661597,2.2580,0.2987502206
-0.300,0.264,0.1297136916,0.2587004896,0.08060866506,0.7356191474,2.2575,0.3003631912
-0.300,0.265,0.130208363,0.2596814892,0.08091420168,0.7355719296,2.2570,0.3019711540
-0.300,0.266,0.1307030724,0.2606625006,0.08121974126,0.7355245059,2.2565,0.3035741600
-0.300,0.267,0.1311978199,0.2616435239,0.08152528384,0.7354768762,2.2561,0.3051722594
-0.300,0.268,0.1316926058,0.2626245591,0.08183082944,0.7354290403,2.2556,0.3067655069
-0.300,0.269,0.1321874301,0.2636056063,0.08213637809,0.7353809969,2.2551,0.3083539457
-0.300,0.270,0.1326822931,0.2645866654,0.08244192981,0.7353327476,2.2546,0.3099376257
-0.300,0.271,0.1331771948,0.2655677366,0.08274748462,0.7352842932,2.2542,0.3115165919
-0.300,0.272,0.1336721354,0.2665488198,0.08305304255,0.7352356268,2.2537,0.3130908872
-0.300,0.273,0.134167115,0.2675299152,0.08335860363,0.7351867514,2.2532,0.3146605512
-0.300,0.274,0.1346621339,0.2685110227,0.08366416788,0.7351376714,2.2527,0.3162256429
-0.300,0.275,0.1351571921,0.2694921423,0.08396973532,0.7350883820,2.2522,0.3177861847
-0.300,0.276,0.1356522897,0.2704732742,0.08427530599,0.7350388845,2.2517,0.3193422314
-0.300,0.277,0.1361474271,0.2714544183,0.08458087991,0.7349891757,2.2512,0.3208938106
-0.300,0.278,0.1366426042,0.2724355747,0.0848864571,0.7349392581,2.2507,0.3224409638
-0.300,0.279,0.1371378212,0.2734167435,0.0851920376,0.7348891316,2.2502,0.3239837335
-0.300,0.280,0.1376330784,0.2743979246,0.08549762142,0.7348387957,2.2497,0.3255221539
-0.300,0.281,0.1381283758,0.2753791181,0.08580320859,0.7347882456,2.2492,0.3270562498
-0.300,0.282,0.1386237135,0.2763603241,0.08610879915,0.7347374870,2.2487,0.3285860713
-0.300,0.283,0.1391190918,0.2773415425,0.08641439312,0.7346865205,2.2482,0.3301116494
-0.300,0.284,0.1396145108,0.2783227734,0.08671999052,0.7346353378,2.2477,0.3316330027
-0.300,0.285,0.1401099706,0.2793040169,0.08702559139,0.7345839458,2.2472,0.3331501743
-0.300,0.286,0.1406054714,0.280285273,0.08733119574,0.7345323402,2.2467,0.3346631941
-0.300,0.287,0.1411010133,0.2812665417,0.08763680362,0.7344805250,2.2462,0.3361720970
-0.300,0.288,0.1415965965,0.2822478231,0.08794241503,0.7344284950,2.2456,0.3376769028
-0.300,0.289,0.1420922211,0.2832291171,0.08824803003,0.7343762538,2.2451,0.3391776445
-0.300,0.290,0.1425878873,0.2842104239,0.08855364862,0.7343237987,2.2446,0.3406743528
-0.300,0.291,0.1430835953,0.2851917435,0.08885927085,0.7342711276,2.2441,0.3421670460
-0.300,0.292,0.1435793451,0.2861730758,0.08916489674,0.7342182454,2.2436,0.3436557649
-0.300,0.293,0.1440751369,0.287154421,0.08947052631,0.7341651479,2.2430,0.3451405252
-0.300,0.294,0.1445709709,0.2881357791,0.0897761596,0.7341118360,2.2425,0.3466213516
-0.300,0.295,0.1450668472,0.2891171501,0.09008179663,0.7340583088,2.2420,0.3480982715
-0.300,0.296,0.145562766,0.2900985341,0.09038743744,0.7340045677,2.2415,0.3495713134
-0.300,0.297,0.1460587274,0.291079931,0.09069308206,0.7339506081,2.2409,0.3510404928
-0.300,0.298,0.1465547315,0.292061341,0.0909987305,0.7338964379,2.2404,0.3525058440
-0.300,0.299,0.1470507786,0.293042764,0.09130438281,0.7338420478,2.2398,0.3539673777
-0.300,0.300,0.1475468688,0.2940242001,0.09161003902,0.7337874398,2.2393,0.3554251130
-0.300,0.301,0.1480430022,0.2950056494,0.09191569914,0.7337326163,2.2388,0.3568790814
-0.300,0.302,0.1485391789,0.2959871118,0.09222136322,0.7336775774,2.2382,0.3583293089
-0.300,0.303,0.1490353992,0.2969685874,0.09252703129,0.7336223195,2.2377,0.3597758000
-0.300,0.304,0.1495316631,0.2979500762,0.09283270336,0.7335668446,2.2371,0.3612185844
-0.300,0.305,0.1500279708,0.2989315783,0.09313837949,0.7335111545,2.2366,0.3626576783
-0.300,0.306,0.1505243225,0.2999130938,0.09344405969,0.7334552404,2.2360,0.3640930956
-0.300,0.307,0.1510207184,0.3008946225,0.09374974399,0.7333991099,2.2355,0.3655248639
-0.300,0.308,0.1515171585,0.3018761647,0.09405543244,0.7333427584,2.2349,0.3669529915
-0.300,0.309,0.152013643,0.3028577202,0.09436112506,0.7332861915,2.2344,0.3683775058
-0.300,0.310,0.1525101721,0.3038392892,0.09466682187,0.7332293999,2.2338,0.3697984160
-0.300,0.311,0.1530067459,0.3048208717,0.09497252293,0.7331723904,2.2333,0.3712157422
-0.300,0.312,0.1535033645,0.3058024677,0.09527822824,0.7331151604,2.2327,0.3726295029
-0.300,0.313,0.1540000282,0.3067840772,0.09558393786,0.7330577105,2.2321,0.3740397129
-0.300,0.314,0.1544967371,0.3077657004,0.09588965181,0.7330000405,2.2316,0.3754463853
-0.300,0.315,0.1549934913,0.3087473371,0.09619537012,0.7329421446,2.2310,0.3768495259
-0.300,0.316,0.1554902909,0.3097289875,0.09650109282,0.7328840305,2.2304,0.3782491658
-0.300,0.317,0.1559871362,0.3107106516,0.09680681996,0.7328256937,2.2299,0.3796453133
-0.300,0.318,0.1564840272,0.3116923295,0.09711255155,0.7327671340,2.2293,0.3810379761
-0.300,0.319,0.1569809642,0.312674021,0.09741828764,0.7327083510,2.2287,0.3824271784
-0.300,0.320,0.1574779472,0.3136557264,0.09772402826,0.7326493416,2.2281,0.3838129196
-0.300,0.321,0.1579749764,0.3146374456,0.09802977344,0.7325901150,2.2276,0.3851952277
-0.300,0.322,0.1584720521,0.3156191787,0.09833552322,0.7325306590,2.2270,0.3865741035
-0.300,0.323,0.1589691742,0.3166009256,0.09864127763,0.7324709821,2.2264,0.3879495681
-0.300,0.324,0.159466343,0.3175826865,0.09894703671,0.7324110789,2.2258,0.3893216245
-0.300,0.325,0.1599635587,0.3185644613,0.09925280048,0.7323509508,2.2252,0.3906902911
-0.300,0.326,0.1604608213,0.3195462501,0.09955856899,0.7322905997,2.2246,0.3920555768
-0.300,0.327,0.1609581311,0.320528053,0.09986434227,0.7322300185,2.2240,0.3934174899
-0.300,0.328,0.1614554881,0.3215098699,0.1001701203,0.7321692146,2.2235,0.3947760486
-0.300,0.329,0.1619528926,0.3224917009,0.1004759033,0.7321081838,2.2229,0.3961312557
-0.300,0.330,0.1624503447,0.323473546,0.1007816911,0.7320469290,2.2223,0.3974831282
-0.300,0.331,0.1629478445,0.3244554053,0.1010874838,0.7319854421,2.2217,0.3988316677
-0.300,0.332,0.1634453921,0.3254372788,0.1013932814,0.7319237324,2.2211,0.4001768941
-0.300,0.333,0.1639429879,0.3264191665,0.1016990841,0.7318617911,2.2205,0.4015188055
-0.300,0.334,0.1644406318,0.3274010685,0.1020048917,0.7317996217,2.2199,0.4028574163
-0.300,0.335,0.164938324,0.3283829847,0.1023107044,0.7317372257,2.2193,0.4041927348
-0.300,0.336,0.1654360648,0.3293649153,0.1026165222,0.7316745991,2.2186,0.4055247720
-0.300,0.337,0.1659338542,0.3303468603,0.1029223451,0.7316117463,2.2180,0.4068535364
-0.300,0.338,0.1664316924,0.3313288196,0.1032281732,0.7315486613,2.2174,0.4081790299
-0.300,0.339,0.1669295795,0.3323107933,0.1035340065,0.7314853481,2.2168,0.4095012728
-0.300,0.340,0.1674275157,0.3332927815,0.1038398451,0.7314218019,2.2162,0.4108202542
-0.300,0.341,0.1679255012,0.3342747842,0.1041456889,0.7313580278,2.2156,0.4121360003
-0.300,0.342,0.1684235361,0.3352568014,0.104451538,0.7312940232,2.2150,0.4134485130
-0.300,0.343,0.1689216206,0.3362388332,0.1047573925,0.7312297841,2.2143,0.4147577867
-0.300,0.344,0.1694197548,0.3372208795,0.1050632524,0.7311653162,2.2137,0.4160638466
-0.300,0.345,0.1699179388,0.3382029405,0.1053691177,0.7311006151,2.2131,0.4173666908
-0.300,0.346,0.1704161729,0.3391850161,0.1056749885,0.7310356814,2.2125,0.4186663204
-0.300,0.347,0.1709144571,0.3401671063,0.1059808647,0.7309705165,2.2118,0.4199627510
-0.300,0.348,0.1714127916,0.3411492113,0.1062867466,0.7309051160,2.2112,0.4212559876
-0.300,0.349,0.1719111766,0.342131331,0.106592634,0.7308394808,2.2106,0.4225460295
-0.300,0.350,0.1724096123,0.3431134655,0.1068985271,0.7307736156,2.2099,0.4238328903
-0.300,0.351,0.1729080987,0.3440956148,0.1072044258,0.7307075171,2.2093,0.4251165750
-0.300,0.352,0.173406636,0.3450777789,0.1075103302,0.7306411757,2.2087,0.4263970751
-0.300,0.353,0.1739052245,0.3460599579,0.1078162403,0.7305746101,2.2080,0.4276744175
-0.300,0.354,0.1744038641,0.3470421518,0.1081221563,0.7305078043,2.2074,0.4289485956
-0.300,0.355,0.1749025552,0.3480243606,0.1084280781,0.7304407558,2.2067,0.4302196017
-0.300,0.356,0.1754012978,0.3490065843,0.1087340057,0.7303734801,2.2061,0.4314874677
-0.300,0.357,0.1759000921,0.3499888231,0.1090399393,0.7303059660,2.2054,0.4327521816
-0.300,0.358,0.1763989383,0.3509710768,0.1093458788,0.7302382132,2.2048,0.4340137481
-0.300,0.359,0.1768978364,0.3519533457,0.1096518243,0.7301702264,2.2041,0.4352721765
-0.300,0.360,0.1773967868,0.3529356296,0.1099577758,0.7301020010,2.2035,0.4365274693
-0.300,0.361,0.1778957894,0.3539179286,0.1102637334,0.7300335339,2.2028,0.4377796216
-0.300,0.362,0.1783948445,0.3549002427,0.1105696972,0.7299648333,2.2022,0.4390286557
-0.300,0.363,0.1788939522,0.355882572,0.1108756671,0.7298958919,2.2015,0.4402745611
-0.300,0.364,0.1793931127,0.3568649165,0.1111816431,0.7298267087,2.2008,0.4415173426
-0.300,0.365,0.1798923261,0.3578472762,0.1114876255,0.7297572904,2.2002,0.4427570091
-0.300,0.366,0.1803915926,0.3588296512,0.1117936141,0.7296876326,2.1995,0.4439935628
-0.300,0.367,0.1808909124,0.3598120415,0.1120996091,0.7296177317,2.1988,0.4452270002
-0.300,0.368,0.1813902855,0.3607944471,0.1124056104,0.7295475900,2.1982,0.4464573311
-0.300,0.369,0.1818897121,0.3617768681,0.1127116181,0.7294772074,2.1975,0.4476845561
-0.300,0.370,0.1823891925,0.3627593044,0.1130176323,0.7294065835,2.1968,0.4489086772
-0.300,0.371,0.1828887267,0.3637417561,0.1133236531,0.7293357189,2.1961,0.4501297008
-0.300,0.372,0.1833883149,0.3647242233,0.1136296803,0.7292646130,2.1955,0.4513476269
-0.300,0.373,0.1838879573,0.3657067059,0.1139357142,0.7291932645,2.1948,0.4525624572
-0.300,0.374,0.184387654,0.366689204,0.1142417547,0.7291216674,2.1941,0.4537741885
-0.300,0.375,0.1848874052,0.3676717177,0.1145478019,0.7290498335,2.1934,0.4549828356
-0.300,0.376,0.185387211,0.3686542469,0.1148538558,0.7289777546,2.1927,0.4561883945
-0.300,0.377,0.1858870716,0.3696367917,0.1151599165,0.7289054306,2.1920,0.4573908635
-0.300,0.378,0.1863869871,0.370619352,0.115465984,0.7288328627,2.1913,0.4585902479
-0.300,0.379,0.1868869577,0.3716019281,0.1157720584,0.7287600497,2.1907,0.4597865495
-0.300,0.380,0.1873869835,0.3725845197,0.1160781397,0.7286869919,2.1900,0.4609797719
-0.300,0.381,0.1878870647,0.3735671271,0.116384228,0.7286136886,2.1893,0.4621699123
-0.300,0.382,0.1883872015,0.3745497502,0.1166903233,0.7285401389,2.1886,0.4633569777
-0.300,0.383,0.188887394,0.3755323891,0.1169964256,0.7284663433,2.1879,0.4645409629
-0.300,0.384,0.1893876424,0.3765150437,0.117302535,0.7283922991,2.1872,0.4657218691
-0.300,0.385,0.1898879468,0.3774977141,0.1176086516,0.7283180083,2.1865,0.4668997034
-0.300,0.386,0.1903883073,0.3784804004,0.1179147754,0.7282434732,2.1858,0.4680744690
-0.300,0.387,0.1908887242,0.3794631025,0.1182209064,0.7281686849,2.1851,0.4692461553
-0.300,0.388,0.1913891976,0.3804458205,0.1185270447,0.7280936523,2.1843,0.4704147735
-0.300,0.389,0.1918897277,0.3814285544,0.1188331904,0.7280183694,2.1836,0.4715803198
-0.300,0.390,0.1923903145,0.3824113043,0.1191393434,0.7279428400,2.1829,0.4727427990
-0.300,0.391,0.1928909583,0.3833940701,0.1194455039,0.7278670551,2.1822,0.4739021996
-0.300,0.392,0.1933916591,0.384376852,0.1197516719,0.7277910245,2.1815,0.4750585405
-0.300,0.393,0.1938924173,0.3853596498,0.1200578474,0.7277147430,2.1808,0.4762118102
-0.300,0.394,0.1943932329,0.3863424637,0.1203640305,0.7276382132,2.1800,0.4773620155
-0.300,0.395,0.194894106,0.3873252937,0.1206702212,0.7275614273,2.1793,0.4785091485
-0.300,0.396,0.1953950369,0.3883081398,0.1209764197,0.7274843922,2.1786,0.4796532110
-0.300,0.397,0.1958960257,0.389291002,0.1212826258,0.7274071060,2.1779,0.4807942125
-0.300,0.398,0.1963970726,0.3902738804,0.1215888398,0.7273295672,2.1771,0.4819321432
-0.300,0.399,0.1968981776,0.391256775,0.1218950615,0.7272517753,2.1764,0.4830670055
-0.300,0.400,0.197399341,0.3922396857,0.1222012912,0.7271737312,2.1757,0.4841988054
-0.300,0.401,0.1979005629,0.3932226127,0.1225075288,0.7270954336,2.1749,0.4853275358
-0.300,0.402,0.1984018435,0.394205556,0.1228137744,0.7270168776,2.1742,0.4864531961
-0.300,0.403,0.198903183,0.3951885156,0.1231200281,0.7269380727,2.1735,0.4875757904
-0.300,0.404,0.1994045814,0.3961714914,0.1234262898,0.7268590128,2.1727,0.4886953199
-0.300,0.405,0.1999060389,0.3971544836,0.1237325597,0.7267796951,2.1720,0.4898117742
-0.300,0.406,0.2004075558,0.3981374922,0.1240388378,0.7267001238,2.1712,0.4909251624
-0.300,0.407,0.2009091321,0.3991205172,0.1243451241,0.7266202966,2.1705,0.4920354819
-0.300,0.408,0.2014107681,0.4001035586,0.1246514188,0.7265402132,2.1697,0.4931427317
-0.300,0.409,0.2019124638,0.4010866164,0.1249577218,0.7264598720,2.1690,0.4942469076
-0.300,0.410,0.2024142195,0.4020696907,0.1252640332,0.7263792723,2.1682,0.4953480130
-0.300,0.411,0.2029160352,0.4030527814,0.1255703531,0.7262984196,2.1675,0.4964460492
-0.300,0.412,0.2034179112,0.4040358887,0.1258766815,0.7262173041,2.1667,0.4975410091
-0.300,0.413,0.2039198476,0.4050190126,0.1261830185,0.7261359334,2.1660,0.4986328936
-0.300,0.414,0.2044218446,0.406002153,0.1264893641,0.7260543025,2.1652,0.4997217061
-0.300,0.415,0.2049239023,0.40698531,0.1267957185,0.7259724155,2.1644,0.5008074437
-0.300,0.416,0.2054260208,0.4079684836,0.1271020815,0.7258902656,2.1637,0.5018900998
-0.300,0.417,0.2059282004,0.4089516738,0.1274084534,0.7258078566,2.1629,0.5029696812
-0.300,0.418,0.2064304412,0.4099348807,0.127714834,0.7257251876,2.1621,0.5040461832
-0.300,0.419,0.2069327434,0.4109181043,0.1280212237,0.7256422538,2.1614,0.5051195990
-0.300,0.420,0.2074351071,0.4119013446,0.1283276222,0.7255590641,2.1606,0.5061899394
-0.300,0.421,0.2079375324,0.4128846017,0.1286340298,0.7254756134,2.1598,0.5072571962
-0.300,0.422,0.2084400196,0.4138678755,0.1289404465,0.7253918974,2.1590,0.5083213670
-0.300,0.423,0.2089425688,0.4148511661,0.1292468723,0.7253079206,2.1583,0.5093824540
-0.300,0.424,0.2094451801,0.4158344735,0.1295533073,0.7252236780,2.1575,0.5104404483
-0.300,0.425,0.2099478537,0.4168177977,0.1298597515,0.7251391756,2.1567,0.5114953558
-0.300,0.426,0.2104505898,0.4178011388,0.1301662051,0.7250544130,2.1559,0.5125471785
-0.300,0.427,0.2109533885,0.4187844967,0.130472668,0.7249693778,2.1551,0.5135959013
-0.300,0.428,0.21145625,0.4197678716,0.1307791403,0.7248840813,2.1543,0.5146415343
-0.300,0.429,0.2119591744,0.4207512634,0.1310856221,0.7247985239,2.1536,0.5156840741
-0.300,0.430,0.2124621619,0.4217346721,0.1313921135,0.7247126961,2.1528,0.5167235105
-0.300,0.431,0.2129652127,0.4227180978,0.1316986145,0.7246266045,2.1520,0.5177598503
-0.300,0.432,0.213468327,0.4237015405,0.1320051251,0.7245402453,2.1512,0.5187930902
-0.300,0.433,0.2139715048,0.4246850001,0.1323116454,0.7244536235,2.1504,0.5198232318
-0.300,0.434,0.2144747463,0.4256684769,0.1326181755,0.7243667325,2.1496,0.5208502646
-0.300,0.435,0.2149780518,0.4266519707,0.1329247155,0.7242795734,2.1488,0.5218741904
-0.300,0.436,0.2154814213,0.4276354815,0.1332312654,0.7241921476,2.1480,0.5228950116
-0.300,0.437,0.215984855,0.4286190095,0.1335378252,0.7241044538,2.1472,0.5239127205
-0.300,0.438,0.2164883531,0.4296025546,0.133844395,0.7240164887,2.1464,0.5249273130
-0.300,0.439,0.2169919157,0.4305861168,0.1341509749,0.7239282584,2.1455,0.5259388004
-0.300,0.440,0.2174955431,0.4315696963,0.134457565,0.7238397552,2.1447,0.5269471637
-0.300,0.441,0.2179992353,0.4325532929,0.1347641653,0.7237509830,2.1439,0.5279524114
-0.300,0.442,0.2185029925,0.4335369067,0.1350707759,0.7236619413,2.1431,0.5289545360
-0.300,0.443,0.219006815,0.4345205377,0.1353773967,0.7235726276,2.1423,0.5299535391
-0.300,0.444,0.2195107027,0.435504186,0.135684028,0.7234830450,2.1415,0.5309494192
-0.300,0.445,0.220014656,0.4364878516,0.1359906698,0.7233931906,2.1406,0.5319421698
-0.300,0.446,0.2205186749,0.4374715344,0.136297322,0.7233030612,2.1398,0.5329317884
-0.300,0.447,0.2210227597,0.4384552346,0.1366039849,0.7232126620,2.1390,0.5339182796
-0.300,0.448,0.2215269104,0.4394389521,0.1369106583,0.7231219892,2.1382,0.5349016316
-0.300,0.449,0.2220311273,0.440422687,0.1372173426,0.7230310451,2.1373,0.5358818526
-0.300,0.450,0.2225354105,0.4414064393,0.1375240375,0.7229398217,2.1365,0.5368589247
-0.300,0.451,0.2230397602,0.4423902089,0.1378307434,0.7228483280,2.1357,0.5378328605
-0.300,0.452,0.2235441765,0.443373996,0.1381374601,0.7227565604,2.1348,0.5388036521
-0.300,0.453,0.2240486596,0.4443578005,0.1384441878,0.7226645180,2.1340,0.5397712990
-0.300,0.454,0.2245532096,0.4453416225,0.1387509266,0.7225721989,2.1332,0.5407357949
-0.300,0.455,0.2250578268,0.4463254619,0.1390576764,0.7224796018,2.1323,0.5416971374
-0.300,0.456,0.2255625112,0.4473093189,0.1393644375,0.7223867325,2.1315,0.5426553299
-0.300,0.457,0.2260672631,0.4482931934,0.1396712097,0.7222935844,2.1306,0.5436103622
-0.300,0.458,0.2265720826,0.4492770854,0.1399779933,0.7222001607,2.1298,0.5445622350
-0.300,0.459,0.2270769699,0.4502609949,0.1402847883,0.7221064588,2.1289,0.5455109476
-0.300,0.460,0.2275819251,0.4512449221,0.1405915946,0.7220124780,2.1281,0.5464564921
-0.300,0.461,0.2280869484,0.4522288668,0.1408984125,0.7219182216,2.1272,0.5473988722
-0.300,0.462,0.2285920399,0.4532128292,0.141205242,0.7218236806,2.1264,0.5483380751
-0.300,0.463,0.2290971998,0.4541968092,0.1415120831,0.7217288654,2.1255,0.5492741097
-0.300,0.464,0.2296024284,0.4551808068,0.141818936,0.7216337669,2.1247,0.5502069704
-0.300,0.465,0.2301077256,0.4561648221,0.1421258006,0.7215383933,2.1238,0.5511366517
-0.300,0.466,0.2306130918,0.4571488551,0.142432677,0.7214427346,2.1229,0.5520631491
-0.300,0.467,0.2311185271,0.4581329058,0.1427395654,0.7213467982,2.1221,0.5529864664
-0.300,0.468,0.2316240315,0.4591169743,0.1430464658,0.7212505777,2.1212,0.5539065912
-0.300,0.469,0.2321296054,0.4601010604,0.1433533783,0.7211540754,2.1203,0.5548235282
-0.300,0.470,0.2326352488,0.4610851644,0.1436603028,0.7210572918,2.1195,0.5557372734
-0.300,0.471,0.233140962,0.4620692861,0.1439672396,0.7209602279,2.1186,0.5566478256
-0.300,0.472,0.233646745,0.4630534256,0.1442741887,0.7208628769,2.1177,0.5575551747
-0.300,0.473,0.2341525981,0.464037583,0.1445811501,0.7207652422,2.1169,0.5584593221
-0.300,0.474,0.2346585214,0.4650217581,0.1448881239,0.7206673259,2.1160,0.5593602683
-0.300,0.475,0.235164515,0.4660059512,0.1451951102,0.7205691249,2.1151,0.5602580054
-0.300,0.476,0.2356705792,0.466990162,0.1455021091,0.7204706397,2.1142,0.5611525340
-0.300,0.477,0.2361767141,0.4679743908,0.1458091206,0.7203718662,2.1133,0.5620438440
-0.300,0.478,0.2366829199,0.4689586375,0.1461161448,0.7202728104,2.1124,0.5629319437
-0.300,0.479,0.2371891967,0.4699429021,0.1464231818,0.7201734640,2.1116,0.5638168195
-0.300,0.480,0.2376955447,0.4709271846,0.1467302317,0.7200738368,2.1107,0.5646984766
-0.300,0.481,0.2382019641,0.4719114851,0.1470372945,0.7199739201,2.1098,0.5655769103
-0.300,0.482,0.238708455,0.4728958036,0.1473443703,0.7198737137,2.1089,0.5664521088
-0.300,0.483,0.2392150175,0.47388014,0.1476514592,0.7197732196,2.1080,0.5673240780
-0.300,0.484,0.239721652,0.4748644944,0.1479585612,0.7196724377,2.1071,0.5681928124
-0.300,0.485,0.2402283584,0.4758488669,0.1482656764,0.7195713683,2.1062,0.5690583101
-0.300,0.486,0.2407351371,0.4768332574,0.148572805,0.7194700097,2.1053,0.5699205697
-0.300,0.487,0.2412419881,0.4778176659,0.148879947,0.7193683613,2.1044,0.5707795836
-0.300,0.488,0.2417489116,0.4788020925,0.1491871024,0.7192664209,2.1035,0.5716353483
-0.300,0.489,0.2422559078,0.4797865372,0.1494942713,0.7191641937,2.1026,0.5724878668
-0.300,0.490,0.2427629768,0.480771,0.1498014539,0.7190616719,2.1017,0.5733371313
-0.300,0.491,0.2432701189,0.4817554809,0.1501086501,0.7189588580,2.1008,0.5741831365
-0.300,0.492,0.2437773341,0.4827399799,0.1504158601,0.7188557587,2.0998,0.5750258887
-0.300,0.493,0.2442846227,0.4837244971,0.150723084,0.7187523624,2.0989,0.5758653736
-0.300,0.494,0.2447919848,0.4847090324,0.1510303217,0.7186486733,2.0980,0.5767015925
-0.300,0.495,0.2452994205,0.4856935859,0.1513375735,0.7185446905,2.0971,0.5775345443
-0.300,0.496,0.2458069302,0.4866781576,0.1516448394,0.7184404112,2.0962,0.5783642198
-0.300,0.497,0.2463145138,0.4876627475,0.1519521194,0.7183358465,2.0953,0.5791906283
-0.300,0.498,0.2468221716,0.4886473556,0.1522594136,0.7182309800,2.0943,0.5800137492
-0.300,0.499,0.2473299037,0.4896319819,0.1525667222,0.7181258213,2.0934,0.5808335953
-0.300,0.500,0.2478377104,0.4906166265,0.1528740452,0.7180203660,2.0925,0.5816501548
-0.300,0.501,0.2483455917,0.4916012893,0.1531813827,0.7179146134,2.0915,0.5824634232
-0.300,0.502,0.2488535479,0.4925859704,0.1534887347,0.7178085679,2.0906,0.5832734028
-0.300,0.503,0.249361579,0.4935706698,0.1537961013,0.7177022263,2.0897,0.5840800930
-0.300,0.504,0.2498696854,0.4945553875,0.1541034827,0.7175955843,2.0887,0.5848834780
-0.300,0.505,0.2503778671,0.4955401234,0.1544108789,0.7174886436,2.0878,0.5856835661
-0.300,0.506,0.2508861243,0.4965248778,0.15471829,0.7173814074,2.0869,0.5864803509
-0.300,0.507,0.2513944572,0.4975096504,0.1550257161,0.7172738723,2.0859,0.5872738264
-0.300,0.508,0.251902866,0.4984944414,0.1553331572,0.7171660386,2.0850,0.5880639944
-0.300,0.509,0.2524113507,0.4994792508,0.1556406134,0.7170579045,2.0840,0.5888508455
-0.300,0.510,0.2529199117,0.5004640785,0.1559480849,0.7169494720,2.0831,0.5896343831
-0.300,0.511,0.253428549,0.5014489247,0.1562555717,0.7168407387,2.0821,0.5904146000
-0.300,0.512,0.2539372628,0.5024337892,0.1565630739,0.7167317020,2.0812,0.5911914904
-0.300,0.513,0.2544460533,0.5034186722,0.1568705915,0.7166223684,2.0802,0.5919650587
-0.300,0.514,0.2549549207,0.5044035736,0.1571781247,0.7165127289,2.0793,0.5927352952
-0.300,0.515,0.2554638651,0.5053884934,0.1574856736,0.7164027886,2.0783,0.5935021986
-0.300,0.516,0.2559728867,0.5063734317,0.1577932382,0.7162925502,2.0774,0.5942657734
-0.300,0.517,0.2564819856,0.5073583884,0.1581008186,0.7161820033,2.0764,0.5950260003
-0.300,0.518,0.2569911621,0.5083433636,0.1584084149,0.7160711580,2.0754,0.5957828888
-0.300,0.519,0.2575004163,0.5093283573,0.1587160272,0.7159600034,2.0745,0.5965364301
-0.300,0.520,0.2580097483,0.5103133695,0.1590236556,0.7158485453,2.0735,0.5972866226
-0.300,0.521,0.2585191584,0.5112984002,0.1593313001,0.7157367836,2.0725,0.5980334643
-0.300,0.522,0.2590286467,0.5122834494,0.1596389609,0.7156247180,2.0716,0.5987769520
-0.300,0.523,0.2595382134,0.5132685172,0.1599466381,0.7155123495,2.0706,0.5995170844
-0.300,0.524,0.2600478587,0.5142536035,0.1602543316,0.7153996697,2.0696,0.6002538496
-0.300,0.525,0.2605575826,0.5152387083,0.1605620418,0.7152866832,2.0687,0.6009872525
-0.300,0.526,0.2610673854,0.5162238317,0.1608697685,0.7151733905,2.0677,0.6017172882
-0.300,0.527,0.2615772673,0.5172089737,0.1611775119,0.7150597922,2.0667,0.6024439537
-0.300,0.528,0.2620872285,0.5181941342,0.1614852721,0.7149458818,2.0657,0.6031672409
-0.300,0.529,0.262597269,0.5191793134,0.1617930492,0.7148316675,2.0647,0.6038871556
-0.300,0.530,0.2631073891,0.5201645112,0.1621008432,0.7147171443,2.0637,0.6046036908
-0.300,0.531,0.2636175889,0.5211497275,0.1624086544,0.7146023104,2.0628,0.6053168430
-0.300,0.532,0.2641278687,0.5221349625,0.1627164826,0.7144871657,2.0618,0.6060266026
-0.300,0.533,0.2646382285,0.5231202161,0.1630243282,0.7143717122,2.0608,0.6067329798
-0.300,0.534,0.2651486686,0.5241054884,0.163332191,0.7142559474,2.0598,0.6074359607
-0.300,0.535,0.2656591891,0.5250907793,0.1636400713,0.7141398731,2.0588,0.6081355486
-0.300,0.536,0.2661697902,0.5260760889,0.1639479692,0.7140234827,2.0578,0.6088317326
-0.300,0.537,0.2666804721,0.5270614172,0.1642558846,0.7139067850,2.0568,0.6095245203
-0.300,0.538,0.2671912349,0.5280467641,0.1645638178,0.7137897720,2.0558,0.6102139003
-0.300,0.539,0.2677020788,0.5290321297,0.1648717687,0.7136724450,2.0548,0.6108998723
-0.300,0.540,0.268213004,0.530017514,0.1651797376,0.7135548083,2.0538,0.6115824339
-0.300,0.541,0.2687240107,0.531002917,0.1654877245,0.7134368534,2.0528,0.6122615790
-0.300,0.542,0.269235099,0.5319883387,0.1657957295,0.7133185898,2.0518,0.6129373138
-0.300,0.543,0.269746269,0.5329737792,0.1661037526,0.7132000082,2.0508,0.6136096241
-0.300,0.544,0.2702575211,0.5339592384,0.166411794,0.7130811112,2.0498,0.6142785126
-0.300,0.545,0.2707688553,0.5349447163,0.1667198539,0.7129619044,2.0487,0.6149439793
-0.300,0.546,0.2712802718,0.5359302129,0.1670279322,0.7128423735,2.0477,0.6156060090
-0.300,0.547,0.2717917708,0.5369157283,0.167336029,0.7127225279,2.0467,0.6162646098
-0.300,0.548,0.2723033525,0.5379012625,0.1676441446,0.7126023662,2.0457,0.6169197760
-0.300,0.549,0.272815017,0.5388868154,0.1679522789,0.7124818875,2.0447,0.6175715074
-0.300,0.550,0.2733267645,0.5398723871,0.1682604321,0.7123610908,2.0437,0.6182197957
-0.300,0.551,0.2738385952,0.5408579776,0.1685686043,0.7122399755,2.0426,0.6188646413
-0.300,0.552,0.2743505092,0.5418435868,0.1688767955,0.7121185434,2.0416,0.6195060417
-0.300,0.553,0.2748625068,0.5428292149,0.1691850059,0.7119967844,2.0406,0.6201439883
-0.300,0.554,0.275374588,0.5438148617,0.1694932356,0.7118747074,2.0395,0.6207784849
-0.300,0.555,0.2758867532,0.5448005274,0.1698014846,0.7117523213,2.0385,0.6214095333
-0.300,0.556,0.2763990024,0.5457862119,0.1701097531,0.7116296064,2.0375,0.6220371181
-0.300,0.557,0.2769113358,0.5467719152,0.1704180412,0.7115065706,2.0364,0.6226612437
-0.300,0.558,0.2774237536,0.5477576373,0.1707263489,0.7113832132,2.0354,0.6232819059
-0.300,0.559,0.277936256,0.5487433782,0.1710346765,0.7112595395,2.0344,0.6238991074
-0.300,0.560,0.2784488432,0.549729138,0.1713430239,0.7111355345,2.0333,0.6245128330
-0.300,0.561,0.2789615153,0.5507149166,0.1716513913,0.7110112075,2.0323,0.6251230876
-0.300,0.562,0.2794742724,0.5517007141,0.1719597787,0.7108865523,2.0312,0.6257298633
-0.300,0.563,0.2799871149,0.5526865304,0.1722681864,0.7107615867,2.0302,0.6263331755
-0.300,0.564,0.2805000427,0.5536723656,0.1725766143,0.7106362903,2.0292,0.6269330006
-0.300,0.565,0.2810130563,0.5546582196,0.1728850627,0.7105106682,2.0281,0.6275293450
-0.300,0.566,0.2815261556,0.5556440925,0.1731935315,0.7103847228,2.0271,0.6281222059
-0.300,0.567,0.2820393408,0.5566299843,0.173502021,0.7102584481,2.0260,0.6287115761
-0.300,0.568,0.2825526123,0.5576158949,0.1738105312,0.7101318507,2.0249,0.6292974613
-0.300,0.569,0.28306597,0.5586018245,0.1741190621,0.7100049224,2.0239,0.6298798515
-0.300,0.570,0.2835794143,0.5595877729,0.1744276141,0.7098776690,2.0228,0.6304587452
-0.300,0.571,0.2840929452,0.5605737402,0.174736187,0.7097500904,2.0218,0.6310341466
-0.300,0.572,0.284606563,0.5615597264,0.1750447811,0.7096221869,2.0207,0.6316060494
-0.300,0.573,0.2851202679,0.5625457314,0.1753533964,0.7094939477,2.0196,0.6321744447
-0.300,0.574,0.2856340599,0.5635317554,0.1756620331,0.7093653801,2.0186,0.6327393355
-0.300,0.575,0.2861479393,0.5645177983,0.1759706912,0.7092364916,2.0175,0.6333007252
-0.300,0.576,0.2866619063,0.5655038601,0.176279371,0.7091072610,2.0164,0.6338585970
-0.300,0.577,0.287175961,0.5664899408,0.1765880724,0.7089777065,2.0154,0.6344129621
-0.300,0.578,0.2876901037,0.5674760404,0.1768967956,0.7088478180,2.0143,0.6349638122
-0.300,0.579,0.2882043344,0.5684621589,0.1772055407,0.7087176063,2.0132,0.6355111509
-0.300,0.580,0.2887186534,0.5694482963,0.1775143078,0.7085870509,2.0121,0.6360549614
-0.300,0.581,0.2892330608,0.5704344527,0.177823097,0.7084561736,2.0111,0.6365952572
-0.300,0.582,0.2897475569,0.5714206279,0.1781319085,0.7083249575,2.0100,0.6371320285
-0.300,0.583,0.2902621418,0.5724068221,0.1784407423,0.7081934104,2.0089,0.6376652744
-0.300,0.584,0.2907768157,0.5733930352,0.1787495986,0.7080615307,2.0078,0.6381949958
-0.300,0.585,0.2912915787,0.5743792673,0.1790584775,0.7079293144,2.0067,0.6387211827
-0.300,0.586,0.2918064311,0.5753655183,0.179367379,0.7077967626,2.0056,0.6392438392
-0.300,0.587,0.292321373,0.5763517882,0.1796763034,0.7076638778,2.0046,0.6397629631
-0.300,0.588,0.2928364046,0.577338077,0.1799852507,0.7075306589,2.0035,0.6402785528
-0.300,0.589,0.293351526,0.5783243847,0.180294221,0.7073971032,2.0024,0.6407906041
-0.300,0.590,0.2938667376,0.5793107114,0.1806032144,0.7072632071,2.0013,0.6412991107
-0.300,0.591,0.2943820393,0.5802970571,0.1809122311,0.7071289815,2.0002,0.6418040841
-0.300,0.592,0.2948974315,0.5812834216,0.1812212712,0.7069944127,1.9991,0.6423055075
-0.300,0.593,0.2954129143,0.5822698051,0.1815303347,0.7068595074,1.9980,0.6428033870
-0.300,0.594,0.2959284878,0.5832562076,0.1818394219,0.7067242631,1.9969,0.6432977163
-0.300,0.595,0.2964441523,0.5842426289,0.1821485328,0.7065886843,1.9958,0.6437885022
-0.300,0.596,0.2969599079,0.5852290692,0.1824576676,0.7064527585,1.9947,0.6442757292
-0.300,0.597,0.2974757549,0.5862155285,0.1827668263,0.7063164988,1.9936,0.6447594101
-0.300,0.598,0.2979916933,0.5872020067,0.1830760091,0.7061798991,1.9925,0.6452395366
-0.300,0.599,0.2985077234,0.5881885038,0.1833852161,0.7060429545,1.9913,0.6457161028
-0.300,0.600,0.2990238454,0.5891750198,0.1836944474,0.7059056768,1.9902,0.6461891166
-0.300,0.601,0.2995400594,0.5901615548,0.1840037031,0.7057680452,1.9891,0.6466585629
-0.300,0.602,0.3000563657,0.5911481087,0.1843129834,0.7056300843,1.9880,0.6471244574
-0.300,0.603,0.3005727643,0.5921346816,0.1846222884,0.7054917741,1.9869,0.6475867831
-0.300,0.604,0.3010892555,0.5931212733,0.1849316182,0.7053531209,1.9858,0.6480455440
-0.300,0.605,0.3016058395,0.594107884,0.1852409729,0.7052141241,1.9847,0.6485007420
-0.300,0.606,0.3021225164,0.5950945137,0.1855503527,0.7050747848,1.9835,0.6489523732
-0.300,0.607,0.3026392865,0.5960811622,0.1858597576,0.7049350988,1.9824,0.6494004324
-0.300,0.608,0.3031561498,0.5970678297,0.1861691879,0.7047950697,1.9813,0.6498449225
-0.300,0.609,0.3036731067,0.5980545161,0.1864786435,0.7046546985,1.9802,0.6502858492
-0.300,0.610,0.3041901572,0.5990412215,0.1867881247,0.7045139783,1.9790,0.6507231980
-0.300,0.611,0.3047073016,0.6000279457,0.1870976315,0.7043729076,1.9779,0.6511569672
-0.300,0.612,0.30522454,0.6010146889,0.1874071641,0.7042314925,1.9768,0.6515871661
-0.300,0.613,0.3057418726,0.6020014509,0.1877167227,0.7040897372,1.9756,0.6520137950
-0.300,0.614,0.3062592997,0.6029882319,0.1880263073,0.7039476237,1.9745,0.6524368364
-0.300,0.615,0.3067768213,0.6039750318,0.188335918,0.7038051713,1.9734,0.6528563071
-0.300,0.616,0.3072944377,0.6049618506,0.188645555,0.7036623649,1.9722,0.6532721968
-0.300,0.617,0.3078121491,0.6059486883,0.1889552185,0.7035192060,1.9711,0.6536845002
-0.300,0.618,0.3083299556,0.6069355449,0.1892649085,0.7033757032,1.9699,0.6540932307
-0.300,0.619,0.3088478574,0.6079224204,0.1895746252,0.7032318485,1.9688,0.6544983746
-0.300,0.620,0.3093658548,0.6089093147,0.1898843687,0.7030876454,1.9676,0.6548999410
-0.300,0.621,0.3098839478,0.609896228,0.1901941391,0.7029430884,1.9665,0.6552979173
-0.300,0.622,0.3104021367,0.6108831601,0.1905039366,0.7027981788,1.9653,0.6556923093
-0.300,0.623,0.3109204217,0.6118701112,0.1908137613,0.7026529182,1.9642,0.6560831155
-0.300,0.624,0.3114388029,0.6128570811,0.1911236133,0.7025073043,1.9630,0.6564703359
-0.300,0.625,0.3119572806,0.6138440698,0.1914334927,0.7023613386,1.9619,0.6568539724
-0.300,0.626,0.3124758548,0.6148310774,0.1917433998,0.7022150262,1.9607,0.6572340265
-0.300,0.627,0.3129945259,0.6158181039,0.1920533345,0.7020683481,1.9596,0.6576104798
-0.300,0.628,0.313513294,0.6168051493,0.1923632971,0.7019213218,1.9584,0.6579833529
-0.300,0.629,0.3140321592,0.6177922134,0.1926732877,0.7017739421,1.9572,0.6583526375
-0.300,0.630,0.3145511218,0.6187792965,0.1929833064,0.7016262042,1.9561,0.6587183318
-0.300,0.631,0.3150701819,0.6197663983,0.1932933534,0.7014781075,1.9549,0.6590804321
-0.300,0.632,0.3155893398,0.620753519,0.1936034287,0.7013296567,1.9538,0.6594389450
-0.300,0.633,0.3161085956,0.6217406586,0.1939135326,0.7011808520,1.9526,0.6597938711
-0.300,0.634,0.3166279495,0.6227278169,0.1942236651,0.7010316860,1.9514,0.6601452024
-0.300,0.635,0.3171474016,0.6237149941,0.1945338265,0.7008821612,1.9502,0.6604929413
-0.300,0.636,0.3176669523,0.62470219,0.1948440167,0.7007322882,1.9491,0.6608371002
-0.300,0.637,0.3181866016,0.6256894048,0.195154236,0.7005820476,1.9479,0.6611776608
-0.300,0.638,0.3187063498,0.6266766384,0.1954644845,0.7004314520,1.9467,0.6615146321
-0.300,0.639,0.3192261971,0.6276638907,0.1957747624,0.7002804913,1.9455,0.6618480105
-0.300,0.640,0.3197461435,0.6286511618,0.1960850697,0.7001291759,1.9444,0.6621778032
-0.300,0.641,0.3202661894,0.6296384517,0.1963954067,0.6999774936,1.9432,0.6625039973
-0.300,0.642,0.3207863349,0.6306257604,0.1967057734,0.6998254508,1.9420,0.6628266039
-0.300,0.643,0.3213065801,0.6316130878,0.19701617,0.6996730508,1.9408,0.6631456241
-0.300,0.644,0.3218269254,0.632600434,0.1973265966,0.6995202912,1.9396,0.6634610570
-0.300,0.645,0.3223473708,0.6335877989,0.1976370534,0.6993671608,1.9384,0.6637728927
-0.300,0.646,0.3228679166,0.6345751825,0.1979475405,0.6992136676,1.9373,0.6640811406
-0.300,0.647,0.323388563,0.6355625849,0.1982580581,0.6990598188,1.9361,0.6643858064
-0.300,0.648,0.32390931,0.636550006,0.1985686063,0.6989055971,1.9349,0.6646868772
-0.300,0.649,0.324430158,0.6375374458,0.1988791853,0.6987510139,1.9337,0.6649843641
-0.300,0.650,0.3249511072,0.6385249043,0.1991897951,0.6985960690,1.9325,0.6652782655
-0.300,0.651,0.3254721576,0.6395123815,0.199500436,0.6984407553,1.9313,0.6655685804
-0.300,0.652,0.3259933095,0.6404998773,0.199811108,0.6982850791,1.9301,0.6658553118
-0.300,0.653,0.3265145631,0.6414873919,0.2001218114,0.6981290325,1.9289,0.6661384562
-0.300,0.654,0.3270359186,0.6424749251,0.2004325462,0.6979726214,1.9277,0.6664180202
-0.300,0.655,0.3275573762,0.6434624769,0.2007433127,0.6978158367,1.9265,0.6666939963
-0.300,0.656,0.328078936,0.6444500474,0.2010541109,0.6976586901,1.9253,0.6669663947
-0.300,0.657,0.3286005983,0.6454376366,0.201364941,0.6975011685,1.9241,0.6672352076
-0.300,0.658,0.3291223632,0.6464252443,0.2016758032,0.6973432848,1.9229,0.6675004480
-0.300,0.659,0.329644231,0.6474128707,0.2019866976,0.6971850288,1.9216,0.6677621080
-0.300,0.660,0.3301662018,0.6484005157,0.2022976243,0.6970264096,1.9204,0.6680201987
-0.300,0.661,0.3306882758,0.6493881792,0.2026085836,0.6968674098,1.9192,0.6682747025
-0.300,0.662,0.3312104532,0.6503758614,0.2029195754,0.6967080452,1.9180,0.6685256405
-0.300,0.663,0.3317327342,0.6513635621,0.2032306001,0.6965483061,1.9168,0.6687730014
-0.300,0.664,0.332255119,0.6523512814,0.2035416578,0.6963881919,1.9156,0.6690167895
-0.300,0.665,0.3327776078,0.6533390192,0.2038527485,0.6962277162,1.9144,0.6692570175
-0.300,0.666,0.3333002008,0.6543267755,0.2041638725,0.6960668572,1.9131,0.6694936688
-0.300,0.667,0.3338228981,0.6553145504,0.2044750299,0.6959056273,1.9119,0.6697267555
-0.300,0.668,0.3343457,0.6563023438,0.2047862209,0.6957440206,1.9107,0.6699562770
-0.300,0.669,0.3348686067,0.6572901557,0.2050974455,0.6955820376,1.9095,0.6701822337
-0.300,0.670,0.3353916183,0.6582779861,0.2054087041,0.6954196907,1.9082,0.6704046401
-0.300,0.671,0.3359147351,0.659265835,0.2057199967,0.6952569591,1.9070,0.6706234799
-0.300,0.672,0.3364379572,0.6602537023,0.2060313234,0.6950938592,1.9058,0.6708387698
-0.300,0.673,0.3369612849,0.6612415881,0.2063426845,0.6949303745,1.9045,0.6710504994
-0.300,0.674,0.3374847183,0.6622294923,0.20665408,0.6947665184,1.9033,0.6712586802
-0.300,0.675,0.3380082576,0.6632174149,0.2069655102,0.6946022780,1.9021,0.6714633072
-0.300,0.676,0.338531903,0.664205356,0.2072769752,0.6944376693,1.9008,0.6716643946
-0.300,0.677,0.3390556548,0.6651933154,0.2075884752,0.6942726734,1.8996,0.6718619294
-0.300,0.678,0.339579513,0.6661812932,0.2079000103,0.6941073060,1.8984,0.6720559280
-0.300,0.679,0.340103478,0.6671692894,0.2082115807,0.6939415542,1.8971,0.6722463831
-0.300,0.680,0.3406275499,0.668157304,0.2085231865,0.6937754233,1.8959,0.6724333015
-0.300,0.681,0.3411517288,0.6691453369,0.2088348279,0.6936089107,1.8946,0.6726166845
-0.300,0.682,0.3416760151,0.6701333881,0.209146505,0.6934420183,1.8934,0.6727965376
-0.300,0.683,0.3422004088,0.6711214577,0.2094582181,0.6932747384,1.8921,0.6729728561
-0.300,0.684,0.3427249103,0.6721095455,0.2097699672,0.6931070859,1.8909,0.6731456576
-0.300,0.685,0.3432495196,0.6730976516,0.2100817526,0.6929390461,1.8896,0.6733149313
-0.300,0.686,0.343774237,0.674085776,0.2103935744,0.6927706237,1.8884,0.6734806863
-0.300,0.687,0.3442990627,0.6750739187,0.2107054328,0.6926018199,1.8871,0.6736429270
-0.300,0.688,0.3448239969,0.6760620796,0.2110173279,0.6924326311,1.8859,0.6738016535
-0.300,0.689,0.3453490397,0.6770502587,0.2113292599,0.6922630512,1.8846,0.6739568642
-0.300,0.690,0.3458741914,0.678038456,0.2116412289,0.6920930938,1.8834,0.6741085750
-0.300,0.691,0.3463994522,0.6790266715,0.2119532352,0.6919227466,1.8821,0.6742567799
-0.300,0.692,0.3469248222,0.6800149052,0.2122652788,0.6917520172,1.8809,0.6744014895
-0.300,0.693,0.3474503018,0.681003157,0.2125773601,0.6915809029,1.8796,0.6745427049
-0.300,0.694,0.3479758909,0.681991427,0.212889479,0.6914093934,1.8783,0.6746804208
-0.300,0.695,0.34850159,0.6829797151,0.2132016359,0.6912375005,1.8771,0.6748146526
-0.300,0.696,0.3490273991,0.6839680213,0.2135138308,0.6910652133,1.8758,0.6749453948
-0.300,0.697,0.3495533185,0.6849563456,0.2138260639,0.6908925471,1.8745,0.6750726655
-0.300,0.698,0.3500793483,0.685944688,0.2141383355,0.6907194880,1.8733,0.6751964568
-0.300,0.699,0.3506054888,0.6869330485,0.2144506456,0.6905460337,1.8720,0.6753167710
-0.300,0.700,0.3511317402,0.687921427,0.2147629944,0.6903721947,1.8707,0.6754336248
-0.300,0.701,0.3516581026,0.6889098235,0.2150753822,0.6901979603,1.8694,0.6755470100
-0.300,0.702,0.3521845763,0.689898238,0.2153878091,0.6900233434,1.8682,0.6756569452
-0.300,0.703,0.3527111615,0.6908866705,0.2157002752,0.6898483301,1.8669,0.6757634203
-0.300,0.704,0.3532378583,0.691875121,0.2160127807,0.6896729189,1.8656,0.6758664423
-0.300,0.705,0.353764667,0.6928635894,0.2163253259,0.6894971169,1.8643,0.6759660204
-0.300,0.706,0.3542915878,0.6938520757,0.2166379108,0.6893209280,1.8631,0.6760621652
-0.300,0.707,0.3548186209,0.69484058,0.2169505357,0.6891443347,1.8618,0.6761548652
-0.300,0.708,0.3553457664,0.6958291022,0.2172632007,0.6889673545,1.8605,0.6762441419
-0.300,0.709,0.3558730246,0.6968176422,0.217575906,0.6887899809,1.8592,0.6763299952
-0.300,0.710,0.3564003957,0.6978062001,0.2178886518,0.6886122011,1.8579,0.6764124178
-0.300,0.711,0.3569278798,0.6987947758,0.2182014382,0.6884340357,1.8566,0.6764914364
-0.300,0.712,0.3574554773,0.6997833693,0.2185142655,0.6882554677,1.8553,0.6765670400
-0.300,0.713,0.3579831882,0.7007719807,0.2188271338,0.6880765065,1.8541,0.6766392429
-0.300,0.714,0.3585110128,0.7017606098,0.2191400433,0.6878971449,1.8528,0.6767080448
-0.300,0.715,0.3590389513,0.7027492567,0.2194529942,0.6877173826,1.8515,0.6767734527
-0.300,0.716,0.3595670039,0.7037379213,0.2197659866,0.6875372233,1.8502,0.6768354746
-0.300,0.717,0.3600951709,0.7047266036,0.2200790208,0.6873566620,1.8489,0.6768941122
-0.300,0.718,0.3606234523,0.7057153036,0.2203920969,0.6871757049,1.8476,0.6769493794
-0.300,0.719,0.3611518484,0.7067040213,0.2207052151,0.6869943491,1.8463,0.6770012783
-0.300,0.720,0.3616803595,0.7076927566,0.2210183755,0.6868125845,1.8450,0.6770498066
-0.300,0.721,0.3622089857,0.7086815096,0.2213315784,0.6866304239,1.8437,0.6770949836
-0.300,0.722,0.3627377272,0.7096702802,0.221644824,0.6864478587,1.8424,0.6771368075
-0.300,0.723,0.3632665842,0.7106590683,0.2219581124,0.6862648918,1.8411,0.6771752881
-0.300,0.724,0.363795557,0.7116478741,0.2222714439,0.6860815191,1.8398,0.6772104285
-0.300,0.725,0.3643246458,0.7126366974,0.2225848185,0.6858977526,1.8385,0.6772422474
-0.300,0.726,0.3648538506,0.7136255382,0.2228982365,0.6857135691,1.8371,0.6772707297
-0.300,0.727,0.3653831719,0.7146143965,0.2232116981,0.6855289864,1.8358,0.6772959000
-0.300,0.728,0.3659126097,0.7156032722,0.2235252035,0.6853439973,1.8345,0.6773177584
-0.300,0.729,0.3664421643,0.7165921655,0.2238387528,0.6851586012,1.8332,0.6773363123
-0.300,0.730,0.3669718358,0.7175810761,0.2241523462,0.6849727955,1.8319,0.6773515674
-0.300,0.731,0.3675016246,0.7185700042,0.224465984,0.6847865881,1.8306,0.6773635384
-0.300,0.732,0.3680315307,0.7195589496,0.2247796664,0.6845999690,1.8293,0.6773722233
-0.300,0.733,0.3685615545,0.7205479124,0.2250933934,0.6844129428,1.8279,0.6773776351
-0.300,0.734,0.369091696,0.7215368926,0.2254071653,0.6842255030,1.8266,0.6773797749
-0.300,0.735,0.3696219556,0.72252589,0.2257209824,0.6840376642,1.8253,0.6773786660
-0.300,0.736,0.3701523334,0.7235149048,0.2260348447,0.6838494095,1.8240,0.6773743002
-0.300,0.737,0.3706828297,0.7245039368,0.2263487525,0.6836607439,1.8227,0.6773666902
-0.300,0.738,0.3712134446,0.7254929861,0.226662706,0.6834716666,1.8213,0.6773558435
-0.300,0.739,0.3717441783,0.7264820525,0.2269767053,0.6832821783,1.8200,0.6773417709
-0.300,0.740,0.3722750312,0.7274711362,0.2272907507,0.6830922772,1.8187,0.6773244779
-0.300,0.741,0.3728060033,0.728460237,0.2276048424,0.6829019665,1.8174,0.6773039777
-0.300,0.742,0.3733370949,0.729449355,0.2279189806,0.6827112383,1.8160,0.6772802710
-0.300,0.743,0.3738683062,0.7304384901,0.2282331654,0.6825200951,1.8147,0.6772533689
-0.300,0.744,0.3743996374,0.7314276422,0.228547397,0.6823285390,1.8134,0.6772232838
-0.300,0.745,0.3749310887,0.7324168115,0.2288616757,0.6821365689,1.8120,0.6771900233
-0.300,0.746,0.3754626604,0.7334059977,0.2291760017,0.6819441790,1.8107,0.6771535905
-0.300,0.747,0.3759943526,0.734395201,0.2294903751,0.6817513772,1.8094,0.6771140039
-0.300,0.748,0.3765261655,0.7353844213,0.2298047962,0.6815581560,1.8080,0.6770712654
-0.300,0.749,0.3770580995,0.7363736585,0.2301192651,0.6813645165,1.8067,0.6770253858
-0.300,0.750,0.3775901546,0.7373629127,0.2304337821,0.6811704579,1.8053,0.6769763745
-0.300,0.751,0.3781223311,0.7383521837,0.2307483473,0.6809759851,1.8040,0.6769242461
-0.300,0.752,0.3786546292,0.7393414717,0.231062961,0.6807810870,1.8027,0.6768690000
-0.300,0.753,0.3791870492,0.7403307765,0.2313776234,0.6805857735,1.8013,0.6768106563
-0.300,0.754,0.3797195912,0.7413200981,0.2316923346,0.6803900349,1.8000,0.6767492159
-0.300,0.755,0.3802522554,0.7423094365,0.2320070949,0.6801938757,1.7986,0.6766846930
-0.300,0.756,0.3807850421,0.7432987917,0.2323219045,0.6799972971,1.7973,0.6766171008
-0.300,0.757,0.3813179514,0.7442881636,0.2326367636,0.6798003002,1.7959,0.6765464498
-0.300,0.758,0.3818509837,0.7452775523,0.2329516724,0.6796028704,1.7946,0.6764727371
-0.300,0.759,0.3823841391,0.7462669576,0.2332666311,0.6794050206,1.7932,0.6763959869
-0.300,0.760,0.3829174178,0.7472563795,0.2335816399,0.6792067471,1.7919,0.6763162063
-0.300,0.761,0.38345082,0.7482458181,0.233896699,0.6790080475,1.7905,0.6762334038
-0.300,0.762,0.383984346,0.7492352733,0.2342118086,0.6788089272,1.7892,0.6761475967
-0.300,0.763,0.384517996,0.7502247451,0.234526969,0.6786093727,1.7878,0.6760587832
-0.300,0.764,0.3850517701,0.7512142334,0.2348421804,0.6784093956,1.7864,0.6759669857
-0.300,0.765,0.3855856687,0.7522037382,0.2351574429,0.6782089928,1.7851,0.6758722139
-0.300,0.766,0.3861196918,0.7531932595,0.2354727568,0.6780081602,1.7837,0.6757744749
-0.300,0.767,0.3866538398,0.7541827972,0.2357881223,0.6778068948,1.7824,0.6756737782
-0.300,0.768,0.3871881129,0.7551723514,0.2361035396,0.6776052062,1.7810,0.6755701451
-0.300,0.769,0.3877225113,0.7561619219,0.2364190089,0.6774030856,1.7796,0.6754635797
-0.300,0.770,0.3882570351,0.7571515088,0.2367345304,0.6772005284,1.7783,0.6753540894
-0.300,0.771,0.3887916846,0.7581411121,0.2370501044,0.6769975497,1.7769,0.6752417018
-0.300,0.772,0.3893264601,0.7591307316,0.2373657311,0.6767941289,1.7755,0.6751264092
-0.300,0.773,0.3898613617,0.7601203674,0.2376814106,0.6765902885,1.7742,0.6750082466
-0.300,0.774,0.3903963897,0.7611100194,0.2379971433,0.6763860022,1.7728,0.6748872013
-0.300,0.775,0.3909315443,0.7620996876,0.2383129293,0.6761812887,1.7714,0.6747633042
-0.300,0.776,0.3914668257,0.7630893721,0.2386287688,0.6759761376,1.7701,0.6746365591
-0.300,0.777,0.3920022341,0.7640790726,0.2389446621,0.6757705516,1.7687,0.6745069811
-0.300,0.778,0.3925377698,0.7650687892,0.2392606094,0.6755645305,1.7673,0.6743745841
-0.300,0.779,0.3930734329,0.766058522,0.2395766109,0.6753580734,1.7659,0.6742393805
-0.300,0.780,0.3936092238,0.7670482707,0.2398926668,0.6751511796,1.7645,0.6741013832
-0.300,0.781,0.3941451425,0.7680380355,0.2402087774,0.6749438513,1.7632,0.6739606088
-0.300,0.782,0.3946811894,0.7690278163,0.2405249428,0.6747360756,1.7618,0.6738170580
-0.300,0.783,0.3952173646,0.770017613,0.2408411634,0.6745278594,1.7604,0.6736707521
-0.300,0.784,0.3957536684,0.7710074256,0.2411574393,0.6743192093,1.7590,0.6735217117
-0.300,0.785,0.396290101,0.7719972541,0.2414737707,0.6741101171,1.7576,0.6733699435
-0.300,0.786,0.3968266626,0.7729870984,0.2417901579,0.6739005877,1.7563,0.6732154663
-0.300,0.787,0.3973633535,0.7739769586,0.2421066012,0.6736906102,1.7549,0.6730582841
-0.300,0.788,0.3979001738,0.7749668345,0.2424231006,0.6734801955,1.7535,0.6728984226
-0.300,0.789,0.3984371239,0.7759567262,0.2427396566,0.6732693313,1.7521,0.6727358851
-0.300,0.790,0.3989742038,0.7769466335,0.2430562692,0.6730580221,1.7507,0.6725706906
-0.300,0.791,0.3995114139,0.7779365566,0.2433729388,0.6728462811,1.7493,0.6724028671
-0.300,0.792,0.4000487544,0.7789264953,0.2436896655,0.6726340826,1.7479,0.6722324052
-0.300,0.793,0.4005862255,0.7799164496,0.2440064496,0.6724214357,1.7465,0.6720593293
-0.300,0.794,0.4011238273,0.7809064194,0.2443232913,0.6722083508,1.7451,0.6718836648
-0.300,0.795,0.4016615603,0.7818964048,0.2446401909,0.6719948091,1.7437,0.6717054095
-0.300,0.796,0.4021994245,0.7828864057,0.2449571486,0.6717808291,1.7424,0.6715245973
-0.300,0.797,0.4027374201,0.7838764221,0.2452741646,0.6715663941,1.7410,0.6713412276
-0.300,0.798,0.4032755475,0.7848664538,0.2455912392,0.6713515110,1.7396,0.6711553240
-0.300,0.799,0.4038138069,0.785856501,0.2459083725,0.6711361737,1.7382,0.6709668962
-0.300,0.800,0.4043521984,0.7868465635,0.246225565,0.6709203921,1.7368,0.6707759708
-0.200,0.010,0.004928106918,0.009856173942,0.002916986874,0.9992374576,908.6483,0.0000000000
-0.200,0.011,0.005420922788,0.01084179248,0.003208685088,0.9990771695,750.7634,0.0000000000
-0.200,0.012,0.005913740253,0.01182741157,0.003500383236,0.9989015507,630.6767,0.0000000000
-0.200,0.013,0.006406559452,0.01281303125,0.003792081308,0.9987105852,537.2206,0.0000000000
-0.200,0.014,0.006899380525,0.01379865158,0.004083779294,0.9985042529,463.0654,0.0000000000
-0.200,0.015,0.007392203612,0.01478427258,0.004375477186,0.9982825336,403.2404,0.0000000000
-0.200,0.016,0.007885028855,0.0157698943,0.004667174977,0.9980454050,354.2778,0.0000000000
-0.200,0.017,0.008377856396,0.01675551678,0.004958872657,0.9977928438,313.6987,0.0000000000
-0.200,0.018,0.008870686378,0.01774114008,0.00525057022,0.9975248231,279.6927,0.0000000000
-0.200,0.019,0.009363518942,0.01872676423,0.005542267659,0.9972413168,250.9134,0.0000000000
-0.200,0.020,0.009856354231,0.01971238929,0.005833964964,0.9969422954,226.3420,0.0000000000
-0.200,0.021,0.01034919239,0.02069801529,0.006125662131,0.9966277287,205.1964,0.0000000000
-0.200,0.022,0.01084203356,0.02168364229,0.00641735915,0.9962975835,186.8680,0.0000000000
-0.200,0.023,0.01133487788,0.02266927033,0.006709056016,0.9959518272,170.8779,0.0000000000
-0.200,0.024,0.0118277255,0.02365489946,0.00700075272,0.9955904233,156.8445,0.0000000000
-0.200,0.025,0.01232057524,0.02464052708,0.007292448474,0.9952133339,144.4611,0.0000000000
-0.200,0.026,0.0128134299,0.02562615854,0.007584144842,0.9948205192,133.4787,0.0000000000
-0.200,0.027,0.01330628828,0.02661179124,0.007875841028,0.9944119375,123.6938,0.0000000000
-0.200,0.028,0.01379915053,0.0275974252,0.008167537023,0.9939875455,114.9383,0.0000000000
-0.200,0.029,0.01429201679,0.02858306048,0.008459232823,0.9935472986,107.0727,0.0000000000
-0.200,0.030,0.01478488721,0.02956869714,0.008750928418,0.9930911476,99.9804,0.0000000000
-0.200,0.031,0.01527776192,0.0305543352,0.009042623803,0.9926190463,93.5632,0.0000000000
-0.200,0.032,0.01577064108,0.03153997473,0.009334318971,0.9921309419,87.7381,0.0000000000
-0.200,0.033,0.01626352483,0.03252561576,0.009626013915,0.9916267790,82.4344,0.0000000000
-0.200,0.034,0.0167564133,0.03351125835,0.009917708628,0.9911065056,77.5916,0.0000000000
-0.200,0.035,0.01724930664,0.03449690254,0.0102094031,0.9905700605,73.1578,0.0000000000
-0.200,0.036,0.017742205,0.03548254837,0.01050109733,0.9900173847,69.0883,0.0000000000
-0.200,0.037,0.01823510852,0.03646819591,0.01079279131,0.9894484168,65.3441,0.0000000000
-0.200,0.038,0.01872801734,0.03745384518,0.01108448503,0.9888630916,61.8915,0.0000000000
-0.200,0.039,0.01922093161,0.03843949625,0.01137617849,0.9882613394,58.7010,0.0000000000
-0.200,0.040,0.01971385147,0.03942514915,0.01166787168,0.9876430944,55.7466,0.0000000000
-0.200,0.041,0.02020677706,0.04041080393,0.01195956458,0.9870082818,53.0057,0.0000000000
-0.200,0.042,0.02069970852,0.04139646065,0.01225125721,0.9863568288,50.4581,0.0000000000
-0.200,0.043,0.021192646,0.04238211934,0.01254294954,0.9856886535,48.0860,0.0000000000
-0.200,0.044,0.02168558965,0.04336778005,0.01283464157,0.9850036806,45.8737,0.0000000000
-0.200,0.045,0.0221785396,0.04435344284,0.0131263333,0.9843018251,43.8071,0.0000000000
-0.200,0.046,0.022671496,0.04533910774,0.01341802472,0.9835829986,41.8738,0.0000000000
-0.200,0.047,0.023164459,0.04632477481,0.01370971582,0.9828471158,40.0624,0.0000000000
-0.200,0.048,0.02365742873,0.04731044409,0.01400140659,0.9820940814,38.3629,0.0000000000
-0.200,0.049,0.02415040534,0.04829611563,0.01429309704,0.9813238016,36.7663,0.0000000000
-0.200,0.050,0.02464338897,0.04928178947,0.01458478714,0.9805361766,35.2644,0.0000000000
-0.200,0.051,0.02513637977,0.05026746567,0.01487647691,0.9797311055,33.8498,0.0000000000
-0.200,0.052,0.02562937788,0.05125314426,0.01516816632,0.9789084811,32.5160,0.0000000000
-0.200,0.053,0.02612238344,0.0522388253,0.01545985538,0.9780681947,31.2568,0.0000000000
-0.200,0.054,0.02661539661,0.05322450883,0.01575154407,0.9772101349,30.0668,0.0000000000
-0.200,0.055,0.02710841751,0.0542101949,0.0160432324,0.9763341821,28.9410,0.0000000000
-0.200,0.056,0.02760144629,0.05519588356,0.01633492035,0.9754402178,27.8748,0.0000000000
-0.200,0.057,0.02809448311,0.05618157485,0.01662660792,0.9745281114,26.8642,0.0000000000
-0.200,0.058,0.02858752809,0.05716726882,0.0169182951,0.9735977402,25.9052,0.0000000000
-0.200,0.059,0.02908058117,0.05815296505,0.01720998175,0.9726489662,24.9945,0.0000000000
-0.200,0.060,0.02957364293,0.05913866452,0.01750166814,0.9716816522,24.1287,0.0000000000
-0.200,0.061,0.03006671329,0.06012436681,0.01779335412,0.9706956534,23.3051,0.0000000000
-0.200,0.062,0.03055979239,0.06111007196,0.01808503969,0.9696908218,22.5209,0.0000000000
-0.200,0.063,0.03105288039,0.06209578002,0.01837672484,0.9686670041,21.7735,0.0000000000
-0.200,0.064,0.03154597742,0.06308149105,0.01866840956,0.9676240421,21.0608,0.0000000000
-0.200,0.065,0.03203908362,0.06406720507,0.01896009386,0.9665617709,20.3806,0.0000000000
-0.200,0.066,0.03253219915,0.06505292215,0.01925177771,0.9654800171,19.7310,0.0000000000
-0.200,0.067,0.03302532414,0.06603864233,0.01954346113,0.9643786052,19.1101,0.0000000000
-0.200,0.068,0.03351845874,0.06702436566,0.0198351441,0.9632573532,18.5162,0.0000000000
-0.200,0.069,0.03401160308,0.06801009218,0.02012682661,0.9621160679,17.9478,0.0000000000
-0.200,0.070,0.03450475733,0.06899582193,0.02041850866,0.9609545612,17.4034,0.0000000000
-0.200,0.071,0.03499792161,0.06998155497,0.02071019025,0.9597726146,16.8818,0.0000000000
-0.200,0.072,0.03549109607,0.07096729134,0.02100187136,0.9585700325,16.3816,0.0000000000
-0.200,0.073,0.03598428086,0.07195303109,0.021293552,0.9573465832,15.9016,0.0000000000
-0.200,0.074,0.03647747612,0.07293877426,0.02158523216,0.9561020474,15.4408,0.0000000000
-0.200,0.075,0.03697068199,0.0739245209,0.02187691182,0.9548361789,14.9982,0.0000000000
-0.200,0.076,0.03746389862,0.07491027106,0.022168591,0.9535487403,14.5727,0.0000000000
-0.200,0.077,0.03795712615,0.07589602478,0.02246026967,0.9522394706,14.1636,0.0000000000
-0.200,0.078,0.03845036472,0.07688178212,0.02275194784,0.9509081148,13.7699,0.0000000000
-0.200,0.079,0.03894361449,0.0778675431,0.02304362549,0.9495543811,13.3909,0.0000000000
-0.200,0.080,0.03943687558,0.07885330779,0.02333530263,0.9481779955,13.0259,0.0000000000
-0.200,0.081,0.03993014815,0.07983907623,0.02362697925,0.9467786572,12.6741,0.0000000000
-0.200,0.082,0.04042343234,0.08082484847,0.02391865534,0.9453560433,12.3350,0.0000000000
-0.200,0.083,0.0409167283,0.08181062454,0.0242103309,0.9439098458,12.0078,0.0000000000
-0.200,0.084,0.04141003616,0.0827964045,0.02450200593,0.9424397150,11.6921,0.0000000000
-0.200,0.085,0.04190335608,0.08378218839,0.02479368041,0.9409453044,11.3873,0.0000000000
-0.200,0.086,0.04239668819,0.08476797627,0.02508535434,0.9394262487,11.0928,0.0000000000
-0.200,0.087,0.04289003264,0.08575376817,0.02537702772,0.9378821580,10.8083,0.0000000000
-0.200,0.088,0.04338338957,0.08673956414,0.02566870054,0.9363126336,10.5332,0.0000000000
-0.200,0.089,0.04387675913,0.08772536423,0.0259603728,0.9347172543,10.2671,0.0000000000
-0.200,0.090,0.04437014146,0.08871116848,0.02625204449,0.9330955854,10.0097,0.0000000000
-0.200,0.091,0.04486353671,0.08969697694,0.0265437156,0.9314471715,9.7605,0.0000000000
-0.200,0.092,0.04535694501,0.09068278966,0.02683538614,0.9297715177,9.5191,0.0000000000
-0.200,0.093,0.04585036652,0.09166860668,0.0271270561,0.9280681343,9.2853,0.0000000000
-0.200,0.094,0.04634380138,0.09265442805,0.02741872547,0.9263364818,9.0586,0.0000000000
-0.200,0.095,0.04683724972,0.09364025381,0.02771039425,0.9245760043,8.8389,0.0000000000
-0.200,0.096,0.04733071171,0.09462608401,0.02800206243,0.9227861200,8.6258,0.0000000000
-0.200,0.097,0.04782418747,0.0956119187,0.02829373001,0.9209662216,8.4189,0.0000000000
-0.200,0.098,0.04831767715,0.09659775791,0.02858539698,0.9191156518,8.2182,0.0000000000
-0.200,0.099,0.04881118091,0.09758360171,0.02887706335,0.9172337296,8.0232,0.0000000000
-0.200,0.100,0.04930469887,0.09856945013,0.02916872909,0.9153197373,7.8338,0.0000000000
-0.200,0.101,0.04979823119,0.09955530322,0.02946039422,0.9133729133,7.6497,0.0000000000
-0.200,0.102,0.05029177802,0.100541161,0.02975205873,0.9113924482,7.4707,0.0000000000
-0.200,0.103,0.05078533948,0.1015270236,0.03004372261,0.9093774987,7.2967,0.0000000000
-0.200,0.104,0.05127891574,0.1025128909,0.03033538585,0.9073271473,7.1273,0.0000000000
-0.200,0.105,0.05177250692,0.1034987632,0.03062704846,0.9052404488,6.9625,0.0000000000
-0.200,0.106,0.05226611319,0.1044846403,0.03091871043,0.9031163858,6.8020,0.0000000000
-0.200,0.107,0.05275973467,0.1054705223,0.03121037176,0.9009538511,6.6456,0.0000000000
-0.200,0.108,0.05325337152,0.1064564094,0.03150203243,0.8987516982,6.4933,0.0000000000
-0.200,0.109,0.05374702388,0.1074423015,0.03179369246,0.8965086945,6.3448,0.0000000000
-0.200,0.110,0.0542406919,0.1084281986,0.03208535182,0.8942235115,6.1999,0.0000000000
-0.200,0.111,0.05473437571,0.1094141009,0.03237701053,0.8918947199,6.0586,0.0000000000
-0.200,0.112,0.05522807547,0.1104000084,0.03266866857,0.8895208058,5.9207,0.0000000000
-0.200,0.113,0.05572179131,0.111385921,0.03296032595,0.8871001229,5.7860,0.0000000000
-0.200,0.114,0.05621552339,0.112371839,0.03325198265,0.8846309042,5.6544,0.0000000000
-0.200,0.115,0.05670927184,0.1133577622,0.03354363868,0.8821112325,5.5259,0.0000000000
-0.200,0.116,0.05720303681,0.1143436908,0.03383529403,0.8795390184,5.4001,0.0000000000
-0.200,0.117,0.05769681845,0.1153296248,0.0341269487,0.8769120167,5.2772,0.0000000000
-0.200,0.118,0.0581906169,0.1163155642,0.03441860268,0.8742277631,5.1568,0.0000000000
-0.200,0.119,0.0586844323,0.1173015092,0.03471025598,0.8714835720,5.0389,0.0000000000
-0.200,0.120,0.0591782648,0.1182874596,0.03500190858,0.8686764815,4.9235,0.0000000000
-0.200,0.121,0.05967211454,0.1192734156,0.03529356049,0.8658032510,4.8103,0.0000000000
-0.200,0.122,0.06016598167,0.1202593773,0.0355852117,0.8628602723,4.6992,0.0000000000
-0.200,0.123,0.06065986633,0.1212453446,0.03587686221,0.8598435776,4.5902,0.0000000000
-0.200,0.124,0.06115376867,0.1222313176,0.03616851201,0.8567486949,4.4832,0.0000000000
-0.200,0.125,0.06164768883,0.1232172964,0.03646016111,0.8535706469,4.3779,0.0000000000
-0.200,0.126,0.06214162696,0.124203281,0.03675180949,0.8503038267,4.2744,0.0000000000
-0.200,0.127,0.0626355832,0.1251892715,0.03704345717,0.8469418470,4.1725,0.0000000000
-0.200,0.128,0.06312955769,0.1261752678,0.03733510413,0.8434774554,4.0720,0.0000000000
-0.200,0.129,0.06362355059,0.1271612701,0.03762675037,0.8399022864,3.9729,0.0000000000
-0.200,0.130,0.06411756202,0.1281472784,0.03791839589,0.8362066458,3.8749,0.0000000000
-0.200,0.131,0.06461159215,0.1291332926,0.03821004068,0.8323791699,3.7780,0.0000000000
-0.200,0.132,0.06510564112,0.130119313,0.03850168475,0.8284064474,3.6820,0.0000000000
-0.200,0.133,0.06559970906,0.1311053395,0.03879332809,0.8242723849,3.5867,0.0000000000
-0.200,0.134,0.06609379613,0.1320913721,0.0390849707,0.8199574382,3.4919,0.0000000000
-0.200,0.135,0.06658790242,0.1330774109,0.03937661256,0.8154374216,3.3973,0.0000000000
-0.200,0.136,0.06708202817,0.134063456,0.0396682537,0.8106818922,3.3026,0.0000000000
-0.200,0.137,0.06757617348,0.1350495074,0.0399598941,0.8056515319,3.2075,0.0000000000
-0.200,0.138,0.0680703385,0.1360355651,0.04025153377,0.8002939769,3.1114,0.0000000000
-0.200,0.139,0.06856452336,0.1370216292,0.0405431727,0.7945369119,3.0137,0.0000000000
-0.200,0.140,0.06905872822,0.1380076998,0.04083481088,0.7882753609,2.9135,0.0000000000
-0.200,0.141,0.06955295322,0.1389937768,0.04112644832,0.7813462350,2.8093,0.0000000000
-0.200,0.142,0.0700471985,0.1399798603,0.04141808501,0.7734697006,2.6984,0.0000000000
-0.200,0.143,0.07054146421,0.1409659504,0.04170972096,0.7640813420,2.5760,0.0000000000
-0.200,0.144,0.07103575049,0.1419520471,0.04200135615,0.7516058030,2.4275,0.0000000000
-0.200,0.145,0.07153005749,0.1429381505,0.0422929906,0.7264990232,2.1694,0.0113246310
-0.200,0.146,0.07202438536,0.1439242606,0.04258462429,0.7264737631,2.1691,0.0294825258
-0.200,0.147,0.07251873424,0.1449103774,0.04287625723,0.7264483214,2.1689,0.0401824909
-0.200,0.148,0.07301310427,0.1458965009,0.04316788941,0.7264226952,2.1686,0.0486258099
-0.200,0.149,0.0735074956,0.1468826313,0.04345952084,0.7263968833,2.1684,0.0558454483
-0.200,0.150,0.07400190838,0.1478687686,0.04375115151,0.7263708865,2.1682,0.0622684290
-0.200,0.151,0.07449634275,0.1488549128,0.04404278142,0.7263447065,2.1679,0.0681203753
-0.200,0.152,0.07499079886,0.149841064,0.04433441058,0.7263183420,2.1677,0.0735376221
-0.200,0.153,0.07548527684,0.1508272221,0.04462603897,0.7262917900,2.1674,0.0786100151
-0.200,0.154,0.07597977686,0.1518133874,0.04491766661,0.7262650545,2.1672,0.0834004252
-0.200,0.155,0.07647429904,0.1527995597,0.04520929348,0.7262381322,2.1669,0.0879548332
-0.200,0.156,0.07696884355,0.1537857391,0.04550091959,0.7262110263,2.1667,0.0923081288
-0.200,0.157,0.07746341051,0.1547719257,0.04579254494,0.7261837334,2.1664,0.0964874514
-0.200,0.158,0.07795800009,0.1557581195,0.04608416953,0.7261562524,2.1662,0.1005144187
-0.200,0.159,0.07845261242,0.1567443207,0.04637579335,0.7261285867,2.1659,0.1044066266
-0.200,0.160,0.07894724765,0.1577305291,0.04666741641,0.7261007337,2.1656,0.1081785244
-0.200,0.161,0.07944190592,0.1587167448,0.04695903871,0.7260726944,2.1654,0.1118422463
-0.200,0.162,0.07993658738,0.159702968,0.04725066024,0.7260444663,2.1651,0.1154079937
-0.200,0.163,0.08043129219,0.1606891986,0.04754228102,0.7260160526,2.1648,0.1188845619
-0.200,0.164,0.08092602047,0.1616754367,0.04783390102,0.7259874517,2.1646,0.1222794802
-0.200,0.165,0.08142077238,0.1626616823,0.04812552027,0.7259586623,2.1643,0.1255993082
-0.200,0.166,0.08191554807,0.1636479355,0.04841713875,0.7259296840,2.1640,0.1288497864
-0.200,0.167,0.08241034767,0.1646341963,0.04870875648,0.7259005191,2.1638,0.1320359957
-0.200,0.168,0.08290517134,0.1656204648,0.04900037344,0.7258711642,2.1635,0.1351624185
-0.200,0.169,0.08340001922,0.166606741,0.04929198964,0.7258416191,2.1632,0.1382330341
-0.200,0.170,0.08389489146,0.1675930249,0.04958360508,0.7258118867,2.1629,0.1412514620
-0.200,0.171,0.0843897882,0.1685793166,0.04987521976,0.7257819662,2.1627,0.1442209198
-0.200,0.172,0.08488470959,0.1695656161,0.05016683368,0.7257518532,2.1624,0.1471442958
-0.200,0.173,0.08537965577,0.1705519235,0.05045844684,0.7257215532,2.1621,0.1500242493
-0.200,0.174,0.0858746269,0.1715382389,0.05075005925,0.7256910627,2.1618,0.1528631936
-0.200,0.175,0.08636962311,0.1725245621,0.0510416709,0.7256603813,2.1615,0.1556633051
-0.200,0.176,0.08686464455,0.1735108934,0.0513332818,0.7256295110,2.1613,0.1584265889
-0.200,0.177,0.08735969138,0.1744972328,0.05162489195,0.7255984468,2.1610,0.1611549040
-0.200,0.178,0.08785476372,0.1754835802,0.05191650134,0.7255671942,2.1607,0.1638499445
-0.200,0.179,0.08834986174,0.1764699357,0.05220810999,0.7255357487,2.1604,0.1665132709
-0.200,0.180,0.08884498558,0.1774562995,0.05249971789,0.7255041126,2.1601,0.1691463441
-0.200,0.181,0.08934013538,0.1784426714,0.05279132504,0.7254722856,2.1598,0.1717505005
-0.200,0.182,0.08983531128,0.1794290516,0.05308293144,0.7254402646,2.1595,0.1743269840
-0.200,0.183,0.09033051345,0.1804154401,0.05337453711,0.7254080529,2.1592,0.1768769768
-0.200,0.184,0.09082574201,0.181401837,0.05366614203,0.7253756487,2.1589,0.1794015417
-0.200,0.185,0.09132099713,0.1823882422,0.05395774622,0.7253430529,2.1586,0.1819017075
-0.200,0.186,0.09181627894,0.1833746559,0.05424934967,0.7253102622,2.1583,0.1843784093
-0.200,0.187,0.09231158759,0.184361078,0.05454095239,0.7252772775,2.1580,0.1868325377
-0.200,0.188,0.09280692323,0.1853475086,0.05483255438,0.7252441014,2.1577,0.1892649284
-0.200,0.189,0.093302286,0.1863339478,0.05512415564,0.7252107297,2.1574,0.1916763697
-0.200,0.190,0.09379767606,0.1873203957,0.05541575617,0.7251771655,2.1571,0.1940675954
-0.200,0.191,0.09429309354,0.1883068521,0.05570735598,0.7251434062,2.1567,0.1964392903
-0.200,0.192,0.09478853859,0.1892933172,0.05599895507,0.7251094524,2.1564,0.1987921193
-0.200,0.193,0.09528401137,0.1902797911,0.05629055345,0.7250753043,2.1561,0.2011267052
-0.200,0.194,0.09577951201,0.1912662737,0.05658215111,0.7250409598,2.1558,0.2034436275
-0.200,0.195,0.09627504067,0.1922527651,0.05687374806,0.7250064204,2.1555,0.2057434358
-0.200,0.196,0.09677059749,0.1932392654,0.0571653443,0.7249716866,2.1552,0.2080266681
-0.200,0.197,0.09726618261,0.1942257746,0.05745693984,0.7249367546,2.1548,0.2102938128
-0.200,0.198,0.09776179619,0.1952122927,0.05774853468,0.7249016269,2.1545,0.2125453439
-0.200,0.199,0.09825743837,0.1961988198,0.05804012882,0.7248663031,2.1542,0.2147817104
-0.200,0.200,0.0987531093,0.1971853558,0.05833172227,0.7248307829,2.1539,0.2170033430
-0.200,0.201,0.09924880913,0.198171901,0.05862331503,0.7247950665,2.1535,0.2192106546
-0.200,0.202,0.09974453799,0.1991584553,0.05891490711,0.7247591506,2.1532,0.2214040158
-0.200,0.203,0.100240296,0.2001450187,0.0592064985,0.7247230377,2.1529,0.2235838093
-0.200,0.204,0.1007360834,0.2011315912,0.05949808922,0.7246867278,2.1525,0.2257503882
-0.200,0.205,0.1012319003,0.2021181731,0.05978967927,0.7246502197,2.1522,0.2279040892
-0.200,0.206,0.1017277468,0.2031047641,0.06008126865,0.7246135117,2.1519,0.2300452235
-0.200,0.207,0.1022236231,0.2040913645,0.06037285736,0.7245766051,2.1515,0.2321741028
-0.200,0.208,0.1027195293,0.2050779742,0.06066444542,0.7245395005,2.1512,0.2342910327
-0.200,0.209,0.1032154656,0.2060645934,0.06095603283,0.7245021959,2.1508,0.2363962830
-0.200,0.210,0.1037114321,0.2070512219,0.06124761958,0.7244646904,2.1505,0.2384901235
-0.200,0.211,0.1042074289,0.2080378599,0.0615392057,0.7244269899,2.1501,0.2405728288
-0.200,0.212,0.1047034563,0.2090245075,0.06183079117,0.7243890855,2.1498,0.2426446277
-0.200,0.213,0.1051995143,0.2100111646,0.06212237601,0.7243509813,2.1494,0.2447057668
-0.200,0.214,0.1056956032,0.2109978312,0.06241396022,0.7243126739,2.1491,0.2467564647
-0.200,0.215,0.106191723,0.2119845076,0.06270554382,0.7242741680,2.1487,0.2487969598
-0.200,0.216,0.1066878739,0.2129711936,0.06299712679,0.7242354610,2.1484,0.2508274502
-0.200,0.217,0.1071840561,0.2139578893,0.06328870915,0.7241965506,2.1480,0.2528481384
-0.200,0.218,0.1076802696,0.2149445947,0.06358029091,0.7241574377,2.1477,0.2548592200
-0.200,0.219,0.1081765147,0.21593131,0.06387187207,0.7241181265,2.1473,0.2568608927
-0.200,0.220,0.1086727915,0.2169180351,0.06416345264,0.7240786091,2.1469,0.2588533252
-0.200,0.221,0.1091691001,0.2179047701,0.06445503262,0.7240388904,2.1466,0.2608366944
-0.200,0.222,0.1096654408,0.218891515,0.06474661202,0.7239989662,2.1462,0.2628111687
-0.200,0.223,0.1101618135,0.2198782699,0.06503819085,0.7239588407,2.1458,0.2647769132
-0.200,0.224,0.1106582186,0.2208650347,0.06532976911,0.7239185105,2.1455,0.2667340726
-0.200,0.225,0.1111546561,0.2218518097,0.06562134681,0.7238779764,2.1451,0.2686828137
-0.200,0.226,0.1116511261,0.2228385946,0.06591292396,0.7238372384,2.1447,0.2706232706
-0.200,0.227,0.1121476289,0.2238253897,0.06620450056,0.7237962960,2.1443,0.2725555842
-0.200,0.228,0.1126441646,0.224812195,0.06649607662,0.7237551467,2.1440,0.2744798906
-0.200,0.229,0.1131407333,0.2257990105,0.06678765216,0.7237137922,2.1436,0.2763963159
-0.200,0.230,0.1136373351,0.2267858362,0.06707922716,0.7236722350,2.1432,0.2783050037
-0.200,0.231,0.1141339703,0.2277726722,0.06737080165,0.7236304693,2.1428,0.2802060524
-0.200,0.232,0.114630639,0.2287595185,0.06766237563,0.7235884984,2.1424,0.2820995881
-0.200,0.233,0.1151273412,0.2297463752,0.06795394911,0.7235463185,2.1420,0.2839857328
-0.200,0.234,0.1156240773,0.2307332422,0.0682455221,0.7235039321,2.1417,0.2858645852
-0.200,0.235,0.1161208472,0.2317201197,0.0685370946,0.7234613414,2.1413,0.2877362638
-0.200,0.236,0.1166176512,0.2327070077,0.06882866662,0.7234185415,2.1409,0.2896008660
-0.200,0.237,0.1171144895,0.2336939062,0.06912023817,0.7233755322,2.1405,0.2914584823
-0.200,0.238,0.117611362,0.2346808153,0.06941180927,0.7233323155,2.1401,0.2933092260
-0.200,0.239,0.1181082691,0.2356677349,0.06970337991,0.7232888930,2.1397,0.2951531838
-0.200,0.240,0.1186052109,0.2366546652,0.06999495011,0.7232452573,2.1393,0.2969904384
-0.200,0.241,0.1191021874,0.2376416062,0.07028651988,0.7232014146,2.1389,0.2988210921
-0.200,0.242,0.1195991989,0.2386285579,0.07057808922,0.7231573600,2.1385,0.3006452200
-0.200,0.243,0.1200962456,0.2396155203,0.07086965814,0.7231130988,2.1381,0.3024629064
-0.200,0.244,0.1205933274,0.2406024935,0.07116122666,0.7230686262,2.1377,0.3042742333
-0.200,0.245,0.1210904447,0.2415894776,0.07145279478,0.7230239443,2.1373,0.3060792839
-0.200,0.246,0.1215875975,0.2425764725,0.07174436251,0.7229790486,2.1369,0.3078781171
-0.200,0.247,0.122084786,0.2435634784,0.07203592987,0.7229339441,2.1365,0.3096708212
-0.200,0.248,0.1225820103,0.2445504951,0.07232749686,0.7228886267,2.1360,0.3114574630
-0.200,0.249,0.1230792707,0.2455375229,0.07261906348,0.7228430993,2.1356,0.3132381128
-0.200,0.250,0.1235765672,0.2465245617,0.07291062977,0.7227973583,2.1352,0.3150128308
-0.200,0.251,0.1240739,0.2475116115,0.07320219571,0.7227514016,2.1348,0.3167816830
-0.200,0.252,0.1245712692,0.2484986725,0.07349376133,0.7227052348,2.1344,0.3185447345
-0.200,0.253,0.125068675,0.2494857446,0.07378532663,0.7226588580,2.1340,0.3203020605
-0.200,0.254,0.1255661176,0.2504728279,0.07407689162,0.7226122627,2.1335,0.3220536889
-0.200,0.255,0.126063597,0.2514599223,0.07436845632,0.7225654557,2.1331,0.3237997058
-0.200,0.256,0.1265611135,0.2524470281,0.07466002074,0.7225184335,2.1327,0.3255401563
-0.200,0.257,0.1270586672,0.2534341451,0.07495158488,0.7224711967,2.1323,0.3272750933
-0.200,0.258,0.1275562582,0.2544212735,0.07524314876,0.7224237446,2.1318,0.3290045750
-0.200,0.259,0.1280538867,0.2554084132,0.07553471239,0.7223760804,2.1314,0.3307286435
-0.200,0.260,0.1285515529,0.2563955643,0.07582627578,0.7223281961,2.1310,0.3324473591
-0.200,0.261,0.1290492568,0.2573827269,0.07611783895,0.7222800997,2.1305,0.3341607702
-0.200,0.262,0.1295469987,0.258369901,0.0764094019,0.7222317849,2.1301,0.3358689144
-0.200,0.263,0.1300447786,0.2593570866,0.07670096465,0.7221832531,2.1296,0.3375718415
-0.200,0.264,0.1305425968,0.2603442837,0.07699252721,0.7221345035,2.1292,0.3392695983
-0.200,0.265,0.1310404534,0.2613314924,0.07728408959,0.7220855370,2.1288,0.3409622271
-0.200,0.266,0.1315383485,0.2623187128,0.0775756518,0.7220363546,2.1283,0.3426497723
-0.200,0.267,0.1320362823,0.2633059448,0.07786721386,0.7219869518,2.1279,0.3443322708
-0.200,0.268,0.1325342549,0.2642931886,0.07815877578,0.7219373330,2.1274,0.3460097711
-0.200,0.269,0.1330322666,0.265280444,0.07845033758,0.7218874934,2.1270,0.3476822961
-0.200,0.270,0.1335303173,0.2662677113,0.07874189926,0.7218374335,2.1265,0.3493498967
-0.200,0.271,0.1340284074,0.2672549904,0.07903346084,0.7217871538,2.1261,0.3510126055
-0.200,0.272,0.1345265368,0.2682422813,0.07932502233,0.7217366556,2.1256,0.3526704544
-0.200,0.273,0.1350247059,0.2692295841,0.07961658374,0.7216859394,2.1251,0.3543234886
-0.200,0.274,0.1355229147,0.2702168989,0.0799081451,0.7216350002,2.1247,0.3559717343
-0.200,0.275,0.1360211634,0.2712042256,0.08019970641,0.7215838396,2.1242,0.3576152241
-0.200,0.276,0.1365194521,0.2721915643,0.08049126769,0.7215324586,2.1238,0.3592539915
-0.200,0.277,0.137017781,0.2731789151,0.08078282896,0.7214808534,2.1233,0.3608880632
-0.200,0.278,0.1375161502,0.2741662779,0.08107439022,0.7214290276,2.1228,0.3625174784
-0.200,0.279,0.13801456,0.2751536528,0.08136595149,0.7213769790,2.1224,0.3641422572
-0.200,0.280,0.1385130103,0.2761410399,0.08165751278,0.7213247095,2.1219,0.3657624395
-0.200,0.281,0.1390115015,0.2771284392,0.08194907412,0.7212722139,2.1214,0.3673780402
-0.200,0.282,0.1395100336,0.2781158507,0.08224063551,0.7212194965,2.1209,0.3689890977
-0.200,0.283,0.1400086068,0.2791032744,0.08253219697,0.7211665535,2.1205,0.3705956275
-0.200,0.284,0.1405072212,0.2800907104,0.08282375853,0.7211133879,2.1200,0.3721976652
-0.200,0.285,0.141005877,0.2810781588,0.08311532018,0.7210599962,2.1195,0.3737952281
-0.200,0.286,0.1415045744,0.2820656195,0.08340688195,0.7210063774,2.1190,0.3753883427
-0.200,0.287,0.1420033134,0.2830530926,0.08369844385,0.7209525394,2.1185,0.3769770422
-0.200,0.288,0.1425020943,0.2840405782,0.08399000591,0.7208984687,2.1181,0.3785613283
-0.200,0.289,0.1430009172,0.2850280762,0.08428156813,0.7208441740,2.1176,0.3801412430
-0.200,0.290,0.1434997823,0.2860155868,0.08457313053,0.7207896551,2.1171,0.3817168083
-0.200,0.291,0.1439986896,0.2870031099,0.08486469313,0.7207349046,2.1166,0.3832880257
-0.200,0.292,0.1444976394,0.2879906455,0.08515625594,0.7206799305,2.1161,0.3848549356
-0.200,0.293,0.1449966318,0.2889781938,0.08544781899,0.7206247256,2.1156,0.3864175427
-0.200,0.294,0.145495667,0.2899657547,0.08573938229,0.7205692949,2.1151,0.3879758870
-0.200,0.295,0.145994745,0.2909533283,0.08603094586,0.7205136313,2.1146,0.3895299618
-0.200,0.296,0.1464938661,0.2919409146,0.0863225097,0.7204577428,2.1141,0.3910798067
-0.200,0.297,0.1469930305,0.2929285137,0.08661407386,0.7204016263,2.1136,0.3926254356
-0.200,0.298,0.1474922381,0.2939161255,0.08690563833,0.7203452781,2.1131,0.3941668528
-0.200,0.299,0.1479914893,0.2949037502,0.08719720313,0.7202886979,2.1126,0.3957040848
-0.200,0.300,0.1484907842,0.2958913877,0.0874887683,0.7202318876,2.1121,0.3972371495
-0.200,0.301,0.1489901228,0.2968790382,0.08778033383,0.7201748506,2.1116,0.3987660628
-0.200,0.302,0.1494895054,0.2978667015,0.08807189976,0.7201175800,2.1111,0.4002908325
-0.200,0.303,0.1499889322,0.2988543778,0.0883634661,0.7200600737,2.1105,0.4018114790
-0.200,0.304,0.1504884032,0.2998420671,0.08865503287,0.7200023380,2.1100,0.4033280203
-0.200,0.305,0.1509879186,0.3008297695,0.08894660009,0.7199443705,2.1095,0.4048404633
-0.200,0.306,0.1514874786,0.3018174849,0.08923816778,0.7198861680,2.1090,0.4063488273
-0.200,0.307,0.1519870833,0.3028052134,0.08952973595,0.7198277357,2.1085,0.4078531272
-0.200,0.308,0.152486733,0.303792955,0.08982130463,0.7197690659,2.1080,0.4093533640
-0.200,0.309,0.1529864276,0.3047807098,0.09011287384,0.7197101647,2.1074,0.4108495687
-0.200,0.310,0.1534861674,0.3057684778,0.0904044436,0.7196510283,2.1069,0.4123417397
-0.200,0.311,0.1539859526,0.3067562591,0.09069601392,0.7195916591,2.1064,0.4138298972
-0.200,0.312,0.1544857832,0.3077440536,0.09098758483,0.7195320483,2.1058,0.4153140357
-0.200,0.313,0.1549856595,0.3087318614,0.09127915634,0.7194722068,2.1053,0.4167941905
-0.200,0.314,0.1554855816,0.3097196825,0.09157072849,0.7194121258,2.1048,0.4182703526
-0.200,0.315,0.1559855496,0.310707517,0.09186230128,0.7193518130,2.1042,0.4197425497
-0.200,0.316,0.1564855637,0.3116953649,0.09215387474,0.7192912552,2.1037,0.4212107677
-0.200,0.317,0.1569856241,0.3126832263,0.09244544889,0.7192304672,2.1032,0.4226750441
-0.200,0.318,0.1574857308,0.3136711011,0.09273702376,0.7191694396,2.1026,0.4241353720
-0.200,0.319,0.1579858841,0.3146589894,0.09302859936,0.7191081733,2.1021,0.4255917650
-0.200,0.320,0.1584860842,0.3156468912,0.09332017572,0.7190466682,2.1015,0.4270442276
-0.200,0.321,0.1589863311,0.3166348066,0.09361175285,0.7189849237,2.1010,0.4284927742
-0.200,0.322,0.159486625,0.3176227356,0.09390333078,0.7189229417,2.1004,0.4299374105
-0.200,0.323,0.1599869661,0.3186106783,0.09419490954,0.7188607181,2.0999,0.4313781428
-0.200,0.324,0.1604873545,0.3195986346,0.09448648914,0.7187982527,2.0993,0.4328149789
-0.200,0.325,0.1609877903,0.3205866046,0.09477806961,0.7187355485,2.0988,0.4342479322
-0.200,0.326,0.1614882738,0.3215745883,0.09506965097,0.7186726008,2.0982,0.4356769974
-0.200,0.327,0.1619888051,0.3225625858,0.09536123324,0.7186094155,2.0977,0.4371021982
-0.200,0.328,0.1624893843,0.3235505971,0.09565281645,0.7185459851,2.0971,0.4385235233
-0.200,0.329,0.1629900116,0.3245386223,0.09594440062,0.7184823114,2.0965,0.4399409906
-0.200,0.330,0.1634906872,0.3255266612,0.09623598578,0.7184183993,2.0960,0.4413546059
-0.200,0.331,0.1639914111,0.3265147141,0.09652757194,0.7183542429,2.0954,0.4427643764
-0.200,0.332,0.1644921836,0.3275027809,0.09681915914,0.7182898393,2.0948,0.4441702990
-0.200,0.333,0.1649930048,0.3284908616,0.09711074739,0.7182251933,2.0943,0.4455723842
-0.200,0.334,0.1654938749,0.3294789564,0.09740233672,0.7181603037,2.0937,0.4469706398
-0.200,0.335,0.165994794,0.3304670651,0.09769392716,0.7180951689,2.0931,0.4483650629
-0.200,0.336,0.1664957622,0.3314551879,0.09798551873,0.7180297889,2.0926,0.4497556695
-0.200,0.337,0.1669967797,0.3324433248,0.09827711145,0.7179641627,2.0920,0.4511424563
-0.200,0.338,0.1674978468,0.3334314758,0.09856870536,0.7178982902,2.0914,0.4525254271
-0.200,0.339,0.1679989634,0.334419641,0.09886030047,0.7178321722,2.0908,0.4539045894
-0.200,0.340,0.1685001298,0.3354078203,0.09915189682,0.7177658042,2.0902,0.4552799414
-0.200,0.341,0.1690013462,0.3363960138,0.09944349442,0.7176991909,2.0897,0.4566514932
-0.200,0.342,0.1695026127,0.3373842216,0.09973509331,0.7176323288,2.0891,0.4580192477
-0.200,0.343,0.1700039294,0.3383724436,0.1000266935,0.7175652178,2.0885,0.4593832039
-0.200,0.344,0.1705052965,0.3393606799,0.100318295,0.7174978565,2.0879,0.4607433702
-0.200,0.345,0.1710067142,0.3403489306,0.1006098979,0.7174302528,2.0873,0.4620997489
-0.200,0.346,0.1715081825,0.3413371956,0.1009015022,0.7173623902,2.0867,0.4634523350
-0.200,0.347,0.1720097018,0.342325475,0.1011931079,0.7172942854,2.0861,0.4648011453
-0.200,0.348,0.172511272,0.3433137689,0.1014847151,0.7172259239,2.0855,0.4661461628
-0.200,0.349,0.1730128934,0.3443020772,0.1017763237,0.7171573146,2.0849,0.4674874122
-0.200,0.350,0.1735145662,0.3452903999,0.1020679339,0.7170884523,2.0843,0.4688248738
-0.200,0.351,0.1740162904,0.3462787372,0.1023595455,0.7170193391,2.0837,0.4701585623
-0.200,0.352,0.1745180663,0.347267089,0.1026511587,0.7169499703,2.0831,0.4714884724
-0.200,0.353,0.175019894,0.3482554554,0.1029427735,0.7168803544,2.0825,0.4728146199
-0.200,0.354,0.1755217736,0.3492438364,0.10323439,0.7168104803,2.0819,0.4741369912
-0.200,0.355,0.1760237054,0.350232232,0.103526008,0.7167403563,2.0813,0.4754555951
-0.200,0.356,0.1765256893,0.3512206423,0.1038176278,0.7166699771,2.0806,0.4767704263
-0.200,0.357,0.1770277257,0.3522090673,0.1041092492,0.7165993426,2.0800,0.4780814871
-0.200,0.358,0.1775298147,0.353197507,0.1044008724,0.7165284521,2.0794,0.4793887865
-0.200,0.359,0.1780319564,0.3541859614,0.1046924973,0.7164573071,2.0788,0.4806923140
-0.200,0.360,0.178534151,0.3551744307,0.104984124,0.7163859078,2.0782,0.4819920796
-0.200,0.361,0.1790363986,0.3561629147,0.1052757525,0.7163142489,2.0776,0.4832880725
-0.200,0.362,0.1795386995,0.3571514136,0.1055673829,0.7162423372,2.0769,0.4845803108
-0.200,0.363,0.1800410536,0.3581399273,0.1058590152,0.7161701642,2.0763,0.4858687752
-0.200,0.364,0.1805434613,0.3591284559,0.1061506494,0.7160977353,2.0757,0.4871534762
-0.200,0.365,0.1810459227,0.3601169995,0.1064422855,0.7160250474,2.0750,0.4884344087
-0.200,0.366,0.1815484378,0.361105558,0.1067339236,0.7159521032,2.0744,0.4897115843
-0.200,0.367,0.182051007,0.3620941315,0.1070255637,0.7158788992,2.0738,0.4909849848
-0.200,0.368,0.1825536302,0.36308272,0.1073172059,0.7158054337,2.0731,0.4922546207
-0.200,0.369,0.1830563078,0.3640713235,0.1076088501,0.7157317076,2.0725,0.4935204877
-0.200,0.370,0.1835590398,0.3650599421,0.1079004964,0.7156577235,2.0719,0.4947825847
-0.200,0.371,0.1840618264,0.3660485758,0.1081921449,0.7155834788,2.0712,0.4960409136
-0.200,0.372,0.1845646678,0.3670372246,0.1084837955,0.7155089700,2.0706,0.4972954752
-0.200,0.373,0.1850675641,0.3680258886,0.1087754483,0.7154341991,2.0699,0.4985462579
-0.200,0.374,0.1855705154,0.3690145677,0.1090671034,0.7153591704,2.0693,0.4997932746
-0.200,0.375,0.186073522,0.370003262,0.1093587607,0.7152838721,2.0686,0.5010365088
-0.200,0.376,0.186576584,0.3709919716,0.1096504204,0.7152083183,2.0680,0.5022759767
-0.200,0.377,0.1870797015,0.3719806964,0.1099420823,0.7151324929,2.0673,0.5035116542
-0.200,0.378,0.1875828747,0.3729694366,0.1102337467,0.7150564083,2.0667,0.5047435628
-0.200,0.379,0.1880861037,0.373958192,0.1105254134,0.7149800599,2.0660,0.5059716916
-0.200,0.380,0.1885893888,0.3749469628,0.1108170826,0.7149034401,2.0653,0.5071960273
-0.200,0.381,0.1890927301,0.3759357489,0.1111087542,0.7148265648,2.0647,0.5084165919
-0.200,0.382,0.1895961277,0.3769245505,0.1114004284,0.7147494168,2.0640,0.5096333598
-0.200,0.383,0.1900995817,0.3779133675,0.1116921051,0.7146719994,2.0634,0.5108463347
-0.200,0.384,0.1906030925,0.3789021999,0.1119837844,0.7145943215,2.0627,0.5120555262
-0.200,0.385,0.19110666,0.3798910478,0.1122754663,0.7145163718,2.0620,0.5132609190
-0.200,0.386,0.1916102844,0.3808799112,0.1125671508,0.7144381581,2.0614,0.5144625175
-0.200,0.387,0.192113966,0.3818687901,0.112858838,0.7143596729,2.0607,0.5156603153
-0.200,0.388,0.1926177049,0.3828576846,0.113150528,0.7142809213,2.0600,0.5168543122
-0.200,0.389,0.1931215012,0.3838465946,0.1134422207,0.7142018971,2.0593,0.5180445035
-0.200,0.390,0.1936253551,0.3848355203,0.1137339162,0.7141226071,2.0586,0.5192308884
-0.200,0.391,0.1941292668,0.3858244616,0.1140256145,0.7140430442,2.0580,0.5204134633
-0.200,0.392,0.1946332363,0.3868134186,0.1143173157,0.7139632086,2.0573,0.5215922171
-0.200,0.393,0.1951372639,0.3878023912,0.1146090198,0.7138831070,2.0566,0.5227671664
-0.200,0.394,0.1956413498,0.3887913796,0.1149007269,0.7138027303,2.0559,0.5239382877
-0.200,0.395,0.196145494,0.3897803837,0.115192437,0.7137220825,2.0552,0.5251055892
-0.200,0.396,0.1966496968,0.3907694035,0.11548415,0.7136411624,2.0545,0.5262690650
-0.200,0.397,0.1971539583,0.3917584392,0.1157758661,0.7135599674,2.0538,0.5274287060
-0.200,0.398,0.1976582786,0.3927474907,0.1160675854,0.7134784990,2.0531,0.5285845167
-0.200,0.399,0.198162658,0.393736558,0.1163593077,0.7133967562,2.0524,0.5297364887
-0.200,0.400,0.1986670965,0.3947256411,0.1166510333,0.7133147420,2.0517,0.5308846254
-0.200,0.401,0.1991715944,0.3957147402,0.1169427621,0.7132324479,2.0510,0.5320289088
-0.200,0.402,0.1996761518,0.3967038551,0.1172344941,0.7131498826,2.0503,0.5331693505
-0.200,0.403,0.2001807688,0.397692986,0.1175262294,0.7130670393,2.0496,0.5343059389
-0.200,0.404,0.2006854457,0.3986821329,0.1178179681,0.7129839221,2.0489,0.5354386709
-0.200,0.405,0.2011901825,0.3996712957,0.1181097101,0.7129005241,2.0482,0.5365675413
-0.200,0.406,0.2016949794,0.4006604746,0.1184014556,0.7128168529,2.0475,0.5376925521
-0.200,0.407,0.2021998367,0.4016496695,0.1186932045,0.7127329011,2.0468,0.5388136891
-0.200,0.408,0.2027047544,0.4026388804,0.1189849569,0.7126486661,2.0461,0.5399309510
-0.200,0.409,0.2032097327,0.4036281075,0.1192767129,0.7125641614,2.0454,0.5410443439
-0.200,0.410,0.2037147718,0.4046173506,0.1195684724,0.7124793722,2.0447,0.5421538519
-0.200,0.411,0.2042198718,0.4056066099,0.1198602356,0.7123943012,2.0439,0.5432594716
-0.200,0.412,0.2047250329,0.4065958853,0.1201520025,0.7123089541,2.0432,0.5443612033
-0.200,0.413,0.2052302553,0.4075851769,0.120443773,0.7122233248,2.0425,0.5454590407
-0.200,0.414,0.2057355391,0.4085744847,0.1207355473,0.7121374151,2.0418,0.5465529793
-0.200,0.415,0.2062408844,0.4095638088,0.1210273255,0.7120512228,2.0410,0.5476430135
-0.200,0.416,0.2067462915,0.410553149,0.1213191074,0.7119647446,2.0403,0.5487291345
-0.200,0.417,0.2072517605,0.4115425056,0.1216108933,0.7118779907,2.0396,0.5498113462
-0.200,0.418,0.2077572915,0.4125318784,0.1219026831,0.7117909465,2.0388,0.5508896348
-0.200,0.419,0.2082628848,0.4135212676,0.1221944768,0.7117036220,2.0381,0.5519640029
-0.200,0.420,0.2087685404,0.4145106731,0.1224862746,0.7116160135,2.0374,0.5530344437
-0.200,0.421,0.2092742586,0.415500095,0.1227780765,0.7115281191,2.0366,0.5541009500
-0.200,0.422,0.2097800395,0.4164895332,0.1230698824,0.7114399409,2.0359,0.5551635179
-0.200,0.423,0.2102858832,0.4174789879,0.1233616925,0.7113514714,2.0351,0.5562221365
-0.200,0.424,0.21079179,0.418468459,0.1236535068,0.7112627237,2.0344,0.5572768143
-0.200,0.425,0.2112977599,0.4194579465,0.1239453254,0.7111736848,2.0337,0.5583275336
-0.200,0.426,0.2118037932,0.4204474505,0.1242371483,0.7110843574,2.0329,0.5593742918
-0.200,0.427,0.21230989,0.421436971,0.1245289754,0.7109947448,2.0322,0.5604170899
-0.200,0.428,0.2128160504,0.422426508,0.124820807,0.7109048415,2.0314,0.5614559098
-0.200,0.429,0.2133222747,0.4234160616,0.125112643,0.7108146521,2.0306,0.5624907611
-0.200,0.430,0.213828563,0.4244056317,0.1254044835,0.7107241740,2.0299,0.5635216308
-0.200,0.431,0.2143349154,0.4253952184,0.1256963285,0.7106334022,2.0291,0.5645485082
-0.200,0.432,0.2148413321,0.4263848217,0.1259881781,0.7105423425,2.0284,0.5655713971
-0.200,0.433,0.2153478133,0.4273744416,0.1262800324,0.7104509934,2.0276,0.5665902877
-0.200,0.434,0.2158543592,0.4283640782,0.1265718913,0.7103593482,2.0268,0.5676051697
-0.200,0.435,0.2163609699,0.4293537314,0.1268637549,0.7102674168,2.0261,0.5686160482
-0.200,0.436,0.2168676455,0.4303434014,0.1271556233,0.7101751914,2.0253,0.5696229108
-0.200,0.437,0.2173743862,0.431333088,0.1274474965,0.7100826711,2.0245,0.5706257468
-0.200,0.438,0.2178811922,0.4323227914,0.1277393745,0.7099898589,2.0238,0.5716245602
-0.200,0.439,0.2183880637,0.4333125115,0.1280312575,0.7098967514,2.0230,0.5726193388
-0.200,0.440,0.2188950008,0.4343022484,0.1283231455,0.7098033520,2.0222,0.5736100783
-0.200,0.441,0.2194020037,0.435292002,0.1286150385,0.7097096591,2.0214,0.5745967762
-0.200,0.442,0.2199090725,0.4362817725,0.1289069365,0.7096156687,2.0207,0.5755794195
-0.200,0.443,0.2204162074,0.4372715598,0.1291988397,0.7095213854,2.0199,0.5765580089
-0.200,0.444,0.2209234086,0.438261364,0.129490748,0.7094268019,2.0191,0.5775325326
-0.200,0.445,0.2214306762,0.439251185,0.1297826616,0.7093319225,2.0183,0.5785029854
-0.200,0.446,0.2219380104,0.4402410229,0.1300745804,0.7092367443,2.0175,0.5794693626
-0.200,0.447,0.2224454113,0.4412308778,0.1303665046,0.7091412712,2.0167,0.5804316573
-0.200,0.448,0.2229528792,0.4422207495,0.1306584341,0.7090454968,2.0159,0.5813898644
-0.200,0.449,0.2234604142,0.4432106382,0.1309503691,0.7089494254,2.0151,0.5823439785
-0.200,0.450,0.2239680164,0.4442005439,0.1312423096,0.7088530555,2.0143,0.5832939903
-0.200,0.451,0.224475686,0.4451904665,0.1315342556,0.7087563809,2.0135,0.5842398915
-0.200,0.452,0.2249834232,0.4461804062,0.1318262072,0.7086594119,2.0127,0.5851816841
-0.200,0.453,0.2254912281,0.4471703628,0.1321181644,0.7085621446,2.0119,0.5861193601
-0.200,0.454,0.2259991009,0.4481603366,0.1324101274,0.7084645654,2.0111,0.5870528963
-0.200,0.455,0.2265070418,0.4491503273,0.1327020961,0.7083666912,2.0103,0.5879823087
-0.200,0.456,0.2270150509,0.4501403352,0.1329940706,0.7082685121,2.0095,0.5889075760
-0.200,0.457,0.2275231284,0.4511303601,0.133286051,0.7081700322,2.0087,0.5898286994
-0.200,0.458,0.2280312745,0.4521204022,0.1335780373,0.7080712483,2.0079,0.5907456697
-0.200,0.459,0.2285394893,0.4531104614,0.1338700295,0.7079721590,2.0071,0.5916584791
-0.200,0.460,0.229047773,0.4541005378,0.1341620278,0.7078727677,2.0063,0.5925671234
-0.200,0.461,0.2295561257,0.4550906313,0.1344540322,0.7077730687,2.0054,0.5934715907
-0.200,0.462,0.2300645477,0.456080742,0.1347460428,0.7076730659,2.0046,0.5943718799
-0.200,0.463,0.230573039,0.4570708699,0.1350380595,0.7075727558,2.0038,0.5952679821
-0.200,0.464,0.2310815999,0.458061015,0.1353300825,0.7074721356,2.0030,0.5961598868
-0.200,0.465,0.2315902306,0.4590511773,0.1356221118,0.7073712160,2.0022,0.5970475976
-0.200,0.466,0.232098931,0.460041357,0.1359141475,0.7072699849,2.0013,0.5979310968
-0.200,0.467,0.2326077016,0.4610315538,0.1362061896,0.7071684491,2.0005,0.5988103841
-0.200,0.468,0.2331165423,0.462021768,0.1364982382,0.7070665956,1.9997,0.5996854416
-0.200,0.469,0.2336254535,0.4630119995,0.1367902934,0.7069644412,1.9988,0.6005562786
-0.200,0.470,0.2341344351,0.4640022483,0.1370823552,0.7068619734,1.9980,0.6014228761
-0.200,0.471,0.2346434875,0.4649925144,0.1373744236,0.7067592004,1.9972,0.6022852354
-0.200,0.472,0.2351526108,0.4659827979,0.1376664987,0.7066561102,1.9963,0.6031433386
-0.200,0.473,0.2356618051,0.4669730988,0.1379585807,0.7065527136,1.9955,0.6039971913
-0.200,0.474,0.2361710706,0.467963417,0.1382506695,0.7064489998,1.9946,0.6048467723
-0.200,0.475,0.2366804074,0.4689537527,0.1385427652,0.7063449782,1.9938,0.6056920888
-0.200,0.476,0.2371898159,0.4699441057,0.1388348679,0.7062406456,1.9930,0.6065331274
-0.200,0.477,0.237699296,0.4709344762,0.1391269776,0.7061359965,1.9921,0.6073698766
-0.200,0.478,0.238208848,0.4719248642,0.1394190944,0.7060310332,1.9913,0.6082023335
-0.200,0.479,0.238718472,0.4729152696,0.1397112183,0.7059257515,1.9904,0.6090304854
-0.200,0.480,0.2392281683,0.4739056925,0.1400033495,0.7058201635,1.9895,0.6098543422
-0.200,0.481,0.2397379369,0.4748961329,0.1402954879,0.7057142570,1.9887,0.6106738785
-0.200,0.482,0.2402477781,0.4758865908,0.1405876337,0.7056080313,1.9878,0.6114890908
-0.200,0.483,0.240757692,0.4768770662,0.1408797869,0.7055014919,1.9870,0.6122999736
-0.200,0.484,0.2412676787,0.4778675591,0.1411719476,0.7053946355,1.9861,0.6131065240
-0.200,0.485,0.2417777385,0.4788580697,0.1414641158,0.7052874640,1.9852,0.6139087297
-0.200,0.486,0.2422878715,0.4798485977,0.1417562916,0.7051799689,1.9844,0.6147065791
-0.200,0.487,0.2427980779,0.4808391434,0.142048475,0.7050721571,1.9835,0.6155000705
-0.200,0.488,0.2433083579,0.4818297067,0.1423406662,0.7049640293,1.9826,0.6162892013
-0.200,0.489,0.2438187115,0.4828202875,0.1426328651,0.7048555808,1.9818,0.6170739541
-0.200,0.490,0.2443291391,0.483810886,0.142925072,0.7047468092,1.9809,0.6178543248
-0.200,0.491,0.2448396407,0.4848015022,0.1432172867,0.7046377166,1.9800,0.6186303058
-0.200,0.492,0.2453502165,0.4857921359,0.1435095094,0.7045283070,1.9791,0.6194018957
-0.200,0.493,0.2458608667,0.4867827874,0.1438017402,0.7044185718,1.9783,0.6201690776
-0.200,0.494,0.2463715914,0.4877734565,0.1440939791,0.7043085171,1.9774,0.6209318497
-0.200,0.495,0.2468823909,0.4887641433,0.1443862262,0.7041981334,1.9765,0.6216901972
-0.200,0.496,0.2473932653,0.4897548479,0.1446784816,0.7040874370,1.9756,0.6224441287
-0.200,0.497,0.2479042148,0.4907455701,0.1449707453,0.7039764069,1.9747,0.6231936176
-0.200,0.498,0.2484152395,0.4917363101,0.1452630173,0.7038650573,1.9738,0.6239386660
-0.200,0.499,0.2489263395,0.4927270678,0.1455552979,0.7037533830,1.9729,0.6246792685
-0.200,0.500,0.2494375152,0.4937178433,0.1458475869,0.7036413826,1.9720,0.6254154107
-0.200,0.501,0.2499487666,0.4947086365,0.1461398846,0.7035290526,1.9711,0.6261470862
-0.200,0.502,0.2504600939,0.4956994475,0.1464321909,0.7034164017,1.9703,0.6268742914
-0.200,0.503,0.2509714973,0.4966902763,0.1467245059,0.7033034211,1.9694,0.6275970183
-0.200,0.504,0.251482977,0.497681123,0.1470168298,0.7031901148,1.9685,0.6283152557
-0.200,0.505,0.251994533,0.4986719874,0.1473091626,0.7030764770,1.9675,0.6290289947
-0.200,0.506,0.2525061657,0.4996628697,0.1476015043,0.7029625136,1.9666,0.6297382337
-0.200,0.507,0.2530178751,0.5006537698,0.147893855,0.7028482202,1.9657,0.6304429596
-0.200,0.508,0.2535296615,0.5016446877,0.1481862148,0.7027335956,1.9648,0.6311431653
-0.200,0.509,0.2540415249,0.5026356235,0.1484785838,0.7026186403,1.9639,0.6318388438
-0.200,0.510,0.2545534657,0.5036265772,0.148770962,0.7025033542,1.9630,0.6325299875
-0.200,0.511,0.2550654838,0.5046175488,0.1490633495,0.7023877427,1.9621,0.6332165967
-0.200,0.512,0.2555775796,0.5056085382,0.1493557464,0.7022717953,1.9612,0.6338986476
-0.200,0.513,0.2560897532,0.5065995456,0.1496481528,0.7021555136,1.9603,0.6345761412
-0.200,0.514,0.2566020047,0.5075905709,0.1499405686,0.7020388989,1.9593,0.6352490661
-0.200,0.515,0.2571143344,0.5085816141,0.1502329941,0.7019219517,1.9584,0.6359174213
-0.200,0.516,0.2576267423,0.5095726753,0.1505254293,0.7018046727,1.9575,0.6365811935
-0.200,0.517,0.2581392287,0.5105637543,0.1508178742,0.7016870575,1.9566,0.6372403770
-0.200,0.518,0.2586517938,0.5115548514,0.151110329,0.7015691092,1.9556,0.6378949627
-0.200,0.519,0.2591644377,0.5125459664,0.1514027936,0.7014508247,1.9547,0.6385449437
-0.200,0.520,0.2596771606,0.5135370994,0.1516952682,0.7013322026,1.9538,0.6391903097
-0.200,0.521,0.2601899626,0.5145282504,0.1519877529,0.7012132404,1.9528,0.6398310508
-0.200,0.522,0.2607028439,0.5155194194,0.1522802477,0.7010939454,1.9519,0.6404671668
-0.200,0.523,0.2612158048,0.5165106064,0.1525727528,0.7009743120,1.9510,0.6410986444
-0.200,0.524,0.2617288453,0.5175018113,0.1528652681,0.7008543386,1.9500,0.6417254762
-0.200,0.525,0.2622419657,0.5184930344,0.1531577938,0.7007340296,1.9491,0.6423476569
-0.200,0.526,0.2627551661,0.5194842754,0.1534503299,0.7006133796,1.9481,0.6429651758
-0.200,0.527,0.2632684467,0.5204755345,0.1537428765,0.7004923919,1.9472,0.6435780274
-0.200,0.528,0.2637818077,0.5214668116,0.1540354337,0.7003710568,1.9462,0.6441861948
-0.200,0.529,0.2642952492,0.5224581068,0.1543280016,0.7002493890,1.9453,0.6447896861
-0.200,0.530,0.2648087714,0.5234494201,0.1546205803,0.7001273741,1.9444,0.6453884792
-0.200,0.531,0.2653223745,0.5244407514,0.1549131698,0.7000050168,1.9434,0.6459825703
-0.200,0.532,0.2658360586,0.5254321008,0.1552057702,0.6998823230,1.9424,0.6465719581
-0.200,0.533,0.266349824,0.5264234683,0.1554983817,0.6997592821,1.9415,0.6471566256
-0.200,0.534,0.2668636708,0.5274148539,0.1557910042,0.6996358969,1.9405,0.6477365671
-0.200,0.535,0.2673775991,0.5284062576,0.1560836378,0.6995121688,1.9396,0.6483117777
-0.200,0.536,0.2678916093,0.5293976794,0.1563762827,0.6993880936,1.9386,0.6488822444
-0.200,0.537,0.2684057013,0.5303891194,0.156668939,0.6992636744,1.9376,0.6494479629
-0.200,0.538,0.2689198755,0.5313805774,0.1569616066,0.6991389079,1.9367,0.6500089246
-0.200,0.539,0.2694341319,0.5323720536,0.1572542857,0.6990138005,1.9357,0.6505651259
-0.200,0.540,0.2699484708,0.5333635479,0.1575469764,0.6988883355,1.9347,0.6511165422
-0.200,0.541,0.2704628923,0.5343550604,0.1578396788,0.6987625371,1.9338,0.6516631927
-0.200,0.542,0.2709773966,0.535346591,0.1581323929,0.6986363819,1.9328,0.6522050444
-0.200,0.543,0.2714919839,0.5363381398,0.1584251188,0.6985098777,1.9318,0.6527421007
-0.200,0.544,0.2720066543,0.5373297068,0.1587178566,0.6983830311,1.9308,0.6532743579
-0.200,0.545,0.2725214081,0.5383212919,0.1590106065,0.6982558267,1.9299,0.6538017919
-0.200,0.546,0.2730362453,0.5393128952,0.1593033684,0.6981282773,1.9289,0.6543244102
-0.200,0.547,0.2735511662,0.5403045167,0.1595961424,0.6980003709,1.9279,0.6548421962
-0.200,0.548,0.274066171,0.5412961563,0.1598889288,0.6978721234,1.9269,0.6553551523
-0.200,0.549,0.2745812598,0.5422878142,0.1601817274,0.6977435177,1.9259,0.6558632568
-0.200,0.550,0.2750964329,0.5432794902,0.1604745385,0.6976145589,1.9249,0.6563665082
-0.200,0.551,0.2756116903,0.5442711845,0.1607673621,0.6974852492,1.9239,0.6568648998
-0.200,0.552,0.2761270322,0.545262897,0.1610601983,0.6973555826,1.9230,0.6573584191
-0.200,0.553,0.2766424589,0.5462546276,0.1613530472,0.6972255658,1.9220,0.6578470649
-0.200,0.554,0.2771579705,0.5472463765,0.1616459089,0.6970951966,1.9210,0.6583308283
-0.200,0.555,0.2776735672,0.5482381436,0.1619387835,0.6969644680,1.9200,0.6588096933
-0.200,0.556,0.2781892491,0.549229929,0.162231671,0.6968333896,1.9190,0.6592836616
-0.200,0.557,0.2787050165,0.5502217326,0.1625245715,0.6967019510,1.9180,0.6597527194
-0.200,0.558,0.2792208695,0.5512135544,0.1628174852,0.6965701537,1.9170,0.6602168557
-0.200,0.559,0.2797368083,0.5522053944,0.1631104122,0.6964379946,1.9160,0.6606760644
-0.200,0.560,0.2802528331,0.5531972527,0.1634033524,0.6963054860,1.9149,0.6611303471
-0.200,0.561,0.280768944,0.5541891292,0.1636963061,0.6961726165,1.9139,0.6615796845
-0.200,0.562,0.2812851413,0.555181024,0.1639892732,0.6960393895,1.9129,0.6620240759
-0.200,0.563,0.281801425,0.5561729371,0.164282254,0.6959057998,1.9119,0.6624635066
-0.200,0.564,0.2823177955,0.5571648684,0.1645752484,0.6957718535,1.9109,0.6628979753
-0.200,0.565,0.2828342527,0.5581568179,0.1648682566,0.6956375454,1.9099,0.6633274710
-0.200,0.566,0.2833507971,0.5591487857,0.1651612787,0.6955028743,1.9089,0.6637519836
-0.200,0.567,0.2838674286,0.5601407718,0.1654543148,0.6953678461,1.9078,0.6641715114
-0.200,0.568,0.2843841476,0.5611327761,0.1657473649,0.6952324570,1.9068,0.6645860438
-0.200,0.569,0.2849009541,0.5621247987,0.1660404292,0.6950966949,1.9058,0.6649955606
-0.200,0.570,0.2854178484,0.5631168396,0.1663335078,0.6949605760,1.9048,0.6654000730
-0.200,0.571,0.2859348306,0.5641088988,0.1666266007,0.6948240942,1.9037,0.6657995652
-0.200,0.572,0.2864519009,0.5651009762,0.166919708,0.6946872500,1.9027,0.6661940318
-0.200,0.573,0.2869690595,0.5660930719,0.1672128299,0.6945500348,1.9017,0.6665834551
-0.200,0.574,0.2874863066,0.5670851859,0.1675059664,0.6944124608,1.9007,0.6669678407
-0.200,0.575,0.2880036423,0.5680773181,0.1677991177,0.6942745189,1.8996,0.6673471735
-0.200,0.576,0.2885210669,0.5690694686,0.1680922838,0.6941362076,1.8986,0.6677214446
-0.200,0.577,0.2890385805,0.5700616375,0.1683854648,0.6939975280,1.8975,0.6680906459
-0.200,0.578,0.2895561832,0.5710538245,0.1686786609,0.6938584889,1.8965,0.6684547794
-0.200,0.579,0.2900738754,0.5720460299,0.1689718721,0.6937190743,1.8955,0.6688138243
-0.200,0.580,0.2905916571,0.5730382536,0.1692650985,0.6935792861,1.8944,0.6691677722
-0.200,0.581,0.2911095285,0.5740304955,0.1695583402,0.6934391425,1.8934,0.6695166368
-0.200,0.582,0.2916274898,0.5750227558,0.1698515974,0.6932986196,1.8923,0.6698603845
-0.200,0.583,0.2921455413,0.5760150343,0.1701448701,0.6931577305,1.8913,0.6701990224
-0.200,0.584,0.292663683,0.5770073311,0.1704381584,0.6930164649,1.8902,0.6705325329
-0.200,0.585,0.2931819151,0.5779996461,0.1707314625,0.6928748352,1.8892,0.6708609214
-0.200,0.586,0.2937002379,0.5789919795,0.1710247824,0.6927328265,1.8881,0.6711841668
-0.200,0.587,0.2942186515,0.5799843311,0.1713181183,0.6925904506,1.8871,0.6715022717
-0.200,0.588,0.2947371562,0.5809767011,0.1716114701,0.6924476996,1.8860,0.6718152241
-0.200,0.589,0.2952557519,0.5819690893,0.1719048382,0.6923045756,1.8849,0.6721230150
-0.200,0.590,0.2957744391,0.5829614957,0.1721982224,0.6921610741,1.8839,0.6724256354
-0.200,0.591,0.2962932178,0.5839539205,0.1724916231,0.6920172044,1.8828,0.6727230884
-0.200,0.592,0.2968120883,0.5849463635,0.1727850401,0.6918729509,1.8817,0.6730153489
-0.200,0.593,0.2973310506,0.5859388248,0.1730784738,0.6917283291,1.8807,0.6733024259
-0.200,0.594,0.2978501051,0.5869313044,0.1733719241,0.6915833280,1.8796,0.6735843050
-0.200,0.595,0.2983692518,0.5879238023,0.1736653912,0.6914379527,1.8785,0.6738609785
-0.200,0.596,0.298888491,0.5889163184,0.1739588751,0.6912921880,1.8775,0.6741324304
-0.200,0.597,0.2994078228,0.5899088528,0.1742523761,0.6911460576,1.8764,0.6743986716
-0.200,0.598,0.2999272475,0.5909014054,0.1745458941,0.6909995454,1.8753,0.6746596824
-0.200,0.599,0.3004467651,0.5918939764,0.1748394293,0.6908526550,1.8742,0.6749154595
-0.200,0.600,0.300966376,0.5928865655,0.1751329819,0.6907053843,1.8732,0.6751659940
-0.200,0.601,0.3014860802,0.593879173,0.1754265519,0.6905577313,1.8721,0.6754112753
-0.200,0.602,0.302005878,0.5948717986,0.1757201393,0.6904097000,1.8710,0.6756513023
-0.200,0.603,0.3025257696,0.5958644426,0.1760137445,0.6902612869,1.8699,0.6758860654
-0.200,0.604,0.303045755,0.5968571048,0.1763073673,0.6901124894,1.8688,0.6761155528
-0.200,0.605,0.3035658346,0.5978497852,0.1766010081,0.6899633127,1.8677,0.6763397649
-0.200,0.606,0.3040860085,0.5988424839,0.1768946668,0.6898137482,1.8666,0.6765586850
-0.200,0.607,0.3046062769,0.5998352008,0.1771883436,0.6896638108,1.8656,0.6767723230
-0.200,0.608,0.30512664,0.6008279359,0.1774820385,0.6895134751,1.8645,0.6769806468
-0.200,0.609,0.3056470979,0.6018206892,0.1777757518,0.6893627625,1.8634,0.6771836687
-0.200,0.610,0.3061676508,0.6028134608,0.1780694835,0.6892116655,1.8623,0.6773813771
-0.200,0.611,0.306688299,0.6038062506,0.1783632337,0.6890601868,1.8612,0.6775737680
-0.200,0.612,0.3072090426,0.6047990586,0.1786570026,0.6889083139,1.8601,0.6777608214
-0.200,0.613,0.3077298817,0.6057918849,0.1789507902,0.6887560569,1.8590,0.6779425403
-0.200,0.614,0.3082508167,0.6067847293,0.1792445967,0.6886034129,1.8579,0.6781189176
-0.200,0.615,0.3087718476,0.6077775919,0.1795384222,0.6884503760,1.8568,0.6782899395
-0.200,0.616,0.3092929747,0.6087704727,0.1798322667,0.6882969546,1.8556,0.6784556079
-0.200,0.617,0.3098141982,0.6097633717,0.1801261305,0.6881431426,1.8545,0.6786159109
-0.200,0.618,0.3103355181,0.6107562889,0.1804200137,0.6879889459,1.8534,0.6787708468
-0.200,0.619,0.3108569348,0.6117492243,0.1807139162,0.6878343557,1.8523,0.6789204032
-0.200,0.620,0.3113784484,0.6127421778,0.1810078384,0.6876793801,1.8512,0.6790645785
-0.200,0.621,0.3119000591,0.6137351495,0.1813017802,0.6875240041,1.8501,0.6792033548
-0.200,0.622,0.312421767,0.6147281393,0.1815957419,0.6873682421,1.8490,0.6793367383
-0.200,0.623,0.3129435725,0.6157211473,0.1818897235,0.6872120873,1.8478,0.6794647163
-0.200,0.624,0.3134654756,0.6167141735,0.1821837251,0.6870555357,1.8467,0.6795872788
-0.200,0.625,0.3139874765,0.6177072178,0.1824777468,0.6868985951,1.8456,0.6797044281
-0.200,0.626,0.3145095754,0.6187002802,0.1827717889,0.6867412585,1.8445,0.6798161499
-0.200,0.627,0.3150317726,0.6196933607,0.1830658514,0.6865835268,1.8433,0.6799224407
-0.200,0.628,0.3155540682,0.6206864593,0.1833599344,0.6864254045,1.8422,0.6800232980
-0.200,0.629,0.3160764624,0.6216795761,0.183654038,0.6862668777,1.8411,0.6801187018
-0.200,0.630,0.3165989553,0.6226727109,0.1839481624,0.6861079661,1.8400,0.6802086666
-0.200,0.631,0.3171215473,0.6236658639,0.1842423077,0.6859486442,1.8388,0.6802931606
-0.200,0.632,0.3176442384,0.6246590349,0.1845364741,0.6857889323,1.8377,0.6803721990
-0.200,0.633,0.3181670288,0.625652224,0.1848306615,0.6856288284,1.8365,0.6804457733
-0.200,0.634,0.3186899188,0.6266454312,0.1851248702,0.6854683215,1.8354,0.6805138659
-0.200,0.635,0.3192129086,0.6276386564,0.1854191004,0.6853074119,1.8343,0.6805764741
-0.200,0.636,0.3197359982,0.6286318997,0.185713352,0.6851461045,1.8331,0.6806335950
-0.200,0.637,0.320259188,0.629625161,0.1860076252,0.6849843935,1.8320,0.6806852179
-0.200,0.638,0.3207824781,0.6306184403,0.1863019203,0.6848222910,1.8308,0.6807313499
-0.200,0.639,0.3213058687,0.6316117377,0.1865962372,0.6846597801,1.8297,0.6807719678
-0.200,0.640,0.3218293599,0.632605053,0.1868905762,0.6844968706,1.8285,0.6808070752
-0.200,0.641,0.3223529521,0.6335983864,0.1871849373,0.6843335582,1.8274,0.6808366642
-0.200,0.642,0.3228766453,0.6345917378,0.1874793206,0.6841698457,1.8262,0.6808607316
-0.200,0.643,0.3234004397,0.6355851071,0.1877737264,0.6840057242,1.8251,0.6808792629
-0.200,0.644,0.3239243357,0.6365784944,0.1880681547,0.6838412010,1.8239,0.6808922607
-0.200,0.645,0.3244483332,0.6375718997,0.1883626057,0.6836762791,1.8228,0.6808997221
-0.200,0.646,0.3249724326,0.638565323,0.1886570795,0.6835109414,1.8216,0.6809016254
-0.200,0.647,0.325496634,0.6395587641,0.1889515761,0.6833452016,1.8205,0.6808979787
-0.200,0.648,0.3260209377,0.6405522232,0.1892460959,0.6831790597,1.8193,0.6808887781
-0.200,0.649,0.3265453437,0.6415457002,0.1895406388,0.6830125111,1.8181,0.6808740127
-0.200,0.650,0.3270698524,0.6425391952,0.1898352051,0.6828455532,1.8170,0.6808536755
-0.200,0.651,0.3275944639,0.643532708,0.1901297948,0.6826781883,1.8158,0.6808277643
-0.200,0.652,0.3281191783,0.6445262387,0.1904244081,0.6825104104,1.8146,0.6807962680
-0.200,0.653,0.3286439959,0.6455197872,0.1907190451,0.6823422250,1.8135,0.6807591872
-0.200,0.654,0.329168917,0.6465133537,0.191013706,0.6821736345,1.8123,0.6807165199
-0.200,0.655,0.3296939415,0.6475069379,0.1913083908,0.6820046396,1.8111,0.6806682616
-0.200,0.656,0.3302190699,0.64850054,0.1916030998,0.6818352200,1.8099,0.6806143882
-0.200,0.657,0.3307443022,0.64949416,0.1918978331,0.6816653946,1.8088,0.6805549138
-0.200,0.658,0.3312696387,0.6504877977,0.1921925907,0.6814951575,1.8076,0.6804898280
-0.200,0.659,0.3317950795,0.6514814532,0.1924873729,0.6813245086,1.8064,0.6804191260
-0.200,0.660,0.3323206249,0.6524751266,0.1927821797,0.6811534472,1.8052,0.6803428035
-0.200,0.661,0.332846275,0.6534688176,0.1930770114,0.6809819763,1.8040,0.6802608582
-0.200,0.662,0.33337203,0.6544625265,0.193371868,0.6808100919,1.8029,0.6801732832
-0.200,0.663,0.3338978902,0.6554562531,0.1936667497,0.6806377800,1.8017,0.6800800594
-0.200,0.664,0.3344238557,0.6564499974,0.1939616566,0.6804650640,1.8005,0.6799812067
-0.200,0.665,0.3349499267,0.6574437594,0.1942565889,0.6802919299,1.7993,0.6798767067
-0.200,0.666,0.3354761034,0.6584375391,0.1945515467,0.6801183857,1.7981,0.6797665637
-0.200,0.667,0.3360023861,0.6594313365,0.1948465301,0.6799444151,1.7969,0.6796507576
-0.200,0.668,0.3365287748,0.6604251516,0.1951415394,0.6797700333,1.7957,0.6795292995
-0.200,0.669,0.3370552699,0.6614189844,0.1954365745,0.6795952314,1.7945,0.6794021772
-0.200,0.670,0.3375818714,0.6624128347,0.1957316358,0.6794200141,1.7933,0.6792693915
-0.200,0.671,0.3381085797,0.6634067027,0.1960267232,0.6792443735,1.7921,0.6791309310
-0.200,0.672,0.3386353949,0.6644005884,0.1963218371,0.6790683127,1.7909,0.6789867954
-0.200,0.673,0.3391623171,0.6653944916,0.1966169774,0.6788918356,1.7897,0.6788369850
-0.200,0.674,0.3396893467,0.6663884124,0.1969121444,0.6787149371,1.7885,0.6786814917
-0.200,0.675,0.3402164837,0.6673823507,0.1972073382,0.6785376206,1.7873,0.6785203152
-0.200,0.676,0.3407437284,0.6683763066,0.1975025589,0.6783598724,1.7861,0.6783534390
-0.200,0.677,0.3412710811,0.6693702801,0.1977978067,0.6781817112,1.7849,0.6781808784
-0.200,0.678,0.3417985418,0.670364271,0.1980930818,0.6780031247,1.7837,0.6780026183
-0.200,0.679,0.3423261108,0.6713582794,0.1983883842,0.6778241138,1.7825,0.6778186566
-0.200,0.680,0.3428537882,0.6723523054,0.1986837142,0.6776446737,1.7813,0.6776289856
-0.200,0.681,0.3433815744,0.6733463488,0.1989790719,0.6774648234,1.7800,0.6774336216
-0.200,0.682,0.3439094694,0.6743404096,0.1992744574,0.6772845410,1.7788,0.6772325400
-0.200,0.683,0.3444374736,0.6753344879,0.1995698708,0.6771038263,1.7776,0.6770257380
-0.200,0.684,0.344965587,0.6763285836,0.1998653125,0.6769226919,1.7764,0.6768132256
-0.200,0.685,0.3454938099,0.6773226966,0.2001607824,0.6767411312,1.7752,0.6765949939
-0.200,0.686,0.3460221424,0.6783168271,0.2004562807,0.6765591384,1.7740,0.6763710348
-0.200,0.687,0.3465505849,0.6793109749,0.2007518076,0.6763767246,1.7727,0.6761413570
-0.200,0.688,0.3470791374,0.6803051401,0.2010473633,0.6761938753,1.7715,0.6759059438
-0.200,0.689,0.3476078002,0.6812993225,0.2013429479,0.6760106061,1.7703,0.6756648091
-0.200,0.690,0.3481365735,0.6822935223,0.2016385615,0.6758269016,1.7691,0.6754179353
-0.200,0.691,0.3486654575,0.6832877394,0.2019342043,0.6756427626,1.7678,0.6751653210
-0.200,0.692,0.3491944524,0.6842819737,0.2022298765,0.6754581989,1.7666,0.6749069749
-0.200,0.693,0.3497235584,0.6852762253,0.2025255782,0.6752731997,1.7654,0.6746428840
-0.200,0.694,0.3502527757,0.6862704941,0.2028213095,0.6750877702,1.7641,0.6743730522
-0.200,0.695,0.3507821044,0.6872647801,0.2031170707,0.6749019070,1.7629,0.6740974745
-0.200,0.696,0.3513115449,0.6882590833,0.2034128619,0.6747156203,1.7617,0.6738161599
-0.200,0.697,0.3518410972,0.6892534037,0.2037086832,0.6745288926,1.7604,0.6735290896
-0.200,0.698,0.3523707617,0.6902477412,0.2040045349,0.6743417299,1.7592,0.6732362682
-0.200,0.699,0.3529005385,0.6912420958,0.204300417,0.6741541388,1.7579,0.6729377013
-0.200,0.700,0.3534304278,0.6922364676,0.2045963297,0.6739661083,1.7567,0.6726333771
-0.200,0.701,0.3539604298,0.6932308564,0.2048922731,0.6737776329,1.7554,0.6723232890
-0.200,0.702,0.3544905447,0.6942252623,0.2051882476,0.6735887286,1.7542,0.6720074527
-0.200,0.703,0.3550207727,0.6952196852,0.2054842531,0.6733993903,1.7530,0.6716858621
-0.200,0.704,0.3555511141,0.6962141252,0.2057802899,0.6732096097,1.7517,0.6713585084
-0.200,0.705,0.356081569,0.6972085822,0.2060763582,0.6730194003,1.7505,0.6710254049
-0.200,0.706,0.3566121376,0.6982030561,0.206372458,0.6728287358,1.7492,0.6706865250
-0.200,0.707,0.3571428202,0.699197547,0.2066685896,0.6726376455,1.7480,0.6703418979
-0.200,0.708,0.3576736169,0.7001920548,0.2069647531,0.6724461132,1.7467,0.6699915074
-0.200,0.709,0.358204528,0.7011865796,0.2072609487,0.6722541417,1.7454,0.6696353556
-0.200,0.710,0.3587355536,0.7021811212,0.2075571765,0.6720617220,1.7442,0.6692734346
-0.200,0.711,0.359266694,0.7031756797,0.2078534368,0.6718688748,1.7429,0.6689057655
-0.200,0.712,0.3597979493,0.704170255,0.2081497296,0.6716755739,1.7417,0.6685323215
-0.200,0.713,0.3603293199,0.7051648472,0.2084460552,0.6714818314,1.7404,0.6681531163
-0.200,0.714,0.3608608058,0.7061594562,0.2087424137,0.6712876465,1.7391,0.6677681492
-0.200,0.715,0.3613924073,0.7071540819,0.2090388053,0.6710930154,1.7379,0.6673774175
-0.200,0.716,0.3619241246,0.7081487244,0.2093352302,0.6708979492,1.7366,0.6669809332
-0.200,0.717,0.362455958,0.7091433836,0.2096316885,0.6707024266,1.7353,0.6665786759
-0.200,0.718,0.3629879075,0.7101380595,0.2099281804,0.6705064709,1.7341,0.6661706708
-0.200,0.719,0.3635199734,0.7111327521,0.2102247061,0.6703100625,1.7328,0.6657568989
-0.200,0.720,0.364052156,0.7121274614,0.2105212657,0.6701132039,1.7315,0.6653373641
-0.200,0.721,0.3645844555,0.7131221873,0.2108178594,0.6699159010,1.7303,0.6649120740
-0.200,0.722,0.3651168719,0.7141169298,0.2111144874,0.6697181515,1.7290,0.6644810291
-0.200,0.723,0.3656494056,0.7151116888,0.2114111499,0.6695199551,1.7277,0.6640442301
-0.200,0.724,0.3661820568,0.7161064644,0.211707847,0.6693213047,1.7264,0.6636016724
-0.200,0.725,0.3667148257,0.7171012566,0.212004579,0.6691222082,1.7252,0.6631533650
-0.200,0.726,0.3672477125,0.7180960653,0.2123013459,0.6689226578,1.7239,0.6626993035
-0.200,0.727,0.3677807173,0.7190908904,0.212598148,0.6687226591,1.7226,0.6622394958
-0.200,0.728,0.3683138404,0.720085732,0.2128949854,0.6685222124,1.7213,0.6617739450
-0.200,0.729,0.3688470821,0.72108059,0.2131918583,0.6683213118,1.7200,0.6613026470
-0.200,0.730,0.3693804425,0.7220754644,0.2134887669,0.6681199567,1.7187,0.6608256057
-0.200,0.731,0.3699139218,0.7230703552,0.2137857115,0.6679181496,1.7175,0.6603428265
-0.200,0.732,0.3704475203,0.7240652623,0.214082692,0.6677158847,1.7162,0.6598543053
-0.200,0.733,0.3709812381,0.7250601858,0.2143797088,0.6675131739,1.7149,0.6593600588
-0.200,0.734,0.3715150755,0.7260551255,0.214676762,0.6673100079,1.7136,0.6588600811
-0.200,0.735,0.3720490327,0.7270500815,0.2149738518,0.6671063827,1.7123,0.6583543719
-0.200,0.736,0.3725831099,0.7280450538,0.2152709784,0.6669023012,1.7110,0.6578429373
-0.200,0.737,0.3731173073,0.7290400422,0.215568142,0.6666977611,1.7097,0.6573257796
-0.200,0.738,0.3736516251,0.7300350468,0.2158653427,0.6664927653,1.7084,0.6568029067
-0.200,0.739,0.3741860636,0.7310300676,0.2161625807,0.6662873168,1.7071,0.6562743248
-0.200,0.740,0.3747206229,0.7320251045,0.2164598562,0.6660814006,1.7058,0.6557400250
-0.200,0.741,0.3752553033,0.7330201575,0.2167571694,0.6658750348,1.7045,0.6552000288
-0.200,0.742,0.3757901049,0.7340152266,0.2170545205,0.6656682033,1.7032,0.6546543259
-0.200,0.743,0.376325028,0.7350103117,0.2173519097,0.6654609182,1.7019,0.6541029333
-0.200,0.744,0.3768600729,0.7360054129,0.2176493372,0.6652531672,1.7006,0.6535458436
-0.200,0.745,0.3773952396,0.73700053,0.2179468031,0.6650449553,1.6993,0.6529830680
-0.200,0.746,0.3779305285,0.737995663,0.2182443076,0.6648362808,1.6980,0.6524146099
-0.200,0.747,0.3784659397,0.738990812,0.2185418509,0.6646271470,1.6967,0.6518404793
-0.200,0.748,0.3790014735,0.7399859769,0.2188394333,0.6644175457,1.6954,0.6512606728
-0.200,0.749,0.3795371301,0.7409811576,0.2191370548,0.6642074859,1.6941,0.6506752067
-0.200,0.750,0.3800729097,0.7419763541,0.2194347158,0.6639969493,1.6928,0.6500840683
-0.200,0.751,0.3806088125,0.7429715665,0.2197324163,0.6637859586,1.6914,0.6494872886
-0.200,0.752,0.3811448387,0.7439667946,0.2200301566,0.6635745074,1.6901,0.6488848687
-0.200,0.753,0.3816809885,0.7449620385,0.2203279369,0.6633625791,1.6888,0.6482767945
-0.200,0.754,0.3822172623,0.745957298,0.2206257574,0.6631501925,1.6875,0.6476630952
-0.200,0.755,0.3827536601,0.7469525733,0.2209236182,0.6629373325,1.6862,0.6470437648
-0.200,0.756,0.3832901822,0.7479478642,0.2212215196,0.6627240062,1.6849,0.6464188157
-0.200,0.757,0.3838268288,0.7489431706,0.2215194617,0.6625102159,1.6835,0.6457882591
-0.200,0.758,0.3843636002,0.7499384927,0.2218174447,0.6622959447,1.6822,0.6451520847
-0.200,0.759,0.3849004965,0.7509338303,0.222115469,0.6620812144,1.6809,0.6445103263
-0.200,0.760,0.385437518,0.7519291835,0.2224135345,0.6618660099,1.6796,0.6438629735
-0.200,0.761,0.3859746648,0.7529245521,0.2227116416,0.6616503343,1.6782,0.6432100395
-0.200,0.762,0.3865119373,0.7539199362,0.2230097904,0.6614341884,1.6769,0.6425515337
-0.200,0.763,0.3870493356,0.7549153357,0.2233079812,0.6612175686,1.6756,0.6418874642
-0.200,0.764,0.38758686,0.7559107505,0.2236062141,0.6610004789,1.6743,0.6412178422
-0.200,0.765,0.3881245106,0.7569061808,0.2239044894,0.6607829108,1.6729,0.6405426683
-0.200,0.766,0.3886622878,0.7579016263,0.2242028072,0.6605648683,1.6716,0.6398619580
-0.200,0.767,0.3892001916,0.7588970871,0.2245011678,0.6603463503,1.6703,0.6391757213
-0.200,0.768,0.3897382224,0.7598925632,0.2247995713,0.6601273655,1.6689,0.6384839760
-0.200,0.769,0.3902763803,0.7608880545,0.2250980179,0.6599078959,1.6676,0.6377867141
-0.200,0.770,0.3908146656,0.7618835609,0.225396508,0.6596879499,1.6663,0.6370839568
-0.200,0.771,0.3913530785,0.7628790825,0.2256950415,0.6594675345,1.6649,0.6363757198
-0.200,0.772,0.3918916192,0.7638746192,0.2259936189,0.6592466332,1.6636,0.6356620004
-0.200,0.773,0.392430288,0.764870171,0.2262922402,0.6590252620,1.6622,0.6349428268
-0.200,0.774,0.392969085,0.7658657379,0.2265909058,0.6588034046,1.6609,0.6342181937
-0.200,0.775,0.3935080105,0.7668613197,0.2268896157,0.6585810654,1.6596,0.6334881151
-0.200,0.776,0.3940470647,0.7678569165,0.2271883702,0.6583582494,1.6582,0.6327526118
-0.200,0.777,0.3945862479,0.7688525282,0.2274871695,0.6581349517,1.6569,0.6320116920
-0.200,0.778,0.3951255602,0.7698481549,0.2277860139,0.6579111746,1.6555,0.6312653701
-0.200,0.779,0.3956650019,0.7708437964,0.2280849035,0.6576869106,1.6542,0.6305136506
-0.200,0.780,0.3962045733,0.7718394527,0.2283838385,0.6574621617,1.6528,0.6297565513
-0.200,0.781,0.3967442744,0.7728351238,0.2286828193,0.6572369333,1.6515,0.6289940894
-0.200,0.782,0.3972841056,0.7738308097,0.2289818458,0.6570112222,1.6501,0.6282262786
-0.200,0.783,0.3978240671,0.7748265102,0.2292809185,0.6567850204,1.6488,0.6274531233
-0.200,0.784,0.3983641591,0.7758222255,0.2295800375,0.6565583379,1.6474,0.6266746496
-0.200,0.785,0.3989043819,0.7768179554,0.229879203,0.6563311673,1.6461,0.6258908639
-0.200,0.786,0.3994447356,0.7778136998,0.2301784152,0.6561035142,1.6447,0.6251017893
-0.200,0.787,0.3999852205,0.7788094589,0.2304776744,0.6558753636,1.6434,0.6243074245
-0.200,0.788,0.4005258368,0.7798052325,0.2307769807,0.6556467262,1.6420,0.6235077951
-0.200,0.789,0.4010665848,0.7808010205,0.2310763345,0.6554176022,1.6407,0.6227029220
-0.200,0.790,0.4016074646,0.781796823,0.2313757358,0.6551879951,1.6393,0.6218928224
-0.200,0.791,0.4021484766,0.7827926399,0.231675185,0.6549578906,1.6379,0.6210774993
-0.200,0.792,0.4026896208,0.7837884712,0.2319746822,0.6547272902,1.6366,0.6202569722
-0.200,0.793,0.4032308976,0.7847843168,0.2322742277,0.6544962077,1.6352,0.6194312714
-0.200,0.794,0.4037723073,0.7857801767,0.2325738217,0.6542646313,1.6338,0.6186004036
-0.200,0.795,0.4043138499,0.7867760509,0.2328734644,0.6540325580,1.6325,0.6177643860
-0.200,0.796,0.4048555257,0.7877719393,0.233173156,0.6537999930,1.6311,0.6169232382
-0.200,0.797,0.4053973351,0.7887678418,0.2334728968,0.6535669351,1.6297,0.6160769839
-0.200,0.798,0.4059392781,0.7897637585,0.233772687,0.6533333760,1.6284,0.6152256282
-0.200,0.799,0.4064813551,0.7907596892,0.2340725268,0.6530993246,1.6270,0.6143692039
-0.200,0.800,0.4070235663,0.791755634,0.2343724165,0.6528647713,1.6256,0.6135077180
-0.160,0.010,0.004940378239,0.009880716284,0.002860190219,0.9991773431,842.2247,0.0000000000
-0.160,0.011,0.005434421268,0.01086878904,0.003146208572,0.9990044096,695.8706,0.0000000000
-0.160,0.012,0.005928465901,0.01185686235,0.003432226803,0.9988149339,584.5551,0.0000000000
-0.160,0.013,0.006422512277,0.01284493625,0.003718244895,0.9986088950,497.9243,0.0000000000
-0.160,0.014,0.006916560537,0.01383301078,0.004004262834,0.9983862720,429.1850,0.0000000000
-0.160,0.015,0.007410610821,0.01482108599,0.004290280607,0.9981470414,373.7292,0.0000000000
-0.160,0.016,0.007904663273,0.01580916191,0.0045762982,0.9978911778,328.3425,0.0000000000
-0.160,0.017,0.008398718034,0.01679723859,0.004862315601,0.9976186547,290.7271,0.0000000000
-0.160,0.018,0.008892775249,0.01778531608,0.005148332796,0.9973294429,259.2048,0.0000000000
-0.160,0.019,0.009386835059,0.01877339442,0.005434349774,0.9970235111,232.5274,0.0000000000
-0.160,0.020,0.009880897609,0.01976147366,0.005720366521,0.9967008265,209.7505,0.0000000000
-0.160,0.021,0.01037496304,0.02074955383,0.006006383025,0.9963613539,190.1491,0.0000000000
-0.160,0.022,0.0108690315,0.021737635,0.006292399273,0.9960050580,173.1594,0.0000000000
-0.160,0.023,0.01136310313,0.0227257172,0.006578415254,0.9956318981,158.3370,0.0000000000
-0.160,0.024,0.01185717808,0.02371380048,0.006864430955,0.9952418348,145.3285,0.0000000000
-0.160,0.025,0.01235125516,0.02470188224,0.007150445597,0.9948348267,133.8494,0.0000000000
-0.160,0.026,0.01284533717,0.02568996785,0.007436460709,0.9944108244,123.6691,0.0000000000
-0.160,0.027,0.01333942293,0.02667805467,0.007722475503,0.9939697835,114.5987,0.0000000000
-0.160,0.028,0.01383351259,0.02766614276,0.008008489968,0.9935116534,106.4826,0.0000000000
-0.160,0.029,0.01432760627,0.02865423216,0.008294504092,0.9930363845,99.1914,0.0000000000
-0.160,0.030,0.01482170413,0.02964232291,0.008580517863,0.9925439228,92.6170,0.0000000000
-0.160,0.031,0.01531580631,0.03063041508,0.008866531268,0.9920342089,86.6685,0.0000000000
-0.160,0.032,0.01580991296,0.03161850869,0.009152544295,0.9915071860,81.2687,0.0000000000
-0.160,0.033,0.01630402422,0.0326066038,0.009438556933,0.9909627955,76.3522,0.0000000000
-0.160,0.034,0.01679814023,0.03359470045,0.00972456917,0.9904009706,71.8630,0.0000000000
-0.160,0.035,0.01729226113,0.0345827987,0.01001058099,0.9898216462,67.7530,0.0000000000
-0.160,0.036,0.01778638708,0.03557089859,0.01029659239,0.9892247539,63.9805,0.0000000000
-0.160,0.037,0.01828051822,0.03655900015,0.01058260335,0.9886102222,60.5097,0.0000000000
-0.160,0.038,0.01877465468,0.03754710345,0.01086861386,0.9879779765,57.3092,0.0000000000
-0.160,0.039,0.01926879662,0.03853520853,0.01115462391,0.9873279419,54.3516,0.0000000000
-0.160,0.040,0.01976294417,0.03952331544,0.01144063349,0.9866600356,51.6128,0.0000000000
-0.160,0.041,0.02025709749,0.04051142421,0.01172664259,0.9859741748,49.0720,0.0000000000
-0.160,0.042,0.02075125672,0.0414995349,0.01201265118,0.9852702787,46.7103,0.0000000000
-0.160,0.043,0.02124542199,0.04248764756,0.01229865927,0.9845482498,44.5113,0.0000000000
-0.160,0.044,0.02173959346,0.04347576222,0.01258466684,0.9838080033,42.4605,0.0000000000
-0.160,0.045,0.02223377127,0.04446387895,0.01287067387,0.9830494432,40.5447,0.0000000000
-0.160,0.046,0.02272795556,0.04545199777,0.01315668036,0.9822724660,38.7524,0.0000000000
-0.160,0.047,0.02322214648,0.04644011875,0.0134426863,0.9814769713,37.0732,0.0000000000
-0.160,0.048,0.02371634417,0.04742824193,0.01372869167,0.9806628531,35.4977,0.0000000000
-0.160,0.049,0.02421054878,0.04841636735,0.01401469646,0.9798300001,34.0175,0.0000000000
-0.160,0.050,0.02470476044,0.04940449506,0.01430070066,0.9789783018,32.6251,0.0000000000
-0.160,0.051,0.02519897931,0.0503926251,0.01458670426,0.9781076346,31.3137,0.0000000000
-0.160,0.052,0.02569320553,0.05138075753,0.01487270725,0.9772178824,30.0772,0.0000000000
-0.160,0.053,0.02618743924,0.05236889239,0.01515870961,0.9763089160,28.9098,0.0000000000
-0.160,0.054,0.02668168059,0.05335702973,0.01544471133,0.9753806059,27.8065,0.0000000000
-0.160,0.055,0.02717592971,0.05434516958,0.01573071241,0.9744328135,26.7627,0.0000000000
-0.160,0.056,0.02767018677,0.05533331201,0.01601671282,0.9734653989,25.7743,0.0000000000
-0.160,0.057,0.02816445189,0.05632145705,0.01630271257,0.9724782205,24.8372,0.0000000000
-0.160,0.058,0.02865872523,0.05730960476,0.01658871163,0.9714711240,23.9481,0.0000000000
-0.160,0.059,0.02915300669,0.05829775471,0.01687470987,0.9704439562,23.1037,0.0000000000
-0.160,0.060,0.02964729689,0.05928590788,0.01716070753,0.9693965545,22.3009,0.0000000000
-0.160,0.061,0.03014159574,0.06027406385,0.01744670448,0.9683287519,21.5373,0.0000000000
-0.160,0.062,0.03063590337,0.06126222266,0.0177327007,0.9672403756,20.8101,0.0000000000
-0.160,0.063,0.03113021994,0.06225038437,0.01801869618,0.9661312405,20.1171,0.0000000000
-0.160,0.064,0.03162454559,0.06323854902,0.01830469091,0.9650011649,19.4562,0.0000000000
-0.160,0.065,0.03211888047,0.06422671665,0.01859068488,0.9638499611,18.8255,0.0000000000
-0.160,0.066,0.03261322471,0.06521488732,0.01887667808,0.9626774196,18.2230,0.0000000000
-0.160,0.067,0.03310757847,0.06620306107,0.01916267049,0.9614833349,17.6472,0.0000000000
-0.160,0.068,0.03360194188,0.06719123794,0.01944866211,0.9602674983,17.0964,0.0000000000
-0.160,0.069,0.0340963151,0.06817941798,0.01973465293,0.9590296807,16.5693,0.0000000000
-0.160,0.070,0.03459069826,0.06916760124,0.02002064293,0.9577696501,16.0644,0.0000000000
-0.160,0.071,0.03508509152,0.07015578776,0.0203066321,0.9564871629,15.5806,0.0000000000
-0.160,0.072,0.035579495,0.07114397759,0.02059262043,0.9551819760,15.1166,0.0000000000
-0.160,0.073,0.03607390887,0.07213217078,0.02087860791,0.9538538183,14.6714,0.0000000000
-0.160,0.074,0.03656833326,0.07312036737,0.02116459453,0.9525024310,14.2439,0.0000000000
-0.160,0.075,0.03706276832,0.0741085674,0.02145058028,0.9511275220,13.8333,0.0000000000
-0.160,0.076,0.0375572142,0.07509677094,0.02173656515,0.9497288082,13.4386,0.0000000000
-0.160,0.077,0.03805167103,0.07608497801,0.02202254913,0.9483059753,13.0590,0.0000000000
-0.160,0.078,0.03854613896,0.07707318866,0.0223085322,0.9468587161,12.6938,0.0000000000
-0.160,0.079,0.03904061814,0.07806140295,0.02259451436,0.9453866971,12.3421,0.0000000000
-0.160,0.080,0.03953510871,0.07904962092,0.0228804956,0.9438895597,12.0034,0.0000000000
-0.160,0.081,0.04002961082,0.08003784261,0.0231664759,0.9423669681,11.6769,0.0000000000
-0.160,0.082,0.04052412461,0.08102606807,0.02345245525,0.9408185281,11.3621,0.0000000000
-0.160,0.083,0.04101865022,0.08201429735,0.02373843365,0.9392438494,11.0585,0.0000000000
-0.160,0.084,0.04151318781,0.08300253049,0.02402441109,0.9376425300,10.7654,0.0000000000
-0.160,0.085,0.0420077375,0.08399076754,0.02431038754,0.9360141422,10.4824,0.0000000000
-0.160,0.086,0.04250229946,0.08497900854,0.02459636301,0.9343582293,10.2090,0.0000000000
-0.160,0.087,0.04299687382,0.08596725353,0.02488233749,0.9326743300,9.9448,0.0000000000
-0.160,0.088,0.04349146073,0.08695550258,0.02516831095,0.9309619483,9.6894,0.0000000000
-0.160,0.089,0.04398606033,0.08794375571,0.0254542834,0.9292205762,9.4422,0.0000000000
-0.160,0.090,0.04448067277,0.08893201299,0.02574025482,0.9274496665,9.2031,0.0000000000
-0.160,0.091,0.04497529819,0.08992027444,0.0260262252,0.9256486556,8.9716,0.0000000000
-0.160,0.092,0.04546993674,0.09090854012,0.02631219453,0.9238169372,8.7473,0.0000000000
-0.160,0.093,0.04596458856,0.09189681008,0.02659816281,0.9219538943,8.5300,0.0000000000
-0.160,0.094,0.0464592538,0.09288508435,0.02688413002,0.9200588609,8.3193,0.0000000000
-0.160,0.095,0.0469539326,0.093873363,0.02717009615,0.9181311458,8.1150,0.0000000000
-0.160,0.096,0.0474486251,0.09486164605,0.02745606119,0.9161700072,7.9169,0.0000000000
-0.160,0.097,0.04794333146,0.09584993355,0.02774202514,0.9141746724,7.7245,0.0000000000
-0.160,0.098,0.04843805181,0.09683822556,0.02802798797,0.9121443189,7.5377,0.0000000000
-0.160,0.099,0.04893278631,0.09782652212,0.02831394969,0.9100780665,7.3563,0.0000000000
-0.160,0.100,0.04942753509,0.09881482327,0.02859991029,0.9079750127,7.1800,0.0000000000
-0.160,0.101,0.0499222983,0.09980312906,0.02888586975,0.9058341682,7.0086,0.0000000000
-0.160,0.102,0.05041707609,0.1007914395,0.02917182806,0.9036544944,6.8420,0.0000000000
-0.160,0.103,0.0509118686,0.1017797547,0.02945778522,0.9014348861,6.6798,0.0000000000
-0.160,0.104,0.05140667597,0.1027680747,0.02974374122,0.8991741468,6.5220,0.0000000000
-0.160,0.105,0.05190149835,0.1037563995,0.03002969604,0.8968710383,6.3683,0.0000000000
-0.160,0.106,0.05239633589,0.1047447292,0.03031564967,0.8945241949,6.2186,0.0000000000
-0.160,0.107,0.05289118873,0.1057330637,0.03060160212,0.8921321819,6.0727,0.0000000000
-0.160,0.108,0.05338605702,0.1067214033,0.03088755336,0.8896934312,5.9305,0.0000000000
-0.160,0.109,0.0538809409,0.1077097478,0.0311735034,0.8872062833,5.7918,0.0000000000
-0.160,0.110,0.05437584051,0.1086980973,0.03145945221,0.8846689358,5.6564,0.0000000000
-0.160,0.111,0.05487075601,0.109686452,0.0317453998,0.8820794354,5.5243,0.0000000000
-0.160,0.112,0.05536568753,0.1106748118,0.03203134615,0.8794356683,5.3952,0.0000000000
-0.160,0.113,0.05586063522,0.1116631768,0.03231729125,0.8767353503,5.2691,0.0000000000
-0.160,0.114,0.05635559923,0.112651547,0.03260323509,0.8739759790,5.1458,0.0000000000
-0.160,0.115,0.0568505797,0.1136399225,0.03288917768,0.8711548155,5.0252,0.0000000000
-0.160,0.116,0.05734557677,0.1146283033,0.03317511899,0.8682688612,4.9071,0.0000000000
-0.160,0.117,0.0578405906,0.1156166894,0.03346105901,0.8653148444,4.7915,0.0000000000
-0.160,0.118,0.05833562133,0.116605081,0.03374699775,0.8622891014,4.6782,0.0000000000
-0.160,0.119,0.05883066909,0.117593478,0.03403293519,0.8591875947,4.5671,0.0000000000
-0.160,0.120,0.05932573405,0.1185818805,0.03431887133,0.8560058462,4.4582,0.0000000000
-0.160,0.121,0.05982081634,0.1195702886,0.03460480615,0.8527387918,4.3512,0.0000000000
-0.160,0.122,0.06031591611,0.1205587022,0.03489073964,0.8493807814,4.2460,0.0000000000
-0.160,0.123,0.0608110335,0.1215471215,0.0351766718,0.8459253738,4.1425,0.0000000000
-0.160,0.124,0.06130616866,0.1225355464,0.03546260263,0.8423652561,4.0407,0.0000000000
-0.160,0.125,0.06180132174,0.1235239771,0.0357485321,0.8386920363,3.9403,0.0000000000
-0.160,0.126,0.06229649287,0.1245124135,0.03603446022,0.8348959716,3.8413,0.0000000000
-0.160,0.127,0.06279168221,0.1255008558,0.03632038698,0.8309656619,3.7434,0.0000000000
-0.160,0.128,0.06328688991,0.1264893039,0.03660631236,0.8268877054,3.6465,0.0000000000
-0.160,0.129,0.0637821161,0.1274777579,0.03689223636,0.8226460322,3.5504,0.0000000000
-0.160,0.130,0.06427736093,0.1284662178,0.03717815898,0.8182211824,3.4550,0.0000000000
-0.160,0.131,0.06477262455,0.1294546837,0.0374640802,0.8135892040,3.3599,0.0000000000
-0.160,0.132,0.0652679071,0.1304431557,0.03775000002,0.8087199933,3.2649,0.0000000000
-0.160,0.133,0.06576320873,0.1314316337,0.03803591843,0.8035748427,3.1696,0.0000000000
-0.160,0.134,0.06625852958,0.1324201179,0.03832183542,0.7981025896,3.0736,0.0000000000
-0.160,0.135,0.06675386977,0.1334086081,0.03860775096,0.7922330284,2.9762,0.0000000000
-0.160,0.136,0.06724922951,0.1343971046,0.03889366509,0.7858652806,2.8765,0.0000000000
-0.160,0.137,0.06774460891,0.1353856074,0.03917957779,0.7788447381,2.7732,0.0000000000
-0.160,0.138,0.06824000812,0.1363741165,0.03946548903,0.7709117284,2.6641,0.0000000000
-0.160,0.139,0.06873542728,0.1373626319,0.03975139882,0.7615608776,2.5447,0.0000000000
-0.160,0.140,0.06923086654,0.1383511537,0.04003730715,0.7494921724,2.4038,0.0000000000
-0.160,0.141,0.06972632605,0.139339682,0.04032321402,0.7227071885,2.1344,0.0000000000
-0.160,0.142,0.07022180594,0.1403282167,0.04060911941,0.7208723221,2.1178,0.0279961146
-0.160,0.143,0.07071730637,0.1413167579,0.04089502331,0.7208474872,2.1176,0.0396947662
-0.160,0.144,0.07121282749,0.1423053057,0.04118092573,0.7208224670,2.1174,0.0487072029
-0.160,0.145,0.07170836943,0.1432938602,0.04146682665,0.7207972632,2.1171,0.0563375460
-0.160,0.146,0.07220393234,0.1442824212,0.04175272608,0.7207718730,2.1169,0.0630891510
-0.160,0.147,0.07269951638,0.145270989,0.04203862399,0.7207462967,2.1167,0.0692195080
-0.160,0.148,0.07319512168,0.1462595635,0.04232452039,0.7207205353,2.1165,0.0748812722
-0.160,0.149,0.07369074839,0.1472481447,0.04261041527,0.7206945895,2.1162,0.0801736876
-0.160,0.150,0.07418639666,0.1482367328,0.04289630862,0.7206684549,2.1160,0.0851655005
-0.160,0.151,0.07468206664,0.1492253278,0.04318220044,0.7206421362,2.1158,0.0899067590
-0.160,0.152,0.07517775846,0.1502139297,0.04346809072,0.7206156278,2.1155,0.0944350730
-0.160,0.153,0.07567347228,0.1512025385,0.04375397945,0.7205889341,2.1153,0.0987796939
-0.160,0.154,0.07616920825,0.1521911544,0.04403986664,0.7205620542,2.1150,0.1029637858
-0.160,0.155,0.0766649665,0.1531797772,0.04432575226,0.7205349856,2.1148,0.1070060934
-0.160,0.156,0.07716074718,0.1541684072,0.04461163633,0.7205077297,2.1145,0.1109220493
-0.160,0.157,0.07765655045,0.1551570443,0.04489751882,0.7204802862,2.1143,0.1147245448
-0.160,0.158,0.07815237644,0.1561456886,0.04518339974,0.7204526540,2.1141,0.1184243994
-0.160,0.159,0.07864822531,0.1571343401,0.04546927909,0.7204248343,2.1138,0.1220309052
-0.160,0.160,0.0791440972,0.1581229989,0.04575515685,0.7203968252,2.1136,0.1255520308
-0.160,0.161,0.07963999225,0.1591116649,0.04604103301,0.7203686261,2.1133,0.1289947117
-0.160,0.162,0.08013591061,0.1601003383,0.04632690759,0.7203402400,2.1130,0.1323649936
-0.160,0.163,0.08063185244,0.1610890191,0.04661278056,0.7203116641,2.1128,0.1356682244
-0.160,0.164,0.08112781787,0.1620777074,0.04689865193,0.7202828986,2.1125,0.1389091021
-0.160,0.165,0.08162380705,0.1630664031,0.04718452169,0.7202539437,2.1123,0.1420918488
-0.160,0.166,0.08211982013,0.1640551063,0.04747038983,0.7202247962,2.1120,0.1452202184
-0.160,0.167,0.08261585725,0.1650438171,0.04775625635,0.7201954606,2.1118,0.1482976057
-0.160,0.168,0.08311191857,0.1660325355,0.04804212125,0.7201659362,2.1115,0.1513270544
-0.160,0.169,0.08360800422,0.1670212616,0.04832798452,0.7201362185,2.1112,0.1543113279
-0.160,0.170,0.08410411436,0.1680099953,0.04861384616,0.7201063090,2.1110,0.1572529407
-0.160,0.171,0.08460024913,0.1689987368,0.04889970616,0.7200762096,2.1107,0.1601541892
-0.160,0.172,0.08509640868,0.169987486,0.04918556451,0.7200459199,2.1104,0.1630171846
-0.160,0.173,0.08559259316,0.1709762431,0.04947142122,0.7200154344,2.1101,0.1658438292
-0.160,0.174,0.0860888027,0.1719650081,0.04975727628,0.7199847593,2.1099,0.1686359072
-0.160,0.175,0.08658503746,0.1729537809,0.05004312969,0.7199538913,2.1096,0.1713950709
-0.160,0.176,0.08708129759,0.1739425617,0.05032898143,0.7199228306,2.1093,0.1741228126
-0.160,0.177,0.08757758323,0.1749313505,0.05061483152,0.7198915757,2.1090,0.1768205266
-0.160,0.178,0.08807389453,0.1759201473,0.05090067994,0.7198601306,2.1088,0.1794895479
-0.160,0.179,0.08857023164,0.1769089522,0.05118652669,0.7198284895,2.1085,0.1821310472
-0.160,0.180,0.08906659469,0.1778977652,0.05147237177,0.7197966560,2.1082,0.1847461830
-0.160,0.181,0.08956298385,0.1788865864,0.05175821517,0.7197646282,2.1079,0.1873359903
-0.160,0.182,0.09005939926,0.1798754158,0.05204405689,0.7197324060,2.1076,0.1899014702
-0.160,0.183,0.09055584106,0.1808642534,0.05232989693,0.7196999880,2.1073,0.1924435255
-0.160,0.184,0.0910523094,0.1818530993,0.05261573528,0.7196673781,2.1070,0.1949630470
-0.160,0.185,0.09154880442,0.1828419536,0.05290157195,0.7196345717,2.1068,0.1974608346
-0.160,0.186,0.09204532629,0.1838308162,0.05318740692,0.7196015689,2.1065,0.1999376519
-0.160,0.187,0.09254187513,0.1848196872,0.0534732402,0.7195683697,2.1062,0.2023942230
-0.160,0.188,0.09303845111,0.1858085667,0.05375907178,0.7195349776,2.1059,0.2048312340
-0.160,0.189,0.09353505436,0.1867974547,0.05404490166,0.7195013856,2.1056,0.2072493156
-0.160,0.190,0.09403168504,0.1877863512,0.05433072984,0.7194675994,2.1053,0.2096490868
-0.160,0.191,0.09452834328,0.1887752563,0.05461655631,0.7194336150,2.1050,0.2120311169
-0.160,0.192,0.09502502925,0.18976417,0.05490238108,0.7193994352,2.1047,0.2143959525
-0.160,0.193,0.09552174309,0.1907530924,0.05518820414,0.7193650571,2.1044,0.2167441034
-0.160,0.194,0.09601848493,0.1917420235,0.05547402549,0.7193304815,2.1041,0.2190760661
-0.160,0.195,0.09651525494,0.1927309633,0.05575984512,0.7192957070,2.1037,0.2213922948
-0.160,0.196,0.09701205326,0.1937199119,0.05604566304,0.7192607359,2.1034,0.2236932570
-0.160,0.197,0.09750888004,0.1947088694,0.05633147925,0.7192255652,2.1031,0.2259793494
-0.160,0.198,0.09800573542,0.1956978357,0.05661729373,0.7191901957,2.1028,0.2282509810
-0.160,0.199,0.09850261955,0.196686811,0.0569031065,0.7191546263,2.1025,0.2305085349
-0.160,0.200,0.09899953258,0.1976757952,0.05718891754,0.7191188594,2.1022,0.2327523743
-0.160,0.201,0.09949647466,0.1986647884,0.05747472686,0.7190828902,2.1019,0.2349828516
-0.160,0.202,0.09999344593,0.1996537906,0.05776053446,0.7190467238,2.1015,0.2372002946
-0.160,0.203,0.1004904465,0.2006428019,0.05804634034,0.7190103544,2.1012,0.2394050215
-0.160,0.204,0.1009874766,0.2016318224,0.05833214448,0.7189737850,2.1009,0.2415973337
-0.160,0.205,0.1014845364,0.202620852,0.05861794691,0.7189370159,2.1006,0.2437775374
-0.160,0.206,0.1019816259,0.2036098908,0.0589037476,0.7189000429,2.1002,0.2459458887
-0.160,0.207,0.1024787454,0.2045989388,0.05918954657,0.7188628693,2.0999,0.2481026669
-0.160,0.208,0.1029758949,0.2055879961,0.05947534381,0.7188254962,2.0996,0.2502481290
-0.160,0.209,0.1034730747,0.2065770628,0.05976113932,0.7187879198,2.0992,0.2523825145
-0.160,0.210,0.1039702849,0.2075661388,0.0600469331,0.7187501389,2.0989,0.2545060600
-0.160,0.211,0.1044675256,0.2085552242,0.06033272516,0.7187121583,2.0986,0.2566190014
-0.160,0.212,0.1049647969,0.2095443191,0.06061851548,0.7186739707,2.0982,0.2587215397
-0.160,0.213,0.1054620991,0.2105334235,0.06090430408,0.7186355827,2.0979,0.2608138946
-0.160,0.214,0.1059594322,0.2115225373,0.06119009095,0.7185969887,2.0976,0.2628962614
-0.160,0.215,0.1064567965,0.2125116608,0.06147587609,0.7185581936,2.0972,0.2649688462
-0.160,0.216,0.106954192,0.2135007939,0.0617616595,0.7185191912,2.0969,0.2670318098
-0.160,0.217,0.107451619,0.2144899366,0.06204744119,0.7184799849,2.0965,0.2690853522
-0.160,0.218,0.1079490775,0.215479089,0.06233322115,0.7184405739,2.0962,0.2711296384
-0.160,0.219,0.1084465677,0.2164682511,0.06261899938,0.7184009567,2.0958,0.2731648369
-0.160,0.220,0.1089440898,0.217457423,0.06290477589,0.7183611358,2.0955,0.2751911071
-0.160,0.221,0.1094416439,0.2184466047,0.06319055068,0.7183211066,2.0951,0.2772085963
-0.160,0.222,0.1099392302,0.2194357963,0.06347632374,0.7182808722,2.0948,0.2792174666
-0.160,0.223,0.1104368488,0.2204249977,0.06376209509,0.7182404315,2.0944,0.2812178475
-0.160,0.224,0.1109344998,0.2214142091,0.06404786471,0.7181997802,2.0941,0.2832098826
-0.160,0.225,0.1114321834,0.2224034304,0.06433363262,0.7181589242,2.0937,0.2851937104
-0.160,0.226,0.1119298998,0.2233926618,0.06461939881,0.7181178613,2.0933,0.2871694578
-0.160,0.227,0.1124276491,0.2243819032,0.06490516329,0.7180765890,2.0930,0.2891372487
-0.160,0.228,0.1129254314,0.2253711547,0.06519092605,0.7180351103,2.0926,0.2910972068
-0.160,0.229,0.113423247,0.2263604163,0.06547668711,0.7179934193,2.0922,0.2930494376
-0.160,0.230,0.1139210958,0.2273496881,0.06576244645,0.7179515220,2.0919,0.2949940652
-0.160,0.231,0.1144189782,0.2283389701,0.06604820409,0.7179094145,2.0915,0.2969311980
-0.160,0.232,0.1149168942,0.2293282623,0.06633396003,0.7178670967,2.0911,0.2988609350
-0.160,0.233,0.1154148441,0.2303175649,0.06661971427,0.7178245690,2.0908,0.3007833808
-0.160,0.234,0.1159128278,0.2313068777,0.06690546681,0.7177818322,2.0904,0.3026986421
-0.160,0.235,0.1164108457,0.2322962009,0.06719121766,0.7177388833,2.0900,0.3046068014
-0.160,0.236,0.1169088978,0.2332855346,0.06747696682,0.7176957257,2.0896,0.3065079631
-0.160,0.237,0.1174069843,0.2342748786,0.06776271428,0.7176523522,2.0892,0.3084022044
-0.160,0.238,0.1179051053,0.2352642332,0.06804846006,0.7176087704,2.0889,0.3102896247
-0.160,0.239,0.118403261,0.2362535982,0.06833420416,0.7175649740,2.0885,0.3121702968
-0.160,0.240,0.1189014516,0.2372429739,0.06861994659,0.7175209657,2.0881,0.3140443127
-0.160,0.241,0.1193996772,0.2382323601,0.06890568733,0.7174767456,2.0877,0.3159117447
-0.160,0.242,0.1198979379,0.239221757,0.06919142641,0.7174323121,2.0873,0.3177726698
-0.160,0.243,0.1203962338,0.2402111645,0.06947716382,0.7173876642,2.0869,0.3196271704
-0.160,0.244,0.1208945653,0.2412005828,0.06976289957,0.7173428023,2.0865,0.3214753015
-0.160,0.245,0.1213929323,0.2421900118,0.07004863366,0.7172977258,2.0861,0.3233171500
-0.160,0.246,0.121891335,0.2431794516,0.0703343661,0.7172524367,2.0857,0.3251527801
-0.160,0.247,0.1223897736,0.2441689022,0.07062009689,0.7172069324,2.0853,0.3269822554
-0.160,0.248,0.1228882483,0.2451583637,0.07090582603,0.7171612122,2.0849,0.3288056326
-0.160,0.249,0.1233867592,0.2461478361,0.07119155353,0.7171152747,2.0845,0.3306229846
-0.160,0.250,0.1238853064,0.2471373195,0.0714772794,0.7170691196,2.0841,0.3324343539
-0.160,0.251,0.12438389,0.2481268138,0.07176300364,0.7170227507,2.0837,0.3342398249
-0.160,0.252,0.1248825104,0.2491163191,0.07204872626,0.7169761657,2.0833,0.3360394417
-0.160,0.253,0.1253811675,0.2501058356,0.07233444725,0.7169293614,2.0829,0.3378332489
-0.160,0.254,0.1258798615,0.2510953631,0.07262016664,0.7168823405,2.0825,0.3396213194
-0.160,0.255,0.1263785926,0.2520849017,0.07290588441,0.7168351022,2.0821,0.3414036891
-0.160,0.256,0.126877361,0.2530744515,0.07319160059,0.7167876439,2.0817,0.3431804160
-0.160,0.257,0.1273761667,0.2540640126,0.07347731516,0.7167399689,2.0813,0.3449515478
-0.160,0.258,0.12787501,0.2550535848,0.07376302815,0.7166920712,2.0808,0.3467171231
-0.160,0.259,0.128373891,0.2560431684,0.07404873956,0.7166439579,2.0804,0.3484772055
-0.160,0.260,0.1288728098,0.2570327633,0.07433444939,0.7165956241,2.0800,0.3502318345
-0.160,0.261,0.1293717666,0.2580223695,0.07462015764,0.7165470688,2.0796,0.3519810386
-0.160,0.262,0.1298707615,0.2590119872,0.07490586434,0.7164982915,2.0792,0.3537248744
-0.160,0.263,0.1303697947,0.2600016162,0.07519156948,0.7164492971,2.0787,0.3554633836
-0.160,0.264,0.1308688664,0.2609912568,0.07547727306,0.7164000811,2.0783,0.3571966020
-0.160,0.265,0.1313679767,0.2619809088,0.07576297511,0.7163506401,2.0779,0.3589245642
-0.160,0.266,0.1318671256,0.2629705724,0.07604867562,0.7163009774,2.0774,0.3606473140
-0.160,0.267,0.1323663135,0.2639602476,0.0763343746,0.7162510940,2.0770,0.3623648862
-0.160,0.268,0.1328655405,0.2649499344,0.07662007207,0.7162009866,2.0766,0.3640773148
-0.160,0.269,0.1333648066,0.2659396329,0.07690576802,0.7161506561,2.0761,0.3657846375
-0.160,0.270,0.133864112,0.2669293431,0.07719146247,0.7161001036,2.0757,0.3674868904
-0.160,0.271,0.134363457,0.2679190649,0.07747715542,0.7160493263,2.0753,0.3691840987
-0.160,0.272,0.1348628416,0.2689087986,0.07776284688,0.7159983230,2.0748,0.3708762955
-0.160,0.273,0.135362266,0.2698985441,0.07804853686,0.7159470933,2.0744,0.3725635113
-0.160,0.274,0.1358617304,0.2708883014,0.07833422538,0.7158956400,2.0739,0.3742457815
-0.160,0.275,0.1363612348,0.2718780705,0.07861991243,0.7158439620,2.0735,0.3759231337
-0.160,0.276,0.1368607795,0.2728678516,0.07890559803,0.7157920569,2.0730,0.3775955884
-0.160,0.277,0.1373603646,0.2738576447,0.07919128218,0.7157399269,2.0726,0.3792631810
-0.160,0.278,0.1378599902,0.2748474497,0.0794769649,0.7156875683,2.0721,0.3809259405
-0.160,0.279,0.1383596566,0.2758372667,0.07976264619,0.7156349831,2.0717,0.3825838896
-0.160,0.280,0.1388593638,0.2768270958,0.08004832607,0.7155821694,2.0712,0.3842370467
-0.160,0.281,0.139359112,0.277816937,0.08033400454,0.7155291299,2.0707,0.3858854505
-0.160,0.282,0.1398589014,0.2788067903,0.08061968162,0.7154758602,2.0703,0.3875291080
-0.160,0.283,0.1403587321,0.2797966558,0.08090535731,0.7154223602,2.0698,0.3891680497
-0.160,0.284,0.1408586042,0.2807865335,0.08119103162,0.7153686330,2.0694,0.3908022995
-0.160,0.285,0.141358518,0.2817764234,0.08147670457,0.7153146777,2.0689,0.3924318881
-0.160,0.286,0.1418584735,0.2827663256,0.08176237616,0.7152604944,2.0684,0.3940568225
-0.160,0.287,0.142358471,0.2837562401,0.08204804641,0.7152060716,2.0680,0.3956771185
-0.160,0.288,0.1428585105,0.284746167,0.08233371533,0.7151514243,2.0675,0.3972928125
-0.160,0.289,0.1433585922,0.2857361062,0.08261938292,0.7150965417,2.0670,0.3989039097
-0.160,0.290,0.1438587163,0.2867260578,0.08290504921,0.7150414301,2.0665,0.4005104414
-0.160,0.291,0.1443588829,0.2877160219,0.08319071419,0.7149860872,2.0661,0.4021124210
-0.160,0.292,0.1448590922,0.2887059985,0.08347637788,0.7149305123,2.0656,0.4037098642
-0.160,0.293,0.1453593444,0.2896959875,0.0837620403,0.7148747031,2.0651,0.4053027868
-0.160,0.294,0.1458596395,0.2906859892,0.08404770145,0.7148186572,2.0646,0.4068912070
-0.160,0.295,0.1463599778,0.2916760034,0.08433336135,0.7147623822,2.0641,0.4084751433
-0.160,0.296,0.1468603593,0.2926660302,0.08461902001,0.7147058717,2.0636,0.4100546052
-0.160,0.297,0.1473607843,0.2936560697,0.08490467745,0.7146491246,2.0632,0.4116296118
-0.160,0.298,0.1478612528,0.2946461219,0.08519033367,0.7145921429,2.0627,0.4132001810
-0.160,0.299,0.1483617651,0.2956361868,0.08547598868,0.7145349274,2.0622,0.4147663239
-0.160,0.300,0.1488623213,0.2966262645,0.08576164251,0.7144774726,2.0617,0.4163280476
-0.160,0.301,0.1493629216,0.297616355,0.08604729516,0.7144197867,2.0612,0.4178853826
-0.160,0.302,0.149863566,0.2986064583,0.08633294664,0.7143618608,2.0607,0.4194383181
-0.160,0.303,0.1503642548,0.2995965744,0.08661859697,0.7143036999,2.0602,0.4209868919
-0.160,0.304,0.1508649881,0.3005867034,0.08690424618,0.7142453009,2.0597,0.4225310950
-0.160,0.305,0.1513657661,0.3015768454,0.08718989425,0.7141866608,2.0592,0.4240709463
-0.160,0.306,0.1518665889,0.3025670004,0.08747554123,0.7141277814,2.0587,0.4256064582
-0.160,0.307,0.1523674567,0.3035571683,0.0877611871,0.7140686647,2.0582,0.4271376421
-0.160,0.308,0.1528683695,0.3045473493,0.0880468319,0.7140093104,2.0577,0.4286645082
-0.160,0.309,0.1533693277,0.3055375434,0.08833247563,0.7139497165,2.0572,0.4301870639
-0.160,0.310,0.1538703312,0.3065277505,0.08861811831,0.7138898819,2.0567,0.4317053258
-0.160,0.311,0.1543713804,0.3075179708,0.08890375996,0.7138298056,2.0561,0.4332192934
-0.160,0.312,0.1548724752,0.3085082042,0.08918940059,0.7137694881,2.0556,0.4347289787
-0.160,0.313,0.155373616,0.3094984508,0.08947504021,0.7137089287,2.0551,0.4362343943
-0.160,0.314,0.1558748028,0.3104887107,0.08976067884,0.7136481298,2.0546,0.4377355489
-0.160,0.315,0.1563760358,0.3114789839,0.0900463165,0.7135870834,2.0541,0.4392324417
-0.160,0.316,0.1568773151,0.3124692703,0.09033195321,0.7135257993,2.0535,0.4407250877
-0.160,0.317,0.157378641,0.3134595701,0.09061758897,0.7134642691,2.0530,0.4422134929
-0.160,0.318,0.1578800134,0.3144498832,0.0909032238,0.7134024950,2.0525,0.4436976639
-0.160,0.319,0.1583814327,0.3154402097,0.09118885773,0.7133404760,2.0520,0.4451776082
-0.160,0.320,0.158882899,0.3164305497,0.09147449076,0.7132782179,2.0514,0.4466533385
-0.160,0.321,0.1593844123,0.3174209031,0.09176012292,0.7132157093,2.0509,0.4481248460
-0.160,0.322,0.159885973,0.31841127,0.09204575421,0.7131529580,2.0504,0.4495921513
-0.160,0.323,0.160387581,0.3194016504,0.09233138467,0.7130899559,2.0498,0.4510552464
-0.160,0.324,0.1608892367,0.3203920444,0.0926170143,0.7130267106,2.0493,0.4525141472
-0.160,0.325,0.16139094,0.321382452,0.09290264313,0.7129632192,2.0488,0.4539688578
-0.160,0.326,0.1618926913,0.3223728732,0.09318827117,0.7128994770,2.0482,0.4554193720
-0.160,0.327,0.1623944906,0.3233633081,0.09347389844,0.7128354892,2.0477,0.4568657099
-0.160,0.328,0.162896338,0.3243537566,0.09375952495,0.7127712552,2.0471,0.4583078704
-0.160,0.329,0.1633982339,0.3253442189,0.09404515073,0.7127067718,2.0466,0.4597458551
-0.160,0.330,0.1639001782,0.3263346949,0.09433077579,0.7126420372,2.0460,0.4611796676
-0.160,0.331,0.1644021712,0.3273251847,0.09461640016,0.7125770548,2.0455,0.4626093160
-0.160,0.332,0.164904213,0.3283156883,0.09490202385,0.7125118196,2.0449,0.4640347933
-0.160,0.333,0.1654063038,0.3293062058,0.09518764688,0.7124463371,2.0444,0.4654561155
-0.160,0.334,0.1659084436,0.3302967371,0.09547326927,0.7123806014,2.0438,0.4668732745
-0.160,0.335,0.1664106328,0.3312872824,0.09575889104,0.7123146136,2.0433,0.4682862805
-0.160,0.336,0.1669128714,0.3322778416,0.09604451222,0.7122483760,2.0427,0.4696951281
-0.160,0.337,0.1674151596,0.3332684147,0.09633013281,0.7121818836,2.0421,0.4710998327
-0.160,0.338,0.1679174975,0.3342590019,0.09661575284,0.7121151408,2.0416,0.4725003854
-0.160,0.339,0.1684198853,0.3352496031,0.09690137233,0.7120481421,2.0410,0.4738967903
-0.160,0.340,0.1689223232,0.3362402183,0.0971869913,0.7119808931,2.0404,0.4752890516
-0.160,0.341,0.1694248112,0.3372308477,0.09747260977,0.7119133875,2.0399,0.4766771664
-0.160,0.342,0.1699273497,0.3382214911,0.09775822777,0.7118456257,2.0393,0.4780611395
-0.160,0.343,0.1704299386,0.3392121487,0.09804384531,0.7117776123,2.0387,0.4794409738
-0.160,0.344,0.1709325782,0.3402028206,0.09832946242,0.7117093408,2.0382,0.4808166632
-0.160,0.345,0.1714352687,0.3411935066,0.09861507911,0.7116408105,2.0376,0.4821882117
-0.160,0.346,0.1719380101,0.3421842068,0.09890069541,0.7115720311,2.0370,0.4835556257
-0.160,0.347,0.1724408027,0.3431749214,0.09918631134,0.7115029865,2.0364,0.4849188954
-0.160,0.348,0.1729436466,0.3441656502,0.09947192692,0.7114336880,2.0358,0.4862780247
-0.160,0.349,0.1734465419,0.3451563934,0.09975754218,0.7113641296,2.0353,0.4876330178
-0.160,0.350,0.1739494888,0.346147151,0.1000431571,0.7112943161,2.0347,0.4889838738
-0.160,0.351,0.1744524875,0.3471379229,0.1003287718,0.7112242403,2.0341,0.4903305834
-0.160,0.352,0.1749555381,0.3481287093,0.1006143862,0.7111539101,2.0335,0.4916731606
-0.160,0.353,0.1754586408,0.3491195101,0.1009000004,0.7110833137,2.0329,0.4930115882
-0.160,0.354,0.1759617957,0.3501103254,0.1011856144,0.7110124609,2.0323,0.4943458798
-0.160,0.355,0.176465003,0.3511011552,0.1014712282,0.7109413432,2.0317,0.4956760229
-0.160,0.356,0.1769682629,0.3520919996,0.1017568418,0.7108699655,2.0311,0.4970020266
-0.160,0.357,0.1774715754,0.3530828585,0.1020424553,0.7107983309,2.0305,0.4983238859
-0.160,0.358,0.1779749408,0.354073732,0.1023280687,0.7107264274,2.0299,0.4996415924
-0.160,0.359,0.1784783593,0.3550646202,0.102613682,0.7106542617,2.0293,0.5009551522
-0.160,0.360,0.1789818308,0.356055523,0.1028992952,0.7105818382,2.0287,0.5022645655
-0.160,0.361,0.1794853558,0.3570464405,0.1031849084,0.7105091456,2.0281,0.5035698233
-0.160,0.362,0.1799889342,0.3580373727,0.1034705216,0.7104361878,2.0275,0.5048709212
-0.160,0.363,0.1804925662,0.3590283197,0.1037561348,0.7103629698,2.0269,0.5061678737
-0.160,0.364,0.180996252,0.3600192814,0.104041748,0.7102894829,2.0263,0.5074606602
-0.160,0.365,0.1814999918,0.3610102579,0.1043273613,0.7102157312,2.0256,0.5087492887
-0.160,0.366,0.1820037857,0.3620012493,0.1046129747,0.7101417146,2.0250,0.5100337521
-0.160,0.367,0.1825076339,0.3629922555,0.1048985882,0.7100674252,2.0244,0.5113140413
-0.160,0.368,0.1830115365,0.3639832766,0.1051842018,0.7099928765,2.0238,0.5125901729
-0.160,0.369,0.1835154937,0.3649743127,0.1054698157,0.7099180555,2.0232,0.5138621278
-0.160,0.370,0.1840195056,0.3659653636,0.1057554297,0.7098429700,2.0225,0.5151299102
-0.160,0.371,0.1845235725,0.3669564295,0.1060410439,0.7097676097,2.0219,0.5163935064
-0.160,0.372,0.1850276943,0.3679475105,0.1063266584,0.7096919857,2.0213,0.5176529245
-0.160,0.373,0.1855318714,0.3689386064,0.1066122731,0.7096160873,2.0207,0.5189081581
-0.160,0.374,0.1860361039,0.3699297174,0.1068978882,0.7095399235,2.0200,0.5201592060
-0.160,0.375,0.1865403919,0.3709208435,0.1071835036,0.7094634846,2.0194,0.5214060541
-0.160,0.376,0.1870447356,0.3719119847,0.1074691194,0.7093867785,2.0188,0.5226487095
-0.160,0.377,0.1875491351,0.372903141,0.1077547355,0.7093097952,2.0181,0.5238871595
-0.160,0.378,0.1880535907,0.3738943125,0.1080403521,0.7092325436,2.0175,0.5251214098
-0.160,0.379,0.1885581024,0.3748854991,0.1083259692,0.7091550187,2.0168,0.5263514518
-0.160,0.380,0.1890626704,0.375876701,0.1086115867,0.7090772194,2.0162,0.5275772782
-0.160,0.381,0.1895672949,0.3768679181,0.1088972047,0.7089991452,2.0155,0.5287988884
-0.160,0.382,0.190071976,0.3778591505,0.1091828233,0.7089207998,2.0149,0.5300162777
-0.160,0.383,0.1905767139,0.3788503981,0.1094684424,0.7088421791,2.0142,0.5312294429
-0.160,0.384,0.1910815088,0.3798416611,0.1097540621,0.7087632861,2.0136,0.5324383796
-0.160,0.385,0.1915863608,0.3808329395,0.1100396825,0.7086841110,2.0129,0.5336430723
-0.160,0.386,0.1920912701,0.3818242332,0.1103253035,0.7086046605,2.0123,0.5348435275
-0.160,0.387,0.1925962368,0.3828155423,0.1106109252,0.7085249378,2.0116,0.5360397430
-0.160,0.388,0.1931012611,0.3838068668,0.1108965477,0.7084449349,2.0110,0.5372317029
-0.160,0.389,0.1936063431,0.3847982068,0.1111821708,0.7083646502,2.0103,0.5384194013
-0.160,0.390,0.1941114831,0.3857895622,0.1114677948,0.7082840910,2.0096,0.5396028464
-0.160,0.391,0.1946166811,0.3867809332,0.1117534196,0.7082032535,2.0090,0.5407820265
-0.160,0.392,0.1951219373,0.3877723197,0.1120390453,0.7081221376,2.0083,0.5419569361
-0.160,0.393,0.1956272519,0.3887637217,0.1123246718,0.7080407379,2.0076,0.5431275625
-0.160,0.394,0.1961326251,0.3897551393,0.1126102993,0.7079590623,2.0070,0.5442939107
-0.160,0.395,0.196638057,0.3907465725,0.1128959276,0.7078771026,2.0063,0.5454559703
-0.160,0.396,0.1971435477,0.3917380213,0.113181557,0.7077948629,2.0056,0.5466137328
-0.160,0.397,0.1976490974,0.3927294858,0.1134671874,0.7077123391,2.0050,0.5477671960
-0.160,0.398,0.1981547064,0.393720966,0.1137528189,0.7076295331,2.0043,0.5489163525
-0.160,0.399,0.1986603747,0.3947124618,0.1140384514,0.7075464445,2.0036,0.5500611980
-0.160,0.400,0.1991661025,0.3957039734,0.114324085,0.7074630750,2.0029,0.5512017270
-0.160,0.401,0.1996718899,0.3966955007,0.1146097198,0.7073794175,2.0022,0.5523379306
-0.160,0.402,0.2001777372,0.3976870438,0.1148953558,0.7072954794,2.0015,0.5534698070
-0.160,0.403,0.2006836444,0.3986786027,0.115180993,0.7072112538,2.0009,0.5545973391
-0.160,0.404,0.2011896118,0.3996701775,0.1154666315,0.7071267413,2.0002,0.5557205309
-0.160,0.405,0.2016956395,0.4006617681,0.1157522713,0.7070419409,1.9995,0.5568393704
-0.160,0.406,0.2022017277,0.4016533745,0.1160379123,0.7069568612,1.9988,0.5579538616
-0.160,0.407,0.2027078765,0.4026449968,0.1163235548,0.7068714919,1.9981,0.5590639869
-0.160,0.408,0.2032140861,0.4036366351,0.1166091986,0.7067858288,1.9974,0.5601697326
-0.160,0.409,0.2037203566,0.4046282893,0.1168948439,0.7066998812,1.9967,0.5612711096
-0.160,0.410,0.2042266882,0.4056199595,0.1171804907,0.7066136477,1.9960,0.5623681039
-0.160,0.411,0.2047330811,0.4066116456,0.117466139,0.7065271234,1.9953,0.5634607061
-0.160,0.412,0.2052395355,0.4076033478,0.1177517888,0.7064403052,1.9946,0.5645489082
-0.160,0.413,0.2057460514,0.408595066,0.1180374402,0.7063532003,1.9939,0.5656327059
-0.160,0.414,0.2062526291,0.4095868002,0.1183230932,0.7062658055,1.9932,0.5667120943
-0.160,0.415,0.2067592687,0.4105785506,0.1186087479,0.7061781195,1.9924,0.5677870630
-0.160,0.416,0.2072659703,0.411570317,0.1188944043,0.7060901371,1.9917,0.5688576010
-0.160,0.417,0.2077727342,0.4125620996,0.1191800625,0.7060018660,1.9910,0.5699237089
-0.160,0.418,0.2082795605,0.4135538983,0.1194657224,0.7059132993,1.9903,0.5709853732
-0.160,0.419,0.2087864494,0.4145457132,0.1197513841,0.7058244409,1.9896,0.5720425896
-0.160,0.420,0.2092934009,0.4155375443,0.1200370477,0.7057352896,1.9889,0.5730953511
-0.160,0.421,0.2098004154,0.4165293916,0.1203227132,0.7056458401,1.9881,0.5741436440
-0.160,0.422,0.2103074929,0.4175212551,0.1206083806,0.7055560964,1.9874,0.5751874654
-0.160,0.423,0.2108146336,0.4185131349,0.12089405,0.7054660565,1.9867,0.5762268075
-0.160,0.424,0.2113218377,0.419505031,0.1211797214,0.7053757231,1.9860,0.5772616653
-0.160,0.425,0.2118291053,0.4204969433,0.1214653949,0.7052850900,1.9852,0.5782920239
-0.160,0.426,0.2123364366,0.421488872,0.1217510704,0.7051941636,1.9845,0.5793178811
-0.160,0.427,0.2128438318,0.4224808171,0.1220367481,0.7051029354,1.9838,0.5803392249
-0.160,0.428,0.213351291,0.4234727785,0.122322428,0.7050114083,1.9830,0.5813560460
-0.160,0.429,0.2138588143,0.4244647563,0.1226081101,0.7049195867,1.9823,0.5823683452
-0.160,0.430,0.214366402,0.4254567505,0.1228937945,0.7048274618,1.9815,0.5833761045
-0.160,0.431,0.2148740542,0.4264487612,0.1231794812,0.7047350376,1.9808,0.5843793198
-0.160,0.432,0.2153817711,0.4274407883,0.1234651702,0.7046423137,1.9801,0.5853779840
-0.160,0.433,0.2158895528,0.4284328318,0.1237508617,0.7045492896,1.9793,0.5863720863
-0.160,0.434,0.2163973996,0.4294248919,0.1240365555,0.7044559599,1.9786,0.5873616137
-0.160,0.435,0.2169053114,0.4304169684,0.1243222519,0.7043623341,1.9778,0.5883465711
-0.160,0.436,0.2174132886,0.4314090615,0.1246079508,0.7042683969,1.9771,0.5893269310
-0.160,0.437,0.2179213313,0.4324011712,0.1248936522,0.7041741637,1.9763,0.5903027051
-0.160,0.438,0.2184294396,0.4333932974,0.1251793563,0.7040796234,1.9755,0.5912738707
-0.160,0.439,0.2189376138,0.4343854403,0.125465063,0.7039847795,1.9748,0.5922404229
-0.160,0.440,0.2194458539,0.4353775997,0.1257507724,0.7038896328,1.9740,0.5932023564
-0.160,0.441,0.2199541602,0.4363697758,0.1260364845,0.7037941736,1.9733,0.5941596520
-0.160,0.442,0.2204625327,0.4373619685,0.1263221995,0.7036984157,1.9725,0.5951123172
-0.160,0.443,0.2209709718,0.4383541779,0.1266079173,0.7036023483,1.9717,0.5960603296
-0.160,0.444,0.2214794774,0.439346404,0.126893638,0.7035059740,1.9710,0.5970036831
-0.160,0.445,0.2219880499,0.4403386468,0.1271793616,0.7034092911,1.9702,0.5979423725
-0.160,0.446,0.2224966893,0.4413309063,0.1274650882,0.7033123032,1.9694,0.5988763868
-0.160,0.447,0.2230053959,0.4423231826,0.1277508178,0.7032150058,1.9687,0.5998057155
-0.160,0.448,0.2235141697,0.4433154756,0.1280365505,0.7031173975,1.9679,0.6007303489
-0.160,0.449,0.224023011,0.4443077855,0.1283222863,0.7030194794,1.9671,0.6016502788
-0.160,0.450,0.22453192,0.4453001121,0.1286080253,0.7029212531,1.9663,0.6025654978
-0.160,0.451,0.2250408967,0.4462924556,0.1288937675,0.7028227111,1.9655,0.6034759909
-0.160,0.452,0.2255499413,0.4472848159,0.1291795129,0.7027238604,1.9648,0.6043817525
-0.160,0.453,0.2260590541,0.448277193,0.1294652617,0.7026246984,1.9640,0.6052827757
-0.160,0.454,0.2265682351,0.4492695871,0.1297510138,0.7025252221,1.9632,0.6061790470
-0.160,0.455,0.2270774846,0.450261998,0.1300367694,0.7024254331,1.9624,0.6070705574
-0.160,0.456,0.2275868028,0.4512544259,0.1303225284,0.7023253296,1.9616,0.6079572968
-0.160,0.457,0.2280961896,0.4522468707,0.1306082909,0.7022249132,1.9608,0.6088392601
-0.160,0.458,0.2286056455,0.4532393324,0.130894057,0.7021241757,1.9600,0.6097164263
-0.160,0.459,0.2291151704,0.4542318111,0.1311798266,0.7020231336,1.9592,0.6105888046
-0.160,0.460,0.2296247646,0.4552243068,0.1314656,0.7019217662,1.9584,0.6114563643
-0.160,0.461,0.2301344282,0.4562168195,0.1317513771,0.7018200874,1.9576,0.6123191109
-0.160,0.462,0.2306441615,0.4572093492,0.1320371579,0.7017180886,1.9568,0.6131770268
-0.160,0.463,0.2311539645,0.4582018959,0.1323229425,0.7016157750,1.9560,0.6140301070
-0.160,0.464,0.2316638375,0.4591944597,0.1326087311,0.7015131440,1.9552,0.6148783374
-0.160,0.465,0.2321737806,0.4601870406,0.1328945235,0.7014101900,1.9544,0.6157217060
-0.160,0.466,0.2326837939,0.4611796386,0.1331803199,0.7013069177,1.9536,0.6165602076
-0.160,0.467,0.2331938777,0.4621722536,0.1334661204,0.7012033220,1.9528,0.6173938244
-0.160,0.468,0.233704032,0.4631648858,0.1337519249,0.7010994134,1.9519,0.6182225638
-0.160,0.469,0.2342142572,0.4641575351,0.1340377335,0.7009951823,1.9511,0.6190463992
-0.160,0.470,0.2347245533,0.4651502016,0.1343235464,0.7008906236,1.9503,0.6198653187
-0.160,0.471,0.2352349205,0.4661428852,0.1346093635,0.7007857493,1.9495,0.6206793275
-0.160,0.472,0.2357453589,0.467135586,0.1348951849,0.7006805521,1.9487,0.6214884038
-0.160,0.473,0.2362558688,0.4681283041,0.1351810106,0.7005750235,1.9478,0.6222925326
-0.160,0.474,0.2367664503,0.4691210393,0.1354668407,0.7004691771,1.9470,0.6230917160
-0.160,0.475,0.2372771036,0.4701137917,0.1357526754,0.7003630023,1.9462,0.6238859345
-0.160,0.476,0.2377878289,0.4711065614,0.1360385145,0.7002565084,1.9454,0.6246751869
-0.160,0.477,0.2382986262,0.4720993484,0.1363243582,0.7001496892,1.9445,0.6254594553
-0.160,0.478,0.2388094958,0.4730921526,0.1366102065,0.7000425391,1.9437,0.6262387272
-0.160,0.479,0.2393204379,0.4740849742,0.1368960595,0.6999350636,1.9429,0.6270129975
-0.160,0.480,0.2398314525,0.475077813,0.1371819173,0.6998272616,1.9420,0.6277822505
-0.160,0.481,0.24034254,0.4760706691,0.1374677799,0.6997191332,1.9412,0.6285464833
-0.160,0.482,0.2408537004,0.4770635426,0.1377536473,0.6996106738,1.9403,0.6293056759
-0.160,0.483,0.2413649339,0.4780564335,0.1380395196,0.6995018824,1.9395,0.6300598181
-0.160,0.484,0.2418762407,0.4790493416,0.1383253969,0.6993927678,1.9386,0.6308089089
-0.160,0.485,0.242387621,0.4800422672,0.1386112793,0.6992833175,1.9378,0.6315529270
-0.160,0.486,0.2428990749,0.4810352102,0.1388971667,0.6991735405,1.9369,0.6322918698
-0.160,0.487,0.2434106025,0.4820281705,0.1391830594,0.6990634310,1.9361,0.6330257203
-0.160,0.488,0.2439222042,0.4830211483,0.1394689572,0.6989529885,1.9352,0.6337544674
-0.160,0.489,0.24443388,0.4840141435,0.1397548603,0.6988422166,1.9344,0.6344781055
-0.160,0.490,0.24494563,0.4850071562,0.1400407687,0.6987311123,1.9335,0.6351966208
-0.160,0.491,0.2454574546,0.4860001863,0.1403266825,0.6986196634,1.9327,0.6359099920
-0.160,0.492,0.2459693537,0.4869932339,0.1406126018,0.6985078940,1.9318,0.6366182298
-0.160,0.493,0.2464813277,0.4879862989,0.1408985266,0.6983957866,1.9309,0.6373213068
-0.160,0.494,0.2469933767,0.4889793815,0.1411844569,0.6982833386,1.9301,0.6380192095
-0.160,0.495,0.2475055008,0.4899724816,0.1414703929,0.6981705545,1.9292,0.6387119349
-0.160,0.496,0.2480177003,0.4909655992,0.1417563346,0.6980574424,1.9283,0.6393994769
-0.160,0.497,0.2485299752,0.4919587343,0.1420422821,0.6979439881,1.9275,0.6400818109
-0.160,0.498,0.2490423258,0.492951887,0.1423282354,0.6978301914,1.9266,0.6407589283
-0.160,0.499,0.2495547522,0.4939450572,0.1426141946,0.6977160655,1.9257,0.6414308292
-0.160,0.500,0.2500672546,0.494938245,0.1429001598,0.6976015967,1.9248,0.6420974898
-0.160,0.501,0.2505798332,0.4959314504,0.143186131,0.6974867860,1.9240,0.6427588980
-0.160,0.502,0.2510924881,0.4969246733,0.1434721082,0.6973716407,1.9231,0.6434150552
-0.160,0.503,0.2516052195,0.4979179139,0.1437580916,0.6972561510,1.9222,0.6440659364
-0.160,0.504,0.2521180276,0.4989111721,0.1440440812,0.6971403223,1.9213,0.6447115376
-0.160,0.505,0.2526309126,0.499904448,0.1443300771,0.6970241476,1.9204,0.6453518415
-0.160,0.506,0.2531438746,0.5008977414,0.1446160794,0.6969076346,1.9195,0.6459868428
-0.160,0.507,0.2536569138,0.5018910525,0.144902088,0.6967907810,1.9186,0.6466165286
-0.160,0.508,0.2541700303,0.5028843813,0.1451881032,0.6966735841,1.9177,0.6472408854
-0.160,0.509,0.2546832244,0.5038777278,0.1454741249,0.6965560391,1.9169,0.6478598978
-0.160,0.510,0.2551964962,0.5048710919,0.1457601531,0.6964381499,1.9160,0.6484735592
-0.160,0.511,0.2557098459,0.5058644737,0.1460461881,0.6963199127,1.9151,0.6490818503
-0.160,0.512,0.2562232736,0.5068578732,0.1463322298,0.6962013352,1.9142,0.6496847732
-0.160,0.513,0.2567367796,0.5078512905,0.1466182784,0.6960824094,1.9133,0.6502823065
-0.160,0.514,0.257250364,0.5088447254,0.1469043338,0.6959631406,1.9123,0.6508744425
-0.160,0.515,0.2577640269,0.5098381781,0.1471903962,0.6958435150,1.9114,0.6514611570
-0.160,0.516,0.2582777686,0.5108316486,0.1474764656,0.6957235531,1.9105,0.6520424612
-0.160,0.517,0.2587915892,0.5118251367,0.147762542,0.6956032293,1.9096,0.6526183142
-0.160,0.518,0.2593054889,0.5128186427,0.1480486257,0.6954825664,1.9087,0.6531887298
-0.160,0.519,0.2598194678,0.5138121664,0.1483347166,0.6953615538,1.9078,0.6537536860
-0.160,0.520,0.2603335262,0.5148057079,0.1486208148,0.6952401896,1.9069,0.6543131695
-0.160,0.521,0.2608476642,0.5157992672,0.1489069203,0.6951184680,1.9060,0.6548671613
-0.160,0.522,0.261361882,0.5167928443,0.1491930333,0.6949964044,1.9050,0.6554156660
-0.160,0.523,0.2618761797,0.5177864392,0.1494791538,0.6948739769,1.9041,0.6559586513
-0.160,0.524,0.2623905575,0.5187800519,0.149765282,0.6947512046,1.9032,0.6564961245
-0.160,0.525,0.2629050157,0.5197736824,0.1500514177,0.6946280819,1.9023,0.6570280658
-0.160,0.526,0.2634195543,0.5207673308,0.1503375612,0.6945045990,1.9013,0.6575544565
-0.160,0.527,0.2639341736,0.521760997,0.1506237126,0.6943807691,1.9004,0.6580752974
-0.160,0.528,0.2644488737,0.522754681,0.1509098718,0.6942565763,1.8995,0.6585905589
-0.160,0.529,0.2649636548,0.5237483829,0.1511960389,0.6941320337,1.8985,0.6591002450
-0.160,0.530,0.265478517,0.5247421027,0.1514822141,0.6940071271,1.8976,0.6596043271
-0.160,0.531,0.2659934607,0.5257358404,0.1517683974,0.6938818697,1.8967,0.6601028101
-0.160,0.532,0.2665084858,0.5267295959,0.1520545889,0.6937562556,1.8957,0.6605956735
-0.160,0.533,0.2670235926,0.5277233693,0.1523407886,0.6936302806,1.8948,0.6610829009
-0.160,0.534,0.2675387813,0.5287171606,0.1526269967,0.6935039487,1.8939,0.6615644857
-0.160,0.535,0.2680540521,0.5297109698,0.1529132132,0.6933772606,1.8929,0.6620404168
-0.160,0.536,0.268569405,0.5307047969,0.1531994381,0.6932502084,1.8920,0.6625106735
-0.160,0.537,0.2690848404,0.5316986419,0.1534856716,0.6931227964,1.8910,0.6629752479
-0.160,0.538,0.2696003583,0.5326925048,0.1537719138,0.6929950255,1.8901,0.6634341299
-0.160,0.539,0.270115959,0.5336863857,0.1540581647,0.6928668907,1.8891,0.6638873014
-0.160,0.540,0.2706316426,0.5346802844,0.1543444244,0.6927383956,1.8882,0.6643347536
-0.160,0.541,0.2711474093,0.5356742012,0.1546306929,0.6926095358,1.8872,0.6647764718
-0.160,0.542,0.2716632593,0.5366681358,0.1549169704,0.6924803135,1.8862,0.6652124440
-0.160,0.543,0.2721791927,0.5376620884,0.1552032569,0.6923507256,1.8853,0.6656426559
-0.160,0.544,0.2726952098,0.538656059,0.1554895526,0.6922207781,1.8843,0.6660671013
-0.160,0.545,0.2732113106,0.5396500475,0.1557758574,0.6920904610,1.8834,0.6664857570
-0.160,0.546,0.2737274955,0.540644054,0.1560621716,0.6919597835,1.8824,0.6668986215
-0.160,0.547,0.2742437645,0.5416380785,0.156348495,0.6918287302,1.8814,0.6673056669
-0.160,0.548,0.2747601178,0.5426321209,0.1566348279,0.6916973183,1.8805,0.6677068963
-0.160,0.549,0.2752765556,0.5436261814,0.1569211703,0.6915655360,1.8795,0.6681022866
-0.160,0.550,0.2757930782,0.5446202598,0.1572075224,0.6914333915,1.8785,0.6684918346
-0.160,0.551,0.2763096855,0.5456143562,0.1574938841,0.6913008707,1.8775,0.6688755131
-0.160,0.552,0.276826378,0.5466084705,0.1577802555,0.6911679884,1.8766,0.6692533228
-0.160,0.553,0.2773431556,0.5476026029,0.1580666368,0.6910347293,1.8756,0.6696252395
-0.160,0.554,0.2778600187,0.5485967533,0.1583530281,0.6909011034,1.8746,0.6699912570
-0.160,0.555,0.2783769673,0.5495909217,0.1586394294,0.6907671031,1.8736,0.6703513566
-0.160,0.556,0.2788940017,0.5505851081,0.1589258407,0.6906327317,1.8726,0.6707055300
-0.160,0.557,0.279411122,0.5515793125,0.1592122623,0.6904979925,1.8716,0.6710537674
-0.160,0.558,0.2799283284,0.5525735349,0.1594986941,0.6903628795,1.8707,0.6713960494
-0.160,0.559,0.2804456211,0.5535677754,0.1597851362,0.6902273959,1.8697,0.6717323678
-0.160,0.560,0.2809630003,0.5545620338,0.1600715889,0.6900915311,1.8687,0.6720626983
-0.160,0.561,0.2814804661,0.5555563103,0.160358052,0.6899552971,1.8677,0.6723870408
-0.160,0.562,0.2819980187,0.5565506048,0.1606445257,0.6898186870,1.8667,0.6727053752
-0.160,0.563,0.2825156584,0.5575449174,0.1609310102,0.6896817025,1.8657,0.6730176906
-0.160,0.564,0.2830333852,0.558539248,0.1612175055,0.6895443391,1.8647,0.6733239706
-0.160,0.565,0.2835511994,0.5595335966,0.1615040116,0.6894065969,1.8637,0.6736242025
-0.160,0.566,0.2840691011,0.5605279633,0.1617905287,0.6892684786,1.8627,0.6739183739
-0.160,0.567,0.2845870906,0.561522348,0.1620770568,0.6891299891,1.8617,0.6742064802
-0.160,0.568,0.2851051679,0.5625167507,0.1623635961,0.6889911134,1.8607,0.6744884916
-0.160,0.569,0.2856233333,0.5635111715,0.1626501466,0.6888518610,1.8597,0.6747644043
-0.160,0.570,0.286141587,0.5645056103,0.1629367085,0.6887122331,1.8586,0.6750342079
-0.160,0.571,0.2866599292,0.5655000672,0.1632232818,0.6885722158,1.8576,0.6752978763
-0.160,0.572,0.2871783599,0.5664945421,0.1635098665,0.6884318257,1.8566,0.6755554089
-0.160,0.573,0.2876968795,0.567489035,0.1637964629,0.6882910538,1.8556,0.6758067888
-0.160,0.574,0.288215488,0.568483546,0.164083071,0.6881498896,1.8546,0.6760519911
-0.160,0.575,0.2887341857,0.5694780751,0.1643696908,0.6880083524,1.8536,0.6762910198
-0.160,0.576,0.2892529728,0.5704726222,0.1646563225,0.6878664295,1.8525,0.6765238514
-0.160,0.577,0.2897718493,0.5714671874,0.1649429662,0.6877241271,1.8515,0.6767504778
-0.160,0.578,0.2902908156,0.5724617706,0.165229622,0.6875814335,1.8505,0.6769708760
-0.160,0.579,0.2908098718,0.5734563718,0.1655162899,0.6874383557,1.8495,0.6771850382
-0.160,0.580,0.291329018,0.5744509911,0.16580297,0.6872948913,1.8484,0.6773929486
-0.160,0.581,0.2918482545,0.5754456285,0.1660896625,0.6871510483,1.8474,0.6775946030
-0.160,0.582,0.2923675814,0.5764402839,0.1663763674,0.6870068099,1.8464,0.6777899722
-0.160,0.583,0.292886999,0.5774349574,0.1666630849,0.6868621845,1.8453,0.6779790499
-0.160,0.584,0.2934065073,0.5784296489,0.166949815,0.6867171791,1.8443,0.6781618303
-0.160,0.585,0.2939261067,0.5794243584,0.1672365578,0.6865717780,1.8433,0.6783382844
-0.160,0.586,0.2944457971,0.580419086,0.1675233135,0.6864259866,1.8422,0.6785084045
-0.160,0.587,0.294965579,0.5814138317,0.1678100821,0.6862798104,1.8412,0.6786721822
-0.160,0.588,0.2954854523,0.5824085954,0.1680968637,0.6861332416,1.8401,0.6788295974
-0.160,0.589,0.2960054174,0.5834033771,0.1683836584,0.6859862766,1.8391,0.6789806325
-0.160,0.590,0.2965254744,0.5843981769,0.1686704663,0.6858389245,1.8380,0.6791252837
-0.160,0.591,0.2970456234,0.5853929947,0.1689572876,0.6856911854,1.8370,0.6792635374
-0.160,0.592,0.2975658648,0.5863878305,0.1692441222,0.6855430468,1.8359,0.6793953673
-0.160,0.593,0.2980861985,0.5873826844,0.1695309704,0.6853945124,1.8349,0.6795207644
-0.160,0.594,0.2986066249,0.5883775563,0.1698178322,0.6852455923,1.8338,0.6796397253
-0.160,0.595,0.2991271441,0.5893724462,0.1701047077,0.6850962767,1.8328,0.6797522256
-0.160,0.596,0.2996477563,0.5903673542,0.170391597,0.6849465638,1.8317,0.6798582510
-0.160,0.597,0.3001684617,0.5913622802,0.1706785003,0.6847964596,1.8307,0.6799577936
-0.160,0.598,0.3006892605,0.5923572242,0.1709654176,0.6846459423,1.8296,0.6800508188
-0.160,0.599,0.3012101528,0.5933521862,0.171252349,0.6844950379,1.8285,0.6801373377
-0.160,0.600,0.3017311388,0.5943471663,0.1715392946,0.6843437410,1.8275,0.6802173328
-0.160,0.601,0.3022522188,0.5953421643,0.1718262546,0.6841920404,1.8264,0.6802907785
-0.160,0.602,0.3027733929,0.5963371804,0.172113229,0.6840399475,1.8253,0.6803576720
-0.160,0.603,0.3032946613,0.5973322144,0.1724002179,0.6838874452,1.8243,0.6804179833
-0.160,0.604,0.3038160241,0.5983272665,0.1726872215,0.6837345559,1.8232,0.6804717208
-0.160,0.605,0.3043374817,0.5993223365,0.1729742398,0.6835812596,1.8221,0.6805188511
-0.160,0.606,0.304859034,0.6003174246,0.173261273,0.6834275605,1.8210,0.6805593646
-0.160,0.607,0.3053806815,0.6013125306,0.1735483212,0.6832734619,1.8200,0.6805932508
-0.160,0.608,0.3059024241,0.6023076546,0.1738353844,0.6831189571,1.8189,0.6806204890
-0.160,0.609,0.3064242621,0.6033027966,0.1741224628,0.6829640526,1.8178,0.6806410727
-0.160,0.610,0.3069461958,0.6042979565,0.1744095565,0.6828087464,1.8167,0.6806549851
-0.160,0.611,0.3074682252,0.6052931344,0.1746966656,0.6826530360,1.8156,0.6806622099
-0.160,0.612,0.3079903506,0.6062883303,0.1749837901,0.6824969158,1.8145,0.6806627287
-0.160,0.613,0.3085125722,0.6072835441,0.1752709303,0.6823403950,1.8134,0.6806565361
-0.160,0.614,0.3090348901,0.6082787759,0.1755580863,0.6821834683,1.8124,0.6806436126
-0.160,0.615,0.3095573045,0.6092740256,0.175845258,0.6820261354,1.8113,0.6806239445
-0.160,0.616,0.3100798157,0.6102692932,0.1761324457,0.6818683939,1.8102,0.6805975153
-0.160,0.617,0.3106024237,0.6112645788,0.1764196494,0.6817102436,1.8091,0.6805643107
-0.160,0.618,0.3111251289,0.6122598823,0.1767068694,0.6815516816,1.8080,0.6805243140
-0.160,0.619,0.3116479314,0.6132552037,0.1769941055,0.6813927170,1.8069,0.6804775204
-0.160,0.620,0.3121708313,0.6142505431,0.1772813581,0.6812333419,1.8058,0.6804239077
-0.160,0.621,0.3126938289,0.6152459003,0.1775686272,0.6810735496,1.8047,0.6803634556
-0.160,0.622,0.3132169243,0.6162412754,0.1778559129,0.6809133621,1.8036,0.6802961711
-0.160,0.623,0.3137401178,0.6172366684,0.1781432153,0.6807527538,1.8025,0.6802220157
-0.160,0.624,0.3142634095,0.6182320793,0.1784305345,0.6805917305,1.8014,0.6801409806
-0.160,0.625,0.3147867996,0.6192275081,0.1787178708,0.6804302999,1.8002,0.6800530589
-0.160,0.626,0.3153102884,0.6202229547,0.1790052241,0.6802684596,1.7991,0.6799582347
-0.160,0.627,0.3158338759,0.6212184192,0.1792925945,0.6801061990,1.7980,0.6798564832
-0.160,0.628,0.3163575624,0.6222139015,0.1795799823,0.6799435259,1.7969,0.6797477975
-0.160,0.629,0.3168813481,0.6232094017,0.1798673875,0.6797804419,1.7958,0.6796321655
-0.160,0.630,0.3174052332,0.6242049197,0.1801548103,0.6796169436,1.7947,0.6795095694
-0.160,0.631,0.3179292178,0.6252004555,0.1804422507,0.6794530218,1.7935,0.6793799857
-0.160,0.632,0.3184533022,0.6261960092,0.1807297089,0.6792886941,1.7924,0.6792434177
-0.160,0.633,0.3189774865,0.6271915806,0.1810171849,0.6791239349,1.7913,0.6790998257
-0.160,0.634,0.319501771,0.6281871699,0.181304679,0.6789587704,1.7902,0.6789492214
-0.160,0.635,0.3200261557,0.6291827769,0.1815921912,0.6787931794,1.7890,0.6787915694
-0.160,0.636,0.320550641,0.6301784017,0.1818797217,0.6786271771,1.7879,0.6786268705
-0.160,0.637,0.321075227,0.6311740443,0.1821672706,0.6784607505,1.7868,0.6784550973
-0.160,0.638,0.3215999139,0.6321697046,0.1824548379,0.6782939052,1.7857,0.6782762410
-0.160,0.639,0.3221247019,0.6331653827,0.1827424239,0.6781266349,1.7845,0.6780902809
-0.160,0.640,0.3226495911,0.6341610785,0.1830300286,0.6779589463,1.7834,0.6778972093
-0.160,0.641,0.3231745819,0.635156792,0.1833176521,0.6777908387,1.7823,0.6776970110
-0.160,0.642,0.3236996743,0.6361525233,0.1836052947,0.6776223065,1.7811,0.6774896661
-0.160,0.643,0.3242248685,0.6371482722,0.1838929563,0.6774533489,1.7800,0.6772751590
-0.160,0.644,0.3247501649,0.6381440389,0.1841806372,0.6772839720,1.7788,0.6770534815
-0.160,0.645,0.3252755634,0.6391398232,0.1844683375,0.6771141707,1.7777,0.6768246140
-0.160,0.646,0.3258010644,0.6401356252,0.1847560572,0.6769439420,1.7765,0.6765885388
-0.160,0.647,0.3263266681,0.6411314449,0.1850437965,0.6767732842,1.7754,0.6763452396
-0.160,0.648,0.3268523745,0.6421272822,0.1853315556,0.6766022126,1.7742,0.6760947173
-0.160,0.649,0.327378184,0.6431231371,0.1856193345,0.6764307050,1.7731,0.6758369349
-0.160,0.650,0.3279040967,0.6441190097,0.1859071335,0.6762587721,1.7719,0.6755718884
-0.160,0.651,0.3284301128,0.6451148999,0.1861949525,0.6760864097,1.7708,0.6752995593
-0.160,0.652,0.3289562325,0.6461108077,0.1864827918,0.6759136247,1.7696,0.6750199395
-0.160,0.653,0.329482456,0.647106733,0.1867706515,0.6757404089,1.7685,0.6747330062
-0.160,0.654,0.3300087835,0.648102676,0.1870585316,0.6755667547,1.7673,0.6744387369
-0.160,0.655,0.3305352152,0.6490986364,0.1873464324,0.6753926886,1.7662,0.6741371436
-0.160,0.656,0.3310617513,0.6500946145,0.187634354,0.6752181756,1.7650,0.6738281768
-0.160,0.657,0.3315883919,0.6510906101,0.1879222965,0.6750432336,1.7638,0.6735118389
-0.160,0.658,0.3321151374,0.6520866231,0.1882102599,0.6748678606,1.7627,0.6731881134
-0.160,0.659,0.3326419878,0.6530826537,0.1884982446,0.6746920546,1.7615,0.6728569837
-0.160,0.660,0.3331689433,0.6540787018,0.1887862505,0.6745158213,1.7603,0.6725184403
-0.160,0.661,0.3336960043,0.6550747674,0.1890742779,0.6743391497,1.7592,0.6721724580
-0.160,0.662,0.3342231708,0.6560708504,0.1893623268,0.6741620493,1.7580,0.6718190304
-0.160,0.663,0.334750443,0.6570669509,0.1896503974,0.6739845090,1.7568,0.6714581327
-0.160,0.664,0.3352778212,0.6580630688,0.1899384899,0.6738065305,1.7556,0.6710897501
-0.160,0.665,0.3358053056,0.6590592041,0.1902266043,0.6736281234,1.7545,0.6707138793
-0.160,0.666,0.3363328963,0.6600553569,0.1905147408,0.6734492703,1.7533,0.6703304853
-0.160,0.667,0.3368605935,0.661051527,0.1908028995,0.6732699881,1.7521,0.6699395726
-0.160,0.668,0.3373883975,0.6620477145,0.1910910806,0.6730902627,1.7509,0.6695411105
-0.160,0.669,0.3379163084,0.6630439193,0.1913792842,0.6729101036,1.7497,0.6691350945
-0.160,0.670,0.3384443265,0.6640401415,0.1916675105,0.6727294991,1.7486,0.6687214961
-0.160,0.671,0.3389724519,0.665036381,0.1919557595,0.6725484636,1.7474,0.6683003160
-0.160,0.672,0.3395006849,0.6660326379,0.1922440315,0.6723669782,1.7462,0.6678715207
-0.160,0.673,0.3400290256,0.667028912,0.1925323265,0.6721850619,1.7450,0.6674351127
-0.160,0.674,0.3405574742,0.6680252034,0.1928206448,0.6720026972,1.7438,0.6669910600
-0.160,0.675,0.341086031,0.6690215121,0.1931089863,0.6718198979,1.7426,0.6665393616
-0.160,0.676,0.3416146961,0.670017838,0.1933973514,0.6716366504,1.7414,0.6660799883
-0.160,0.677,0.3421434697,0.6710141811,0.1936857401,0.6714529645,1.7402,0.6656129342
-0.160,0.678,0.342672352,0.6720105414,0.1939741526,0.6712688306,1.7390,0.6651381752
-0.160,0.679,0.3432013433,0.6730069189,0.1942625889,0.6710842514,1.7378,0.6646556983
-0.160,0.680,0.3437304438,0.6740033136,0.1945510494,0.6708992276,1.7366,0.6641654884
-0.160,0.681,0.3442596535,0.6749997255,0.194839534,0.6707137555,1.7354,0.6636675282
-0.160,0.682,0.3447889728,0.6759961545,0.195128043,0.6705278433,1.7342,0.6631618090
-0.160,0.683,0.3453184019,0.6769926006,0.1954165764,0.6703414847,1.7330,0.6626483099
-0.160,0.684,0.3458479409,0.6779890638,0.1957051345,0.6701546724,1.7318,0.6621270074
-0.160,0.685,0.34637759,0.6789855441,0.1959937174,0.6699674102,1.7306,0.6615978902
-0.160,0.686,0.3469073495,0.6799820415,0.1962823252,0.6697797126,1.7294,0.6610609585
-0.160,0.687,0.3474372195,0.6809785559,0.1965709581,0.6695915579,1.7282,0.6605161738
-0.160,0.688,0.3479672002,0.6819750873,0.1968596162,0.6694029553,1.7270,0.6599635297
-0.160,0.689,0.3484972919,0.6829716357,0.1971482997,0.6692138987,1.7257,0.6594030063
-0.160,0.690,0.3490274948,0.6839682012,0.1974370086,0.6690243931,1.7245,0.6588345903
-0.160,0.691,0.349557809,0.6849647835,0.1977257433,0.6688344375,1.7233,0.6582582679
-0.160,0.692,0.3500882347,0.6859613829,0.1980145038,0.6686440354,1.7221,0.6576740248
-0.160,0.693,0.3506187723,0.6869579991,0.1983032903,0.6684531675,1.7209,0.6570818266
-0.160,0.694,0.3511494218,0.6879546323,0.1985921028,0.6682618581,1.7196,0.6564816847
-0.160,0.695,0.3516801834,0.6889512823,0.1988809417,0.6680700879,1.7184,0.6558735595
-0.160,0.696,0.3522110575,0.6899479493,0.199169807,0.6678778637,1.7172,0.6552574465
-0.160,0.697,0.3527420441,0.690944633,0.1994586989,0.6676851920,1.7160,0.6546333329
-0.160,0.698,0.3532731434,0.6919413336,0.1997476175,0.6674920554,1.7147,0.6540011877
-0.160,0.699,0.3538043558,0.692938051,0.2000365629,0.6672984664,1.7135,0.6533610068
-0.160,0.700,0.3543356814,0.6939347851,0.2003255355,0.6671044205,1.7123,0.6527127691
-0.160,0.701,0.3548671203,0.694931536,0.2006145352,0.6669099139,1.7111,0.6520564570
-0.160,0.702,0.3553986729,0.6959283037,0.2009035623,0.6667149530,1.7098,0.6513920595
-0.160,0.703,0.3559303393,0.6969250881,0.2011926169,0.6665195323,1.7086,0.6507195557
-0.160,0.704,0.3564621196,0.6979218891,0.2014816992,0.6663236489,1.7073,0.6500389257
-0.160,0.705,0.3569940142,0.6989187068,0.2017708093,0.6661273163,1.7061,0.6493501684
-0.160,0.706,0.3575260233,0.6999155412,0.2020599473,0.6659305156,1.7049,0.6486532496
-0.160,0.707,0.3580581469,0.7009123922,0.2023491136,0.6657332505,1.7036,0.6479481549
-0.160,0.708,0.3585903854,0.7019092598,0.2026383081,0.6655355303,1.7024,0.6472348793
-0.160,0.709,0.3591227389,0.702906144,0.2029275311,0.6653373496,1.7011,0.6465133994
-0.160,0.710,0.3596552077,0.7039030447,0.2032167827,0.6651386976,1.6999,0.6457836896
-0.160,0.711,0.360187792,0.704899962,0.2035060631,0.6649395923,1.6986,0.6450457525
-0.160,0.712,0.3607204919,0.7058968957,0.2037953725,0.6647400148,1.6974,0.6442995500
-0.160,0.713,0.3612533077,0.706893846,0.2040847109,0.6645399759,1.6961,0.6435450790
-0.160,0.714,0.3617862396,0.7078908127,0.2043740787,0.6643394662,1.6949,0.6427823131
-0.160,0.715,0.3623192878,0.7088877958,0.2046634759,0.6641385075,1.6936,0.6420112601
-0.160,0.716,0.3628524524,0.7098847954,0.2049529026,0.6639370671,1.6924,0.6412318679
-0.160,0.717,0.3633857338,0.7108818113,0.2052423592,0.6637351626,1.6911,0.6404441380
-0.160,0.718,0.3639191321,0.7118788436,0.2055318457,0.6635327876,1.6899,0.6396480487
-0.160,0.719,0.3644526476,0.7128758922,0.2058213623,0.6633299475,1.6886,0.6388435878
-0.160,0.720,0.3649862803,0.7138729571,0.2061109091,0.6631266423,1.6874,0.6380307422
-0.160,0.721,0.3655200307,0.7148700384,0.2064004864,0.6629228641,1.6861,0.6372094823
-0.160,0.722,0.3660538987,0.7158671358,0.2066900943,0.6627186204,1.6848,0.6363798045
-0.160,0.723,0.3665878848,0.7168642495,0.206979733,0.6625138992,1.6836,0.6355416745
-0.160,0.724,0.367121989,0.7178613794,0.2072694026,0.6623087084,1.6823,0.6346950857
-0.160,0.725,0.3676562117,0.7188585255,0.2075591033,0.6621030536,1.6810,0.6338400295
-0.160,0.726,0.3681905529,0.7198556878,0.2078488353,0.6618969137,1.6798,0.6329764635
-0.160,0.727,0.3687250129,0.7208528661,0.2081385987,0.6616903085,1.6785,0.6321043954
-0.160,0.728,0.369259592,0.7218500606,0.2084283938,0.6614832351,1.6772,0.6312238052
-0.160,0.729,0.3697942903,0.7228472711,0.2087182207,0.6612756772,1.6760,0.6303346540
-0.160,0.730,0.3703291081,0.7238444977,0.2090080795,0.6610676502,1.6747,0.6294369467
-0.160,0.731,0.3708640455,0.7248417402,0.2092979705,0.6608591448,1.6734,0.6285306507
-0.160,0.732,0.3713991028,0.7258389988,0.2095878938,0.6606501696,1.6721,0.6276157669
-0.160,0.733,0.3719342802,0.7268362733,0.2098778497,0.6604407109,1.6708,0.6266922541
-0.160,0.734,0.3724695779,0.7278335638,0.2101678381,0.6602307779,1.6696,0.6257601117
-0.160,0.735,0.3730049961,0.7288308702,0.2104578595,0.6600203567,1.6683,0.6248193021
-0.160,0.736,0.373540535,0.7298281924,0.2107479138,0.6598094683,1.6670,0.6238698371
-0.160,0.737,0.3740761949,0.7308255305,0.2110380014,0.6595980971,1.6657,0.6229116777
-0.160,0.738,0.374611976,0.7318228844,0.2113281223,0.6593862475,1.6644,0.6219448142
-0.160,0.739,0.3751478784,0.7328202541,0.2116182768,0.6591739242,1.6631,0.6209692312
-0.160,0.740,0.3756839024,0.7338176395,0.211908465,0.6589611133,1.6619,0.6199848998
-0.160,0.741,0.3762200482,0.7348150407,0.2121986872,0.6587478147,1.6606,0.6189918002
-0.160,0.742,0.376756316,0.7358124575,0.2124889434,0.6585340498,1.6593,0.6179899395
-0.160,0.743,0.3772927061,0.7368098901,0.212779234,0.6583197938,1.6580,0.6169792699
-0.160,0.744,0.3778292186,0.7378073382,0.213069559,0.6581050426,1.6567,0.6159597717
-0.160,0.745,0.3783658538,0.738804802,0.2133599186,0.6578898237,1.6554,0.6149314592
-0.160,0.746,0.3789026118,0.7398022814,0.2136503131,0.6576741178,1.6541,0.6138942895
-0.160,0.747,0.379439493,0.7407997763,0.2139407426,0.6574579216,1.6528,0.6128482433
-0.160,0.748,0.3799764975,0.7417972867,0.2142312073,0.6572412456,1.6515,0.6117933137
-0.160,0.749,0.3805136255,0.7427948126,0.2145217074,0.6570240769,1.6502,0.6107294697
-0.160,0.750,0.3810508773,0.7437923539,0.214812243,0.6568064233,1.6489,0.6096566997
-0.160,0.751,0.381588253,0.7447899107,0.2151028144,0.6565882833,1.6476,0.6085749864
-0.160,0.752,0.3821257529,0.7457874828,0.2153934218,0.6563696527,1.6463,0.6074843037
-0.160,0.753,0.3826633773,0.7467850704,0.2156840653,0.6561505336,1.6450,0.6063846363
-0.160,0.754,0.3832011262,0.7477826732,0.2159747451,0.6559309298,1.6437,0.6052759735
-0.160,0.755,0.383739,0.7487802913,0.2162654614,0.6557108291,1.6424,0.6041582821
-0.160,0.756,0.3842769989,0.7497779247,0.2165562145,0.6554902410,1.6411,0.6030315487
-0.160,0.757,0.384815123,0.7507755733,0.2168470044,0.6552691593,1.6398,0.6018957531
-0.160,0.758,0.3853533727,0.7517732371,0.2171378314,0.6550475933,1.6385,0.6007508873
-0.160,0.759,0.3858917481,0.752770916,0.2174286957,0.6548255291,1.6372,0.5995969159
-0.160,0.760,0.3864302494,0.7537686101,0.2177195975,0.6546029725,1.6358,0.5984338240
-0.160,0.761,0.3869688769,0.7547663193,0.218010537,0.6543799159,1.6345,0.5972615865
-0.160,0.762,0.3875076307,0.7557640435,0.2183015143,0.6541563726,1.6332,0.5960802005
-0.160,0.763,0.3880465112,0.7567617828,0.2185925296,0.6539323257,1.6319,0.5948896238
-0.160,0.764,0.3885855185,0.757759537,0.2188835832,0.6537077893,1.6306,0.5936898583
-0.160,0.765,0.3891246529,0.7587573062,0.2191746753,0.6534827614,1.6293,0.5924808762
-0.160,0.766,0.3896639145,0.7597550903,0.219465806,0.6532572301,1.6279,0.5912626492
-0.160,0.767,0.3902033036,0.7607528893,0.2197569755,0.6530312018,1.6266,0.5900351643
-0.160,0.768,0.3907428205,0.7617507031,0.2200481841,0.6528046703,1.6253,0.5887983910
-0.160,0.769,0.3912824653,0.7627485318,0.220339432,0.6525776432,1.6240,0.5875523228
-0.160,0.770,0.3918222382,0.7637463752,0.2206307192,0.6523501225,1.6226,0.5862969422
-0.160,0.771,0.3923621396,0.7647442334,0.2209220462,0.6521220903,1.6213,0.5850322056
-0.160,0.772,0.3929021695,0.7657421063,0.2212134129,0.6518935632,1.6200,0.5837581123
-0.160,0.773,0.3934423283,0.7667399938,0.2215048197,0.6516645398,1.6187,0.5824746402
-0.160,0.774,0.3939826161,0.767737896,0.2217962668,0.6514350113,1.6173,0.5811817617
-0.160,0.775,0.3945230333,0.7687358128,0.2220877543,0.6512049762,1.6160,0.5798794483
-0.160,0.776,0.3950635799,0.7697337441,0.2223792825,0.6509744405,1.6147,0.5785676950
-0.160,0.777,0.3956042563,0.77073169,0.2226708515,0.6507434021,1.6133,0.5772464727
-0.160,0.778,0.3961450626,0.7717296503,0.2229624616,0.6505118511,1.6120,0.5759157488
-0.160,0.779,0.3966859991,0.7727276251,0.223254113,0.6502798067,1.6106,0.5745755249
-0.160,0.780,0.3972270661,0.7737256143,0.2235458058,0.6500472466,1.6093,0.5732257562
-0.160,0.781,0.3977682636,0.7747236178,0.2238375404,0.6498141870,1.6080,0.5718664396
-0.160,0.782,0.3983095921,0.7757216357,0.2241293168,0.6495806091,1.6066,0.5704975269
-0.160,0.783,0.3988510516,0.7767196679,0.2244211354,0.6493465328,1.6053,0.5691190253
-0.160,0.784,0.3993926425,0.7777177144,0.2247129962,0.6491119445,1.6040,0.5677308959
-0.160,0.785,0.3999343649,0.778715775,0.2250048996,0.6488768484,1.6026,0.5663331178
-0.160,0.786,0.4004762191,0.7797138499,0.2252968458,0.6486412458,1.6013,0.5649256738
-0.160,0.787,0.4010182052,0.7807119388,0.2255888348,0.6484051258,1.5999,0.5635085282
-0.160,0.788,0.4015603237,0.7817100419,0.2258808671,0.6481684985,1.5986,0.5620816712
-0.160,0.789,0.4021025746,0.782708159,0.2261729427,0.6479313546,1.5972,0.5606450623
-0.160,0.790,0.4026449581,0.7837062902,0.226465062,0.6476936979,1.5959,0.5591986915
-0.160,0.791,0.4031874746,0.7847044353,0.226757225,0.6474555381,1.5945,0.5577425427
-0.160,0.792,0.4037301243,0.7857025944,0.2270494321,0.6472168530,1.5932,0.5562765690
-0.160,0.793,0.4042729074,0.7867007674,0.2273416834,0.6469776601,1.5918,0.5548007614
-0.160,0.794,0.404815824,0.7876989542,0.2276339791,0.6467379450,1.5905,0.5533150849
-0.160,0.795,0.4053588745,0.7886971548,0.2279263196,0.6464977219,1.5891,0.5518195320
-0.160,0.796,0.4059020591,0.7896953692,0.2282187049,0.6462569808,1.5878,0.5503140666
-0.160,0.797,0.406445378,0.7906935974,0.2285111353,0.6460157144,1.5864,0.5487986472
-0.160,0.798,0.4069888314,0.7916918392,0.2288036111,0.6457739379,1.5850,0.5472732786
-0.160,0.799,0.4075324196,0.7926900947,0.2290961325,0.6455316383,1.5837,0.5457379127
-0.160,0.800,0.4080761428,0.7936883638,0.2293886996,0.6452888239,1.5823,0.5441925379
-0.120,0.010,0.004952493807,0.009904947125,0.002801833384,0.9991081170,776.8261,0.0000000000
-0.120,0.011,0.005447748421,0.01089544295,0.003082015849,0.9989206215,641.8259,0.0000000000
-0.120,0.012,0.005943004646,0.01188593932,0.003362198131,0.9987151850,539.1452,0.0000000000
-0.120,0.013,0.006438262622,0.01287643629,0.003642380208,0.9984917858,459.2347,0.0000000000
-0.120,0.014,0.006933522492,0.01386693388,0.003922562063,0.9982503995,395.8279,0.0000000000
-0.120,0.015,0.007428784396,0.01485743214,0.004202743674,0.9979909984,344.6740,0.0000000000
-0.120,0.016,0.007924048479,0.01584793111,0.004482925025,0.9977135541,302.8082,0.0000000000
-0.120,0.017,0.008419314883,0.01683843083,0.004763106095,0.9974180358,268.1106,0.0000000000
-0.120,0.018,0.008914583753,0.01782893136,0.005043286869,0.9971044097,239.0335,0.0000000000
-0.120,0.019,0.009409855231,0.01881943273,0.005323467326,0.9967726410,214.4255,0.0000000000
-0.120,0.020,0.009905129463,0.01980993499,0.005603647449,0.9964226919,193.4154,0.0000000000
-0.120,0.021,0.01040040659,0.02080043819,0.005883827221,0.9960545208,175.3346,0.0000000000
-0.120,0.022,0.01089568676,0.02179094237,0.006164006623,0.9956680879,159.6627,0.0000000000
-0.120,0.023,0.01139097012,0.02278144757,0.006444185637,0.9952633491,145.9901,0.0000000000
-0.120,0.024,0.01188625681,0.02377195385,0.006724364247,0.9948402548,133.9906,0.0000000000
-0.120,0.025,0.01238154565,0.02476245859,0.007004541683,0.9943987603,123.4020,0.0000000000
-0.120,0.026,0.01287683944,0.02575296718,0.007284719437,0.9939388087,114.0113,0.0000000000
-0.120,0.027,0.01337213701,0.02674347698,0.007564896732,0.9934603470,105.6445,0.0000000000
-0.120,0.028,0.01386743847,0.02773398803,0.007845073551,0.9929633197,98.1579,0.0000000000
-0.120,0.029,0.014362744,0.02872450038,0.008125249877,0.9924476678,91.4322,0.0000000000
-0.120,0.030,0.01485805372,0.02971501408,0.008405425692,0.9919133279,85.3677,0.0000000000
-0.120,0.031,0.01535336778,0.03070552918,0.008685600978,0.9913602359,79.8805,0.0000000000
-0.120,0.032,0.01584868633,0.03169604572,0.008965775719,0.9907883257,74.8995,0.0000000000
-0.120,0.033,0.01634400951,0.03268656374,0.009245949895,0.9901975248,70.3643,0.0000000000
-0.120,0.034,0.01683933748,0.0336770833,0.009526123492,0.9895877604,66.2232,0.0000000000
-0.120,0.035,0.01733467036,0.03466760444,0.009806296489,0.9889589571,62.4319,0.0000000000
-0.120,0.036,0.01783000831,0.0356581272,0.01008646887,0.9883110356,58.9520,0.0000000000
-0.120,0.037,0.01832535147,0.03664865164,0.01036664062,0.9876439122,55.7503,0.0000000000
-0.120,0.038,0.01882069999,0.0376391778,0.01064681172,0.9869575014,52.7979,0.0000000000
-0.120,0.039,0.01931605401,0.03862970572,0.01092698215,0.9862517179,50.0696,0.0000000000
-0.120,0.040,0.01981141367,0.03962023545,0.0112071519,0.9855264654,47.5432,0.0000000000
-0.120,0.041,0.02030677913,0.04061076704,0.01148732094,0.9847816468,45.1993,0.0000000000
-0.120,0.042,0.02080215052,0.04160130054,0.01176748927,0.9840171662,43.0207,0.0000000000
-0.120,0.043,0.021297528,0.04259183599,0.01204765685,0.9832329172,40.9922,0.0000000000
-0.120,0.044,0.02179291169,0.04358237343,0.01232782369,0.9824287980,39.1003,0.0000000000
-0.120,0.045,0.02228830177,0.04457291291,0.01260798975,0.9816046899,37.3330,0.0000000000
-0.120,0.046,0.02278369835,0.04556345449,0.01288815503,0.9807604858,35.6796,0.0000000000
-0.120,0.047,0.0232791016,0.0465539982,0.0131683195,0.9798960609,34.1304,0.0000000000
-0.120,0.048,0.02377451165,0.04754454409,0.01344848314,0.9790112928,32.6770,0.0000000000
-0.120,0.049,0.02426992865,0.04853509221,0.01372864595,0.9781060555,31.3115,0.0000000000
-0.120,0.050,0.02476535275,0.0495256426,0.0140088079,0.9771802102,30.0269,0.0000000000
-0.120,0.051,0.02526078409,0.05051619532,0.01428896898,0.9762336237,28.8171,0.0000000000
-0.120,0.052,0.02575622281,0.0515067504,0.01456912916,0.9752661584,27.6762,0.0000000000
-0.120,0.053,0.02625166906,0.05249730789,0.01484928844,0.9742776558,26.5992,0.0000000000
-0.120,0.054,0.02674712299,0.05348786784,0.01512944679,0.9732679685,25.5813,0.0000000000
-0.120,0.055,0.02724258474,0.0544784303,0.01540960421,0.9722369370,24.6183,0.0000000000
-0.120,0.056,0.02773805446,0.0554689953,0.01568976066,0.9711843951,23.7063,0.0000000000
-0.120,0.057,0.02823353228,0.05645956291,0.01596991614,0.9701101742,22.8417,0.0000000000
-0.120,0.058,0.02872901836,0.05745013315,0.01625007062,0.9690140941,22.0214,0.0000000000
-0.120,0.059,0.02922451261,0.05844070563,0.01653022397,0.9678959757,21.2422,0.0000000000
-0.120,0.060,0.02972001564,0.0594312813,0.01681037642,0.9667556259,20.5015,0.0000000000
-0.120,0.061,0.03021552735,0.06042185975,0.01709052783,0.9655928416,19.7968,0.0000000000
-0.120,0.062,0.0307110479,0.06141244103,0.01737067818,0.9644074291,19.1258,0.0000000000
-0.120,0.063,0.03120657744,0.06240302518,0.01765082745,0.9631991642,18.4864,0.0000000000
-0.120,0.064,0.03170211609,0.06339361226,0.01793097563,0.9619678348,17.8765,0.0000000000
-0.120,0.065,0.03219766402,0.06438420229,0.0182111227,0.9607132085,17.2944,0.0000000000
-0.120,0.066,0.03269322137,0.06537479534,0.01849126865,0.9594350472,16.7384,0.0000000000
-0.120,0.067,0.03318878827,0.06636539144,0.01877141345,0.9581331022,16.2069,0.0000000000
-0.120,0.068,0.03368436488,0.06735599065,0.0190515571,0.9568071144,15.6986,0.0000000000
-0.120,0.069,0.03417995134,0.06834659301,0.01933169957,0.9554568211,15.2120,0.0000000000
-0.120,0.070,0.0346755478,0.06933719855,0.01961184084,0.9540819402,14.7460,0.0000000000
-0.120,0.071,0.0351711544,0.07032780734,0.01989198091,0.9526821848,14.2994,0.0000000000
-0.120,0.072,0.03566677129,0.07131841942,0.02017211976,0.9512572534,13.8711,0.0000000000
-0.120,0.073,0.03616239861,0.07230903483,0.02045225736,0.9498068268,13.4600,0.0000000000
-0.120,0.074,0.0366580365,0.07329965361,0.02073239371,0.9483305923,13.0654,0.0000000000
-0.120,0.075,0.03715368512,0.07429027582,0.02101252878,0.9468281969,12.6863,0.0000000000
-0.120,0.076,0.03764934461,0.0752809015,0.02129266257,0.9452992828,12.3218,0.0000000000
-0.120,0.077,0.03814501511,0.07627153069,0.02157279505,0.9437434925,11.9713,0.0000000000
-0.120,0.078,0.03864069677,0.07726216345,0.0218529262,0.9421604324,11.6339,0.0000000000
-0.120,0.079,0.03913638973,0.07825279981,0.02213305602,0.9405496920,11.3092,0.0000000000
-0.120,0.080,0.03963209414,0.07924343982,0.02241318449,0.9389108648,10.9963,0.0000000000
-0.120,0.081,0.04012781014,0.08023408353,0.02269331159,0.9372434937,10.6947,0.0000000000
-0.120,0.082,0.04062353788,0.08122473098,0.0229734373,0.9355471219,10.4039,0.0000000000
-0.120,0.083,0.04111927751,0.08221538222,0.0232535616,0.9338212671,10.1233,0.0000000000
-0.120,0.084,0.04161502917,0.0832060373,0.02353368449,0.9320654350,9.8525,0.0000000000
-0.120,0.085,0.042110793,0.08419669625,0.02381380595,0.9302790694,9.5910,0.0000000000
-0.120,0.086,0.04260656915,0.08518735913,0.02409392596,0.9284616269,9.3383,0.0000000000
-0.120,0.087,0.04310235777,0.08617802598,0.0243740445,0.9266125186,9.0941,0.0000000000
-0.120,0.088,0.04359815901,0.08716869685,0.02465416157,0.9247311326,8.8579,0.0000000000
-0.120,0.089,0.044093973,0.08815937178,0.02493427713,0.9228168159,8.6293,0.0000000000
-0.120,0.090,0.04458979989,0.08915005082,0.02521439119,0.9208688778,8.4081,0.0000000000
-0.120,0.091,0.04508563983,0.09014073401,0.02549450372,0.9188866230,8.1940,0.0000000000
-0.120,0.092,0.04558149296,0.0911314214,0.0257746147,0.9168692655,7.9865,0.0000000000
-0.120,0.093,0.04607735943,0.09212211303,0.02605472413,0.9148160243,7.7853,0.0000000000
-0.120,0.094,0.04657323939,0.09311280895,0.02633483198,0.9127260337,7.5904,0.0000000000
-0.120,0.095,0.04706913298,0.0941035092,0.02661493825,0.9105984060,7.4012,0.0000000000
-0.120,0.096,0.04756504034,0.09509421383,0.02689504291,0.9084321814,7.2176,0.0000000000
-0.120,0.097,0.04806096162,0.09608492289,0.02717514595,0.9062263557,7.0394,0.0000000000
-0.120,0.098,0.04855689698,0.09707563641,0.02745524736,0.9039798472,6.8664,0.0000000000
-0.120,0.099,0.04905284654,0.09806635446,0.02773534712,0.9016915108,6.6982,0.0000000000
-0.120,0.100,0.04954881046,0.09905707706,0.02801544521,0.8993601371,6.5347,0.0000000000
-0.120,0.101,0.05004478889,0.1000478043,0.02829554162,0.8969844063,6.3757,0.0000000000
-0.120,0.102,0.05054078196,0.1010385361,0.02857563634,0.8945629314,6.2210,0.0000000000
-0.120,0.103,0.05103678983,0.1020292727,0.02885572935,0.8920942107,6.0705,0.0000000000
-0.120,0.104,0.05153281264,0.103020014,0.02913582063,0.8895766421,5.9238,0.0000000000
-0.120,0.105,0.05202885054,0.10401076,0.02941591018,0.8870084983,5.7810,0.0000000000
-0.120,0.106,0.05252490367,0.1050015109,0.02969599797,0.8843879135,5.6418,0.0000000000
-0.120,0.107,0.05302097217,0.1059922667,0.02997608399,0.8817128723,5.5060,0.0000000000
-0.120,0.108,0.0535170562,0.1069830274,0.03025616823,0.8789811920,5.3736,0.0000000000
-0.120,0.109,0.05401315591,0.1079737931,0.03053625067,0.8761904894,5.2443,0.0000000000
-0.120,0.110,0.05450927142,0.1089645638,0.0308163313,0.8733381967,5.1180,0.0000000000
-0.120,0.111,0.0550054029,0.1099553395,0.03109641011,0.8704214693,4.9947,0.0000000000
-0.120,0.112,0.05550155048,0.1109461203,0.03137648707,0.8674372199,4.8740,0.0000000000
-0.120,0.113,0.05599771432,0.1119369063,0.03165656218,0.8643820174,4.7560,0.0000000000
-0.120,0.114,0.05649389456,0.1129276975,0.03193663541,0.8612521268,4.6405,0.0000000000
-0.120,0.115,0.05699009134,0.1139184939,0.03221670677,0.8580433395,4.5274,0.0000000000
-0.120,0.116,0.05748630481,0.1149092956,0.03249677622,0.8547510095,4.4165,0.0000000000
-0.120,0.117,0.05798253512,0.1159001026,0.03277684376,0.8513699079,4.3077,0.0000000000
-0.120,0.118,0.05847878241,0.1168909149,0.03305690938,0.8478941760,4.2009,0.0000000000
-0.120,0.119,0.05897504683,0.1178817327,0.03333697306,0.8443171602,4.0960,0.0000000000
-0.120,0.120,0.05947132853,0.118872556,0.03361703478,0.8406312699,3.9927,0.0000000000
-0.120,0.121,0.05996762765,0.1198633847,0.03389709454,0.8368277962,3.8911,0.0000000000
-0.120,0.122,0.06046394433,0.120854219,0.03417715231,0.8328966533,3.7909,0.0000000000
-0.120,0.123,0.06096027872,0.1218450589,0.03445720809,0.8288260547,3.6920,0.0000000000
-0.120,0.124,0.06145663098,0.1228359044,0.03473726186,0.8246020761,3.5941,0.0000000000
-0.120,0.125,0.06195300124,0.1238267556,0.03501731361,0.8202080522,3.4973,0.0000000000
-0.120,0.126,0.06244938965,0.1248176125,0.03529736332,0.8156238085,3.4011,0.0000000000
-0.120,0.127,0.06294579636,0.1258084751,0.03557741098,0.8108244997,3.3054,0.0000000000
-0.120,0.128,0.06344222152,0.1267993436,0.03585745658,0.8057788496,3.2098,0.0000000000
-0.120,0.129,0.06393866526,0.127790218,0.03613750011,0.8004466845,3.1141,0.0000000000
-0.120,0.130,0.06443512774,0.1287810982,0.03641754155,0.7947747931,3.0177,0.0000000000
-0.120,0.131,0.06493160911,0.1297719844,0.03669758088,0.7886901774,2.9200,0.0000000000
-0.120,0.132,0.0654281095,0.1307628766,0.0369776181,0.7820877786,2.8201,0.0000000000
-0.120,0.133,0.06592462907,0.1317537748,0.03725765319,0.7748063285,2.7167,0.0000000000
-0.120,0.134,0.06642116796,0.1327446791,0.03753768614,0.7665742786,2.6075,0.0000000000
-0.120,0.135,0.06691772627,0.1337355894,0.03781771691,0.7568611948,2.4882,0.0000000000
-0.120,0.136,0.06741430425,0.134726506,0.03809774554,0.7442899165,2.3471,0.0000000000
-0.120,0.137,0.06791090198,0.1357174288,0.03837777199,0.7150670096,2.0668,0.0037934741
-0.120,0.138,0.06840751962,0.1367083579,0.03865779625,0.7150430921,2.0666,0.0292158895
-0.120,0.139,0.06890415732,0.1376992932,0.0389378183,0.7150189899,2.0663,0.0412073600
-0.120,0.140,0.06940081521,0.1386902349,0.03921783814,0.7149947023,2.0661,0.0504757957
-0.120,0.141,0.06989749346,0.1396811829,0.03949785574,0.7149702300,2.0659,0.0583337651
-0.120,0.142,0.07039419219,0.1406721374,0.03977787111,0.7149455719,2.0657,0.0652924091
-0.120,0.143,0.07089091157,0.1416630984,0.04005788422,0.7149207277,2.0655,0.0716142077
-0.120,0.144,0.07138765173,0.1426540659,0.04033789507,0.7148956993,2.0653,0.0774551793
-0.120,0.145,0.07188441283,0.1436450399,0.04061790363,0.7148704850,2.0651,0.0829168733
-0.120,0.146,0.07238119501,0.1446360205,0.04089790991,0.7148450830,2.0648,0.0880697454
-0.120,0.147,0.07287799841,0.1456270078,0.04117791389,0.7148194954,2.0646,0.0929651196
-0.120,0.148,0.07337482319,0.1466180018,0.04145791555,0.7147937218,2.0644,0.0976416092
-0.120,0.149,0.07387166949,0.1476090025,0.04173791488,0.7147677588,2.0642,0.1021291877
-0.120,0.150,0.07436853745,0.14860001,0.04201791188,0.7147416090,2.0640,0.1064516831
-0.120,0.151,0.07486542723,0.1495910243,0.04229790653,0.7147152745,2.0637,0.1106283438
-0.120,0.152,0.07536233898,0.1505820454,0.04257789882,0.7146887502,2.0635,0.1146750350
-0.120,0.153,0.07585927282,0.1515730735,0.04285788874,0.7146620374,2.0633,0.1186049667
-0.120,0.154,0.07635622893,0.1525641085,0.04313787627,0.7146351382,2.0630,0.1224293197
-0.120,0.155,0.07685320743,0.1535551506,0.04341786141,0.7146080491,2.0628,0.1261576090
-0.120,0.156,0.07735020849,0.1545461996,0.04369784415,0.7145807722,2.0626,0.1297980609
-0.120,0.157,0.07784723223,0.1555372557,0.04397782446,0.7145533058,2.0623,0.1333577645
-0.120,0.158,0.07834427883,0.156528319,0.04425780235,0.7145256491,2.0621,0.1368429622
-0.120,0.159,0.07884134841,0.1575193894,0.04453777781,0.7144978043,2.0619,0.1402591293
-0.120,0.160,0.07933844113,0.158510467,0.04481775081,0.7144697700,2.0616,0.1436111466
-0.120,0.161,0.07983555713,0.1595015519,0.04509772135,0.7144415438,2.0614,0.1469033084
-0.120,0.162,0.08033269656,0.1604926441,0.04537768942,0.7144131280,2.0611,0.1501395000
-0.120,0.163,0.08082985957,0.1614837436,0.04565765501,0.7143845221,2.0609,0.1533231960
-0.120,0.164,0.08132704631,0.1624748505,0.04593761811,0.7143557256,2.0606,0.1564575460
-0.120,0.165,0.08182425692,0.1634659648,0.04621757871,0.7143267390,2.0604,0.1595453815
-0.120,0.166,0.08232149155,0.1644570866,0.04649753679,0.7142975590,2.0601,0.1625892856
-0.120,0.167,0.08281875034,0.1654482158,0.04677749235,0.7142681882,2.0599,0.1655916328
-0.120,0.168,0.08331603345,0.1664393527,0.04705744538,0.7142386242,2.0596,0.1685545630
-0.120,0.169,0.08381334103,0.1674304971,0.04733739586,0.7142088681,2.0594,0.1714800760
-0.120,0.170,0.08431067321,0.1684216492,0.0476173438,0.7141789242,2.0591,0.1743699935
-0.120,0.171,0.08480803015,0.1694128089,0.04789728917,0.7141487808,2.0589,0.1772259767
-0.120,0.172,0.08530541199,0.1704039764,0.04817723197,0.7141184491,2.0586,0.1800496092
-0.120,0.173,0.08580281889,0.1713951516,0.04845717218,0.7140879213,2.0583,0.1828423072
-0.120,0.174,0.08630025098,0.1723863346,0.04873710981,0.7140572006,2.0581,0.1856054194
-0.120,0.175,0.08679770842,0.1733775255,0.04901704483,0.7140262865,2.0578,0.1883401811
-0.120,0.176,0.08729519135,0.1743687243,0.04929697725,0.7139951806,2.0576,0.1910477807
-0.120,0.177,0.08779269993,0.175359931,0.04957690704,0.7139638763,2.0573,0.1937292538
-0.120,0.178,0.0882902343,0.1763511457,0.04985683421,0.7139323772,2.0570,0.1963856496
-0.120,0.179,0.0887877946,0.1773423684,0.05013675874,0.7139006845,2.0567,0.1990179109
-0.120,0.180,0.08928538099,0.1783335991,0.05041668062,0.7138687966,2.0565,0.2016269161
-0.120,0.181,0.08978299361,0.179324838,0.05069659985,0.7138367133,2.0562,0.2042135144
-0.120,0.182,0.09028063262,0.180316085,0.05097651641,0.7138044339,2.0559,0.2067784823
-0.120,0.183,0.09077829815,0.1813073401,0.0512564303,0.7137719587,2.0556,0.2093225657
-0.120,0.184,0.09127599036,0.1822986035,0.05153634151,0.7137392853,2.0554,0.2118464588
-0.120,0.185,0.09177370939,0.1832898752,0.05181625003,0.7137064165,2.0551,0.2143508201
-0.120,0.186,0.09227145539,0.1842811552,0.05209615585,0.7136733495,2.0548,0.2168362729
-0.120,0.187,0.09276922852,0.1852724435,0.05237605896,0.7136400864,2.0545,0.2193034207
-0.120,0.188,0.09326702891,0.1862637402,0.05265595936,0.7136066247,2.0542,0.2217528080
-0.120,0.189,0.09376485672,0.1872550454,0.05293585704,0.7135729652,2.0539,0.2241849656
-0.120,0.190,0.09426271209,0.188246359,0.05321575199,0.7135391073,2.0537,0.2266003968
-0.120,0.191,0.09476059518,0.1892376812,0.0534956442,0.7135050509,2.0534,0.2289995836
-0.120,0.192,0.09525850612,0.1902290119,0.05377553366,0.7134707965,2.0531,0.2313829828
-0.120,0.193,0.09575644508,0.1912203512,0.05405542037,0.7134363401,2.0528,0.2337510040
-0.120,0.194,0.09625441219,0.1922116992,0.05433530432,0.7134016855,2.0525,0.2361040858
-0.120,0.195,0.09675240761,0.1932030558,0.0546151855,0.7133668297,2.0522,0.2384425983
-0.120,0.196,0.09725043148,0.1941944212,0.05489506391,0.7133317760,2.0519,0.2407669318
-0.120,0.197,0.09774848395,0.1951857953,0.05517493953,0.7132965209,2.0516,0.2430774375
-0.120,0.198,0.09824656517,0.1961771782,0.05545481236,0.7132610661,2.0513,0.2453744587
-0.120,0.199,0.0987446753,0.19716857,0.0557346824,0.7132254082,2.0510,0.2476583131
-0.120,0.200,0.09924281447,0.1981599707,0.05601454963,0.7131895495,2.0507,0.2499293114
-0.120,0.201,0.09974098283,0.1991513803,0.05629441405,0.7131534888,2.0504,0.2521877605
-0.120,0.202,0.1002391805,0.2001427988,0.05657427566,0.7131172264,2.0501,0.2544339384
-0.120,0.203,0.1007374077,0.2011342264,0.05685413444,0.7130807609,2.0498,0.2566681153
-0.120,0.204,0.1012356646,0.2021256631,0.05713399039,0.7130440935,2.0494,0.2588905655
-0.120,0.205,0.1017339512,0.2031171088,0.0574138435,0.7130072225,2.0491,0.2611015305
-0.120,0.206,0.1022322678,0.2041085636,0.05769369378,0.7129701478,2.0488,0.2633012491
-0.120,0.207,0.1027306144,0.2051000277,0.0579735412,0.7129328691,2.0485,0.2654899605
-0.120,0.208,0.1032289913,0.2060915009,0.05825338577,0.7128953857,2.0482,0.2676678726
-0.120,0.209,0.1037273986,0.2070829834,0.05853322748,0.7128576970,2.0479,0.2698352102
-0.120,0.210,0.1042258364,0.2080744752,0.05881306632,0.7128198064,2.0475,0.2719921798
-0.120,0.211,0.1047243049,0.2090659763,0.0590929023,0.7127817097,2.0472,0.2741389802
-0.120,0.212,0.1052228043,0.2100574868,0.05937273539,0.7127434063,2.0469,0.2762757842
-0.120,0.213,0.1057213346,0.2110490067,0.05965256561,0.7127048992,2.0466,0.2784027943
-0.120,0.214,0.106219896,0.2120405361,0.05993239294,0.7126661830,2.0462,0.2805201694
-0.120,0.215,0.1067184887,0.213032075,0.06021221737,0.7126272628,2.0459,0.2826280888
-0.120,0.216,0.1072171129,0.2140236234,0.06049203891,0.7125881336,2.0456,0.2847267130
-0.120,0.217,0.1077157686,0.2150151814,0.06077185754,0.7125487980,2.0452,0.2868162009
-0.120,0.218,0.1082144561,0.216006749,0.06105167327,0.7125092565,2.0449,0.2888967066
-0.120,0.219,0.1087131754,0.2169983263,0.06133148609,0.7124695039,2.0446,0.2909683628
-0.120,0.220,0.1092119267,0.2179899132,0.06161129599,0.7124295452,2.0442,0.2930313268
-0.120,0.221,0.1097107103,0.2189815099,0.06189110297,0.7123893778,2.0439,0.2950857280
-0.120,0.222,0.1102095261,0.2199731164,0.06217090702,0.7123489983,2.0436,0.2971316882
-0.120,0.223,0.1107083744,0.2209647326,0.06245070815,0.7123084126,2.0432,0.2991693504
-0.120,0.224,0.1112072554,0.2219563588,0.06273050635,0.7122676175,2.0429,0.3011988342
-0.120,0.225,0.1117061691,0.2229479948,0.0630103016,0.7122266116,2.0425,0.3032202459
-0.120,0.226,0.1122051157,0.2239396408,0.06329009392,0.7121853941,2.0422,0.3052337109
-0.120,0.227,0.1127040954,0.2249312967,0.0635698833,0.7121439684,2.0418,0.3072393386
-0.120,0.228,0.1132031084,0.2259229626,0.06384966972,0.7121023294,2.0415,0.3092372323
-0.120,0.229,0.1137021547,0.2269146386,0.0641294532,0.7120604809,2.0411,0.3112275030
-0.120,0.230,0.1142012345,0.2279063247,0.06440923372,0.7120184185,2.0408,0.3132102380
-0.120,0.231,0.114700348,0.2288980209,0.06468901129,0.7119761420,2.0404,0.3151855385
-0.120,0.232,0.1151994953,0.2298897273,0.06496878589,0.7119336579,2.0400,0.3171535080
-0.120,0.233,0.1156986765,0.2308814439,0.06524855753,0.7118909582,2.0397,0.3191142243
-0.120,0.234,0.1161978919,0.2318731708,0.06552832621,0.7118480451,2.0393,0.3210677866
-0.120,0.235,0.1166971416,0.2328649079,0.06580809192,0.7118049163,2.0390,0.3230142660
-0.120,0.236,0.1171964257,0.2338566553,0.06608785466,0.7117615748,2.0386,0.3249537534
-0.120,0.237,0.1176957443,0.2348484132,0.06636761443,0.7117180216,2.0382,0.3268863366
-0.120,0.238,0.1181950977,0.2358401814,0.06664737122,0.7116742507,2.0379,0.3288120775
-0.120,0.239,0.1186944859,0.23683196,0.06692712503,0.7116302631,2.0375,0.3307310561
-0.120,0.240,0.1191939092,0.2378237492,0.06720687587,0.7115860633,2.0371,0.3326433512
-0.120,0.241,0.1196933676,0.2388155488,0.06748662373,0.7115416465,2.0367,0.3345490265
-0.120,0.242,0.1201928614,0.239807359,0.0677663686,0.7114970122,2.0364,0.3364481488
-0.120,0.243,0.1206923906,0.2407991798,0.06804611049,0.7114521623,2.0360,0.3383407909
-0.120,0.244,0.1211919554,0.2417910113,0.0683258494,0.7114070909,2.0356,0.3402269997
-0.120,0.245,0.1216915561,0.2427828534,0.06860558532,0.7113618089,2.0352,0.3421068699
-0.120,0.246,0.1221911926,0.2437747062,0.06888531825,0.7113163062,2.0348,0.3439804333
-0.120,0.247,0.1226908652,0.2447665697,0.06916504819,0.7112705845,2.0345,0.3458477583
-0.120,0.248,0.123190574,0.2457584441,0.06944477515,0.7112246427,2.0341,0.3477088979
-0.120,0.249,0.1236903192,0.2467503292,0.06972449912,0.7111784836,2.0337,0.3495639104
-0.120,0.250,0.124190101,0.2477422253,0.07000422009,0.7111321040,2.0333,0.3514128493
-0.120,0.251,0.1246899193,0.2487341322,0.07028393808,0.7110855030,2.0329,0.3532557635
-0.120,0.252,0.1251897746,0.2497260501,0.07056365308,0.7110386880,2.0325,0.3550927108
-0.120,0.253,0.1256896668,0.2507179789,0.07084336508,0.7109916463,2.0321,0.3569237267
-0.120,0.254,0.1261895961,0.2517099187,0.0711230741,0.7109443834,2.0317,0.3587488673
-0.120,0.255,0.1266895627,0.2527018696,0.07140278013,0.7108969022,2.0313,0.3605681763
-0.120,0.256,0.1271895667,0.2536938316,0.07168248316,0.7108491975,2.0309,0.3623817033
-0.120,0.257,0.1276896084,0.2546858047,0.07196218321,0.7108012726,2.0305,0.3641894859
-0.120,0.258,0.1281896877,0.255677789,0.07224188027,0.7107531215,2.0301,0.3659915602
-0.120,0.259,0.1286898049,0.2566697844,0.07252157434,0.7107047492,2.0297,0.3677879737
-0.120,0.260,0.1291899602,0.2576617911,0.07280126543,0.7106561520,2.0293,0.3695787701
-0.120,0.261,0.1296901536,0.2586538091,0.07308095353,0.7106073314,2.0289,0.3713639780
-0.120,0.262,0.1301903854,0.2596458384,0.07336063865,0.7105582895,2.0285,0.3731436470
-0.120,0.263,0.1306906557,0.260637879,0.07364032078,0.7105090218,2.0281,0.3749178005
-0.120,0.264,0.1311909646,0.261629931,0.07391999993,0.7104595217,2.0277,0.3766864668
-0.120,0.265,0.1316913123,0.2626219944,0.0741996761,0.7104098064,2.0273,0.3784497174
-0.120,0.266,0.1321916989,0.2636140693,0.0744793493,0.7103598583,2.0268,0.3802075393
-0.120,0.267,0.1326921246,0.2646061557,0.07475901952,0.7103096859,2.0264,0.3819599914
-0.120,0.268,0.1331925896,0.2655982536,0.07503868677,0.7102592837,2.0260,0.3837070870
-0.120,0.269,0.133693094,0.2665903631,0.07531835104,0.7102086610,2.0256,0.3854488801
-0.120,0.270,0.1341936379,0.2675824841,0.07559801235,0.7101578030,2.0252,0.3871853759
-0.120,0.271,0.1346942215,0.2685746168,0.07587767069,0.7101067209,2.0247,0.3889166145
-0.120,0.272,0.135194845,0.2695667612,0.07615732607,0.7100554097,2.0243,0.3906426280
-0.120,0.273,0.1356955085,0.2705589173,0.07643697849,0.7100038698,2.0239,0.3923634303
-0.120,0.274,0.1361962121,0.2715510851,0.07671662795,0.7099520985,2.0234,0.3940790532
-0.120,0.275,0.136696956,0.2725432648,0.07699627446,0.7099001017,2.0230,0.3957895295
-0.120,0.276,0.1371977404,0.2735354562,0.07727591802,0.7098478696,2.0226,0.3974948686
-0.120,0.277,0.1376985654,0.2745276595,0.07755555863,0.7097954071,2.0221,0.3991950998
-0.120,0.278,0.1381994312,0.2755198747,0.0778351963,0.7097427209,2.0217,0.4008902564
-0.120,0.279,0.1387003379,0.2765121018,0.07811483103,0.7096897930,2.0213,0.4025803358
-0.120,0.280,0.1392012856,0.2775043409,0.07839446283,0.7096366401,2.0208,0.4042653869
-0.120,0.281,0.1397022746,0.278496592,0.0786740917,0.7095832506,2.0204,0.4059454120
-0.120,0.282,0.1402033049,0.2794888551,0.07895371764,0.7095296312,2.0199,0.4076204436
-0.120,0.283,0.1407043768,0.2804811302,0.07923334066,0.7094757815,2.0195,0.4092904910
-0.120,0.284,0.1412054903,0.2814734175,0.07951296076,0.7094216929,2.0190,0.4109555755
-0.120,0.285,0.1417066457,0.2824657169,0.07979257795,0.7093673665,2.0186,0.4126157098
-0.120,0.286,0.142207843,0.2834580285,0.08007219224,0.7093128107,2.0181,0.4142709237
-0.120,0.287,0.1427090825,0.2844503523,0.08035180362,0.7092580204,2.0177,0.4159212319
-0.120,0.288,0.1432103643,0.2854426883,0.08063141211,0.7092029932,2.0172,0.4175666440
-0.120,0.289,0.1437116885,0.2864350367,0.0809110177,0.7091477287,2.0168,0.4192071691
-0.120,0.290,0.1442130553,0.2874273973,0.08119062042,0.7090922301,2.0163,0.4208428419
-0.120,0.291,0.1447144649,0.2884197703,0.08147022025,0.7090364946,2.0159,0.4224736665
-0.120,0.292,0.1452159173,0.2894121556,0.08174981722,0.7089805203,2.0154,0.4240996577
-0.120,0.293,0.1457174128,0.2904045534,0.08202941131,0.7089243079,2.0149,0.4257208216
-0.120,0.294,0.1462189516,0.2913969637,0.08230900255,0.7088678597,2.0145,0.4273371880
-0.120,0.295,0.1467205336,0.2923893864,0.08258859093,0.7088111704,2.0140,0.4289487559
-0.120,0.296,0.1472221592,0.2933818216,0.08286817647,0.7087542414,2.0135,0.4305555395
-0.120,0.297,0.1477238285,0.2943742694,0.08314775917,0.7086970744,2.0130,0.4321575594
-0.120,0.298,0.1482255415,0.2953667298,0.08342733903,0.7086396709,2.0126,0.4337548246
-0.120,0.299,0.1487272986,0.2963592028,0.08370691608,0.7085820210,2.0121,0.4353473304
-0.120,0.300,0.1492290997,0.2973516885,0.0839864903,0.7085241301,2.0116,0.4369351012
-0.120,0.301,0.1497309452,0.2983441868,0.08426606171,0.7084660022,2.0111,0.4385181528
-0.120,0.302,0.150232835,0.2993366979,0.08454563032,0.7084076310,2.0107,0.4400964849
-0.120,0.303,0.1507347695,0.3003292217,0.08482519614,0.7083490141,2.0102,0.4416701044
-0.120,0.304,0.1512367487,0.3013217584,0.08510475917,0.7082901578,2.0097,0.4432390249
-0.120,0.305,0.1517387728,0.3023143078,0.08538431943,0.7082310594,2.0092,0.4448032593
-0.120,0.306,0.1522408419,0.3033068701,0.08566387692,0.7081717111,2.0087,0.4463628028
-0.120,0.307,0.1527429562,0.3042994454,0.08594343164,0.7081121269,2.0082,0.4479176815
-0.120,0.308,0.1532451159,0.3052920335,0.08622298362,0.7080522939,2.0077,0.4494678838
-0.120,0.309,0.1537473211,0.3062846346,0.08650253286,0.7079922112,2.0072,0.4510134241
-0.120,0.310,0.154249572,0.3072772487,0.08678207936,0.7079318895,2.0068,0.4525543179
-0.120,0.311,0.1547518686,0.3082698758,0.08706162314,0.7078713194,2.0063,0.4540905570
-0.120,0.312,0.1552542113,0.309262516,0.0873411642,0.7078105054,2.0058,0.4556221578
-0.120,0.313,0.1557566001,0.3102551692,0.08762070256,0.7077494422,2.0053,0.4571491247
-0.120,0.314,0.1562590351,0.3112478356,0.08790023823,0.7076881274,2.0048,0.4586714503
-0.120,0.315,0.1567615166,0.3122405152,0.08817977122,0.7076265657,2.0042,0.4601891507
-0.120,0.316,0.1572640447,0.3132332079,0.08845930153,0.7075647594,2.0037,0.4617022359
-0.120,0.317,0.1577666195,0.3142259138,0.08873882918,0.7075027036,2.0032,0.4632107036
-0.120,0.318,0.1582692412,0.3152186331,0.08901835418,0.7074403978,2.0027,0.4647145578
-0.120,0.319,0.15877191,0.3162113655,0.08929787654,0.7073778389,2.0022,0.4662137948
-0.120,0.320,0.1592746259,0.3172041114,0.08957739626,0.7073150332,2.0017,0.4677084328
-0.120,0.321,0.1597773893,0.3181968705,0.08985691337,0.7072519758,2.0012,0.4691984699
-0.120,0.322,0.1602802001,0.3191896431,0.09013642788,0.7071886664,2.0007,0.4706839036
-0.120,0.323,0.1607830586,0.320182429,0.09041593979,0.7071251068,2.0001,0.4721647389
-0.120,0.324,0.161285965,0.3211752285,0.09069544911,0.7070612914,1.9996,0.4736409824
-0.120,0.325,0.1617889193,0.3221680413,0.09097495587,0.7069972299,1.9991,0.4751126360
-0.120,0.326,0.1622919217,0.3231608677,0.09125446006,0.7069329087,1.9986,0.4765796933
-0.120,0.327,0.1627949725,0.3241537077,0.09153396172,0.7068683325,1.9981,0.4780421617
-0.120,0.328,0.1632980717,0.3251465612,0.09181346083,0.7068035068,1.9975,0.4795000439
-0.120,0.329,0.1638012195,0.3261394283,0.09209295743,0.7067384213,1.9970,0.4809533325
-0.120,0.330,0.1643044161,0.3271323091,0.09237245152,0.7066730889,1.9965,0.4824020502
-0.120,0.331,0.1648076615,0.3281252035,0.09265194312,0.7066074912,1.9959,0.4838461680
-0.120,0.332,0.1653109561,0.3291181116,0.09293143223,0.7065416412,1.9954,0.4852857076
-0.120,0.333,0.1658142998,0.3301110335,0.09321091888,0.7064755362,1.9949,0.4867206628
-0.120,0.334,0.166317693,0.3311039691,0.09349040308,0.7064091715,1.9943,0.4881510331
-0.120,0.335,0.1668211356,0.3320969185,0.09376988483,0.7063425506,1.9938,0.4895768176
-0.120,0.336,0.167324628,0.3330898817,0.09404936417,0.7062756671,1.9932,0.4909980096
-0.120,0.337,0.1678281702,0.3340828588,0.09432884109,0.7062085295,1.9927,0.4924146255
-0.120,0.338,0.1683317625,0.3350758498,0.09460831562,0.7061411296,1.9921,0.4938266491
-0.120,0.339,0.1688354048,0.3360688547,0.09488778776,0.7060734720,1.9916,0.4952340882
-0.120,0.340,0.1693390975,0.3370618735,0.09516725755,0.7060055532,1.9910,0.4966369345
-0.120,0.341,0.1698428407,0.3380549063,0.09544672498,0.7059373710,1.9905,0.4980351900
-0.120,0.342,0.1703466345,0.3390479531,0.09572619008,0.7058689339,1.9899,0.4994288579
-0.120,0.343,0.170850479,0.3400410139,0.09600565285,0.7058002266,1.9894,0.5008179230
-0.120,0.344,0.1713543746,0.3410340889,0.09628511333,0.7057312636,1.9888,0.5022023984
-0.120,0.345,0.1718583212,0.3420271779,0.09656457152,0.7056620340,1.9883,0.5035822712
-0.120,0.346,0.172362319,0.343020281,0.09684402744,0.7055925392,1.9877,0.5049575410
-0.120,0.347,0.1728663683,0.3440133983,0.09712348111,0.7055227891,1.9871,0.5063282130
-0.120,0.348,0.1733704691,0.3450065297,0.09740293253,0.7054527653,1.9866,0.5076942728
-0.120,0.349,0.1738746217,0.3459996754,0.09768238174,0.7053824800,1.9860,0.5090557236
-0.120,0.350,0.1743788262,0.3469928353,0.09796182875,0.7053119340,1.9854,0.5104125669
-0.120,0.351,0.1748830826,0.3479860095,0.09824127357,0.7052411105,1.9849,0.5117647825
-0.120,0.352,0.1753873913,0.348979198,0.09852071622,0.7051700318,1.9843,0.5131123879
-0.120,0.353,0.1758917523,0.3499724009,0.09880015673,0.7050986831,1.9837,0.5144553696
-0.120,0.354,0.1763961659,0.3509656181,0.0990795951,0.7050270638,1.9831,0.5157937165
-0.120,0.355,0.1769006321,0.3519588496,0.09935903136,0.7049551735,1.9826,0.5171274333
-0.120,0.356,0.1774051511,0.3529520956,0.09963846552,0.7048830213,1.9820,0.5184565168
-0.120,0.357,0.1779097231,0.3539453561,0.0999178976,0.7048105993,1.9814,0.5197809635
-0.120,0.358,0.1784143482,0.354938631,0.1001973276,0.7047379084,1.9808,0.5211007653
-0.120,0.359,0.1789190266,0.3559319204,0.1004767556,0.7046649421,1.9802,0.5224159141
-0.120,0.360,0.1794237585,0.3569252244,0.1007561816,0.7045917060,1.9796,0.5237264122
-0.120,0.361,0.179928544,0.3579185429,0.1010356056,0.7045182002,1.9791,0.5250322488
-0.120,0.362,0.1804333833,0.358911876,0.1013150276,0.7044444235,1.9785,0.5263334232
-0.120,0.363,0.1809382765,0.3599052237,0.1015944476,0.7043703766,1.9779,0.5276299315
-0.120,0.364,0.1814432237,0.3608985861,0.1018738657,0.7042960505,1.9773,0.5289217583
-0.120,0.365,0.1819482252,0.3618919631,0.1021532819,0.7042214542,1.9767,0.5302089083
-0.120,0.366,0.1824532812,0.3628853549,0.1024326961,0.7041465908,1.9761,0.5314913788
-0.120,0.367,0.1829583916,0.3638787614,0.1027121085,0.7040714446,1.9755,0.5327691508
-0.120,0.368,0.1834635568,0.3648721826,0.1029915191,0.7039960236,1.9749,0.5340422269
-0.120,0.369,0.1839687769,0.3658656186,0.1032709278,0.7039203244,1.9743,0.5353105919
-0.120,0.370,0.184474052,0.3668590694,0.1035503347,0.7038443554,1.9737,0.5365742607
-0.120,0.371,0.1849793822,0.3678525351,0.1038297398,0.7037681117,1.9731,0.5378332113
-0.120,0.372,0.1854847679,0.3688460156,0.1041091431,0.7036915919,1.9724,0.5390874438
-0.120,0.373,0.185990209,0.369839511,0.1043885447,0.7036147807,1.9718,0.5403369291
-0.120,0.374,0.1864957058,0.3708330214,0.1046679446,0.7035377050,1.9712,0.5415816950
-0.120,0.375,0.1870012584,0.3718265466,0.1049473427,0.7034603462,1.9706,0.5428217128
-0.120,0.376,0.1875068671,0.3728200869,0.1052267392,0.7033827093,1.9700,0.5440569837
-0.120,0.377,0.1880125318,0.3738136422,0.1055061341,0.7033047868,1.9694,0.5452874918
-0.120,0.378,0.1885182529,0.3748072125,0.1057855273,0.7032265881,1.9687,0.5465132401
-0.120,0.379,0.1890240304,0.3758007978,0.1060649188,0.7031481087,1.9681,0.5477342140
-0.120,0.380,0.1895298645,0.3767943982,0.1063443088,0.7030693456,1.9675,0.5489504139
-0.120,0.381,0.1900357555,0.3777880137,0.1066236973,0.7029903020,1.9669,0.5501618257
-0.120,0.382,0.1905417033,0.3787816444,0.1069030842,0.7029109791,1.9662,0.5513684477
-0.120,0.383,0.1910477083,0.3797752902,0.1071824696,0.7028313681,1.9656,0.5525702627
-0.120,0.384,0.1915537705,0.3807689512,0.1074618535,0.7027514780,1.9650,0.5537672738
-0.120,0.385,0.1920598901,0.3817626274,0.1077412359,0.7026712974,1.9643,0.5549594592
-0.120,0.386,0.1925660673,0.3827563188,0.108020617,0.7025908362,1.9637,0.5561468254
-0.120,0.387,0.1930723023,0.3837500256,0.1082999966,0.7025100835,1.9631,0.5573293496
-0.120,0.388,0.1935785951,0.3847437475,0.1085793748,0.7024290548,1.9624,0.5585070428
-0.120,0.389,0.1940849461,0.3857374848,0.1088587516,0.7023477368,1.9618,0.5596798823
-0.120,0.390,0.1945913552,0.3867312375,0.1091381272,0.7022661275,1.9611,0.5608478568
-0.120,0.391,0.1950978227,0.3877250055,0.1094175014,0.7021842396,1.9605,0.5620109745
-0.120,0.392,0.1956043487,0.3887187889,0.1096968743,0.7021020541,1.9598,0.5631692031
-0.120,0.393,0.1961109334,0.3897125877,0.109976246,0.7020195835,1.9592,0.5643225498
-0.120,0.394,0.196617577,0.3907064019,0.1102556165,0.7019368227,1.9585,0.5654710039
-0.120,0.395,0.1971242797,0.3917002316,0.1105349857,0.7018537737,1.9579,0.5666145565
-0.120,0.396,0.1976310414,0.3926940768,0.1108143538,0.7017704323,1.9572,0.5677531906
-0.120,0.397,0.1981378626,0.3936879375,0.1110937208,0.7016867995,1.9566,0.5688869015
-0.120,0.398,0.1986447432,0.3946818137,0.1113730866,0.7016028769,1.9559,0.5700156843
-0.120,0.399,0.1991516835,0.3956757055,0.1116524514,0.7015186645,1.9552,0.5711395300
-0.120,0.400,0.1996586836,0.3966696129,0.1119318151,0.7014341548,1.9546,0.5722584184
-0.120,0.401,0.2001657437,0.3976635359,0.1122111778,0.7013493543,1.9539,0.5733723463
-0.120,0.402,0.200672864,0.3986574745,0.1124905395,0.7012642562,1.9532,0.5744813032
-0.120,0.403,0.2011800445,0.3996514288,0.1127699002,0.7011788667,1.9526,0.5755852823
-0.120,0.404,0.2016872855,0.4006453987,0.1130492599,0.7010931832,1.9519,0.5766842707
-0.120,0.405,0.2021945872,0.4016393844,0.1133286188,0.7010072083,1.9512,0.5777782667
-0.120,0.406,0.2027019496,0.4026333858,0.1136079768,0.7009209312,1.9505,0.5788672417
-0.120,0.407,0.203209373,0.4036274029,0.1138873339,0.7008343553,1.9499,0.5799511944
-0.120,0.408,0.2037168575,0.4046214358,0.1141666903,0.7007474864,1.9492,0.5810301217
-0.120,0.409,0.2042244033,0.4056154845,0.1144460458,0.7006603172,1.9485,0.5821040061
-0.120,0.410,0.2047320105,0.406609549,0.1147254006,0.7005728486,1.9478,0.5831728347
-0.120,0.411,0.2052396793,0.4076036294,0.1150047546,0.7004850875,1.9471,0.5842366082
-0.120,0.412,0.2057474099,0.4085977256,0.115284108,0.7003970263,1.9465,0.5852953086
-0.120,0.413,0.2062552023,0.4095918377,0.1155634607,0.7003086617,1.9458,0.5863489222
-0.120,0.414,0.2067630569,0.4105859657,0.1158428128,0.7002199987,1.9451,0.5873974412
-0.120,0.415,0.2072709737,0.4115801097,0.1161221643,0.7001310329,1.9444,0.5884408507
-0.120,0.416,0.207778953,0.4125742696,0.1164015153,0.7000417612,1.9437,0.5894791405
-0.120,0.417,0.2082869948,0.4135684455,0.1166808657,0.6999521941,1.9430,0.5905123102
-0.120,0.418,0.2087950993,0.4145626374,0.1169602156,0.6998623193,1.9423,0.5915403345
-0.120,0.419,0.2093032668,0.4155568453,0.117239565,0.6997721428,1.9416,0.5925632083
-0.120,0.420,0.2098114973,0.4165510693,0.1175189141,0.6996816633,1.9409,0.5935809227
-0.120,0.421,0.210319791,0.4175453093,0.1177982627,0.6995908783,1.9402,0.5945934625
-0.120,0.422,0.2108281481,0.4185395654,0.118077611,0.6994997857,1.9395,0.5956008122
-0.120,0.423,0.2113365687,0.4195338376,0.1183569589,0.6994083895,1.9388,0.5966029700
-0.120,0.424,0.2118450531,0.4205281259,0.1186363066,0.6993166874,1.9381,0.5975999182
-0.120,0.425,0.2123536013,0.4215224304,0.118915654,0.6992246784,1.9373,0.5985916438
-0.120,0.426,0.2128622136,0.4225167511,0.1191950012,0.6991323541,1.9366,0.5995781304
-0.120,0.427,0.2133708901,0.423511088,0.1194743482,0.6990397302,1.9359,0.6005593815
-0.120,0.428,0.213879631,0.424505441,0.1197536951,0.6989467929,1.9352,0.6015353682
-0.120,0.429,0.2143884363,0.4254998103,0.1200330419,0.6988535515,1.9345,0.6025060963
-0.120,0.430,0.2148973064,0.4264941959,0.1203123886,0.6987599985,1.9337,0.6034715362
-0.120,0.431,0.2154062413,0.4274885977,0.1205917352,0.6986661321,1.9330,0.6044316836
-0.120,0.432,0.2159152413,0.4284830159,0.1208710819,0.6985719574,1.9323,0.6053865242
-0.120,0.433,0.2164243064,0.4294774503,0.1211504286,0.6984774719,1.9316,0.6063360492
-0.120,0.434,0.2169334369,0.4304719011,0.1214297754,0.6983826673,1.9308,0.6072802339
-0.120,0.435,0.2174426329,0.4314663683,0.1217091223,0.6982875508,1.9301,0.6082190782
-0.120,0.436,0.2179518946,0.4324608518,0.1219884693,0.6981921258,1.9294,0.6091525709
-0.120,0.437,0.2184612221,0.4334553517,0.1222678166,0.6980963888,1.9286,0.6100806968
-0.120,0.438,0.2189706156,0.434449868,0.122547164,0.6980003295,1.9279,0.6110034302
-0.120,0.439,0.2194800753,0.4354444008,0.1228265118,0.6979039583,1.9272,0.6119207730
-0.120,0.440,0.2199896013,0.43643895,0.1231058598,0.6978072694,1.9264,0.6128327054
-0.120,0.441,0.2204991938,0.4374335157,0.1233852082,0.6977102721,1.9257,0.6137392239
-0.120,0.442,0.221008853,0.4384280979,0.123664557,0.6976129495,1.9249,0.6146403005
-0.120,0.443,0.2215185791,0.4394226966,0.1239439063,0.6975153074,1.9242,0.6155359258
-0.120,0.444,0.2220283721,0.4404173119,0.124223256,0.6974173516,1.9234,0.6164260957
-0.120,0.445,0.2225382323,0.4414119437,0.1245026062,0.6973190775,1.9227,0.6173107901
-0.120,0.446,0.2230481598,0.442406592,0.124781957,0.6972204825,1.9219,0.6181899951
-0.120,0.447,0.2235581548,0.443401257,0.1250613083,0.6971215649,1.9212,0.6190636956
-0.120,0.448,0.2240682174,0.4443959385,0.1253406603,0.6970223326,1.9204,0.6199318873
-0.120,0.449,0.2245783479,0.4453906367,0.125620013,0.6969227692,1.9196,0.6207945355
-0.120,0.450,0.2250885464,0.4463853515,0.1258993664,0.6968228906,1.9189,0.6216516515
-0.120,0.451,0.225598813,0.447380083,0.1261787206,0.6967226902,1.9181,0.6225032102
-0.120,0.452,0.226109148,0.4483748312,0.1264580756,0.6966221672,1.9174,0.6233491957
-0.120,0.453,0.2266195514,0.449369596,0.1267374314,0.6965213205,1.9166,0.6241895999
-0.120,0.454,0.2271300235,0.4503643776,0.1270167881,0.6964201453,1.9158,0.6250243964
-0.120,0.455,0.2276405644,0.4513591759,0.1272961458,0.6963186460,1.9150,0.6258535830
-0.120,0.456,0.2281511743,0.452353991,0.1275755044,0.6962168194,1.9143,0.6266771379
-0.120,0.457,0.2286618533,0.4533488228,0.1278548641,0.6961146703,1.9135,0.6274950564
-0.120,0.458,0.2291726017,0.4543436714,0.1281342248,0.6960121938,1.9127,0.6283073162
-0.120,0.459,0.2296834196,0.4553385368,0.1284135867,0.6959093880,1.9119,0.6291139022
-0.120,0.460,0.2301943071,0.456333419,0.1286929497,0.6958062598,1.9112,0.6299148085
-0.120,0.461,0.2307052644,0.4573283181,0.1289723139,0.6957027943,1.9104,0.6307100043
-0.120,0.462,0.2312162917,0.458323234,0.1292516794,0.6955990054,1.9096,0.6314994908
-0.120,0.463,0.2317273892,0.4593181667,0.1295310462,0.6954948871,1.9088,0.6322832493
-0.120,0.464,0.232238557,0.4603131164,0.1298104143,0.6953904363,1.9080,0.6330612593
-0.120,0.465,0.2327497952,0.461308083,0.1300897839,0.6952856530,1.9072,0.6338335091
-0.120,0.466,0.2332611042,0.4623030664,0.1303691548,0.6951805404,1.9064,0.6345999839
-0.120,0.467,0.2337724839,0.4632980668,0.1306485273,0.6950750973,1.9056,0.6353606715
-0.120,0.468,0.2342839347,0.4642930842,0.1309279013,0.6949693205,1.9048,0.6361155538
-0.120,0.469,0.2347954566,0.4652881185,0.1312072769,0.6948632080,1.9040,0.6368646127
-0.120,0.470,0.2353070498,0.4662831698,0.1314866541,0.6947567601,1.9032,0.6376078329
-0.120,0.471,0.2358187146,0.4672782381,0.131766033,0.6946499809,1.9024,0.6383452074
-0.120,0.472,0.236330451,0.4682733234,0.1320454136,0.6945428650,1.9016,0.6390767127
-0.120,0.473,0.2368422592,0.4692684257,0.132324796,0.6944354152,1.9008,0.6398023364
-0.120,0.474,0.2373541394,0.4702635451,0.1326041802,0.6943276235,1.9000,0.6405220582
-0.120,0.475,0.2378660918,0.4712586815,0.1328835663,0.6942194971,1.8992,0.6412358693
-0.120,0.476,0.2383781166,0.472253835,0.1331629544,0.6941110315,1.8984,0.6419437479
-0.120,0.477,0.2388902138,0.4732490056,0.1334423444,0.6940022314,1.8976,0.6426456852
-0.120,0.478,0.2394023838,0.4742441933,0.1337217365,0.6938930885,1.8968,0.6433416580
-0.120,0.479,0.2399146265,0.4752393981,0.1340011306,0.6937836064,1.8959,0.6440316521
-0.120,0.480,0.2404269423,0.47623462,0.1342805269,0.6936737885,1.8951,0.6447156594
-0.120,0.481,0.2409393313,0.4772298591,0.1345599254,0.6935636209,1.8943,0.6453936473
-0.120,0.482,0.2414517936,0.4782251153,0.1348393261,0.6934531209,1.8935,0.6460656196
-0.120,0.483,0.2419643294,0.4792203887,0.1351187291,0.6933422744,1.8926,0.6467315441
-0.120,0.484,0.242476939,0.4802156793,0.1353981344,0.6932310875,1.8918,0.6473914123
-0.120,0.485,0.2429896223,0.4812109871,0.1356775421,0.6931195537,1.8910,0.6480452013
-0.120,0.486,0.2435023798,0.4822063121,0.1359569523,0.6930076790,1.8902,0.6486929035
-0.120,0.487,0.2440152114,0.4832016543,0.136236365,0.6928954571,1.8893,0.6493344933
-0.120,0.488,0.2445281174,0.4841970137,0.1365157803,0.6927828916,1.8885,0.6499699609
-0.120,0.489,0.2450410979,0.4851923904,0.1367951982,0.6926699810,1.8876,0.6505992859
-0.120,0.490,0.2455541532,0.4861877844,0.1370746187,0.6925567197,1.8868,0.6512224500
-0.120,0.491,0.2460672833,0.4871831956,0.137354042,0.6924431153,1.8860,0.6518394425
-0.120,0.492,0.2465804885,0.4881786242,0.137633468,0.6923291606,1.8851,0.6524502398
-0.120,0.493,0.2470937689,0.48917407,0.1379128969,0.6922148609,1.8843,0.6530548297
-0.120,0.494,0.2476071247,0.4901695331,0.1381923287,0.6921002107,1.8834,0.6536531921
-0.120,0.495,0.2481205561,0.4911650136,0.1384717634,0.6919852084,1.8826,0.6542453087
-0.120,0.496,0.2486340632,0.4921605114,0.1387512012,0.6918698562,1.8817,0.6548311640
-0.120,0.497,0.2491476462,0.4931560266,0.139030642,0.6917541565,1.8809,0.6554107446
-0.120,0.498,0.2496613053,0.4941515591,0.1393100859,0.6916381010,1.8800,0.6559840243
-0.120,0.499,0.2501750406,0.495147109,0.139589533,0.6915216983,1.8792,0.6565509958
-0.120,0.500,0.2506888524,0.4961426763,0.1398689833,0.6914049401,1.8783,0.6571116340
-0.120,0.501,0.2512027407,0.4971382609,0.140148437,0.6912878243,1.8774,0.6576659170
-0.120,0.502,0.2517167059,0.498133863,0.140427894,0.6911703580,1.8766,0.6582138390
-0.120,0.503,0.2522307479,0.4991294825,0.1407073544,0.6910525374,1.8757,0.6587553753
-0.120,0.504,0.2527448671,0.5001251194,0.1409868182,0.6909343637,1.8748,0.6592905125
-0.120,0.505,0.2532590635,0.5011207738,0.1412662857,0.6908158281,1.8740,0.6598192217
-0.120,0.506,0.2537733374,0.5021164456,0.1415457567,0.6906969431,1.8731,0.6603415014
-0.120,0.507,0.254287689,0.5031121349,0.1418252313,0.6905776983,1.8722,0.6608573206
-0.120,0.508,0.2548021183,0.5041078417,0.1421047097,0.6904580931,1.8713,0.6613666636
-0.120,0.509,0.2553166256,0.5051035659,0.1423841919,0.6903381299,1.8705,0.6618695117
-0.120,0.510,0.255831211,0.5060993076,0.1426636779,0.6902178058,1.8696,0.6623658465
-0.120,0.511,0.2563458748,0.5070950669,0.1429431678,0.6900971296,1.8687,0.6628556601
-0.120,0.512,0.2568606171,0.5080908436,0.1432226616,0.6899760880,1.8678,0.6633389196
-0.120,0.513,0.257375438,0.5090866379,0.1435021595,0.6898546864,1.8669,0.6638156127
-0.120,0.514,0.2578903377,0.5100824497,0.1437816615,0.6897329195,1.8661,0.6642857152
-0.120,0.515,0.2584053165,0.511078279,0.1440611676,0.6896107910,1.8652,0.6647492142
-0.120,0.516,0.2589203744,0.5120741259,0.144340678,0.6894883068,1.8643,0.6652060958
-0.120,0.517,0.2594355117,0.5130699903,0.1446201926,0.6893654549,1.8634,0.6656563308
-0.120,0.518,0.2599507286,0.5140658723,0.1448997116,0.6892422302,1.8625,0.6660998955
-0.120,0.519,0.2604660251,0.5150617719,0.145179235,0.6891186542,1.8616,0.6665367921
-0.120,0.520,0.2609814015,0.5160576891,0.1454587628,0.6889947051,1.8607,0.6669669815
-0.120,0.521,0.261496858,0.5170536239,0.1457382952,0.6888703902,1.8598,0.6673904508
-0.120,0.522,0.2620123947,0.5180495762,0.1460178323,0.6887457124,1.8589,0.6678071848
-0.120,0.523,0.2625280118,0.5190455462,0.146297374,0.6886206640,1.8580,0.6682171574
-0.120,0.524,0.2630437095,0.5200415338,0.1465769204,0.6884952502,1.8571,0.6686203551
-0.120,0.525,0.2635594879,0.521037539,0.1468564716,0.6883694653,1.8562,0.6690167517
-0.120,0.526,0.2640753473,0.5220335619,0.1471360278,0.6882433130,1.8553,0.6694063324
-0.120,0.527,0.2645912878,0.5230296024,0.1474155888,0.6881167825,1.8543,0.6697890684
-0.120,0.528,0.2651073095,0.5240256605,0.1476951549,0.6879898923,1.8534,0.6701649581
-0.120,0.529,0.2656234127,0.5250217363,0.147974726,0.6878626270,1.8525,0.6705339661
-0.120,0.530,0.2661395975,0.5260178298,0.1482543024,0.6877349946,1.8516,0.6708960808
-0.120,0.531,0.2666558642,0.5270139409,0.1485338839,0.6876069819,1.8507,0.6712512708
-0.120,0.532,0.2671722128,0.5280100697,0.1488134707,0.6874786035,1.8498,0.6715995303
-0.120,0.533,0.2676886435,0.5290062162,0.1490930629,0.6873498423,1.8488,0.6719408229
-0.120,0.534,0.2682051566,0.5300023804,0.1493726605,0.6872207061,1.8479,0.6722751367
-0.120,0.535,0.2687217523,0.5309985623,0.1496522636,0.6870912023,1.8470,0.6726024574
-0.120,0.536,0.2692384305,0.5319947619,0.1499318723,0.6869613246,1.8460,0.6729227607
-0.120,0.537,0.2697551917,0.5329909791,0.1502114866,0.6868310645,1.8451,0.6732360166
-0.120,0.538,0.2702720359,0.5339872142,0.1504911066,0.6867004292,1.8442,0.6735422140
-0.120,0.539,0.2707889633,0.5349834669,0.1507707324,0.6865694156,1.8432,0.6738413278
-0.120,0.540,0.2713059741,0.5359797373,0.1510503641,0.6864380265,1.8423,0.6741333416
-0.120,0.541,0.2718230684,0.5369760255,0.1513300017,0.6863062549,1.8414,0.6744182263
-0.120,0.542,0.2723402465,0.5379723314,0.1516096454,0.6861741061,1.8404,0.6746959680
-0.120,0.543,0.2728575086,0.5389686551,0.1518892951,0.6860415776,1.8395,0.6749665433
-0.120,0.544,0.2733748547,0.5399649965,0.1521689509,0.6859086654,1.8385,0.6752299279
-0.120,0.545,0.2738922851,0.5409613557,0.152448613,0.6857753760,1.8376,0.6754861057
-0.120,0.546,0.2744098,0.5419577326,0.1527282814,0.6856417065,1.8366,0.6757350550
-0.120,0.547,0.2749273995,0.5429541273,0.1530079562,0.6855076440,1.8357,0.6759767407
-0.120,0.548,0.2754450838,0.5439505398,0.1532876375,0.6853732063,1.8347,0.6762111593
-0.120,0.549,0.2759628531,0.54494697,0.1535673252,0.6852383817,1.8338,0.6764382783
-0.120,0.550,0.2764807075,0.545943418,0.1538470196,0.6851031743,1.8328,0.6766580813
-0.120,0.551,0.2769986473,0.5469398837,0.1541267207,0.6849675811,1.8319,0.6768705419
-0.120,0.552,0.2775166727,0.5479363673,0.1544064285,0.6848316050,1.8309,0.6770756421
-0.120,0.553,0.2780347837,0.5489328686,0.1546861432,0.6846952302,1.8299,0.6772733453
-0.120,0.554,0.2785529806,0.5499293878,0.1549658648,0.6845584817,1.8290,0.6774636541
-0.120,0.555,0.2790712636,0.5509259247,0.1552455934,0.6844213428,1.8280,0.6776465306
-0.120,0.556,0.2795896328,0.5519224794,0.155525329,0.6842838114,1.8270,0.6778219494
-0.120,0.557,0.2801080885,0.5529190519,0.1558050719,0.6841458898,1.8261,0.6779898923
-0.120,0.558,0.2806266307,0.5539156422,0.1560848219,0.6840075808,1.8251,0.6781503381
-0.120,0.559,0.2811452597,0.5549122504,0.1563645793,0.6838688865,1.8241,0.6783032685
-0.120,0.560,0.2816639757,0.5559088763,0.1566443441,0.6837297874,1.8231,0.6784486405
-0.120,0.561,0.2821827788,0.55690552,0.1569241164,0.6835903089,1.8222,0.6785864574
-0.120,0.562,0.2827016693,0.5579021816,0.1572038962,0.6834504369,1.8212,0.6787166820
-0.120,0.563,0.2832206472,0.558898861,0.1574836837,0.6833101662,1.8202,0.6788392864
-0.120,0.564,0.2837397128,0.5598955581,0.1577634788,0.6831695038,1.8192,0.6789542550
-0.120,0.565,0.2842588663,0.5608922731,0.1580432818,0.6830284455,1.8182,0.6790615610
-0.120,0.566,0.2847781078,0.5618890059,0.1583230927,0.6828870000,1.8173,0.6791611896
-0.120,0.567,0.2852974376,0.5628857566,0.1586029116,0.6827451565,1.8163,0.6792531063
-0.120,0.568,0.2858168557,0.563882525,0.1588827385,0.6826029134,1.8153,0.6793372872
-0.120,0.569,0.2863363625,0.5648793113,0.1591625736,0.6824602682,1.8143,0.6794137055
-0.120,0.570,0.286855958,0.5658761154,0.1594424169,0.6823172374,1.8133,0.6794823548
-0.120,0.571,0.2873756424,0.5668729374,0.1597222685,0.6821738031,1.8123,0.6795431939
-0.120,0.572,0.287895416,0.5678697771,0.1600021285,0.6820299674,1.8113,0.6795961998
-0.120,0.573,0.2884152789,0.5688666347,0.160281997,0.6818857344,1.8103,0.6796413537
-0.120,0.574,0.2889352312,0.5698635101,0.160561874,0.6817410980,1.8093,0.6796786248
-0.120,0.575,0.2894552733,0.5708604033,0.1608417597,0.6815960662,1.8083,0.6797079974
-0.120,0.576,0.2899754052,0.5718573144,0.1611216542,0.6814506307,1.8073,0.6797294387
-0.120,0.577,0.2904956271,0.5728542433,0.1614015575,0.6813047925,1.8063,0.6797429255
-0.120,0.578,0.2910159393,0.57385119,0.1616814697,0.6811585485,1.8053,0.6797484298
-0.120,0.579,0.2915363419,0.5748481545,0.1619613909,0.6810119091,1.8042,0.6797459379
-0.120,0.580,0.292056835,0.5758451369,0.1622413212,0.6808648595,1.8032,0.6797354095
-0.120,0.581,0.292577419,0.576842137,0.1625212608,0.6807174099,1.8022,0.6797168300
-0.120,0.582,0.2930980939,0.577839155,0.1628012095,0.6805695504,1.8012,0.6796901649
-0.120,0.583,0.2936188599,0.5788361909,0.1630811677,0.6804212832,1.8002,0.6796553907
-0.120,0.584,0.2941397172,0.5798332445,0.1633611353,0.6802726119,1.7992,0.6796124861
-0.120,0.585,0.2946606661,0.580830316,0.1636411125,0.6801235397,1.7981,0.6795614282
-0.120,0.586,0.2951817066,0.5818274052,0.1639210993,0.6799740467,1.7971,0.6795021719
-0.120,0.587,0.295702839,0.5828245123,0.1642010958,0.6798241536,1.7961,0.6794347121
-0.120,0.588,0.2962240635,0.5838216372,0.1644811022,0.6796738579,1.7951,0.6793590203
-0.120,0.589,0.2967453802,0.58481878,0.1647611185,0.6795231395,1.7940,0.6792750502
-0.120,0.590,0.2972667894,0.5858159405,0.1650411447,0.6793720179,1.7930,0.6791827954
-0.120,0.591,0.2977882911,0.5868131188,0.1653211811,0.6792204882,1.7920,0.6790822245
-0.120,0.592,0.2983098857,0.5878103149,0.1656012277,0.6790685352,1.7909,0.6789732958
-0.120,0.593,0.2988315732,0.5888075289,0.1658812846,0.6789161793,1.7899,0.6788560029
-0.120,0.594,0.2993533539,0.5898047606,0.1661613519,0.6787634087,1.7888,0.6787303074
-0.120,0.595,0.2998752279,0.5908020101,0.1664414297,0.6786102220,1.7878,0.6785961810
-0.120,0.596,0.3003971955,0.5917992774,0.166721518,0.6784566223,1.7868,0.6784535995
-0.120,0.597,0.3009192568,0.5927965626,0.1670016171,0.6783026109,1.7857,0.6783025368
-0.120,0.598,0.3014414121,0.5937938654,0.1672817268,0.6781481750,1.7847,0.6781429530
-0.120,0.599,0.3019636614,0.5947911861,0.1675618475,0.6779933247,1.7836,0.6779748304
-0.120,0.600,0.302486005,0.5957885246,0.1678419792,0.6778380624,1.7826,0.6777981436
-0.120,0.601,0.303008443,0.5967858808,0.1681221219,0.6776823898,1.7815,0.6776128665
-0.120,0.602,0.3035309757,0.5977832548,0.1684022757,0.6775262919,1.7805,0.6774189559
-0.120,0.603,0.3040536033,0.5987806465,0.1686824409,0.6773697681,1.7794,0.6772163830
-0.120,0.604,0.3045763259,0.599778056,0.1689626174,0.6772128391,1.7784,0.6770051400
-0.120,0.605,0.3050991437,0.6007754833,0.1692428054,0.6770554715,1.7773,0.6767851650
-0.120,0.606,0.3056220569,0.6017729283,0.1695230049,0.6768976977,1.7762,0.6765564613
-0.120,0.607,0.3061450657,0.602770391,0.1698032161,0.6767395006,1.7752,0.6763189833
-0.120,0.608,0.3066681702,0.6037678715,0.1700834391,0.6765808749,1.7741,0.6760726962
-0.120,0.609,0.3071913708,0.6047653697,0.1703636739,0.6764218272,1.7730,0.6758175772
-0.120,0.610,0.3077146675,0.6057628857,0.1706439207,0.6762623567,1.7720,0.6755535962
-0.120,0.611,0.3082380605,0.6067604193,0.1709241796,0.6761024665,1.7709,0.6752807266
-0.120,0.612,0.3087615501,0.6077579707,0.1712044507,0.6759421493,1.7698,0.6749989312
-0.120,0.613,0.3092851364,0.6087555398,0.1714847341,0.6757814138,1.7687,0.6747081883
-0.120,0.614,0.3098088195,0.6097531266,0.1717650298,0.6756202426,1.7677,0.6744084503
-0.120,0.615,0.3103325998,0.6107507311,0.172045338,0.6754586504,1.7666,0.6740997019
-0.120,0.616,0.3108564774,0.6117483533,0.1723256589,0.6752966205,1.7655,0.6737818949
-0.120,0.617,0.3113804524,0.6127459931,0.1726059924,0.6751341792,1.7644,0.6734550255
-0.120,0.618,0.3119045252,0.6137436507,0.1728863387,0.6749713000,1.7634,0.6731190360
-0.120,0.619,0.3124286957,0.6147413259,0.173166698,0.6748079894,1.7623,0.6727739006
-0.120,0.620,0.3129529643,0.6157390187,0.1734470702,0.6746442574,1.7612,0.6724195991
-0.120,0.621,0.3134773312,0.6167367292,0.1737274556,0.6744800849,1.7601,0.6720560793
-0.120,0.622,0.3140017964,0.6177344574,0.1740078543,0.6743154869,1.7590,0.6716833259
-0.120,0.623,0.3145263603,0.6187322032,0.1742882663,0.6741504603,1.7579,0.6713013026
-0.120,0.624,0.315051023,0.6197299666,0.1745686917,0.6739850007,1.7568,0.6709099726
-0.120,0.625,0.3155757847,0.6207277477,0.1748491307,0.6738191003,1.7557,0.6705092953
-0.120,0.626,0.3161006456,0.6217255463,0.1751295834,0.6736527758,1.7546,0.6700992549
-0.120,0.627,0.3166256058,0.6227233626,0.1754100499,0.6734860074,1.7535,0.6696797985
-0.120,0.628,0.3171506656,0.6237211964,0.1756905302,0.6733188052,1.7524,0.6692509031
-0.120,0.629,0.3176758252,0.6247190479,0.1759710246,0.6731511711,1.7513,0.6688125364
-0.120,0.630,0.3182010847,0.6257169169,0.1762515331,0.6729831033,1.7502,0.6683646628
-0.120,0.631,0.3187264444,0.6267148035,0.1765320558,0.6728145962,1.7491,0.6679072435
-0.120,0.632,0.3192519044,0.6277127076,0.1768125929,0.6726456559,1.7480,0.6674402495
-0.120,0.633,0.3197774649,0.6287106293,0.1770931444,0.6724762674,1.7469,0.6669636309
-0.120,0.634,0.3203031262,0.6297085685,0.1773737105,0.6723064443,1.7458,0.6664773680
-0.120,0.635,0.3208288883,0.6307065253,0.1776542913,0.6721361877,1.7447,0.6659814246
-0.120,0.636,0.3213547516,0.6317044996,0.1779348869,0.6719654776,1.7436,0.6654757476
-0.120,0.637,0.3218807162,0.6327024913,0.1782154974,0.6717943359,1.7424,0.6649603211
-0.120,0.638,0.3224067823,0.6337005006,0.1784961229,0.6716227509,1.7413,0.6644350989
-0.120,0.639,0.32293295,0.6346985274,0.1787767636,0.6714507350,1.7402,0.6639000571
-0.120,0.640,0.3234592196,0.6356965716,0.1790574196,0.6712782610,1.7391,0.6633551320
-0.120,0.641,0.3239855914,0.6366946333,0.1793380909,0.6711053551,1.7380,0.6628003129
-0.120,0.642,0.3245120653,0.6376927124,0.1796187777,0.6709319982,1.7368,0.6622355426
-0.120,0.643,0.3250386418,0.638690809,0.1798994802,0.6707581974,1.7357,0.6616607923
-0.120,0.644,0.3255653208,0.639688923,0.1801801984,0.6705839529,1.7346,0.6610760236
-0.120,0.645,0.3260921028,0.6406870545,0.1804609324,0.6704092587,1.7334,0.6604811932
-0.120,0.646,0.3266189878,0.6416852033,0.1807416824,0.6702341247,1.7323,0.6598762721
-0.120,0.647,0.327145976,0.6426833695,0.1810224486,0.6700585419,1.7312,0.6592612121
-0.120,0.648,0.3276730677,0.6436815531,0.1813032309,0.6698825006,1.7300,0.6586359664
-0.120,0.649,0.3282002629,0.6446797541,0.1815840296,0.6697060320,1.7289,0.6580005268
-0.120,0.650,0.3287275621,0.6456779724,0.1818648447,0.6695290870,1.7278,0.6573548015
-0.120,0.651,0.3292549652,0.6466762081,0.1821456765,0.6693517220,1.7266,0.6566988111
-0.120,0.652,0.3297824726,0.6476744611,0.1824265249,0.6691738879,1.7255,0.6560324625
-0.120,0.653,0.3303100843,0.6486727314,0.1827073902,0.6689956051,1.7243,0.6553557388
-0.120,0.654,0.3308378007,0.6496710191,0.1829882724,0.6688168652,1.7232,0.6546685873
-0.120,0.655,0.3313656219,0.650669324,0.1832691717,0.6686376833,1.7220,0.6539709848
-0.120,0.656,0.3318935481,0.6516676461,0.1835500882,0.6684580405,1.7209,0.6532628675
-0.120,0.657,0.3324215795,0.6526659856,0.1838310221,0.6682779564,1.7198,0.6525442173
-0.120,0.658,0.3329497163,0.6536643423,0.1841119734,0.6680974090,1.7186,0.6518149664
-0.120,0.659,0.3334779587,0.6546627162,0.1843929423,0.6679164115,1.7174,0.6510750847
-0.120,0.660,0.3340063069,0.6556611073,0.1846739289,0.6677349517,1.7163,0.6503245177
-0.120,0.661,0.334534761,0.6566595156,0.1849549333,0.6675530397,1.7151,0.6495632326
-0.120,0.662,0.3350633214,0.6576579412,0.1852359557,0.6673706696,1.7140,0.6487911780
-0.120,0.663,0.3355919881,0.6586563839,0.1855169962,0.6671878480,1.7128,0.6480083157
-0.120,0.664,0.3361207615,0.6596548437,0.1857980549,0.6670045628,1.7117,0.6472145913
-0.120,0.665,0.3366496416,0.6606533207,0.186079132,0.6668208173,1.7105,0.6464099612
-0.120,0.666,0.3371786287,0.6616518148,0.1863602276,0.6666366200,1.7093,0.6455943853
-0.120,0.667,0.337707723,0.662650326,0.1866413417,0.6664519517,1.7082,0.6447678019
-0.120,0.668,0.3382369246,0.6636488543,0.1869224747,0.6662668347,1.7070,0.6439301854
-0.120,0.669,0.3387662339,0.6646473997,0.1872036265,0.6660812422,1.7058,0.6430814596
-0.120,0.670,0.3392956509,0.6656459622,0.1874847973,0.6658951969,1.7046,0.6422216042
-0.120,0.671,0.3398251759,0.6666445417,0.1877659873,0.6657086926,1.7035,0.6413505603
-0.120,0.672,0.3403548091,0.6676431382,0.1880471965,0.6655217269,1.7023,0.6404682800
-0.120,0.673,0.3408845507,0.6686417517,0.1883284252,0.6653342855,1.7011,0.6395746960
-0.120,0.674,0.3414144008,0.6696403822,0.1886096734,0.6651463831,1.6999,0.6386697749
-0.120,0.675,0.3419443598,0.6706390297,0.1888909413,0.6649580202,1.6988,0.6377534714
-0.120,0.676,0.3424744277,0.6716376942,0.189172229,0.6647691876,1.6976,0.6368257196
-0.120,0.677,0.3430046048,0.6726363756,0.1894535367,0.6645798876,1.6964,0.6358864720
-0.120,0.678,0.3435348913,0.6736350739,0.1897348644,0.6643901361,1.6952,0.6349356936
-0.120,0.679,0.3440652874,0.6746337891,0.1900162124,0.6641999033,1.6940,0.6339733031
-0.120,0.680,0.3445957933,0.6756325212,0.1902975808,0.6640092015,1.6928,0.6329992573
-0.120,0.681,0.3451264091,0.6766312701,0.1905789696,0.6638180349,1.6916,0.6320135073
-0.120,0.682,0.3456571352,0.6776300359,0.1908603792,0.6636263941,1.6905,0.6310159888
-0.120,0.683,0.3461879716,0.6786288186,0.1911418095,0.6634342930,1.6893,0.6300066662
-0.120,0.684,0.3467189187,0.679627618,0.1914232607,0.6632417071,1.6881,0.6289854517
-0.120,0.685,0.3472499766,0.6806264342,0.191704733,0.6630486593,1.6869,0.6279523146
-0.120,0.686,0.3477811454,0.6816252672,0.1919862265,0.6628551361,1.6857,0.6269071887
-0.120,0.687,0.3483124255,0.682624117,0.1922677414,0.6626611459,1.6845,0.6258500198
-0.120,0.688,0.348843817,0.6836229835,0.1925492777,0.6624666657,1.6833,0.6247807274
-0.120,0.689,0.3493753201,0.6846218667,0.1928308357,0.6622717344,1.6821,0.6236992972
-0.120,0.690,0.349906935,0.6856207665,0.1931124155,0.6620763190,1.6809,0.6226056308
-0.120,0.691,0.350438662,0.6866196831,0.1933940172,0.6618804254,1.6797,0.6214996745
-0.120,0.692,0.3509705012,0.6876186163,0.193675641,0.6616840531,1.6785,0.6203813681
-0.120,0.693,0.3515024528,0.6886175661,0.193957287,0.6614872134,1.6772,0.6192506589
-0.120,0.694,0.3520345171,0.6896165325,0.1942389553,0.6612898888,1.6760,0.6181074703
-0.120,0.695,0.3525666942,0.6906155156,0.1945206462,0.6610920913,1.6748,0.6169517478
-0.120,0.696,0.3530989843,0.6916145151,0.1948023597,0.6608938185,1.6736,0.6157834272
-0.120,0.697,0.3536313878,0.6926135313,0.195084096,0.6606950646,1.6724,0.6146024369
-0.120,0.698,0.3541639046,0.6936125639,0.1953658553,0.6604958285,1.6712,0.6134087097
-0.120,0.699,0.3546965352,0.694611613,0.1956476376,0.6602961027,1.6700,0.6122021683
-0.120,0.700,0.3552292796,0.6956106786,0.1959294433,0.6600959085,1.6687,0.6109827696
-0.120,0.701,0.3557621381,0.6966097607,0.1962112723,0.6598952316,1.6675,0.6097504337
-0.120,0.702,0.3562951109,0.6976088592,0.1964931249,0.6596940687,1.6663,0.6085050805
-0.120,0.703,0.3568281982,0.6986079741,0.1967750011,0.6594924222,1.6651,0.6072466474
-0.120,0.704,0.3573614002,0.6996071054,0.1970569013,0.6592903041,1.6639,0.6059750741
-0.120,0.705,0.3578947171,0.700606253,0.1973388254,0.6590876871,1.6626,0.6046902603
-0.120,0.706,0.3584281492,0.701605417,0.1976207737,0.6588845933,1.6614,0.6033921524
-0.120,0.707,0.3589616965,0.7026045973,0.1979027464,0.6586810148,1.6602,0.6020806714
-0.120,0.708,0.3594953595,0.7036037939,0.1981847434,0.6584769484,1.6589,0.6007557349
-0.120,0.709,0.3600291381,0.7046030068,0.1984667652,0.6582723881,1.6577,0.5994172657
-0.120,0.710,0.3605630327,0.7056022359,0.1987488117,0.6580673491,1.6565,0.5980651965
-0.120,0.711,0.3610970435,0.7066014812,0.1990308831,0.6578618215,1.6552,0.5966994365
-0.120,0.712,0.3616311706,0.7076007427,0.1993129796,0.6576558009,1.6540,0.5953199099
-0.120,0.713,0.3621654143,0.7086000203,0.1995951014,0.6574492985,1.6528,0.5939265385
-0.120,0.714,0.3626997748,0.7095993141,0.1998772486,0.6572423002,1.6515,0.5925192286
-0.120,0.715,0.3632342523,0.7105986241,0.2001594213,0.6570348117,1.6503,0.5910979001
-0.120,0.716,0.3637688471,0.7115979501,0.2004416198,0.6568268334,1.6490,0.5896624695
-0.120,0.717,0.3643035592,0.7125972922,0.2007238442,0.6566183638,1.6478,0.5882128502
-0.120,0.718,0.364838389,0.7135966503,0.2010060946,0.6564094000,1.6465,0.5867489482
-0.120,0.719,0.3653733366,0.7145960244,0.2012883712,0.6561999451,1.6453,0.5852706799
-0.120,0.720,0.3659084023,0.7155954146,0.2015706742,0.6559900061,1.6440,0.5837779653
-0.120,0.721,0.3664435863,0.7165948207,0.2018530037,0.6557795574,1.6428,0.5822706758
-0.120,0.722,0.3669788887,0.7175942427,0.2021353599,0.6555686208,1.6415,0.5807487489
-0.120,0.723,0.3675143099,0.7185936806,0.202417743,0.6553571842,1.6403,0.5792120706
-0.120,0.724,0.3680498499,0.7195931344,0.2027001531,0.6551452592,1.6390,0.5776605596
-0.120,0.725,0.368585509,0.7205926041,0.2029825903,0.6549328316,1.6378,0.5760941031
-0.120,0.726,0.3691212875,0.7215920896,0.203265055,0.6547199079,1.6365,0.5745126033
-0.120,0.727,0.3696571856,0.7225915909,0.2035475471,0.6545064829,1.6353,0.5729159576
-0.120,0.728,0.3701932033,0.7235911079,0.203830067,0.6542925617,1.6340,0.5713040674
-0.120,0.729,0.3707293411,0.7245906407,0.2041126147,0.6540781430,1.6327,0.5696768199
-0.120,0.730,0.371265599,0.7255901892,0.2043951904,0.6538632223,1.6315,0.5680341080
-0.120,0.731,0.3718019774,0.7265897534,0.2046777943,0.6536477994,1.6302,0.5663758215
-0.120,0.732,0.3723384763,0.7275893333,0.2049604265,0.6534318749,1.6290,0.5647018471
-0.120,0.733,0.3728750961,0.7285889288,0.2052430873,0.6532154495,1.6277,0.5630120746
-0.120,0.734,0.3734118369,0.7295885399,0.2055257768,0.6529985374,1.6264,0.5613064038
-0.120,0.735,0.373948699,0.7305881665,0.2058084952,0.6527811074,1.6251,0.5595846815
-0.120,0.736,0.3744856825,0.7315878087,0.2060912426,0.6525631696,1.6239,0.5578467992
-0.120,0.737,0.3750227878,0.7325874664,0.2063740192,0.6523447288,1.6226,0.5560926318
-0.120,0.738,0.3755600149,0.7335871396,0.2066568252,0.6521257900,1.6213,0.5543220740
-0.120,0.739,0.3760973642,0.7345868282,0.2069396608,0.6519063419,1.6201,0.5525349789
-0.120,0.740,0.3766348358,0.7355865323,0.2072225261,0.6516863851,1.6188,0.5507312143
-0.120,0.741,0.37717243,0.7365862517,0.2075054213,0.6514659233,1.6175,0.5489106556
-0.120,0.742,0.3777101469,0.7375859865,0.2077883466,0.6512449581,1.6162,0.5470731745
-0.120,0.743,0.3782479868,0.7385857366,0.2080713022,0.6510234776,1.6149,0.5452186078
-0.120,0.744,0.37878595,0.739585502,0.2083542882,0.6508014963,1.6137,0.5433468408
-0.120,0.745,0.3793240365,0.7405852827,0.2086373048,0.6505789952,1.6124,0.5414577052
-0.120,0.746,0.3798622467,0.7415850786,0.2089203522,0.6503559908,1.6111,0.5395510742
-0.120,0.747,0.3804005808,0.7425848897,0.2092034306,0.6501324707,1.6098,0.5376267768
-0.120,0.748,0.3809390389,0.743584716,0.2094865402,0.6499084477,1.6085,0.5356846799
-0.120,0.749,0.3814776214,0.7445845574,0.2097696811,0.6496839108,1.6072,0.5337246214
-0.120,0.750,0.3820163284,0.745584414,0.2100528535,0.6494588609,1.6059,0.5317464306
-0.120,0.751,0.3825551601,0.7465842855,0.2103360576,0.6492332844,1.6046,0.5297499342
-0.120,0.752,0.3830941167,0.7475841722,0.2106192936,0.6490072117,1.6034,0.5277349992
-0.120,0.753,0.3836331986,0.7485840738,0.2109025616,0.6487806134,1.6021,0.5257014148
-0.120,0.754,0.3841724058,0.7495839904,0.2111858619,0.6485535001,1.6008,0.5236490313
-0.120,0.755,0.3847117387,0.750583922,0.2114691947,0.6483258793,1.5995,0.5215776672
-0.120,0.756,0.3852511974,0.7515838684,0.21175256,0.6480977263,1.5982,0.5194871110
-0.120,0.757,0.3857907821,0.7525838298,0.2120359582,0.6478690696,1.5969,0.5173772140
-0.120,0.758,0.3863304932,0.7535838059,0.2123193893,0.6476398963,1.5956,0.5152477681
-0.120,0.759,0.3868703307,0.7545837969,0.2126028537,0.6474101977,1.5943,0.5130985564
-0.120,0.760,0.387410295,0.7555838026,0.2128863514,0.6471799788,1.5930,0.5109293940
-0.120,0.761,0.3879503862,0.7565838231,0.2131698826,0.6469492459,1.5917,0.5087400739
-0.120,0.762,0.3884906046,0.7575838582,0.2134534476,0.6467179904,1.5904,0.5065303819
-0.120,0.763,0.3890309504,0.7585839081,0.2137370465,0.6464862104,1.5890,0.5043000862
-0.120,0.764,0.3895714239,0.7595839725,0.2140206796,0.6462539134,1.5877,0.5020489858
-0.120,0.765,0.3901120251,0.7605840516,0.2143043469,0.6460210829,1.5864,0.4997768131
-0.120,0.766,0.3906527544,0.7615841452,0.2145880488,0.6457877472,1.5851,0.4974833901
-0.120,0.767,0.3911936121,0.7625842533,0.2148717854,0.6455538812,1.5838,0.4951684283
-0.120,0.768,0.3917345982,0.7635843759,0.2151555568,0.6453194931,1.5825,0.4928316964
-0.120,0.769,0.3922757131,0.7645845129,0.2154393634,0.6450845581,1.5812,0.4904729053
-0.120,0.770,0.3928169569,0.7655846644,0.2157232052,0.6448491265,1.5799,0.4880918617
-0.120,0.771,0.3933583299,0.7665848302,0.2160070825,0.6446131512,1.5785,0.4856882237
-0.120,0.772,0.3938998324,0.7675850104,0.2162909955,0.6443766549,1.5772,0.4832617512
-0.120,0.773,0.3944414645,0.7685852049,0.2165749444,0.6441396405,1.5759,0.4808121673
-0.120,0.774,0.3949832264,0.7695854136,0.2168589293,0.6439020821,1.5746,0.4783391355
-0.120,0.775,0.3955251185,0.7705856366,0.2171429505,0.6436640011,1.5733,0.4758423857
-0.120,0.776,0.3960671409,0.7715858737,0.2174270082,0.6434253852,1.5719,0.4733215951
-0.120,0.777,0.3966092938,0.772586125,0.2177111025,0.6431862422,1.5706,0.4707764436
-0.120,0.778,0.3971515775,0.7735863904,0.2179952337,0.6429465730,1.5693,0.4682066013
-0.120,0.779,0.3976939922,0.7745866699,0.218279402,0.6427063675,1.5680,0.4656117227
-0.120,0.780,0.3982365381,0.7755869634,0.2185636075,0.6424656324,1.5666,0.4629914602
-0.120,0.781,0.3987792155,0.7765872709,0.2188478505,0.6422243563,1.5653,0.4603454245
-0.120,0.782,0.3993220246,0.7775875923,0.2191321312,0.6419825559,1.5640,0.4576732831
-0.120,0.783,0.3998649656,0.7785879277,0.2194164497,0.6417402160,1.5626,0.4549746096
-0.120,0.784,0.4004080387,0.7795882769,0.2197008064,0.6414973439,1.5613,0.4522490229
-0.120,0.785,0.4009512443,0.78058864,0.2199852013,0.6412539370,1.5600,0.4494961032
-0.120,0.786,0.4014945824,0.7815890168,0.2202696348,0.6410099883,1.5586,0.4467154067
-0.120,0.787,0.4020380534,0.7825894075,0.2205541069,0.6407655090,1.5573,0.4439065158
-0.120,0.788,0.4025816574,0.7835898118,0.220838618,0.6405204953,1.5560,0.4410689565
-0.120,0.789,0.4031253948,0.7845902298,0.2211231682,0.6402749339,1.5546,0.4382022282
-0.120,0.790,0.4036692656,0.7855906614,0.2214077577,0.6400288391,1.5533,0.4353058788
-0.120,0.791,0.4042132703,0.7865911066,0.2216923867,0.6397822060,1.5520,0.4323793728
-0.120,0.792,0.4047574089,0.7875915654,0.2219770555,0.6395350300,1.5506,0.4294221756
-0.120,0.793,0.4053016817,0.7885920377,0.2222617643,0.6392873108,1.5493,0.4264337301
-0.120,0.794,0.405846089,0.7895925234,0.2225465132,0.6390390573,1.5479,0.4234134954
-0.120,0.795,0.406390631,0.7905930226,0.2228313026,0.6387902492,1.5466,0.4203608223
-0.120,0.796,0.406935308,0.7915935351,0.2231161325,0.6385409074,1.5452,0.4172751388
-0.120,0.797,0.40748012,0.792594061,0.2234010032,0.6382910152,1.5439,0.4141557702
-0.120,0.798,0.4080250675,0.7935946002,0.223685915,0.6380405865,1.5425,0.4110020595
-0.120,0.799,0.4085701506,0.7945951526,0.2239708681,0.6377896201,1.5412,0.4078133203
-0.120,0.800,0.4091153696,0.7955957182,0.2242558626,0.6375380816,1.5398,0.4045887571
-0.080,0.010,0.004964421318,0.009928801852,0.002741846382,0.9990277964,712.6184,0.0000000000
-0.080,0.011,0.005460868708,0.01092168313,0.00301602993,0.9988234015,588.7644,0.0000000000
-0.080,0.012,0.005957317717,0.01191456496,0.003290213232,0.9985994439,494.5619,0.0000000000
-0.080,0.013,0.006453768487,0.01290744737,0.003564396261,0.9983558980,421.2496,0.0000000000
-0.080,0.014,0.006950221159,0.01390033041,0.003838578992,0.9980927350,363.0780,0.0000000000
-0.080,0.015,0.007446675875,0.0148932141,0.0041127614,0.9978099235,316.1478,0.0000000000
-0.080,0.016,0.00794313278,0.01588609851,0.004386943461,0.9975074306,277.7387,0.0000000000
-0.080,0.017,0.008439592018,0.01687898366,0.004661125151,0.9971852198,245.9059,0.0000000000
-0.080,0.018,0.008936053733,0.01787186961,0.004935306445,0.9968432525,219.2296,0.0000000000
-0.080,0.019,0.009432518069,0.0188647564,0.005209487321,0.9964814900,196.6534,0.0000000000
-0.080,0.020,0.009928985172,0.01985764406,0.005483667754,0.9960998857,177.3780,0.0000000000
-0.080,0.021,0.01042545519,0.02085053266,0.005757847721,0.9956983948,160.7900,0.0000000000
-0.080,0.022,0.01092192826,0.02184342223,0.006032027198,0.9952769672,146.4121,0.0000000000
-0.080,0.023,0.01141840453,0.02283631282,0.006306206162,0.9948355542,133.8683,0.0000000000
-0.080,0.024,0.01191488415,0.02382920448,0.006580384589,0.9943740986,122.8595,0.0000000000
-0.080,0.025,0.01241136593,0.02482209458,0.00685456172,0.9938925464,113.1451,0.0000000000
-0.080,0.026,0.01290785269,0.02581498852,0.007128739011,0.9933908323,104.5297,0.0000000000
-0.080,0.027,0.01340434324,0.02680788367,0.007402915694,0.9928688984,96.8536,0.0000000000
-0.080,0.028,0.01390083771,0.02780078006,0.007677091746,0.9923266758,89.9850,0.0000000000
-0.080,0.029,0.01439733625,0.02879367774,0.007951267145,0.9917640983,83.8146,0.0000000000
-0.080,0.030,0.01489383901,0.02978657676,0.008225441866,0.9911810894,78.2507,0.0000000000
-0.080,0.031,0.01539034614,0.03077947716,0.008499615888,0.9905775788,73.2165,0.0000000000
-0.080,0.032,0.01588685778,0.031772379,0.008773789186,0.9899534837,68.6466,0.0000000000
-0.080,0.033,0.01638337407,0.0327652823,0.009047961737,0.9893087241,64.4858,0.0000000000
-0.080,0.034,0.01687989516,0.03375818713,0.009322133519,0.9886432160,60.6865,0.0000000000
-0.080,0.035,0.01737642119,0.03475109353,0.009596304507,0.9879568696,57.2081,0.0000000000
-0.080,0.036,0.01787295232,0.03574400154,0.00987047468,0.9872495905,54.0154,0.0000000000
-0.080,0.037,0.01836948868,0.03673691121,0.01014464401,0.9865212841,51.0780,0.0000000000
-0.080,0.038,0.01886603043,0.03772982259,0.01041881249,0.9857718487,48.3692,0.0000000000
-0.080,0.039,0.0193625777,0.03872273571,0.01069298007,0.9850011830,45.8660,0.0000000000
-0.080,0.040,0.01985913065,0.03971565064,0.01096714675,0.9842091764,43.5481,0.0000000000
-0.080,0.041,0.02035568942,0.04070856741,0.0112413125,0.9833957179,41.3975,0.0000000000
-0.080,0.042,0.02085225415,0.04170148606,0.01151547729,0.9825606900,39.3987,0.0000000000
-0.080,0.043,0.02134882499,0.04269440665,0.01178964111,0.9817039692,37.5375,0.0000000000
-0.080,0.044,0.02184540209,0.04368732923,0.01206380392,0.9808254366,35.8016,0.0000000000
-0.080,0.045,0.02234198559,0.04468025383,0.01233796571,0.9799249548,34.1801,0.0000000000
-0.080,0.046,0.02283857563,0.0456731805,0.01261212646,0.9790023909,32.6630,0.0000000000
-0.080,0.047,0.02333517237,0.04666610929,0.01288628614,0.9780576057,31.2415,0.0000000000
-0.080,0.048,0.02383177595,0.04765904024,0.01316044472,0.9770904512,29.9079,0.0000000000
-0.080,0.049,0.02432838651,0.04865197341,0.0134346022,0.9761007772,28.6549,0.0000000000
-0.080,0.050,0.0248250042,0.04964490883,0.01370875853,0.9750884286,27.4763,0.0000000000
-0.080,0.051,0.02532162916,0.05063784655,0.0139829137,0.9740532360,26.3661,0.0000000000
-0.080,0.052,0.02581826155,0.05163078662,0.0142570677,0.9729950351,25.3192,0.0000000000
-0.080,0.053,0.0263149015,0.05262372908,0.01453122048,0.9719136484,24.3309,0.0000000000
-0.080,0.054,0.02681154917,0.05361667399,0.01480537204,0.9708088999,23.3969,0.0000000000
-0.080,0.055,0.02730820469,0.05460962137,0.01507952235,0.9696805891,22.5131,0.0000000000
-0.080,0.056,0.02780486821,0.05560257129,0.01535367138,0.9685285312,21.6762,0.0000000000
-0.080,0.057,0.02830153989,0.05659552378,0.01562781912,0.9673525161,20.8828,0.0000000000
-0.080,0.058,0.02879821986,0.0575884789,0.01590196554,0.9661523325,20.1299,0.0000000000
-0.080,0.059,0.02929490804,0.05858143623,0.01617611049,0.9649277630,19.4148,0.0000000000
-0.080,0.060,0.02979160504,0.05957439672,0.01645025421,0.9636785816,18.7350,0.0000000000
-0.080,0.061,0.03028831077,0.06056735998,0.01672439653,0.9624045417,18.0882,0.0000000000
-0.080,0.062,0.03078502538,0.06156032604,0.01699853746,0.9611054074,17.4723,0.0000000000
-0.080,0.063,0.03128174901,0.06255329495,0.01727267694,0.9597809219,16.8853,0.0000000000
-0.080,0.064,0.03177848181,0.06354626676,0.01754681498,0.9584308149,16.3255,0.0000000000
-0.080,0.065,0.03227522393,0.06453924151,0.01782095154,0.9570548034,15.7912,0.0000000000
-0.080,0.066,0.0327719755,0.06553221925,0.0180950866,0.9556526095,15.2807,0.0000000000
-0.080,0.067,0.03326873669,0.06652520001,0.01836922015,0.9542239301,14.7928,0.0000000000
-0.080,0.068,0.03376550763,0.06751818386,0.01864335215,0.9527684487,14.3261,0.0000000000
-0.080,0.069,0.03426228846,0.06851117083,0.01891748258,0.9512858445,13.8794,0.0000000000
-0.080,0.070,0.03475907935,0.06950416097,0.01919161143,0.9497757760,13.4515,0.0000000000
-0.080,0.071,0.03525588042,0.07049715432,0.01946573867,0.9482378940,13.0414,0.0000000000
-0.080,0.072,0.03575269182,0.07149015094,0.01973986428,0.9466718183,12.6480,0.0000000000
-0.080,0.073,0.03624951371,0.07248315086,0.02001398824,0.9450771761,12.2705,0.0000000000
-0.080,0.074,0.03674634623,0.07347615413,0.02028811052,0.9434535598,11.9081,0.0000000000
-0.080,0.075,0.03724318953,0.07446916079,0.0205622311,0.9418005455,11.5598,0.0000000000
-0.080,0.076,0.03774004374,0.0754621709,0.02083634996,0.9401176928,11.2250,0.0000000000
-0.080,0.077,0.03823690902,0.07645518449,0.02111046709,0.9384045572,10.9030,0.0000000000
-0.080,0.078,0.03873378551,0.07744820162,0.02138458245,0.9366606365,10.5930,0.0000000000
-0.080,0.079,0.03923067335,0.07844122232,0.02165869603,0.9348854403,10.2946,0.0000000000
-0.080,0.080,0.03972757271,0.07943424665,0.0219328078,0.9330784360,10.0070,0.0000000000
-0.080,0.081,0.04022448371,0.08042727465,0.02220691774,0.9312390738,9.7299,0.0000000000
-0.080,0.082,0.04072140651,0.08142030636,0.02248102583,0.9293667560,9.4625,0.0000000000
-0.080,0.083,0.04121834125,0.08241334182,0.02275513206,0.9274608900,9.2046,0.0000000000
-0.080,0.084,0.04171528808,0.08340638109,0.02302923639,0.9255208146,8.9555,0.0000000000
-0.080,0.085,0.04221224714,0.08439942421,0.0233033388,0.9235458731,8.7150,0.0000000000
-0.080,0.086,0.04270921858,0.08539247123,0.02357743928,0.9215353383,8.4826,0.0000000000
-0.080,0.087,0.04320620255,0.08638552218,0.0238515378,0.9194884601,8.2579,0.0000000000
-0.080,0.088,0.04370319919,0.08737857712,0.02412563435,0.9174044410,8.0405,0.0000000000
-0.080,0.089,0.04420020865,0.08837163608,0.02439972889,0.9152824468,7.8302,0.0000000000
-0.080,0.090,0.04469723108,0.08936469913,0.02467382141,0.9131215901,7.6265,0.0000000000
-0.080,0.091,0.04519426662,0.09035776629,0.02494791189,0.9109209271,7.4293,0.0000000000
-0.080,0.092,0.04569131541,0.09135083761,0.02522200031,0.9086794561,7.2382,0.0000000000
-0.080,0.093,0.04618837761,0.09234391315,0.02549608664,0.9063961220,7.0529,0.0000000000
-0.080,0.094,0.04668545336,0.09333699294,0.02577017086,0.9040698058,6.8731,0.0000000000
-0.080,0.095,0.0471825428,0.09433007702,0.02604425296,0.9016992850,6.6987,0.0000000000
-0.080,0.096,0.04767964608,0.09532316546,0.02631833291,0.8992832889,6.5294,0.0000000000
-0.080,0.097,0.04817676336,0.09631625828,0.02659241069,0.8968204589,6.3650,0.0000000000
-0.080,0.098,0.04867389477,0.09730935553,0.02686648628,0.8943093160,6.2052,0.0000000000
-0.080,0.099,0.04917104046,0.09830245727,0.02714055966,0.8917482932,6.0499,0.0000000000
-0.080,0.100,0.04966820057,0.09929556352,0.02741463081,0.8891356973,5.8989,0.0000000000
-0.080,0.101,0.05016537526,0.1002886744,0.0276886997,0.8864697112,5.7519,0.0000000000
-0.080,0.102,0.05066256468,0.1012817898,0.02796276633,0.8837483827,5.6088,0.0000000000
-0.080,0.103,0.05115976895,0.1022749099,0.02823683066,0.8809695780,5.4694,0.0000000000
-0.080,0.104,0.05165698824,0.1032680347,0.02851089267,0.8781310012,5.3336,0.0000000000
-0.080,0.105,0.05215422269,0.1042611642,0.02878495235,0.8752301330,5.2011,0.0000000000
-0.080,0.106,0.05265147245,0.1052542986,0.02905900968,0.8722642691,5.0720,0.0000000000
-0.080,0.107,0.05314873766,0.1062474377,0.02933306463,0.8692304047,4.9459,0.0000000000
-0.080,0.108,0.05364601847,0.1072405818,0.02960711718,0.8661252770,4.8227,0.0000000000
-0.080,0.109,0.05414331502,0.1082337308,0.02988116732,0.8629452631,4.7024,0.0000000000
-0.080,0.110,0.05464062746,0.1092268847,0.03015521502,0.8596863894,4.5847,0.0000000000
-0.080,0.111,0.05513795595,0.1102200437,0.03042926026,0.8563442066,4.4695,0.0000000000
-0.080,0.112,0.05563530062,0.1112132077,0.03070330303,0.8529137832,4.3568,0.0000000000
-0.080,0.113,0.05613266162,0.1122063768,0.0309773433,0.8493895783,4.2463,0.0000000000
-0.080,0.114,0.05663003909,0.1131995511,0.03125138105,0.8457653347,4.1379,0.0000000000
-0.080,0.115,0.0571274332,0.1141927306,0.03152541627,0.8420339830,4.0315,0.0000000000
-0.080,0.116,0.05762484407,0.1151859153,0.03179944893,0.8381874004,3.9269,0.0000000000
-0.080,0.117,0.05812227187,0.1161791053,0.03207347901,0.8342162955,3.8240,0.0000000000
-0.080,0.118,0.05861971672,0.1171723006,0.0323475065,0.8301098622,3.7227,0.0000000000
-0.080,0.119,0.05911717879,0.1181655012,0.03262153137,0.8258554320,3.6227,0.0000000000
-0.080,0.120,0.05961465822,0.1191587073,0.03289555361,0.8214380183,3.5239,0.0000000000
-0.080,0.121,0.06011215515,0.1201519189,0.03316957319,0.8168396743,3.4261,0.0000000000
-0.080,0.122,0.06060966974,0.1211451359,0.03344359009,0.8120384737,3.3291,0.0000000000
-0.080,0.123,0.06110720212,0.1221383585,0.03371760431,0.8070074042,3.2326,0.0000000000
-0.080,0.124,0.06160475245,0.1231315867,0.03399161581,0.8017123006,3.1363,0.0000000000
-0.080,0.125,0.06210232088,0.1241248205,0.03426562457,0.7961089056,3.0399,0.0000000000
-0.080,0.126,0.06259990754,0.12511806,0.03453963059,0.7901383168,2.9427,0.0000000000
-0.080,0.127,0.06309751259,0.1261113052,0.03481363383,0.7837187851,2.8442,0.0000000000
-0.080,0.128,0.06359513617,0.1271045562,0.03508763429,0.7767312077,2.7434,0.0000000000
-0.080,0.129,0.06409277843,0.128097813,0.03536163193,0.7689894018,2.6388,0.0000000000
-0.080,0.130,0.06459043952,0.1290910756,0.03563562675,0.7601710818,2.5278,0.0000000000
-0.080,0.131,0.06508811959,0.1300843442,0.03590961872,0.7496157967,2.4051,0.0000000000
-0.080,0.132,0.06558581877,0.1310776186,0.03618360783,0.7354072703,2.2554,0.0000000000
-0.080,0.133,0.06608353722,0.1320708991,0.03645759405,0.7089943522,2.0155,0.0148667681
-0.080,0.134,0.06658127509,0.1330641856,0.03673157737,0.7089713102,2.0153,0.0334597059
-0.080,0.135,0.06707903248,0.1340574781,0.03700555774,0.7089480866,2.0151,0.0449878955
-0.080,0.136,0.06757680962,0.1350507767,0.03727953519,0.7089246739,2.0149,0.0541670006
-0.080,0.137,0.06807460662,0.1360440816,0.03755350969,0.7089010825,2.0147,0.0620484408
-0.080,0.138,0.06857242363,0.1370373926,0.03782748121,0.7088773060,2.0145,0.0690775981
-0.080,0.139,0.06907026078,0.1380307099,0.03810144974,0.7088533457,2.0143,0.0754927925
-0.080,0.140,0.06956811823,0.1390240335,0.03837541525,0.7088291974,2.0141,0.0814390942
-0.080,0.141,0.07006599613,0.1400173634,0.03864937774,0.7088048670,2.0139,0.0870126171
-0.080,0.142,0.07056389462,0.1410106997,0.03892333717,0.7087803497,2.0137,0.0922807691
-0.080,0.143,0.07106181385,0.1420040424,0.03919729353,0.7087556484,2.0135,0.0972930690
-0.080,0.144,0.07155975397,0.1429973915,0.03947124681,0.7087307612,2.0133,0.1020871211
-0.080,0.145,0.07205771513,0.1439907472,0.03974519699,0.7087056864,2.0131,0.1066922219
-0.080,0.146,0.07255569747,0.1449841094,0.04001914405,0.7086804272,2.0129,0.1111317849
-0.080,0.147,0.07305370113,0.1459774782,0.04029308796,0.7086549793,2.0127,0.1154248136
-0.080,0.148,0.07355172628,0.1469708537,0.04056702873,0.7086293479,2.0125,0.1195870037
-0.080,0.149,0.07404977305,0.1479642358,0.04084096631,0.7086035272,2.0123,0.1236314550
-0.080,0.150,0.07454784159,0.1489576246,0.04111490071,0.7085775200,2.0121,0.1275693083
-0.080,0.151,0.07504593206,0.1499510203,0.0413888319,0.7085513267,2.0118,0.1314100534
-0.080,0.152,0.07554404459,0.1509444227,0.04166275986,0.7085249415,2.0116,0.1351618581
-0.080,0.153,0.07604217933,0.1519378319,0.04193668458,0.7084983707,2.0114,0.1388318853
-0.080,0.154,0.07654033644,0.1529312481,0.04221060605,0.7084716114,2.0112,0.1424263569
-0.080,0.155,0.07703851606,0.1539246712,0.04248452423,0.7084446664,2.0110,0.1459508069
-0.080,0.156,0.07753671834,0.1549181013,0.04275843912,0.7084175292,2.0107,0.1494100606
-0.080,0.157,0.07803494342,0.1559115384,0.0430323507,0.7083902032,2.0105,0.1528085075
-0.080,0.158,0.07853319146,0.1569049825,0.04330625895,0.7083626875,2.0103,0.1561500267
-0.080,0.159,0.0790314626,0.1578984338,0.04358016386,0.7083349831,2.0101,0.1594381247
-0.080,0.160,0.07952975699,0.1588918922,0.04385406541,0.7083070880,2.0098,0.1626759793
-0.080,0.161,0.08002807477,0.1598853578,0.04412796358,0.7082790016,2.0096,0.1658664351
-0.080,0.162,0.0805264161,0.1608788307,0.04440185836,0.7082507270,2.0094,0.1690121350
-0.080,0.163,0.08102478113,0.1618723108,0.04467574973,0.7082222603,2.0091,0.1721154457
-0.080,0.164,0.08152316999,0.1628657983,0.04494963767,0.7081936018,2.0089,0.1751785417
-0.080,0.165,0.08202158285,0.1638592931,0.04522352217,0.7081647517,2.0087,0.1782034469
-0.080,0.166,0.08252001984,0.1648527953,0.04549740322,0.7081357109,2.0084,0.1811919901
-0.080,0.167,0.08301848111,0.1658463049,0.04577128079,0.7081064764,2.0082,0.1841458747
-0.080,0.168,0.08351696682,0.1668398221,0.04604515487,0.7080770519,2.0079,0.1870666864
-0.080,0.169,0.08401547711,0.1678333468,0.04631902544,0.7080474321,2.0077,0.1899558769
-0.080,0.170,0.08451401213,0.168826879,0.04659289249,0.7080176224,2.0075,0.1928148117
-0.080,0.171,0.08501257203,0.1698204189,0.04686675601,0.7079876175,2.0072,0.1956447298
-0.080,0.172,0.08551115695,0.1708139664,0.04714061597,0.7079574188,2.0070,0.1984468221
-0.080,0.173,0.08600976705,0.1718075216,0.04741447237,0.7079270289,2.0067,0.2012221922
-0.080,0.174,0.08650840246,0.1728010846,0.04768832518,0.7078964411,2.0065,0.2039718638
-0.080,0.175,0.08700706335,0.1737946553,0.0479621744,0.7078656607,2.0062,0.2066967873
-0.080,0.176,0.08750574986,0.1747882339,0.04823602,0.7078346827,2.0060,0.2093978680
-0.080,0.177,0.08800446214,0.1757818203,0.04850986198,0.7078035151,2.0057,0.2120759814
-0.080,0.178,0.08850320033,0.1767754147,0.04878370031,0.7077721498,2.0054,0.2147318908
-0.080,0.179,0.08900196458,0.177769017,0.04905753498,0.7077405873,2.0052,0.2173663583
-0.080,0.180,0.08950075505,0.1787626273,0.04933136599,0.7077088300,2.0049,0.2199801029
-0.080,0.181,0.08999957188,0.1797562456,0.0496051933,0.7076768750,2.0047,0.2225737828
-0.080,0.182,0.09049841521,0.180749872,0.04987901691,0.7076447252,2.0044,0.2251480414
-0.080,0.183,0.09099728521,0.1817435065,0.05015283681,0.7076123758,2.0041,0.2277034610
-0.080,0.184,0.09149618201,0.1827371492,0.05042665298,0.7075798328,2.0039,0.2302406320
-0.080,0.185,0.09199510577,0.1837308001,0.0507004654,0.7075470891,2.0036,0.2327600709
-0.080,0.186,0.09249405663,0.1847244592,0.05097427407,0.7075141503,2.0033,0.2352623011
-0.080,0.187,0.09299303475,0.1857181266,0.05124807896,0.7074810089,2.0031,0.2377477929
-0.080,0.188,0.09349204026,0.1867118023,0.05152188006,0.7074476716,2.0028,0.2402170265
-0.080,0.189,0.09399107333,0.1877054864,0.05179567737,0.7074141364,2.0025,0.2426704244
-0.080,0.190,0.0944901341,0.1886991789,0.05206947086,0.7073804001,2.0022,0.2451084151
-0.080,0.191,0.09498922271,0.1896928799,0.05234326053,0.7073464653,2.0020,0.2475313888
-0.080,0.192,0.09548833932,0.1906865893,0.05261704635,0.7073123306,2.0017,0.2499397315
-0.080,0.193,0.09598748408,0.1916803073,0.05289082832,0.7072779934,2.0014,0.2523337836
-0.080,0.194,0.09648665713,0.1926740338,0.05316460642,0.7072434579,2.0011,0.2547139210
-0.080,0.195,0.09698585863,0.1936677689,0.05343838065,0.7072087205,2.0008,0.2570804555
-0.080,0.196,0.09748508872,0.1946615127,0.05371215098,0.7071737809,2.0005,0.2594337078
-0.080,0.197,0.09798434755,0.1956552652,0.0539859174,0.7071386427,2.0003,0.2617739842
-0.080,0.198,0.09848363527,0.1966490264,0.0542596799,0.7071032995,2.0000,0.2641015602
-0.080,0.199,0.09898295203,0.1976427964,0.05453343847,0.7070677534,1.9997,0.2664167220
-0.080,0.200,0.09948229798,0.1986365753,0.0548071931,0.7070320065,1.9994,0.2687197398
-0.080,0.201,0.09998167327,0.1996303629,0.05508094377,0.7069960547,1.9991,0.2710108503
-0.080,0.202,0.1004810781,0.2006241595,0.05535469047,0.7069599017,1.9988,0.2732903212
-0.080,0.203,0.1009805125,0.201617965,0.05562843319,0.7069235420,1.9985,0.2755583614
-0.080,0.204,0.1014799767,0.2026117795,0.05590217191,0.7068869820,1.9982,0.2778152242
-0.080,0.205,0.1019794708,0.203605603,0.05617590663,0.7068502153,1.9979,0.2800611015
-0.080,0.206,0.102478995,0.2045994355,0.05644963734,0.7068132446,1.9976,0.2822962060
-0.080,0.207,0.1029785495,0.2055932771,0.05672336401,0.7067760667,1.9973,0.2845207377
-0.080,0.208,0.1034781343,0.2065871279,0.05699708664,0.7067386848,1.9970,0.2867348991
-0.080,0.209,0.1039777497,0.2075809879,0.05727080522,0.7067010995,1.9967,0.2889388691
-0.080,0.210,0.1044773958,0.2085748571,0.05754451973,0.7066633040,1.9964,0.2911328070
-0.080,0.211,0.1049770727,0.2095687355,0.05781823017,0.7066253057,1.9961,0.2933169153
-0.080,0.212,0.1054767806,0.2105626232,0.05809193653,0.7065870962,1.9958,0.2954913288
-0.080,0.213,0.1059765196,0.2115565203,0.05836563878,0.7065486803,1.9955,0.2976562232
-0.080,0.214,0.1064762899,0.2125504268,0.05863933693,0.7065100571,1.9951,0.2998117472
-0.080,0.215,0.1069760916,0.2135443426,0.05891303096,0.7064712249,1.9948,0.3019580530
-0.080,0.216,0.1074759249,0.214538268,0.05918672085,0.7064321861,1.9945,0.3040952727
-0.080,0.217,0.10797579,0.2155322028,0.05946040661,0.7063929386,1.9942,0.3062235580
-0.080,0.218,0.1084756869,0.2165261471,0.05973408822,0.7063534797,1.9939,0.3083430224
-0.080,0.219,0.1089756158,0.2175201011,0.06000776566,0.7063138106,1.9935,0.3104538048
-0.080,0.220,0.109475577,0.2185140646,0.06028143893,0.7062739330,1.9932,0.3125560320
-0.080,0.221,0.1099755705,0.2195080378,0.06055510802,0.7062338442,1.9929,0.3146498149
-0.080,0.222,0.1104755964,0.2205020207,0.06082877292,0.7061935456,1.9926,0.3167352741
-0.080,0.223,0.110975655,0.2214960133,0.06110243362,0.7061530349,1.9922,0.3188125164
-0.080,0.224,0.1114757464,0.2224900157,0.0613760901,0.7061123133,1.9919,0.3208816564
-0.080,0.225,0.1119758707,0.223484028,0.06164974236,0.7060713804,1.9916,0.3229427873
-0.080,0.226,0.1124760281,0.22447805,0.0619233904,0.7060302359,1.9912,0.3249960189
-0.080,0.227,0.1129762187,0.225472082,0.06219703419,0.7059888772,1.9909,0.3270414421
-0.080,0.228,0.1134764427,0.2264661238,0.06247067373,0.7059473033,1.9906,0.3290791485
-0.080,0.229,0.1139767002,0.2274601757,0.06274430902,0.7059055184,1.9902,0.3311092382
-0.080,0.230,0.1144769915,0.2284542375,0.06301794004,0.7058635164,1.9899,0.3331317884
-0.080,0.231,0.1149773165,0.2294483094,0.06329156678,0.7058213051,1.9896,0.3351468939
-0.080,0.232,0.1154776756,0.2304423914,0.06356518924,0.7057788754,1.9892,0.3371546316
-0.080,0.233,0.1159780688,0.2314364835,0.0638388074,0.7057362319,1.9889,0.3391550799
-0.080,0.234,0.1164784962,0.2324305858,0.06411242126,0.7056933718,1.9885,0.3411483204
-0.080,0.235,0.1169789581,0.2334246982,0.06438603082,0.7056502950,1.9882,0.3431344171
-0.080,0.236,0.1174794546,0.2344188209,0.06465963605,0.7056070051,1.9878,0.3451134596
-0.080,0.237,0.1179799859,0.2354129539,0.06493323696,0.7055634954,1.9875,0.3470855009
-0.080,0.238,0.118480552,0.2364070972,0.06520683353,0.7055197709,1.9871,0.3490506205
-0.080,0.239,0.1189811532,0.2374012508,0.06548042577,0.7054758292,1.9868,0.3510088780
-0.080,0.240,0.1194817896,0.2383954149,0.06575401365,0.7054316655,1.9864,0.3529603340
-0.080,0.241,0.1199824613,0.2393895893,0.06602759717,0.7053872858,1.9860,0.3549050583
-0.080,0.242,0.1204831685,0.2403837742,0.06630117633,0.7053426865,1.9857,0.3568430984
-0.080,0.243,0.1209839113,0.2413779697,0.06657475112,0.7052978682,1.9853,0.3587745252
-0.080,0.244,0.12148469,0.2423721756,0.06684832153,0.7052528340,1.9850,0.3606993967
-0.080,0.245,0.1219855046,0.2433663922,0.06712188756,0.7052075754,1.9846,0.3626177463
-0.080,0.246,0.1224863553,0.2443606194,0.06739544919,0.7051620990,1.9842,0.3645296503
-0.080,0.247,0.1229872422,0.2453548572,0.06766900642,0.7051163997,1.9839,0.3664351393
-0.080,0.248,0.1234881655,0.2463491057,0.06794255925,0.7050704790,1.9835,0.3683342744
-0.080,0.249,0.1239891254,0.247343365,0.06821610767,0.7050243362,1.9831,0.3702270931
-0.080,0.250,0.124490122,0.248337635,0.06848965166,0.7049779696,1.9828,0.3721136566
-0.080,0.251,0.1249911555,0.2493319158,0.06876319124,0.7049313841,1.9824,0.3739940047
-0.080,0.252,0.125492226,0.2503262075,0.06903672638,0.7048845753,1.9820,0.3758681757
-0.080,0.253,0.1259933336,0.25132051,0.06931025709,0.7048375412,1.9816,0.3777362116
-0.080,0.254,0.1264944785,0.2523148235,0.06958378335,0.7047902812,1.9812,0.3795981541
-0.080,0.255,0.1269956609,0.2533091479,0.06985730517,0.7047427998,1.9809,0.3814540479
-0.080,0.256,0.127496881,0.2543034833,0.07013082253,0.7046950951,1.9805,0.3833039322
-0.080,0.257,0.1279981387,0.2552978297,0.07040433544,0.7046471618,1.9801,0.3851478277
-0.080,0.258,0.1284994344,0.2562921872,0.07067784388,0.7045990050,1.9797,0.3869857910
-0.080,0.259,0.1290007682,0.2572865558,0.07095134786,0.7045506186,1.9793,0.3888178333
-0.080,0.260,0.1295021402,0.2582809356,0.07122484736,0.7045020089,1.9789,0.3906440139
-0.080,0.261,0.1300035506,0.2592753265,0.07149834239,0.7044531716,1.9785,0.3924643529
-0.080,0.262,0.1305049995,0.2602697286,0.07177183293,0.7044041109,1.9781,0.3942788848
-0.080,0.263,0.131006487,0.261264142,0.07204531899,0.7043548172,1.9777,0.3960876346
-0.080,0.264,0.1315080134,0.2622585666,0.07231880056,0.7043052944,1.9774,0.3978906354
-0.080,0.265,0.1320095788,0.2632530026,0.07259227763,0.7042555440,1.9770,0.3996879106
-0.080,0.266,0.1325111834,0.26424745,0.07286575021,0.7042055644,1.9766,0.4014794940
-0.080,0.267,0.1330128272,0.2652419087,0.07313921828,0.7041553548,1.9762,0.4032654110
-0.080,0.268,0.1335145104,0.2662363789,0.07341268185,0.7041049180,1.9757,0.4050456927
-0.080,0.269,0.1340162332,0.2672308605,0.07368614091,0.7040542452,1.9753,0.4068203495
-0.080,0.270,0.1345179958,0.2682253536,0.07395959546,0.7040033443,1.9749,0.4085894180
-0.080,0.271,0.1350197983,0.2692198583,0.07423304549,0.7039522105,1.9745,0.4103529117
-0.080,0.272,0.1355216408,0.2702143746,0.074506491,0.7039008482,1.9741,0.4121108738
-0.080,0.273,0.1360235236,0.2712089024,0.074779932,0.7038492514,1.9737,0.4138633014
-0.080,0.274,0.1365254467,0.2722034419,0.07505336847,0.7037974197,1.9733,0.4156102249
-0.080,0.275,0.1370274103,0.2731979931,0.07532680041,0.7037453564,1.9729,0.4173516650
-0.080,0.276,0.1375294145,0.274192556,0.07560022782,0.7036930592,1.9725,0.4190876426
-0.080,0.277,0.1380314596,0.2751871307,0.07587365071,0.7036405279,1.9720,0.4208181764
-0.080,0.278,0.1385335456,0.2761817171,0.07614706906,0.7035877592,1.9716,0.4225432800
-0.080,0.279,0.1390356728,0.2771763154,0.07642048288,0.7035347608,1.9712,0.4242629825
-0.080,0.280,0.1395378412,0.2781709255,0.07669389216,0.7034815221,1.9708,0.4259772817
-0.080,0.281,0.1400400511,0.2791655475,0.07696729691,0.7034280485,1.9703,0.4276862077
-0.080,0.282,0.1405423025,0.2801601814,0.07724069711,0.7033743382,1.9699,0.4293897743
-0.080,0.283,0.1410445957,0.2811548273,0.07751409278,0.7033203930,1.9695,0.4310879995
-0.080,0.284,0.1415469307,0.2821494852,0.0777874839,0.7032662052,1.9691,0.4327808816
-0.080,0.285,0.1420493078,0.2831441552,0.07806087048,0.7032117830,1.9686,0.4344684502
-0.080,0.286,0.1425517271,0.2841388372,0.07833425253,0.7031571173,1.9682,0.4361507140
-0.080,0.287,0.1430541887,0.2851335313,0.07860763002,0.7031022233,1.9678,0.4378276985
-0.080,0.288,0.1435566929,0.2861282375,0.07888100298,0.7030470813,1.9673,0.4394993891
-0.080,0.289,0.1440592396,0.287122956,0.07915437139,0.7029916973,1.9669,0.4411658093
-0.080,0.290,0.1445618292,0.2881176866,0.07942773525,0.7029360747,1.9664,0.4428269730
-0.080,0.291,0.1450644618,0.2891124294,0.07970109458,0.7028802167,1.9660,0.4444829041
-0.080,0.292,0.1455671374,0.2901071846,0.07997444936,0.7028241107,1.9655,0.4461335804
-0.080,0.293,0.1460698564,0.291101952,0.0802477996,0.7027677622,1.9651,0.4477790346
-0.080,0.294,0.1465726187,0.2920967318,0.08052114529,0.7027111800,1.9647,0.4494192817
-0.080,0.295,0.1470754246,0.293091524,0.08079448645,0.7026543478,1.9642,0.4510543135
-0.080,0.296,0.1475782743,0.2940863286,0.08106782307,0.7025972731,1.9637,0.4526841435
-0.080,0.297,0.1480811678,0.2950811456,0.08134115514,0.7025399529,1.9633,0.4543087737
-0.080,0.298,0.1485841054,0.2960759751,0.08161448268,0.7024823892,1.9628,0.4559282232
-0.080,0.299,0.1490870872,0.2970708171,0.08188780569,0.7024245823,1.9624,0.4575424942
-0.080,0.300,0.1495901133,0.2980656717,0.08216112415,0.7023665287,1.9619,0.4591515991
-0.080,0.301,0.1500931839,0.2990605388,0.08243443809,0.7023082282,1.9615,0.4607555254
-0.080,0.302,0.1505962992,0.3000554185,0.08270774749,0.7022496814,1.9610,0.4623542956
-0.080,0.303,0.1510994593,0.3010503109,0.08298105237,0.7021908897,1.9605,0.4639479142
-0.080,0.304,0.1516026643,0.302045216,0.08325435273,0.7021318476,1.9601,0.4655363763
-0.080,0.305,0.1521059145,0.3030401338,0.08352764856,0.7020725607,1.9596,0.4671197013
-0.080,0.306,0.1526092099,0.3040350643,0.08380093987,0.7020130216,1.9591,0.4686978723
-0.080,0.307,0.1531125508,0.3050300076,0.08407422666,0.7019532333,1.9587,0.4702709106
-0.080,0.308,0.1536159372,0.3060249638,0.08434750894,0.7018931981,1.9582,0.4718388153
-0.080,0.309,0.1541193694,0.3070199327,0.08462078671,0.7018329161,1.9577,0.4734015926
-0.080,0.310,0.1546228475,0.3080149146,0.08489405997,0.7017723796,1.9572,0.4749592368
-0.080,0.311,0.1551263716,0.3090099094,0.08516732873,0.7017115893,1.9568,0.4765117494
-0.080,0.312,0.155629942,0.3100049171,0.08544059299,0.7016505473,1.9563,0.4780591392
-0.080,0.313,0.1561335586,0.3109999377,0.08571385276,0.7015892588,1.9558,0.4796014134
-0.080,0.314,0.1566372218,0.3119949714,0.08598710803,0.7015277168,1.9553,0.4811385676
-0.080,0.315,0.1571409317,0.3129900181,0.08626035882,0.7014659191,1.9548,0.4826705921
-0.080,0.316,0.1576446884,0.3139850779,0.08653360512,0.7014038709,1.9543,0.4841975072
-0.080,0.317,0.1581484921,0.3149801508,0.08680684695,0.7013415645,1.9538,0.4857193011
-0.080,0.318,0.1586523429,0.3159752369,0.0870800843,0.7012790072,1.9534,0.4872359764
-0.080,0.319,0.1591562409,0.3169703361,0.08735331719,0.7012161865,1.9529,0.4887475205
-0.080,0.320,0.1596601865,0.3179654485,0.08762654561,0.7011531195,1.9524,0.4902539617
-0.080,0.321,0.1601641796,0.3189605741,0.08789976958,0.7010897934,1.9519,0.4917552821
-0.080,0.322,0.1606682205,0.319955713,0.0881729891,0.7010262115,1.9514,0.4932514779
-0.080,0.323,0.1611723093,0.3209508652,0.08844620418,0.7009623696,1.9509,0.4947425527
-0.080,0.324,0.1616764462,0.3219460308,0.08871941481,0.7008982698,1.9504,0.4962285008
-0.080,0.325,0.1621806313,0.3229412096,0.08899262102,0.7008339117,1.9499,0.4977093270
-0.080,0.326,0.1626848648,0.3239364019,0.0892658228,0.7007692969,1.9494,0.4991850283
-0.080,0.327,0.1631891468,0.3249316076,0.08953902016,0.7007044217,1.9489,0.5006556037
-0.080,0.328,0.1636934775,0.3259268267,0.08981221311,0.7006392866,1.9483,0.5021210405
-0.080,0.329,0.164197857,0.3269220594,0.09008540165,0.7005738916,1.9478,0.5035813502
-0.080,0.330,0.1647022856,0.3279173055,0.0903585858,0.7005082327,1.9473,0.5050365138
-0.080,0.331,0.1652067633,0.3289125652,0.09063176555,0.7004423136,1.9468,0.5064865399
-0.080,0.332,0.1657112903,0.3299078385,0.09090494093,0.7003761339,1.9463,0.5079314283
-0.080,0.333,0.1662158668,0.3309031253,0.09117811193,0.7003096887,1.9458,0.5093711598
-0.080,0.334,0.166720493,0.3318984258,0.09145127857,0.7002429822,1.9453,0.5108057467
-0.080,0.335,0.1672251689,0.33289374,0.09172444084,0.7001760125,1.9447,0.5122351770
-0.080,0.336,0.1677298948,0.3338890679,0.09199759877,0.7001087739,1.9442,0.5136594395
-0.080,0.337,0.1682346707,0.3348844095,0.09227075236,0.7000412740,1.9437,0.5150785452
-0.080,0.338,0.168739497,0.3358797648,0.09254390161,0.6999735116,1.9432,0.5164924828
-0.080,0.339,0.1692443736,0.336875134,0.09281704655,0.6999054800,1.9426,0.5179012404
-0.080,0.340,0.1697493008,0.3378705169,0.09309018717,0.6998371788,1.9421,0.5193048170
-0.080,0.341,0.1702542788,0.3388659137,0.09336332349,0.6997686150,1.9416,0.5207032140
-0.080,0.342,0.1707593076,0.3398613244,0.09363645551,0.6996997830,1.9410,0.5220964203
-0.080,0.343,0.1712643874,0.340856749,0.09390958325,0.6996306793,1.9405,0.5234844249
-0.080,0.344,0.1717695185,0.3418521875,0.09418270672,0.6995613107,1.9399,0.5248672280
-0.080,0.345,0.1722747009,0.34284764,0.09445582592,0.6994916710,1.9394,0.5262448224
-0.080,0.346,0.1727799349,0.3438431065,0.09472894087,0.6994217616,1.9389,0.5276172012
-0.080,0.347,0.1732852205,0.3448385871,0.09500205158,0.6993515852,1.9383,0.5289843606
-0.080,0.348,0.1737905579,0.3458340816,0.09527515805,0.6992811327,1.9378,0.5303462861
-0.080,0.349,0.1742959473,0.3468295903,0.09554826031,0.6992104144,1.9372,0.5317029841
-0.080,0.350,0.1748013889,0.3478251131,0.09582135836,0.6991394156,1.9367,0.5330544277
-0.080,0.351,0.1753068828,0.34882065,0.09609445221,0.6990681466,1.9361,0.5344006208
-0.080,0.352,0.1758124291,0.3498162011,0.09636754188,0.6989966066,1.9356,0.5357415583
-0.080,0.353,0.176318028,0.3508117664,0.09664062737,0.6989247955,1.9350,0.5370772340
-0.080,0.354,0.1768236798,0.3518073459,0.09691370871,0.6988527094,1.9345,0.5384076339
-0.080,0.355,0.1773293844,0.3528029397,0.09718678589,0.6987803431,1.9339,0.5397327466
-0.080,0.356,0.1778351422,0.3537985477,0.09745985894,0.6987077057,1.9333,0.5410525743
-0.080,0.357,0.1783409532,0.3547941701,0.09773292787,0.6986347894,1.9328,0.5423670976
-0.080,0.358,0.1788468176,0.3557898068,0.09800599269,0.6985615974,1.9322,0.5436763177
-0.080,0.359,0.1793527356,0.3567854579,0.09827905341,0.6984881270,1.9316,0.5449802187
-0.080,0.360,0.1798587073,0.3577811234,0.09855211005,0.6984143830,1.9311,0.5462787987
-0.080,0.361,0.1803647329,0.3587768033,0.09882516262,0.6983403576,1.9305,0.5475720391
-0.080,0.362,0.1808708125,0.3597724976,0.09909821114,0.6982660491,1.9299,0.5488599334
-0.080,0.363,0.1813769463,0.3607682065,0.09937125561,0.6981914708,1.9294,0.5501424822
-0.080,0.364,0.1818831345,0.3617639298,0.09964429607,0.6981166087,1.9288,0.5514196647
-0.080,0.365,0.1823893772,0.3627596677,0.0999173325,0.6980414602,1.9282,0.5526914702
-0.080,0.366,0.1828956746,0.3637554202,0.1001903649,0.6979660298,1.9276,0.5539578889
-0.080,0.367,0.1834020269,0.3647511872,0.1004633934,0.6978903260,1.9271,0.5552189244
-0.080,0.368,0.1839084341,0.3657469689,0.1007364179,0.6978143342,1.9265,0.5564745517
-0.080,0.369,0.1844148965,0.3667427652,0.1010094385,0.6977380644,1.9259,0.5577247711
-0.080,0.370,0.1849214142,0.3677385762,0.1012824551,0.6976615046,1.9253,0.5589695570
-0.080,0.371,0.1854279873,0.3687344019,0.1015554678,0.6975846654,1.9247,0.5602089163
-0.080,0.372,0.1859346161,0.3697302423,0.1018284765,0.6975075347,1.9241,0.5614428231
-0.080,0.373,0.1864413007,0.3707260974,0.1021014815,0.6974301281,1.9235,0.5626712807
-0.080,0.374,0.1869480413,0.3717219674,0.1023744825,0.6973524235,1.9229,0.5638942553
-0.080,0.375,0.187454838,0.3727178521,0.1026474797,0.6972744447,1.9223,0.5651117673
-0.080,0.376,0.1879616909,0.3737137517,0.102920473,0.6971961746,1.9217,0.5663237833
-0.080,0.377,0.1884686003,0.3747096662,0.1031934626,0.6971176159,1.9211,0.5675302918
-0.080,0.378,0.1889755662,0.3757055955,0.1034664483,0.6970387679,1.9205,0.5687312902
-0.080,0.379,0.1894825889,0.3767015397,0.1037394302,0.6969596274,1.9199,0.5699267563
-0.080,0.380,0.1899896686,0.3776974989,0.1040124084,0.6968802002,1.9193,0.5711166882
-0.080,0.381,0.1904968053,0.3786934731,0.1042853829,0.6968004858,1.9187,0.5723010711
-0.080,0.382,0.1910039992,0.3796894622,0.1045583536,0.6967204842,1.9181,0.5734798970
-0.080,0.383,0.1915112505,0.3806854663,0.1048313206,0.6966401794,1.9175,0.5746531341
-0.080,0.384,0.1920185594,0.3816814855,0.1051042839,0.6965595936,1.9169,0.5758207950
-0.080,0.385,0.192525926,0.3826775198,0.1053772436,0.6964787081,1.9163,0.5769828450
-0.080,0.386,0.1930333505,0.3836735691,0.1056501996,0.6963975319,1.9156,0.5781392888
-0.080,0.387,0.193540833,0.3846696336,0.1059231519,0.6963160655,1.9150,0.5792901088
-0.080,0.388,0.1940483737,0.3856657132,0.1061961007,0.6962342978,1.9144,0.5804352779
-0.080,0.389,0.1945559727,0.386661808,0.1064690459,0.6961522365,1.9138,0.5815747974
-0.080,0.390,0.1950636303,0.3876579179,0.1067419875,0.6960698833,1.9132,0.5827086558
-0.080,0.391,0.1955713466,0.3886540431,0.1070149255,0.6959872338,1.9125,0.5838368326
-0.080,0.392,0.1960791217,0.3896501835,0.10728786,0.6959042902,1.9119,0.5849593190
-0.080,0.393,0.1965869558,0.3906463392,0.107560791,0.6958210422,1.9113,0.5860760919
-0.080,0.394,0.1970948491,0.3916425102,0.1078337186,0.6957374940,1.9106,0.5871871382
-0.080,0.395,0.1976028016,0.3926386964,0.1081066426,0.6956536567,1.9100,0.5882924619
-0.080,0.396,0.1981108137,0.3936348981,0.1083795633,0.6955695104,1.9094,0.5893920242
-0.080,0.397,0.1986188854,0.3946311151,0.1086524805,0.6954850739,1.9087,0.5904858332
-0.080,0.398,0.199127017,0.3956273474,0.1089253943,0.6954003308,1.9081,0.5915738571
-0.080,0.399,0.1996352085,0.3966235952,0.1091983047,0.6953152871,1.9074,0.5926560869
-0.080,0.400,0.2001434601,0.3976198584,0.1094712118,0.6952299443,1.9068,0.5937325157
-0.080,0.401,0.200651772,0.3986161371,0.1097441156,0.6951442993,1.9062,0.5948031175
-0.080,0.402,0.2011601444,0.3996124313,0.110017016,0.6950583487,1.9055,0.5958678806
-0.080,0.403,0.2016685774,0.4006087409,0.1102899132,0.6949720980,1.9049,0.5969267944
-0.080,0.404,0.2021770712,0.4016050661,0.1105628071,0.6948855387,1.9042,0.5979798353
-0.080,0.405,0.202685626,0.4026014068,0.1108356978,0.6947986739,1.9036,0.5990269905
-0.080,0.406,0.2031942418,0.4035977632,0.1111085853,0.6947115055,1.9029,0.6000682523
-0.080,0.407,0.2037029189,0.4045941351,0.1113814696,0.6946240332,1.9022,0.6011035991
-0.080,0.408,0.2042116575,0.4055905226,0.1116543507,0.6945362545,1.9016,0.6021330159
-0.080,0.409,0.2047204576,0.4065869258,0.1119272287,0.6944481656,1.9009,0.6031564849
-0.080,0.410,0.2052293195,0.4075833446,0.1122001036,0.6943597684,1.9003,0.6041739900
-0.080,0.411,0.2057382433,0.4085797792,0.1124729755,0.6942710683,1.8996,0.6051855257
-0.080,0.412,0.2062472292,0.4095762294,0.1127458442,0.6941820517,1.8989,0.6061910571
-0.080,0.413,0.2067562773,0.4105726954,0.11301871,0.6940927254,1.8983,0.6071905774
-0.080,0.414,0.2072653879,0.4115691771,0.1132915727,0.6940030971,1.8976,0.6081840813
-0.080,0.415,0.207774561,0.4125656746,0.1135644325,0.6939131457,1.8969,0.6091715218
-0.080,0.416,0.2082837969,0.4135621879,0.1138372893,0.6938228911,1.8962,0.6101529191
-0.080,0.417,0.2087930956,0.414558717,0.1141101432,0.6937323220,1.8956,0.6111282319
-0.080,0.418,0.2093024574,0.415555262,0.1143829942,0.6936414390,1.8949,0.6120974505
-0.080,0.419,0.2098118825,0.4165518228,0.1146558423,0.6935502445,1.8942,0.6130605611
-0.080,0.420,0.2103213709,0.4175483996,0.1149286876,0.6934587286,1.8935,0.6140175328
-0.080,0.421,0.2108309229,0.4185449922,0.1152015301,0.6933669100,1.8928,0.6149683758
-0.080,0.422,0.2113405386,0.4195416007,0.1154743698,0.6932747674,1.8921,0.6159130414
-0.080,0.423,0.2118502182,0.4205382252,0.1157472067,0.6931823119,1.8915,0.6168515312
-0.080,0.424,0.2123599619,0.4215348657,0.116020041,0.6930895366,1.8908,0.6177838174
-0.080,0.425,0.2128697697,0.4225315222,0.1162928725,0.6929964474,1.8901,0.6187098916
-0.080,0.426,0.2133796419,0.4235281947,0.1165657014,0.6929030435,1.8894,0.6196297342
-0.080,0.427,0.2138895787,0.4245248832,0.1168385277,0.6928093099,1.8887,0.6205433125
-0.080,0.428,0.2143995802,0.4255215877,0.1171113513,0.6927152650,1.8880,0.6214506295
-0.080,0.429,0.2149096465,0.4265183084,0.1173841724,0.6926208958,1.8873,0.6223516518
-0.080,0.430,0.2154197779,0.4275150451,0.1176569909,0.6925262077,1.8866,0.6232463688
-0.080,0.431,0.2159299744,0.4285117979,0.1179298069,0.6924311968,1.8859,0.6241347562
-0.080,0.432,0.2164402363,0.4295085669,0.1182026205,0.6923358672,1.8852,0.6250168009
-0.080,0.433,0.2169505638,0.430505352,0.1184754316,0.6922402133,1.8845,0.6258924832
-0.080,0.434,0.217460957,0.4315021534,0.1187482403,0.6921442351,1.8838,0.6267617791
-0.080,0.435,0.217971416,0.4324989709,0.1190210466,0.6920479365,1.8830,0.6276246772
-0.080,0.436,0.218481941,0.4334958046,0.1192938505,0.6919513086,1.8823,0.6284811490
-0.080,0.437,0.2189925322,0.4344926545,0.1195666522,0.6918543623,1.8816,0.6293311878
-0.080,0.438,0.2195031898,0.4354895207,0.1198394515,0.6917570841,1.8809,0.6301747579
-0.080,0.439,0.2200139139,0.4364864032,0.1201122487,0.6916594788,1.8802,0.6310118497
-0.080,0.440,0.2205247047,0.4374833019,0.1203850436,0.6915615517,1.8795,0.6318424483
-0.080,0.441,0.2210355623,0.438480217,0.1206578363,0.6914632903,1.8787,0.6326665227
-0.080,0.442,0.2215464869,0.4394771484,0.1209306268,0.6913647053,1.8780,0.6334840600
-0.080,0.443,0.2220574788,0.4404740961,0.1212034153,0.6912657882,1.8773,0.6342950356
-0.080,0.444,0.222568538,0.4414710602,0.1214762017,0.6911665427,1.8765,0.6350994345
-0.080,0.445,0.2230796647,0.4424680407,0.121748986,0.6910669671,1.8758,0.6358972347
-0.080,0.446,0.2235908591,0.4434650376,0.1220217683,0.6909670618,1.8751,0.6366884146
-0.080,0.447,0.2241021213,0.4444620509,0.1222945487,0.6908668238,1.8743,0.6374729539
-0.080,0.448,0.2246134515,0.4454590806,0.1225673271,0.6907662518,1.8736,0.6382508293
-0.080,0.449,0.22512485,0.4464561268,0.1228401036,0.6906653435,1.8729,0.6390220190
-0.080,0.450,0.2256363168,0.4474531895,0.1231128783,0.6905641099,1.8721,0.6397865166
-0.080,0.451,0.2261478521,0.4484502687,0.1233856511,0.6904625383,1.8714,0.6405442820
-0.080,0.452,0.226659456,0.4494473643,0.1236584221,0.6903606322,1.8706,0.6412953064
-0.080,0.453,0.2271711289,0.4504444765,0.1239311914,0.6902583867,1.8699,0.6420395581
-0.080,0.454,0.2276828707,0.4514416053,0.124203959,0.6901558065,1.8691,0.6427770237
-0.080,0.455,0.2281946818,0.4524387506,0.1244767249,0.6900528904,1.8684,0.6435076791
-0.080,0.456,0.2287065622,0.4534359125,0.1247494892,0.6899496339,1.8676,0.6442315003
-0.080,0.457,0.2292185121,0.4544330909,0.1250222518,0.6898460424,1.8669,0.6449484729
-0.080,0.458,0.2297305317,0.455430286,0.1252950129,0.6897421138,1.8661,0.6456585716
-0.080,0.459,0.2302426211,0.4564274977,0.1255677725,0.6896378396,1.8654,0.6463617651
-0.080,0.460,0.2307547806,0.4574247261,0.1258405306,0.6895332304,1.8646,0.6470580450
-0.080,0.461,0.2312670103,0.4584219711,0.1261132873,0.6894282759,1.8638,0.6477473783
-0.080,0.462,0.2317793103,0.4594192328,0.1263860426,0.6893229805,1.8631,0.6484297476
-0.080,0.463,0.2322916809,0.4604165112,0.1266587965,0.6892173441,1.8623,0.6491051293
-0.080,0.464,0.2328041221,0.4614138063,0.126931549,0.6891113626,1.8615,0.6497734996
-0.080,0.465,0.2333166342,0.4624111181,0.1272043004,0.6890050391,1.8608,0.6504348374
-0.080,0.466,0.2338292174,0.4634084466,0.1274770504,0.6888983722,1.8600,0.6510891210
-0.080,0.467,0.2343418718,0.464405792,0.1277497993,0.6887913579,1.8592,0.6517363204
-0.080,0.468,0.2348545975,0.4654031541,0.128022547,0.6886839994,1.8584,0.6523764196
-0.080,0.469,0.2353673948,0.4664005329,0.1282952937,0.6885762955,1.8577,0.6530093924
-0.080,0.470,0.2358802637,0.4673979286,0.1285680392,0.6884682451,1.8569,0.6536352162
-0.080,0.471,0.2363932046,0.4683953411,0.1288407837,0.6883598451,1.8561,0.6542538628
-0.080,0.472,0.2369062175,0.4693927704,0.1291135273,0.6882510940,1.8553,0.6548653096
-0.080,0.473,0.2374193026,0.4703902166,0.1293862699,0.6881419939,1.8545,0.6554695336
-0.080,0.474,0.2379324601,0.4713876796,0.1296590116,0.6880325479,1.8537,0.6560665161
-0.080,0.475,0.2384456902,0.4723851595,0.1299317525,0.6879227523,1.8529,0.6566562292
-0.080,0.476,0.238958993,0.4733826563,0.1302044925,0.6878126037,1.8522,0.6572386435
-0.080,0.477,0.2394723687,0.47438017,0.1304772318,0.6877021039,1.8514,0.6578137396
-0.080,0.478,0.2399858174,0.4753777007,0.1307499704,0.6875912508,1.8506,0.6583814905
-0.080,0.479,0.2404993394,0.4763752482,0.1310227083,0.6874800404,1.8498,0.6589418658
-0.080,0.480,0.2410129348,0.4773728127,0.1312954456,0.6873684825,1.8490,0.6594948549
-0.080,0.481,0.2415266038,0.4783703942,0.1315681823,0.6872565673,1.8482,0.6600404200
-0.080,0.482,0.2420403465,0.4793679926,0.1318409185,0.6871442945,1.8474,0.6605785358
-0.080,0.483,0.2425541631,0.4803656081,0.1321136542,0.6870316697,1.8465,0.6611091866
-0.080,0.484,0.2430680539,0.4813632405,0.1323863895,0.6869186918,1.8457,0.6616323438
-0.080,0.485,0.2435820189,0.4823608899,0.1326591244,0.6868053520,1.8449,0.6621479741
-0.080,0.486,0.2440960583,0.4833585564,0.1329318589,0.6866916560,1.8441,0.6626560559
-0.080,0.487,0.2446101723,0.4843562399,0.1332045931,0.6865775895,1.8433,0.6631565522
-0.080,0.488,0.2451243611,0.4853539405,0.1334773271,0.6864631824,1.8425,0.6636494665
-0.080,0.489,0.2456386248,0.4863516581,0.1337500609,0.6863484057,1.8417,0.6641347438
-0.080,0.490,0.2461529636,0.4873493928,0.1340227946,0.6862332700,1.8408,0.6646123671
-0.080,0.491,0.2466673778,0.4883471446,0.1342955282,0.6861177726,1.8400,0.6650823102
-0.080,0.492,0.2471818674,0.4893449135,0.1345682617,0.6860019152,1.8392,0.6655445468
-0.080,0.493,0.2476964326,0.4903426995,0.1348409952,0.6858856905,1.8384,0.6659990442
-0.080,0.494,0.2482110736,0.4913405026,0.1351137288,0.6857691083,1.8375,0.6664457851
-0.080,0.495,0.2487257906,0.4923383229,0.1353864624,0.6856521591,1.8367,0.6668847320
-0.080,0.496,0.2492405838,0.4933361603,0.1356591963,0.6855348394,1.8359,0.6673158561
-0.080,0.497,0.2497554532,0.4943340149,0.1359319303,0.6854171596,1.8350,0.6677391403
-0.080,0.498,0.2502703992,0.4953318866,0.1362046646,0.6852991162,1.8342,0.6681545526
-0.080,0.499,0.2507854218,0.4963297756,0.1364773992,0.6851807044,1.8334,0.6685620637
-0.080,0.500,0.2513005212,0.4973276817,0.1367501342,0.6850619250,1.8325,0.6689616441
-0.080,0.501,0.2518156977,0.4983256051,0.1370228695,0.6849427748,1.8317,0.6693532631
-0.080,0.502,0.2523309513,0.4993235456,0.1372956054,0.6848232542,1.8308,0.6697368942
-0.080,0.503,0.2528462823,0.5003215034,0.1375683418,0.6847033657,1.8300,0.6701125106
-0.080,0.504,0.2533616909,0.5013194784,0.1378410787,0.6845831160,1.8291,0.6704800911
-0.080,0.505,0.2538771771,0.5023174707,0.1381138163,0.6844624831,1.8283,0.6708395852
-0.080,0.506,0.2543927412,0.5033154802,0.1383865546,0.6843414863,1.8274,0.6711909842
-0.080,0.507,0.2549083834,0.504313507,0.1386592936,0.6842201105,1.8266,0.6715342421
-0.080,0.508,0.2554241037,0.5053115511,0.1389320334,0.6840983696,1.8257,0.6718693464
-0.080,0.509,0.2559399025,0.5063096125,0.139204774,0.6839762435,1.8249,0.6721962462
-0.080,0.510,0.2564557798,0.5073076911,0.1394775156,0.6838537511,1.8240,0.6725149308
-0.080,0.511,0.2569717359,0.5083057871,0.1397502581,0.6837308823,1.8232,0.6728253603
-0.080,0.512,0.2574877709,0.5093039004,0.1400230017,0.6836076372,1.8223,0.6731275061
-0.080,0.513,0.258003885,0.510302031,0.1402957463,0.6834840126,1.8214,0.6734213342
-0.080,0.514,0.2585200784,0.5113001789,0.140568492,0.6833600132,1.8206,0.6737068188
-0.080,0.515,0.2590363512,0.5122983442,0.140841239,0.6832356417,1.8197,0.6739839329
-0.080,0.516,0.2595527036,0.5132965269,0.1411139872,0.6831108860,1.8188,0.6742526326
-0.080,0.517,0.2600691358,0.5142947269,0.1413867367,0.6829857564,1.8179,0.6745128993
-0.080,0.518,0.260585648,0.5152929442,0.1416594876,0.6828602368,1.8171,0.6747646846
-0.080,0.519,0.2611022403,0.516291179,0.1419322399,0.6827343373,1.8162,0.6750079667
-0.080,0.520,0.261618913,0.5172894311,0.1422049937,0.6826080607,1.8153,0.6752427188
-0.080,0.521,0.2621356661,0.5182877007,0.142477749,0.6824814044,1.8144,0.6754689039
-0.080,0.522,0.2626524999,0.5192859876,0.142750506,0.6823543663,1.8135,0.6756864912
-0.080,0.523,0.2631694145,0.520284292,0.1430232646,0.6822269349,1.8127,0.6758954348
-0.080,0.524,0.2636864102,0.5212826137,0.1432960249,0.6820991292,1.8118,0.6760957226
-0.080,0.525,0.264203487,0.5222809529,0.143568787,0.6819709337,1.8109,0.6762873056
-0.080,0.526,0.2647206453,0.5232793095,0.143841551,0.6818423577,1.8100,0.6764701607
-0.080,0.527,0.265237885,0.5242776836,0.1441143169,0.6817133911,1.8091,0.6766442461
-0.080,0.528,0.2657552065,0.5252760751,0.1443870848,0.6815840383,1.8082,0.6768095310
-0.080,0.529,0.2662726099,0.5262744841,0.1446598547,0.6814542946,1.8073,0.6769659775
-0.080,0.530,0.2667900954,0.5272729105,0.1449326267,0.6813241613,1.8064,0.6771135555
-0.080,0.531,0.2673076632,0.5282713544,0.1452054009,0.6811936465,1.8055,0.6772522359
-0.080,0.532,0.2678253133,0.5292698158,0.1454781773,0.6810627368,1.8046,0.6773819740
-0.080,0.533,0.2683430461,0.5302682946,0.145750956,0.6809314353,1.8037,0.6775027374
-0.080,0.534,0.2688608616,0.5312667909,0.146023737,0.6807997491,1.8028,0.6776144972
-0.080,0.535,0.2693787602,0.5322653048,0.1462965205,0.6806676650,1.8019,0.6777172078
-0.080,0.536,0.2698967418,0.5332638361,0.1465693065,0.6805351894,1.8010,0.6778108385
-0.080,0.537,0.2704148068,0.5342623849,0.146842095,0.6804023212,1.8001,0.6778953536
-0.080,0.538,0.2709329553,0.5352609513,0.1471148861,0.6802690508,1.7991,0.6779707082
-0.080,0.539,0.2714511874,0.5362595351,0.14738768,0.6801353964,1.7982,0.6780368844
-0.080,0.540,0.2719695034,0.5372581365,0.1476604765,0.6800013484,1.7973,0.6780938357
-0.080,0.541,0.2724879035,0.5382567554,0.147933276,0.6798668996,1.7964,0.6781415194
-0.080,0.542,0.2730063877,0.5392553918,0.1482060783,0.6797320583,1.7955,0.6781799065
-0.080,0.543,0.2735249563,0.5402540457,0.1484788835,0.6795968164,1.7945,0.6782089523
-0.080,0.544,0.2740436095,0.5412527172,0.1487516918,0.6794611679,1.7936,0.6782286136
-0.080,0.545,0.2745623475,0.5422514063,0.1490245032,0.6793251323,1.7927,0.6782388722
-0.080,0.546,0.2750811703,0.5432501128,0.1492973177,0.6791886916,1.7917,0.6782396723
-0.080,0.547,0.2756000783,0.544248837,0.1495701355,0.6790518515,1.7908,0.6782309814
-0.080,0.548,0.2761190715,0.5452475787,0.1498429566,0.6789146132,1.7899,0.6782127627
-0.080,0.549,0.2766381502,0.5462463379,0.150115781,0.6787769673,1.7889,0.6781849678
-0.080,0.550,0.2771573146,0.5472451147,0.1503886089,0.6786389230,1.7880,0.6781475671
-0.080,0.551,0.2776765648,0.5482439091,0.1506614404,0.6785004680,1.7871,0.6781005090
-0.080,0.552,0.2781959009,0.5492427211,0.1509342754,0.6783616176,1.7861,0.6780437692
-0.080,0.553,0.2787153233,0.5502415506,0.151207114,0.6782223685,1.7852,0.6779773045
-0.080,0.554,0.279234832,0.5512403977,0.1514799564,0.6780827072,1.7842,0.6779010612
-0.080,0.555,0.2797544272,0.5522392624,0.1517528026,0.6779426351,1.7833,0.6778150003
-0.080,0.556,0.2802741092,0.5532381446,0.1520256527,0.6778021560,1.7823,0.6777190847
-0.080,0.557,0.2807938781,0.5542370445,0.1522985068,0.6776612752,1.7814,0.6776132786
-0.080,0.558,0.281313734,0.5552359619,0.1525713648,0.6775199833,1.7804,0.6774975310
-0.080,0.559,0.2818336773,0.5562348969,0.152844227,0.6773782856,1.7795,0.6773718055
-0.080,0.560,0.2823537079,0.5572338495,0.1531170934,0.6772361742,1.7785,0.6772360520
-0.080,0.561,0.2828738262,0.5582328197,0.153389964,0.6770936550,1.7775,0.6770902338
-0.080,0.562,0.2833940323,0.5592318075,0.1536628389,0.6769507272,1.7766,0.6769343074
-0.080,0.563,0.2839143264,0.5602308129,0.1539357182,0.6768073843,1.7756,0.6767682230
-0.080,0.564,0.2844347086,0.5612298359,0.154208602,0.6766636243,1.7747,0.6765919350
-0.080,0.565,0.2849551793,0.5622288765,0.1544814904,0.6765194632,1.7737,0.6764054156
-0.080,0.566,0.2854757384,0.5632279347,0.1547543834,0.6763748695,1.7727,0.6762085889
-0.080,0.567,0.2859963863,0.5642270105,0.1550272811,0.6762298823,1.7717,0.6760014493
-0.080,0.568,0.286517123,0.5652261039,0.1553001836,0.6760844661,1.7708,0.6757839164
-0.080,0.569,0.2870379489,0.5662252149,0.155573091,0.6759386418,1.7698,0.6755559655
-0.080,0.570,0.287558864,0.5672243435,0.1558460033,0.6757924038,1.7688,0.6753175452
-0.080,0.571,0.2880798685,0.5682234897,0.1561189206,0.6756457343,1.7678,0.6750685913
-0.080,0.572,0.2886009627,0.5692226535,0.1563918431,0.6754986520,1.7669,0.6748090761
-0.080,0.573,0.2891221467,0.570221835,0.1566647707,0.6753511584,1.7659,0.6745389545
-0.080,0.574,0.2896434207,0.571221034,0.1569377036,0.6752032432,1.7649,0.6742581677
-0.080,0.575,0.2901647849,0.5722202506,0.1572106419,0.6750549059,1.7639,0.6739666678
-0.080,0.576,0.2906862394,0.5732194848,0.1574835856,0.6749061457,1.7629,0.6736644058
-0.080,0.577,0.2912077845,0.5742187366,0.1577565348,0.6747569621,1.7619,0.6733513330
-0.080,0.578,0.2917294203,0.5752180061,0.1580294896,0.6746073635,1.7609,0.6730274072
-0.080,0.579,0.292251147,0.5762172931,0.1583024501,0.6744573309,1.7599,0.6726925608
-0.080,0.580,0.2927729648,0.5772165977,0.1585754163,0.6743068810,1.7589,0.6723467597
-0.080,0.581,0.2932948739,0.57821592,0.1588483884,0.6741560132,1.7579,0.6719899539
-0.080,0.582,0.2938168745,0.5792152598,0.1591213664,0.6740047193,1.7569,0.6716220832
-0.080,0.583,0.2943389667,0.5802146172,0.1593943504,0.6738529855,1.7559,0.6712430825
-0.080,0.584,0.2948611508,0.5812139922,0.1596673405,0.6737008403,1.7549,0.6708529285
-0.080,0.585,0.2953834269,0.5822133848,0.1599403368,0.6735482600,1.7539,0.6704515447
-0.080,0.586,0.2959057952,0.583212795,0.1602133394,0.6733952550,1.7529,0.6700388886
-0.080,0.587,0.2964282559,0.5842122228,0.1604863483,0.6732418214,1.7519,0.6696149033
-0.080,0.588,0.2969508091,0.5852116682,0.1607593637,0.6730879500,1.7509,0.6691795241
-0.080,0.589,0.2974734552,0.5862111311,0.1610323856,0.6729336533,1.7499,0.6687327101
-0.080,0.590,0.2979961942,0.5872106116,0.1613054141,0.6727789324,1.7489,0.6682744078
-0.080,0.591,0.2985190263,0.5882101097,0.1615784493,0.6726237781,1.7479,0.6678045520
-0.080,0.592,0.2990419517,0.5892096254,0.1618514913,0.6724681863,1.7468,0.6673230807
-0.080,0.593,0.2995649707,0.5902091586,0.1621245402,0.6723121623,1.7458,0.6668299447
-0.080,0.594,0.3000880833,0.5912087095,0.1623975961,0.6721557059,1.7448,0.6663250843
-0.080,0.595,0.3006112899,0.5922082778,0.162670659,0.6719988126,1.7438,0.6658084399
-0.080,0.596,0.3011345905,0.5932078638,0.1629437291,0.6718414850,1.7427,0.6652799538
-0.080,0.597,0.3016579853,0.5942074672,0.1632168064,0.6716837267,1.7417,0.6647395705
-0.080,0.598,0.3021814746,0.5952070883,0.1634898911,0.6715255278,1.7407,0.6641872198
-0.080,0.599,0.3027050585,0.5962067269,0.1637629831,0.6713668935,1.7397,0.6636228483
-0.080,0.600,0.3032287373,0.597206383,0.1640360827,0.6712078201,1.7386,0.6630463893
-0.080,0.601,0.3037525111,0.5982060567,0.1643091899,0.6710483061,1.7376,0.6624577810
-0.080,0.602,0.30427638,0.5992057478,0.1645823048,0.6708883669,1.7365,0.6618569769
-0.080,0.603,0.3048003443,0.6002054566,0.1648554275,0.6707279736,1.7355,0.6612438827
-0.080,0.604,0.3053244042,0.6012051828,0.1651285581,0.6705671395,1.7345,0.6606184492
-0.080,0.605,0.3058485599,0.6022049266,0.1654016967,0.6704058576,1.7334,0.6599806074
-0.080,0.606,0.3063728115,0.6032046878,0.1656748433,0.6702441463,1.7324,0.6593303068
-0.080,0.607,0.3068971593,0.6042044666,0.1659479982,0.6700819870,1.7313,0.6586674651
-0.080,0.608,0.3074216034,0.6052042629,0.1662211613,0.6699193856,1.7303,0.6579920223
-0.080,0.609,0.307946144,0.6062040767,0.1664943327,0.6697563440,1.7292,0.6573039105
-0.080,0.610,0.3084707813,0.6072039079,0.1667675126,0.6695928461,1.7282,0.6566030461
-0.080,0.611,0.3089955154,0.6082037567,0.1670407011,0.6694289080,1.7271,0.6558893790
-0.080,0.612,0.3095203467,0.6092036229,0.1673138983,0.6692645229,1.7261,0.6551628292
-0.080,0.613,0.3100452753,0.6102035066,0.1675871042,0.6690996961,1.7250,0.6544233337
-0.080,0.614,0.3105703013,0.6112034077,0.1678603189,0.6689344205,1.7239,0.6536708133
-0.080,0.615,0.311095425,0.6122033263,0.1681335426,0.6687686957,1.7229,0.6529051952
-0.080,0.616,0.3116206465,0.6132032624,0.1684067753,0.6686025141,1.7218,0.6521263999
-0.080,0.617,0.312145966,0.6142032159,0.1686800172,0.6684358920,1.7208,0.6513343685
-0.080,0.618,0.3126713838,0.6152031868,0.1689532684,0.6682688174,1.7197,0.6505290131
-0.080,0.619,0.3131969,0.6162031751,0.1692265289,0.6681012830,1.7186,0.6497102556
-0.080,0.620,0.3137225148,0.6172031809,0.1694997989,0.6679333063,1.7176,0.6488780314
-0.080,0.621,0.3142482284,0.6182032041,0.1697730784,0.6677648758,1.7165,0.6480322529
-0.080,0.622,0.314774041,0.6192032446,0.1700463675,0.6675959854,1.7154,0.6471728365
-0.080,0.623,0.3152999528,0.6202033026,0.1703196665,0.6674266475,1.7143,0.6462997138
-0.080,0.624,0.3158259639,0.6212033779,0.1705929753,0.6672568464,1.7133,0.6454127888
-0.080,0.625,0.3163520747,0.6222034707,0.170866294,0.6670866030,1.7122,0.6445120016
-0.080,0.626,0.3168782851,0.6232035807,0.1711396229,0.6669158865,1.7111,0.6435972361
-0.080,0.627,0.3174045956,0.6242037082,0.1714129619,0.6667447209,1.7100,0.6426684354
-0.080,0.628,0.3179310061,0.625203853,0.1716863112,0.6665731046,1.7089,0.6417255142
-0.080,0.629,0.3184575171,0.6262040151,0.1719596709,0.6664010219,1.7078,0.6407683638
-0.080,0.630,0.3189841285,0.6272041945,0.172233041,0.6662284902,1.7067,0.6397969228
-0.080,0.631,0.3195108407,0.6282043913,0.1725064218,0.6660554840,1.7057,0.6388110710
-0.080,0.632,0.3200376538,0.6292046054,0.1727798133,0.6658820270,1.7046,0.6378107445
-0.080,0.633,0.320564568,0.6302048368,0.1730532156,0.6657081042,1.7035,0.6367958407
-0.080,0.634,0.3210915835,0.6312050854,0.1733266288,0.6655337224,1.7024,0.6357662713
-0.080,0.635,0.3216187005,0.6322053514,0.1736000531,0.6653588783,1.7013,0.6347219370
-0.080,0.636,0.3221459192,0.6332056346,0.1738734885,0.6651835567,1.7002,0.6336627308
-0.080,0.637,0.3226732398,0.634205935,0.1741469351,0.6650077956,1.6991,0.6325885967
-0.080,0.638,0.3232006625,0.6352062527,0.1744203931,0.6648315520,1.6980,0.6314993887
-0.080,0.639,0.3237281874,0.6362065876,0.1746938626,0.6646548468,1.6969,0.6303950336
-0.080,0.640,0.3242558148,0.6372069398,0.1749673437,0.6644776845,1.6958,0.6292754371
-0.080,0.641,0.3247835449,0.6382073092,0.1752408364,0.6643000441,1.6946,0.6281404702
-0.080,0.642,0.3253113779,0.6392076957,0.175514341,0.6641219352,1.6935,0.6269900418
-0.080,0.643,0.3258393139,0.6402080995,0.1757878575,0.6639433710,1.6924,0.6258240644
-0.080,0.644,0.3263673532,0.6412085204,0.176061386,0.6637643355,1.6913,0.6246424101
-0.080,0.645,0.3268954959,0.6422089585,0.1763349266,0.6635848150,1.6902,0.6234449545
-0.080,0.646,0.3274237423,0.6432094137,0.1766084795,0.6634048369,1.6891,0.6222316251
-0.080,0.647,0.3279520925,0.644209886,0.1768820448,0.6632243887,1.6880,0.6210022908
-0.080,0.648,0.3284805467,0.6452103755,0.1771556226,0.6630434638,1.6868,0.6197568320
-0.080,0.649,0.3290091052,0.6462108821,0.177429213,0.6628620669,1.6857,0.6184951397
-0.080,0.650,0.3295377682,0.6472114058,0.1777028161,0.6626801871,1.6846,0.6172170864
-0.080,0.651,0.3300665357,0.6482119466,0.1779764321,0.6624978460,1.6835,0.6159225754
-0.080,0.652,0.3305954081,0.6492125044,0.178250061,0.6623150257,1.6823,0.6146114667
-0.080,0.653,0.3311243855,0.6502130793,0.1785237029,0.6621317343,1.6812,0.6132836474
-0.080,0.654,0.3316534682,0.6512136712,0.1787973581,0.6619479657,1.6801,0.6119389823
-0.080,0.655,0.3321826562,0.6522142802,0.1790710266,0.6617637236,1.6789,0.6105773573
-0.080,0.656,0.3327119499,0.6532149062,0.1793447085,0.6615789966,1.6778,0.6091986183
-0.080,0.657,0.3332413494,0.6542155491,0.179618404,0.6613937899,1.6767,0.6078026533
-0.080,0.658,0.3337708549,0.6552162091,0.1798921131,0.6612081159,1.6755,0.6063893325
-0.080,0.659,0.3343004667,0.656216886,0.180165836,0.6610219562,1.6744,0.6049585047
-0.080,0.660,0.3348301848,0.6572175799,0.1804395728,0.6608353142,1.6733,0.6035100340
-0.080,0.661,0.3353600096,0.6582182907,0.1807133237,0.6606481900,1.6721,0.6020437817
-0.080,0.662,0.3358899412,0.6592190184,0.1809870887,0.6604605869,1.6710,0.6005596055
-0.080,0.663,0.3364199798,0.660219763,0.1812608681,0.6602725114,1.6698,0.5990573702
-0.080,0.664,0.3369501256,0.6612205245,0.1815346618,0.6600839286,1.6687,0.5975368847
-0.080,0.665,0.3374803788,0.6622213029,0.18180847,0.6598948798,1.6675,0.5959980470
-0.080,0.666,0.3380107397,0.6632220982,0.1820822929,0.6597053518,1.6664,0.5944406892
-0.080,0.667,0.3385412083,0.6642229103,0.1823561306,0.6595153342,1.6652,0.5928646390
-0.080,0.668,0.339071785,0.6652237392,0.1826299832,0.6593248248,1.6641,0.5912697366
-0.080,0.669,0.3396024699,0.6662245849,0.1829038508,0.6591338259,1.6629,0.5896558186
-0.080,0.670,0.3401332632,0.6672254474,0.1831777335,0.6589423459,1.6617,0.5880227362
-0.080,0.671,0.3406641652,0.6682263267,0.1834516316,0.6587503859,1.6606,0.5863703158
-0.080,0.672,0.3411951759,0.6692272228,0.183725545,0.6585579276,1.6594,0.5846983638
-0.080,0.673,0.3417262957,0.6702281355,0.183999474,0.6583649799,1.6583,0.5830067132
-0.080,0.674,0.3422575247,0.671229065,0.1842734187,0.6581715462,1.6571,0.5812951907
-0.080,0.675,0.3427888632,0.6722300112,0.1845473792,0.6579776136,1.6559,0.5795635973
-0.080,0.676,0.3433203113,0.6732309741,0.1848213556,0.6577832019,1.6548,0.5778117658
-0.080,0.677,0.3438518692,0.6742319537,0.1850953481,0.6575882882,1.6536,0.5760394878
-0.080,0.678,0.3443835371,0.6752329499,0.1853693567,0.6573928908,1.6524,0.5742465796
-0.080,0.679,0.3449153153,0.6762339627,0.1856433817,0.6571969944,1.6512,0.5724328291
-0.080,0.680,0.3454472039,0.6772349921,0.1859174231,0.6570006098,1.6501,0.5705980429
-0.080,0.681,0.3459792032,0.6782360381,0.1861914812,0.6568037249,1.6489,0.5687419988
-0.080,0.682,0.3465113133,0.6792371007,0.1864655559,0.6566063388,1.6477,0.5668644852
-0.080,0.683,0.3470435345,0.6802381799,0.1867396475,0.6564084596,1.6465,0.5649652931
-0.080,0.684,0.347575867,0.6812392755,0.1870137561,0.6562100952,1.6454,0.5630442072
-0.080,0.685,0.3481083109,0.6822403877,0.1872878819,0.6560112251,1.6442,0.5611009865
-0.080,0.686,0.3486408665,0.6832415164,0.1875620248,0.6558118561,1.6430,0.5591353906
-0.080,0.687,0.3491735339,0.6842426615,0.1878361852,0.6556119921,1.6418,0.5571472007
-0.080,0.688,0.3497063135,0.6852438231,0.1881103632,0.6554116194,1.6406,0.5551361486
-0.080,0.689,0.3502392053,0.6862450012,0.1883845587,0.6552107564,1.6394,0.5531020077
-0.080,0.690,0.3507722096,0.6872461956,0.1886587722,0.6550093851,1.6382,0.5510444995
-0.080,0.691,0.3513053266,0.6882474064,0.1889330035,0.6548075210,1.6370,0.5489633876
-0.080,0.692,0.3518385566,0.6892486336,0.189207253,0.6546051465,1.6358,0.5468583848
-0.080,0.693,0.3523718996,0.6902498771,0.1894815206,0.6544022715,1.6347,0.5447292157
-0.080,0.694,0.3529053559,0.691251137,0.1897558067,0.6541988925,1.6335,0.5425756022
-0.080,0.695,0.3534389258,0.6922524131,0.1900301112,0.6539950100,1.6323,0.5403972603
-0.080,0.696,0.3539726094,0.6932537056,0.1903044345,0.6537906179,1.6311,0.5381938797
-0.080,0.697,0.354506407,0.6942550143,0.1905787765,0.6535857298,1.6299,0.5359651742
-0.080,0.698,0.3550403186,0.6952563392,0.1908531374,0.6533803240,1.6287,0.5337107993
-0.080,0.699,0.3555743447,0.6962576803,0.1911275174,0.6531744146,1.6274,0.5314304664
-0.080,0.700,0.3561084853,0.6972590376,0.1914019167,0.6529680036,1.6262,0.5291238394
-0.080,0.701,0.3566427407,0.6982604111,0.1916763353,0.6527610747,1.6250,0.5267905616
-0.080,0.702,0.357177111,0.6992618007,0.1919507734,0.6525536427,1.6238,0.5244303022
-0.080,0.703,0.3577115966,0.7002632065,0.1922252312,0.6523456983,1.6226,0.5220427022
-0.080,0.704,0.3582461975,0.7012646283,0.1924997088,0.6521372526,1.6214,0.5196273892
-0.080,0.705,0.3587809141,0.7022660662,0.1927742063,0.6519282891,1.6202,0.5171839804
-0.080,0.706,0.3593157464,0.7032675202,0.193048724,0.6517188087,1.6190,0.5147120816
-0.080,0.707,0.3598506948,0.7042689902,0.1933232619,0.6515088204,1.6177,0.5122113054
-0.080,0.708,0.3603857594,0.7052704762,0.1935978202,0.6512983118,1.6165,0.5096812144
-0.080,0.709,0.3609209405,0.7062719781,0.193872399,0.6510872966,1.6153,0.5071214197
-0.080,0.710,0.3614562382,0.707273496,0.1941469986,0.6508757688,1.6141,0.5045314559
-0.080,0.711,0.3619916528,0.7082750298,0.1944216189,0.6506637176,1.6129,0.5019108659
-0.080,0.712,0.3625271845,0.7092765795,0.1946962603,0.6504511590,1.6116,0.4992592051
-0.080,0.713,0.3630628335,0.7102781451,0.1949709228,0.6502380754,1.6104,0.4965759628
-0.080,0.714,0.3635985999,0.7112797266,0.1952456067,0.6500244817,1.6092,0.4938606648
-0.080,0.715,0.3641344841,0.7122813238,0.195520312,0.6498103695,1.6080,0.4911127881
-0.080,0.716,0.3646704862,0.7132829369,0.1957950388,0.6495957357,1.6067,0.4883317966
-0.080,0.717,0.3652066065,0.7142845657,0.1960697875,0.6493805786,1.6055,0.4855171281
-0.080,0.718,0.365742845,0.7152862103,0.1963445581,0.6491649058,1.6043,0.4826682430
-0.080,0.719,0.3662792022,0.7162878706,0.1966193507,0.6489487147,1.6030,0.4797845445
-0.080,0.720,0.3668156781,0.7172895465,0.1968941656,0.6487320036,1.6018,0.4768654081
-0.080,0.721,0.3673522731,0.7182912382,0.1971690029,0.6485147633,1.6005,0.4739102001
-0.080,0.722,0.3678889872,0.7192929454,0.1974438627,0.6482969941,1.5993,0.4709182677
-0.080,0.723,0.3684258207,0.7202946683,0.1977187452,0.6480787091,1.5981,0.4678889461
-0.080,0.724,0.3689627739,0.7212964067,0.1979936505,0.6478599029,1.5968,0.4648215248
-0.080,0.725,0.3694998469,0.7222981607,0.1982685789,0.6476405707,1.5956,0.4617152661
-0.080,0.726,0.37003704,0.7232999302,0.1985435305,0.6474207190,1.5943,0.4585694170
-0.080,0.727,0.3705743534,0.7243017153,0.1988185054,0.6472003287,1.5931,0.4553831576
-0.080,0.728,0.3711117872,0.7253035157,0.1990935038,0.6469794162,1.5918,0.4521556897
-0.080,0.729,0.3716493417,0.7263053316,0.1993685258,0.6467579777,1.5906,0.4488861488
-0.080,0.730,0.3721870172,0.727307163,0.1996435717,0.6465360054,1.5893,0.4455736367
-0.080,0.731,0.3727248138,0.7283090097,0.1999186416,0.6463135067,1.5881,0.4422172253
-0.080,0.732,0.3732627318,0.7293108717,0.2001937356,0.6460904927,1.5868,0.4388159621
-0.080,0.733,0.3738007713,0.7303127491,0.2004688539,0.6458669261,1.5856,0.4353687777
-0.080,0.734,0.3743389326,0.7313146417,0.2007439967,0.6456428418,1.5843,0.4318746661
-0.080,0.735,0.3748772159,0.7323165497,0.2010191642,0.6454182191,1.5830,0.4283324713
-0.080,0.736,0.3754156215,0.7333184728,0.2012943564,0.6451930678,1.5818,0.4247410626
-0.080,0.737,0.3759541495,0.7343204112,0.2015695737,0.6449673885,1.5805,0.4210992155
-0.080,0.738,0.3764928001,0.7353223647,0.2018448161,0.6447411654,1.5793,0.4174056341
-0.080,0.739,0.3770315736,0.7363243333,0.2021200838,0.6445144153,1.5780,0.4136589926
-0.080,0.740,0.3775704702,0.7373263171,0.202395377,0.6442871256,1.5767,0.4098578662
-0.080,0.741,0.3781094901,0.7383283159,0.2026706958,0.6440593001,1.5755,0.4060007885
-0.080,0.742,0.3786486336,0.7393303298,0.2029460404,0.6438309415,1.5742,0.4020861938
-0.080,0.743,0.3791879008,0.7403323587,0.2032214111,0.6436020386,1.5729,0.3981124166
-0.080,0.744,0.3797272919,0.7413344025,0.2034968079,0.6433726042,1.5717,0.3940777352
-0.080,0.745,0.3802668073,0.7423364614,0.2037722311,0.6431426342,1.5704,0.3899803250
-0.080,0.746,0.380806447,0.7433385351,0.2040476807,0.6429121183,1.5691,0.3858182068
-0.080,0.747,0.3813462114,0.7443406237,0.2043231571,0.6426810679,1.5678,0.3815893484
-0.080,0.748,0.3818861006,0.7453427272,0.2045986603,0.6424494673,1.5666,0.3772915248
-0.080,0.749,0.3824261149,0.7463448455,0.2048741905,0.6422173330,1.5653,0.3729224733
-0.080,0.750,0.3829662545,0.7473469785,0.2051497479,0.6419846631,1.5640,0.3684796923
-0.080,0.751,0.3835065196,0.7483491263,0.2054253327,0.6417514389,1.5627,0.3639605129
-0.080,0.752,0.3840469105,0.7493512889,0.2057009451,0.6415176736,1.5614,0.3593621522
-0.080,0.753,0.3845874273,0.7503534661,0.2059765852,0.6412833745,1.5601,0.3546816183
-0.080,0.754,0.3851280703,0.751355658,0.2062522533,0.6410485177,1.5589,0.3499156349
-0.080,0.755,0.3856688396,0.7523578644,0.2065279494,0.6408131192,1.5576,0.3450607676
-0.080,0.756,0.3862097356,0.7533600855,0.2068036738,0.6405771758,1.5563,0.3401132756
-0.080,0.757,0.3867507585,0.7543623211,0.2070794266,0.6403406914,1.5550,0.3350691454
-0.080,0.758,0.3872919084,0.7553645712,0.2073552081,0.6401036521,1.5537,0.3299240053
-0.080,0.759,0.3878331856,0.7563668358,0.2076310184,0.6398660709,1.5524,0.3246731480
-0.080,0.760,0.3883745903,0.7573691149,0.2079068577,0.6396279384,1.5511,0.3193114395
-0.080,0.761,0.3889161228,0.7583714083,0.2081827262,0.6393892526,1.5498,0.3138332872
-0.080,0.762,0.3894577832,0.7593737161,0.208458624,0.6391500201,1.5485,0.3082325722
-0.080,0.763,0.3899995719,0.7603760382,0.2087345514,0.6389102335,1.5472,0.3025025862
-0.080,0.764,0.3905414889,0.7613783747,0.2090105086,0.6386699064,1.5459,0.2966359681
-0.080,0.765,0.3910835346,0.7623807254,0.2092864956,0.6384290194,1.5446,0.2906244848
-0.080,0.766,0.3916257091,0.7633830903,0.2095625128,0.6381875786,1.5433,0.2844590952
-0.080,0.767,0.3921680128,0.7643854694,0.2098385602,0.6379455859,1.5420,0.2781296759
-0.080,0.768,0.3927104457,0.7653878627,0.2101146381,0.6377030436,1.5407,0.2716248750
-0.080,0.769,0.3932530083,0.7663902701,0.2103907467,0.6374599339,1.5394,0.2649318569
-0.080,0.770,0.3937957005,0.7673926915,0.2106668862,0.6372162850,1.5381,0.2580361776
-0.080,0.771,0.3943385228,0.768395127,0.2109430567,0.6369720711,1.5368,0.2509211889
-0.080,0.772,0.3948814753,0.7693975765,0.2112192584,0.6367272989,1.5355,0.2435678296
-0.080,0.773,0.3954245583,0.77040004,0.2114954916,0.6364819682,1.5342,0.2359539499
-0.080,0.774,0.395967772,0.7714025173,0.2117717564,0.6362360883,1.5329,0.2280536939
-0.080,0.775,0.3965111165,0.7724050086,0.212048053,0.6359896324,1.5316,0.2198361901
-0.080,0.776,0.3970545922,0.7734075137,0.2123243817,0.6357426304,1.5303,0.2112647022
-0.080,0.777,0.3975981993,0.7744100326,0.2126007425,0.6354950669,1.5289,0.2022944184
-0.080,0.778,0.398141938,0.7754125653,0.2128771357,0.6352469431,1.5276,0.1928698534
-0.080,0.779,0.3986858085,0.7764151117,0.2131535615,0.6349982639,1.5263,0.1829210381
-0.080,0.780,0.3992298111,0.7774176718,0.2134300201,0.6347490059,1.5250,0.1723573399
-0.080,0.781,0.3997739459,0.7784202455,0.2137065117,0.6344991927,1.5237,0.1610581312
-0.080,0.782,0.4003182133,0.7794228329,0.2139830365,0.6342488215,1.5224,0.1488563232
-0.080,0.783,0.4008626134,0.7804254338,0.2142595947,0.6339978782,1.5210,0.1355084754
-0.080,0.784,0.4014071465,0.7814280483,0.2145361864,0.6337463796,1.5197,0.1206352072
-0.080,0.785,0.4019518129,0.7824306762,0.214812812,0.6334943024,1.5184,0.1035817275
-0.080,0.786,0.4024966126,0.7834333176,0.2150894715,0.6332416645,1.5171,0.0830157505
-0.080,0.787,0.4030415461,0.7844359724,0.2153661652,0.6329884601,1.5157,0.0551384893
-0.080,0.788,0.4035866134,0.7854386405,0.2156428933,0.6621059821,1.6811,0.0000000000
-0.080,0.789,0.4041318149,0.786441322,0.2159196559,0.7047701462,1.9811,0.0000000000
-0.080,0.790,0.4046771508,0.7874440168,0.2161964534,0.7317009477,2.2189,0.0000000000
-0.080,0.791,0.4052226213,0.7884467248,0.2164732859,0.7535949958,2.4501,0.0000000000
-0.080,0.792,0.4057682266,0.7894494459,0.2167501536,0.7727229176,2.6883,0.0000000000
-0.080,0.793,0.406313967,0.7904521803,0.2170270567,0.7900367614,2.9411,0.0000000000
-0.080,0.794,0.4068598428,0.7914549277,0.2173039954,0.8060434655,3.2147,0.0000000000
-0.080,0.795,0.407405854,0.7924576883,0.2175809699,0.8210506875,3.5155,0.0000000000
-0.080,0.796,0.4079520011,0.7934604618,0.2178579805,0.8352618583,3.8506,0.0000000000
-0.080,0.797,0.4084982841,0.7944632483,0.2181350273,0.8488197225,4.2289,0.0000000000
-0.080,0.798,0.4090447035,0.7954660478,0.2184121105,0.8618289886,4.6614,0.0000000000
-0.080,0.799,0.4095912593,0.7964688601,0.2186892304,0.8743689745,5.1630,0.0000000000
-0.080,0.800,0.4101379518,0.7974716853,0.2189663872,0.8865017437,5.7536,0.0000000000
-0.040,0.010,0.004976125231,0.009952209389,0.00268015673,0.9989338271,649.7798,0.0000000000
-0.040,0.011,0.005473743037,0.01094743141,0.002948171085,0.9987096604,536.8353,0.0000000000
-0.040,0.012,0.00597136247,0.01194265397,0.003216185127,0.9984640317,450.9304,0.0000000000
-0.040,0.013,0.00646898367,0.0129378771,0.003484198823,0.9981969096,384.0751,0.0000000000
-0.040,0.014,0.006966606781,0.01393310086,0.003752212143,0.9979082625,331.0272,0.0000000000
-0.040,0.015,0.007464231947,0.01492832527,0.004020225056,0.9975980537,288.2306,0.0000000000
-0.040,0.016,0.007961859311,0.01592355038,0.004288237531,0.9972662442,253.2045,0.0000000000
-0.040,0.017,0.008459489018,0.01691877624,0.004556249538,0.9969127907,224.1755,0.0000000000
-0.040,0.018,0.008957121213,0.01791400288,0.004824261047,0.9965376496,199.8488,0.0000000000
-0.040,0.019,0.009454756042,0.01890923036,0.005092272029,0.9961407734,179.2610,0.0000000000
-0.040,0.020,0.00995239365,0.01990445871,0.005360282453,0.9957221095,161.6833,0.0000000000
-0.040,0.021,0.01045003418,0.02089968797,0.00562829229,0.9952816029,146.5563,0.0000000000
-0.040,0.022,0.01094767779,0.02189491821,0.005896301511,0.9948192002,133.4447,0.0000000000
-0.040,0.023,0.01144532461,0.02289014945,0.006164310086,0.9943348379,122.0057,0.0000000000
-0.040,0.024,0.01194297479,0.02388538175,0.006432317985,0.9938284511,111.9664,0.0000000000
-0.040,0.025,0.01244062714,0.02488061248,0.006700324461,0.9932999787,103.1075,0.0000000000
-0.040,0.026,0.0129382845,0.02587584705,0.006968330928,0.9927493434,95.2509,0.0000000000
-0.040,0.027,0.01343594565,0.02687108281,0.00723633663,0.9921764743,88.2508,0.0000000000
-0.040,0.028,0.01393361075,0.0278663198,0.00750434154,0.9915812927,81.9871,0.0000000000
-0.040,0.029,0.01443127994,0.02886155807,0.007772345626,0.9909637193,76.3600,0.0000000000
-0.040,0.030,0.01492895337,0.02985679767,0.00804034886,0.9903236684,71.2861,0.0000000000
-0.040,0.031,0.01542663118,0.03085203863,0.008308351214,0.9896610481,66.6951,0.0000000000
-0.040,0.032,0.01592431353,0.03184728102,0.008576352656,0.9889757726,62.5277,0.0000000000
-0.040,0.033,0.01642200054,0.03284252487,0.008844353159,0.9882677394,58.7332,0.0000000000
-0.040,0.034,0.01691969238,0.03383777022,0.009112352694,0.9875368492,55.2684,0.0000000000
-0.040,0.035,0.01741738919,0.03483301713,0.00938035123,0.9867829983,52.0963,0.0000000000
-0.040,0.036,0.01791509111,0.03582826563,0.009648348739,0.9860060764,49.1846,0.0000000000
-0.040,0.037,0.01841279829,0.03682351579,0.009916345192,0.9852059701,46.5057,0.0000000000
-0.040,0.038,0.01891051088,0.03781876763,0.01018434056,0.9843825602,44.0354,0.0000000000
-0.040,0.039,0.01940822903,0.0388140212,0.01045233481,0.9835357237,41.7525,0.0000000000
-0.040,0.040,0.01990595287,0.03980927656,0.01072032792,0.9826653291,39.6386,0.0000000000
-0.040,0.041,0.02040368255,0.04080453374,0.01098831986,0.9817712499,37.6773,0.0000000000
-0.040,0.042,0.02090141823,0.0417997928,0.01125631059,0.9808533378,35.8543,0.0000000000
-0.040,0.043,0.02139916005,0.04279505377,0.0115243001,0.9799114613,34.1569,0.0000000000
-0.040,0.044,0.02189690815,0.04379031671,0.01179228834,0.9789454609,32.5737,0.0000000000
-0.040,0.045,0.02239466268,0.04478558165,0.0120602753,0.9779551815,31.0948,0.0000000000
-0.040,0.046,0.02289242379,0.04578084865,0.01232826094,0.9769404674,29.7111,0.0000000000
-0.040,0.047,0.02339019162,0.04677611775,0.01259624523,0.9759011414,28.4147,0.0000000000
-0.040,0.048,0.02388796632,0.04777138899,0.01286422815,0.9748370379,27.1983,0.0000000000
-0.040,0.049,0.02438574803,0.04876666242,0.01313220966,0.9737479725,26.0555,0.0000000000
-0.040,0.050,0.02488353691,0.04976193809,0.01340018974,0.9726337498,24.9804,0.0000000000
-0.040,0.051,0.02538133309,0.05075721604,0.01366816836,0.9714941876,23.9678,0.0000000000
-0.040,0.052,0.02587913673,0.05175249631,0.01393614549,0.9703290740,23.0128,0.0000000000
-0.040,0.053,0.02637694797,0.05274777896,0.0142041211,0.9691381921,22.1113,0.0000000000
-0.040,0.054,0.02687476696,0.05374306402,0.01447209516,0.9679213329,21.2593,0.0000000000
-0.040,0.055,0.02737259384,0.05473835155,0.01474006765,0.9666782641,20.4531,0.0000000000
-0.040,0.056,0.02787042876,0.05573364158,0.01500803853,0.9654087447,19.6896,0.0000000000
-0.040,0.057,0.02836827187,0.05672893417,0.01527600777,0.9641125337,18.9658,0.0000000000
-0.040,0.058,0.02886612331,0.05772422935,0.01554397536,0.9627893711,18.2789,0.0000000000
-0.040,0.059,0.029363983,0.05871952672,0.01581194112,0.9614389921,17.6265,0.0000000000
-0.040,0.060,0.02986185154,0.05971482724,0.0160799053,0.9600611130,17.0063,0.0000000000
-0.040,0.061,0.03035972886,0.06071013049,0.01634786772,0.9586554485,16.4161,0.0000000000
-0.040,0.062,0.03085761509,0.06170543652,0.01661582837,0.9572216987,15.8541,0.0000000000
-0.040,0.063,0.03135551039,0.06270074537,0.01688378721,0.9557595433,15.3185,0.0000000000
-0.040,0.064,0.0318534149,0.0636960571,0.01715174422,0.9542686559,14.8077,0.0000000000
-0.040,0.065,0.03235132877,0.06469137173,0.01741969937,0.9527487080,14.3200,0.0000000000
-0.040,0.066,0.03284925214,0.06568668933,0.01768765263,0.9511993258,13.8542,0.0000000000
-0.040,0.067,0.03334718516,0.06668200994,0.01795560397,0.9496201523,13.4089,0.0000000000
-0.040,0.068,0.03384512798,0.06767733359,0.01822355336,0.9480107909,12.9829,0.0000000000
-0.040,0.069,0.03434308075,0.06867266034,0.01849150078,0.9463708436,12.5751,0.0000000000
-0.040,0.070,0.0348410436,0.06966799023,0.01875944619,0.9446998794,12.1844,0.0000000000
-0.040,0.071,0.03533901669,0.0706633233,0.01902738957,0.9429974673,11.8100,0.0000000000
-0.040,0.072,0.03583700016,0.0716586596,0.0192953309,0.9412631280,11.4508,0.0000000000
-0.040,0.073,0.03633499417,0.07265399918,0.01956327013,0.9394964015,11.1061,0.0000000000
-0.040,0.074,0.03683299885,0.07364934208,0.01983120725,0.9376967595,10.7751,0.0000000000
-0.040,0.075,0.03733101435,0.07464468835,0.02009914223,0.9358636763,10.4570,0.0000000000
-0.040,0.076,0.03782904082,0.07564003802,0.02036707504,0.9339966026,10.1512,0.0000000000
-0.040,0.077,0.03832707841,0.07663539115,0.02063500564,0.9320949401,9.8570,0.0000000000
-0.040,0.078,0.03882512726,0.07763074778,0.02090293402,0.9301580858,9.5738,0.0000000000
-0.040,0.079,0.03932318752,0.07862610796,0.02117086014,0.9281853839,9.3010,0.0000000000
-0.040,0.080,0.03982125934,0.07962147172,0.02143878398,0.9261761586,9.0382,0.0000000000
-0.040,0.081,0.04031934286,0.08061683912,0.02170670551,0.9241297002,8.7848,0.0000000000
-0.040,0.082,0.04081743823,0.0816122102,0.0219746247,0.9220452349,8.5404,0.0000000000
-0.040,0.083,0.04131554559,0.082607585,0.02224254153,0.9199219854,8.3045,0.0000000000
-0.040,0.084,0.0418136651,0.08360296358,0.02251045596,0.9177591008,8.0767,0.0000000000
-0.040,0.085,0.0423117969,0.08459834596,0.02277836797,0.9155556876,7.8567,0.0000000000
-0.040,0.086,0.04280994114,0.08559373221,0.02304627753,0.9133108157,7.6440,0.0000000000
-0.040,0.087,0.04330809796,0.08658912236,0.02331418462,0.9110234706,7.4383,0.0000000000
-0.040,0.088,0.04380626751,0.08758451645,0.0235820892,0.9086925980,7.2393,0.0000000000
-0.040,0.089,0.04430444993,0.08857991454,0.02384999125,0.9063170670,7.0466,0.0000000000
-0.040,0.090,0.04480264538,0.08957531667,0.02411789074,0.9038956860,6.8600,0.0000000000
-0.040,0.091,0.045300854,0.09057072287,0.02438578765,0.9014271679,6.6793,0.0000000000
-0.040,0.092,0.04579907594,0.09156613321,0.02465368194,0.8989101502,6.5040,0.0000000000
-0.040,0.093,0.04629731134,0.09256154771,0.02492157359,0.8963431760,6.3340,0.0000000000
-0.040,0.094,0.04679556036,0.09355696643,0.02518946258,0.8937246690,6.1691,0.0000000000
-0.040,0.095,0.04729382313,0.09455238941,0.02545734887,0.8910529525,6.0090,0.0000000000
-0.040,0.096,0.04779209981,0.0955478167,0.02572523244,0.8883262196,5.8535,0.0000000000
-0.040,0.097,0.04829039054,0.09654324833,0.02599311326,0.8855425351,5.7023,0.0000000000
-0.040,0.098,0.04878869546,0.09753868436,0.0262609913,0.8826997683,5.5554,0.0000000000
-0.040,0.099,0.04928701474,0.09853412483,0.02652886655,0.8797956691,5.4124,0.0000000000
-0.040,0.100,0.04978534851,0.09952956977,0.02679673896,0.8768277521,5.2733,0.0000000000
-0.040,0.101,0.05028369691,0.1005250192,0.02706460852,0.8737933032,5.1378,0.0000000000
-0.040,0.102,0.05078206011,0.1015204733,0.02733247519,0.8706894042,5.0058,0.0000000000
-0.040,0.103,0.05128043824,0.102515932,0.02760033896,0.8675128276,4.8770,0.0000000000
-0.040,0.104,0.05177883145,0.1035113953,0.02786819979,0.8642600407,4.7514,0.0000000000
-0.040,0.105,0.05227723989,0.1045068633,0.02813605765,0.8609271059,4.6288,0.0000000000
-0.040,0.106,0.0527756637,0.1055023361,0.02840391253,0.8575097246,4.5091,0.0000000000
-0.040,0.107,0.05327410304,0.1064978136,0.02867176439,0.8540030551,4.3920,0.0000000000
-0.040,0.108,0.05377255805,0.107493296,0.02893961321,0.8504017367,4.2775,0.0000000000
-0.040,0.109,0.05427102887,0.1084887833,0.02920745897,0.8466996845,4.1653,0.0000000000
-0.040,0.110,0.05476951566,0.1094842755,0.02947530162,0.8428900727,4.0554,0.0000000000
-0.040,0.111,0.05526801856,0.1104797727,0.02974314116,0.8389651200,3.9476,0.0000000000
-0.040,0.112,0.05576653772,0.1114752749,0.03001097755,0.8349159103,3.8418,0.0000000000
-0.040,0.113,0.05626507329,0.1124707821,0.03027881077,0.8307321217,3.7377,0.0000000000
-0.040,0.114,0.05676362541,0.1134662944,0.03054664079,0.8264017691,3.6352,0.0000000000
-0.040,0.115,0.05726219423,0.1144618119,0.03081446758,0.8219107357,3.5342,0.0000000000
-0.040,0.116,0.0577607799,0.1154573346,0.03108229112,0.8172421904,3.4345,0.0000000000
-0.040,0.117,0.05825938256,0.1164528625,0.03135011139,0.8123758523,3.3358,0.0000000000
-0.040,0.118,0.05875800237,0.1174483957,0.03161792835,0.8072868648,3.2379,0.0000000000
-0.040,0.119,0.05925663946,0.1184439342,0.03188574198,0.8019441769,3.1404,0.0000000000
-0.040,0.120,0.059755294,0.119439478,0.03215355226,0.7963082122,3.0432,0.0000000000
-0.040,0.121,0.06025396612,0.1204350273,0.03242135916,0.7903271317,2.9457,0.0000000000
-0.040,0.122,0.06075265597,0.121430582,0.03268916266,0.7839305976,2.8474,0.0000000000
-0.040,0.123,0.0612513637,0.1224261422,0.03295696273,0.7770191673,2.7474,0.0000000000
-0.040,0.124,0.06175008946,0.123421708,0.03322475933,0.7694436911,2.6447,0.0000000000
-0.040,0.125,0.06224883339,0.1244172793,0.03349255246,0.7609614869,2.5374,0.0000000000
-0.040,0.126,0.06274759565,0.1254128563,0.03376034208,0.7511247690,2.4220,0.0000000000
-0.040,0.127,0.06324637638,0.1264084389,0.03402812817,0.7389003594,2.2907,0.0000000000
-0.040,0.128,0.06374517573,0.1274040273,0.03429591071,0.7200096966,2.1101,0.0000000000
-0.040,0.129,0.06424399384,0.1283996214,0.03456368966,0.7026625600,1.9643,0.0258292124
-0.040,0.130,0.06474283086,0.1293952213,0.034831465,0.7026405617,1.9641,0.0404194857
-0.040,0.131,0.06524168695,0.130390827,0.03509923672,0.7026183823,1.9639,0.0510563067
-0.040,0.132,0.06574056224,0.1313864386,0.03536700477,0.7025960244,1.9637,0.0598845849
-0.040,0.133,0.06623945689,0.1323820562,0.03563476915,0.7025734837,1.9636,0.0676162718
-0.040,0.134,0.06673837105,0.1333776797,0.03590252981,0.7025507628,1.9634,0.0745929826
-0.040,0.135,0.06723730481,0.1343733092,0.03617028673,0.7025278568,1.9632,0.0810098281
-0.040,0.136,0.06773625842,0.1353689448,0.03643803991,0.7025047705,1.9630,0.0869906790
-0.040,0.137,0.06823523198,0.1363645865,0.03670578931,0.7024815010,1.9628,0.0926198945
-0.040,0.138,0.06873422563,0.1373602343,0.03697353491,0.7024580509,1.9626,0.0979580026
-0.040,0.139,0.06923323952,0.1383558883,0.03724127668,0.7024344154,1.9625,0.1030500887
-0.040,0.140,0.06973227381,0.1393515486,0.0375090146,0.7024105960,1.9623,0.1079309007
-0.040,0.141,0.07023132863,0.1403472151,0.03777674864,0.7023865945,1.9621,0.1126277726
-0.040,0.142,0.07073040415,0.141342888,0.03804447878,0.7023624119,1.9619,0.1171627494
-0.040,0.143,0.07122950049,0.1423385672,0.038312205,0.7023380413,1.9617,0.1215538022
-0.040,0.144,0.07172861783,0.1433342528,0.03857992726,0.7023134849,1.9615,0.1258158984
-0.040,0.145,0.07222775629,0.1443299449,0.03884764555,0.7022887474,1.9613,0.1299616695
-0.040,0.146,0.07272691603,0.1453256435,0.03911535985,0.7022638235,1.9611,0.1340017781
-0.040,0.147,0.0732260972,0.1463213486,0.03938307013,0.7022387154,1.9609,0.1379454200
-0.040,0.148,0.07372529995,0.1473170602,0.03965077636,0.7022134218,1.9607,0.1418005571
-0.040,0.149,0.07422452442,0.1483127785,0.03991847852,0.7021879402,1.9605,0.1455741010
-0.040,0.150,0.07472377076,0.1493085034,0.0401861766,0.7021622746,1.9603,0.1492721808
-0.040,0.151,0.07522303913,0.1503042351,0.04045387056,0.7021364213,1.9601,0.1529001600
-0.040,0.152,0.07572232966,0.1512999734,0.04072156038,0.7021103824,1.9599,0.1564628361
-0.040,0.153,0.07622164251,0.1522957186,0.04098924604,0.7020841569,1.9597,0.1599644954
-0.040,0.154,0.07672097783,0.1532914706,0.04125692751,0.7020577433,1.9595,0.1634089472
-0.040,0.155,0.07722033576,0.1542872295,0.04152460478,0.7020311437,1.9593,0.1667996746
-0.040,0.156,0.07771971645,0.1552829953,0.04179227782,0.7020043543,1.9591,0.1701397923
-0.040,0.157,0.07821912005,0.156278768,0.04205994661,0.7019773765,1.9589,0.1734321470
-0.040,0.158,0.07871854671,0.1572745478,0.04232761112,0.7019502108,1.9586,0.1766793245
-0.040,0.159,0.07921799658,0.1582703345,0.04259527133,0.7019228572,1.9584,0.1798837029
-0.040,0.160,0.07971746981,0.1592661284,0.04286292722,0.7018953146,1.9582,0.1830474359
-0.040,0.161,0.08021696653,0.1602619294,0.04313057877,0.7018675804,1.9580,0.1861725216
-0.040,0.162,0.08071648692,0.1612577376,0.04339822595,0.7018396577,1.9578,0.1892607937
-0.040,0.163,0.0812160311,0.1622535529,0.04366586875,0.7018115483,1.9575,0.1923139618
-0.040,0.164,0.08171559924,0.1632493755,0.04393350713,0.7017832457,1.9573,0.1953335815
-0.040,0.165,0.08221519147,0.1642452055,0.04420114108,0.7017547506,1.9571,0.1983210943
-0.040,0.166,0.08271480796,0.1652410427,0.04446877058,0.7017260676,1.9569,0.2012778953
-0.040,0.167,0.08321444884,0.1662368873,0.0447363956,0.7016971920,1.9566,0.2042052073
-0.040,0.168,0.08371411426,0.1672327394,0.04500401612,0.7016681249,1.9564,0.2071042237
-0.040,0.169,0.08421380438,0.1682285989,0.04527163212,0.7016388671,1.9562,0.2099760395
-0.040,0.170,0.08471351934,0.1692244659,0.04553924357,0.7016094159,1.9560,0.2128216891
-0.040,0.171,0.0852132593,0.1702203405,0.04580685047,0.7015797727,1.9557,0.2156421260
-0.040,0.172,0.08571302439,0.1712162226,0.04607445277,0.7015499345,1.9555,0.2184382509
-0.040,0.173,0.08621281478,0.1722121124,0.04634205047,0.7015199068,1.9552,0.2212109336
-0.040,0.174,0.0867126306,0.1732080098,0.04660964355,0.7014896857,1.9550,0.2239609617
-0.040,0.175,0.08721247201,0.174203915,0.04687723197,0.7014592671,1.9548,0.2266890829
-0.040,0.176,0.08771233916,0.1751998279,0.04714481572,0.7014286539,1.9545,0.2293960123
-0.040,0.177,0.08821223219,0.1761957486,0.04741239478,0.7013978504,1.9543,0.2320824338
-0.040,0.178,0.08871215126,0.1771916771,0.04767996913,0.7013668474,1.9540,0.2347489657
-0.040,0.179,0.08921209652,0.1781876135,0.04794753875,0.7013356526,1.9538,0.2373962206
-0.040,0.180,0.0897120681,0.1791835578,0.04821510361,0.7013042607,1.9536,0.2400247625
-0.040,0.181,0.09021206617,0.1801795101,0.04848266369,0.7012726741,1.9533,0.2426351318
-0.040,0.182,0.09071209087,0.1811754704,0.04875021898,0.7012408916,1.9531,0.2452278455
-0.040,0.183,0.09121214235,0.1821714387,0.04901776946,0.7012089128,1.9528,0.2478033871
-0.040,0.184,0.09171222077,0.1831674151,0.0492853151,0.7011767344,1.9526,0.2503622125
-0.040,0.185,0.09221232626,0.1841633997,0.04955285588,0.7011443572,1.9523,0.2529047601
-0.040,0.186,0.09271245898,0.1851593924,0.04982039178,0.7011117879,1.9520,0.2554314723
-0.040,0.187,0.09321261908,0.1861553933,0.05008792279,0.7010790180,1.9518,0.2579427319
-0.040,0.188,0.09371280671,0.1871514024,0.05035544888,0.7010460474,1.9515,0.2604389088
-0.040,0.189,0.09421302202,0.1881474199,0.05062297004,0.7010128811,1.9513,0.2629203853
-0.040,0.190,0.09471326515,0.1891434456,0.05089048624,0.7009795123,1.9510,0.2653874986
-0.040,0.191,0.09521353626,0.1901394797,0.05115799746,0.7009459477,1.9507,0.2678405940
-0.040,0.192,0.0957138355,0.1911355223,0.05142550369,0.7009121841,1.9505,0.2702799727
-0.040,0.193,0.09621416301,0.1921315733,0.0516930049,0.7008782188,1.9502,0.2727059381
-0.040,0.194,0.09671451895,0.1931276327,0.05196050108,0.7008440492,1.9499,0.2751187809
-0.040,0.195,0.09721490346,0.1941237008,0.05222799221,0.7008096837,1.9497,0.2775187922
-0.040,0.196,0.0977153167,0.1951197773,0.05249547826,0.7007751125,1.9494,0.2799062192
-0.040,0.197,0.09821575881,0.1961158625,0.05276295922,0.7007403442,1.9491,0.2822813362
-0.040,0.198,0.09871622995,0.1971119564,0.05303043508,0.7007053720,1.9489,0.2846443741
-0.040,0.199,0.09921673026,0.1981080589,0.0532979058,0.7006701973,1.9486,0.2869955728
-0.040,0.200,0.0997172599,0.1991041702,0.05356537138,0.7006348207,1.9483,0.2893351593
-0.040,0.201,0.100217819,0.2001002902,0.05383283179,0.7005992389,1.9480,0.2916633373
-0.040,0.202,0.1007184078,0.2010964191,0.05410028701,0.7005634545,1.9478,0.2939803350
-0.040,0.203,0.1012190263,0.2020925568,0.05436773703,0.7005274664,1.9475,0.2962863330
-0.040,0.204,0.1017196747,0.2030887034,0.05463518183,0.7004912747,1.9472,0.2985815408
-0.040,0.205,0.1022203532,0.2040848589,0.05490262139,0.7004548750,1.9469,0.3008661263
-0.040,0.206,0.102721062,0.2050810234,0.0551700557,0.7004182729,1.9466,0.3031402718
-0.040,0.207,0.1032218011,0.2060771969,0.05543748473,0.7003814651,1.9463,0.3054041582
-0.040,0.208,0.1037225707,0.2070733795,0.05570490846,0.7003444510,1.9460,0.3076579412
-0.040,0.209,0.104223371,0.2080695711,0.05597232689,0.7003072321,1.9458,0.3099017845
-0.040,0.210,0.1047242022,0.2090657719,0.05623973999,0.7002698039,1.9455,0.3121358305
-0.040,0.211,0.1052250643,0.2100619819,0.05650714774,0.7002321706,1.9452,0.3143602378
-0.040,0.212,0.1057259575,0.211058201,0.05677455013,0.7001943295,1.9449,0.3165751431
-0.040,0.213,0.106226882,0.2120544294,0.05704194714,0.7001562802,1.9446,0.3187806832
-0.040,0.214,0.106727838,0.2130506671,0.05730933876,0.7001180243,1.9443,0.3209769998
-0.040,0.215,0.1072288255,0.2140469142,0.05757672496,0.7000795552,1.9440,0.3231641912
-0.040,0.216,0.1077298448,0.2150431706,0.05784410573,0.7000408810,1.9437,0.3253424143
-0.040,0.217,0.1082308959,0.2160394364,0.05811148105,0.7000019942,1.9434,0.3275117658
-0.040,0.218,0.1087319791,0.2170357116,0.05837885091,0.6999629011,1.9431,0.3296723712
-0.040,0.219,0.1092330944,0.2180319964,0.05864621529,0.6999235973,1.9428,0.3318243344
-0.040,0.220,0.1097342421,0.2190282906,0.05891357417,0.6998840803,1.9425,0.3339677667
-0.040,0.221,0.1102354223,0.2200245944,0.05918092754,0.6998443545,1.9421,0.3361027639
-0.040,0.222,0.1107366351,0.2210209079,0.05944827538,0.6998044150,1.9418,0.3382294329
-0.040,0.223,0.1112378807,0.2220172309,0.05971561767,0.6997642664,1.9415,0.3403478687
-0.040,0.224,0.1117391592,0.2230135637,0.05998295441,0.6997239016,1.9412,0.3424581564
-0.040,0.225,0.1122404708,0.2240099061,0.06025028557,0.6996833267,1.9409,0.3445603941
-0.040,0.226,0.1127418157,0.2250062584,0.06051761114,0.6996425377,1.9406,0.3466546668
-0.040,0.227,0.1132431939,0.2260026204,0.0607849311,0.6996015326,1.9403,0.3487410526
-0.040,0.228,0.1137446057,0.2269989922,0.06105224544,0.6995603148,1.9399,0.3508196349
-0.040,0.229,0.1142460511,0.2279953739,0.06131955414,0.6995188856,1.9396,0.3528905022
-0.040,0.230,0.1147475304,0.2289917656,0.06158685718,0.6994772380,1.9393,0.3549537143
-0.040,0.231,0.1152490437,0.2299881672,0.06185415456,0.6994353746,1.9390,0.3570093496
-0.040,0.232,0.1157505912,0.2309845787,0.06212144626,0.6993932985,1.9386,0.3590574915
-0.040,0.233,0.1162521729,0.2319810003,0.06238873226,0.6993510048,1.9383,0.3610981913
-0.040,0.234,0.1167537891,0.232977432,0.06265601255,0.6993084931,1.9380,0.3631315213
-0.040,0.235,0.1172554399,0.2339738737,0.06292328712,0.6992657660,1.9377,0.3651575451
-0.040,0.236,0.1177571254,0.2349703256,0.06319055594,0.6992228204,1.9373,0.3671763280
-0.040,0.237,0.1182588459,0.2359667877,0.06345781901,0.6991796541,1.9370,0.3691879214
-0.040,0.238,0.1187606014,0.23696326,0.06372507631,0.6991362735,1.9367,0.3711923947
-0.040,0.239,0.1192623921,0.2379597425,0.06399232783,0.6990926742,1.9363,0.3731897982
-0.040,0.240,0.1197642181,0.2389562354,0.06425957355,0.6990488521,1.9360,0.3751801790
-0.040,0.241,0.1202660797,0.2399527385,0.06452681346,0.6990048131,1.9356,0.3771636030
-0.040,0.242,0.1207679769,0.2409492521,0.06479404755,0.6989605509,1.9353,0.3791401079
-0.040,0.243,0.12126991,0.241945776,0.06506127581,0.6989160717,1.9350,0.3811097545
-0.040,0.244,0.121771879,0.2429423104,0.06532849821,0.6988713694,1.9346,0.3830725833
-0.040,0.245,0.1222738841,0.2439388552,0.06559571475,0.6988264441,1.9343,0.3850286361
-0.040,0.246,0.1227759255,0.2449354106,0.06586292542,0.6987812977,1.9339,0.3869779658
-0.040,0.247,0.1232780033,0.2459319765,0.0661301302,0.6987359279,1.9336,0.3889206104
-0.040,0.248,0.1237801177,0.2469285531,0.06639732908,0.6986903388,1.9332,0.3908566168
-0.040,0.249,0.1242822688,0.2479251402,0.06666452204,0.6986445228,1.9329,0.3927860162
-0.040,0.250,0.1247844568,0.248921738,0.06693170908,0.6985984833,1.9325,0.3947088495
-0.040,0.251,0.1252866818,0.2499183465,0.06719889019,0.6985522203,1.9321,0.3966251579
-0.040,0.252,0.125788944,0.2509149658,0.06746606534,0.6985057329,1.9318,0.3985349781
-0.040,0.253,0.1262912435,0.2519115958,0.06773323453,0.6984590171,1.9314,0.4004383393
-0.040,0.254,0.1267935805,0.2529082366,0.06800039775,0.6984120784,1.9311,0.4023352768
-0.040,0.255,0.1272959552,0.2539048883,0.06826755498,0.6983649136,1.9307,0.4042258257
-0.040,0.256,0.1277983676,0.2549015509,0.06853470622,0.6983175207,1.9303,0.4061100164
-0.040,0.257,0.128300818,0.2558982244,0.06880185144,0.6982699001,1.9300,0.4079878761
-0.040,0.258,0.1288033065,0.2568949088,0.06906899065,0.6982220511,1.9296,0.4098594361
-0.040,0.259,0.1293058332,0.2578916043,0.06933612383,0.6981739741,1.9292,0.4117247219
-0.040,0.260,0.1298083984,0.2588883108,0.06960325097,0.6981256726,1.9289,0.4135837700
-0.040,0.261,0.1303110021,0.2598850283,0.06987037206,0.6980771367,1.9285,0.4154365933
-0.040,0.262,0.1308136445,0.2608817569,0.07013748709,0.6980283748,1.9281,0.4172832294
-0.040,0.263,0.1313163257,0.2618784967,0.07040459604,0.6979793796,1.9277,0.4191236904
-0.040,0.264,0.131819046,0.2628752477,0.07067169891,0.6979301563,1.9274,0.4209580106
-0.040,0.265,0.1323218054,0.2638720099,0.07093879569,0.6978807016,1.9270,0.4227862080
-0.040,0.266,0.1328246042,0.2648687833,0.07120588636,0.6978310120,1.9266,0.4246082988
-0.040,0.267,0.1333274424,0.265865568,0.07147297092,0.6977810919,1.9262,0.4264243065
-0.040,0.268,0.1338303203,0.2668623641,0.07174004936,0.6977309438,1.9258,0.4282342648
-0.040,0.269,0.1343332379,0.2678591714,0.07200712167,0.6976805564,1.9254,0.4300381681
-0.040,0.270,0.1348361955,0.2688559902,0.07227418784,0.6976299381,1.9251,0.4318360515
-0.040,0.271,0.1353391932,0.2698528204,0.07254124785,0.6975790892,1.9247,0.4336279343
-0.040,0.272,0.1358422311,0.2708496621,0.07280830171,0.6975279999,1.9243,0.4354138203
-0.040,0.273,0.1363453093,0.2718465152,0.0730753494,0.6974766778,1.9239,0.4371937307
-0.040,0.274,0.1368484282,0.2728433799,0.07334239091,0.6974251185,1.9235,0.4389676844
-0.040,0.275,0.1373515877,0.2738402562,0.07360942624,0.6973733281,1.9231,0.4407357004
-0.040,0.276,0.1378547881,0.2748371441,0.07387645537,0.6973212937,1.9227,0.4424977742
-0.040,0.277,0.1383580295,0.2758340436,0.0741434783,0.6972690275,1.9223,0.4442539440
-0.040,0.278,0.138861312,0.2768309547,0.07441049502,0.6972165251,1.9219,0.4460042069
-0.040,0.279,0.1393646359,0.2778278776,0.07467750552,0.6971637780,1.9215,0.4477485690
-0.040,0.280,0.1398680012,0.2788248123,0.0749445098,0.6971107954,1.9211,0.4494870562
-0.040,0.281,0.1403714082,0.2798217587,0.07521150784,0.6970575744,1.9207,0.4512196753
-0.040,0.282,0.1408748569,0.2808187169,0.07547849964,0.6970041156,1.9203,0.4529464350
-0.040,0.283,0.1413783476,0.2818156869,0.07574548519,0.6969504125,1.9199,0.4546673473
-0.040,0.284,0.1418818803,0.2828126689,0.07601246449,0.6968964692,1.9194,0.4563824087
-0.040,0.285,0.1423854553,0.2838096627,0.07627943752,0.6968422911,1.9190,0.4580916492
-0.040,0.286,0.1428890727,0.2848066686,0.07654640429,0.6967878624,1.9186,0.4597950547
-0.040,0.287,0.1433927326,0.2858036863,0.07681336477,0.6967331982,1.9182,0.4614926527
-0.040,0.288,0.1438964352,0.2868007162,0.07708031898,0.6966782874,1.9178,0.4631844356
-0.040,0.289,0.1444001807,0.287797758,0.0773472669,0.6966231320,1.9174,0.4648704146
-0.040,0.290,0.1449039692,0.288794812,0.07761420852,0.6965677345,1.9169,0.4665505922
-0.040,0.291,0.1454078008,0.289791878,0.07788114385,0.6965120914,1.9165,0.4682249791
-0.040,0.292,0.1459116758,0.2907889563,0.07814807286,0.6964562089,1.9161,0.4698935866
-0.040,0.293,0.1464155943,0.2917860467,0.07841499557,0.6964000781,1.9157,0.4715564066
-0.040,0.294,0.1469195563,0.2927831493,0.07868191196,0.6963436976,1.9152,0.4732134443
-0.040,0.295,0.1474235622,0.2937802642,0.07894882202,0.6962870734,1.9148,0.4748647047
-0.040,0.296,0.147927612,0.2947773914,0.07921572576,0.6962302042,1.9144,0.4765102033
-0.040,0.297,0.1484317059,0.2957745309,0.07948262316,0.6961730847,1.9139,0.4781499256
-0.040,0.298,0.148935844,0.2967716828,0.07974951423,0.6961157175,1.9135,0.4797838791
-0.040,0.299,0.1494400265,0.297768847,0.08001639896,0.6960580978,1.9131,0.4814120633
-0.040,0.300,0.1499442536,0.2987660237,0.08028327734,0.6960002353,1.9126,0.4830344938
-0.040,0.301,0.1504485254,0.2997632128,0.08055014937,0.6959421245,1.9122,0.4846511590
-0.040,0.302,0.1509528421,0.3007604144,0.08081701503,0.6958837560,1.9117,0.4862620545
-0.040,0.303,0.1514572038,0.3017576286,0.08108387435,0.6958251387,1.9113,0.4878671893
-0.040,0.304,0.1519616107,0.3027548553,0.0813507273,0.6957662720,1.9109,0.4894665632
-0.040,0.305,0.1524660629,0.3037520945,0.08161757389,0.6957071487,1.9104,0.4910601678
-0.040,0.306,0.1529705606,0.3047493464,0.08188441411,0.6956477792,1.9100,0.4926480199
-0.040,0.307,0.1534751039,0.305746611,0.08215124796,0.6955881532,1.9095,0.4942300968
-0.040,0.308,0.1539796931,0.3067438882,0.08241807543,0.6955282747,1.9091,0.4958064128
-0.040,0.309,0.1544843282,0.3077411782,0.08268489652,0.6954681427,1.9086,0.4973769629
-0.040,0.310,0.1549890094,0.3087384809,0.08295171124,0.6954077525,1.9081,0.4989417308
-0.040,0.311,0.1554937369,0.3097357964,0.08321851957,0.6953471146,1.9077,0.5005007345
-0.040,0.312,0.1559985108,0.3107331247,0.08348532151,0.6952862130,1.9072,0.5020539618
-0.040,0.313,0.1565033313,0.3117304658,0.08375211707,0.6952250553,1.9068,0.5036013987
-0.040,0.314,0.1570081985,0.3127278199,0.08401890624,0.6951636475,1.9063,0.5051430604
-0.040,0.315,0.1575131126,0.3137251868,0.08428568902,0.6951019764,1.9058,0.5066789341
-0.040,0.316,0.1580180738,0.3147225667,0.0845524654,0.6950400480,1.9054,0.5082090107
-0.040,0.317,0.1585230821,0.3157199595,0.0848192354,0.6949778578,1.9049,0.5097332888
-0.040,0.318,0.1590281379,0.3167173654,0.08508599899,0.6949154147,1.9044,0.5112517702
-0.040,0.319,0.1595332411,0.3177147843,0.0853527562,0.6948527065,1.9040,0.5127644447
-0.040,0.320,0.160038392,0.3187122163,0.085619507,0.6947897440,1.9035,0.5142713085
-0.040,0.321,0.1605435907,0.3197096613,0.08588625141,0.6947265135,1.9030,0.5157723462
-0.040,0.322,0.1610488375,0.3207071195,0.08615298943,0.6946630249,1.9025,0.5172675658
-0.040,0.323,0.1615541323,0.3217045909,0.08641972104,0.6945992728,1.9021,0.5187569478
-0.040,0.324,0.1620594755,0.3227020754,0.08668644626,0.6945352624,1.9016,0.5202405031
-0.040,0.325,0.1625648671,0.3236995732,0.08695316508,0.6944709814,1.9011,0.5217182070
-0.040,0.326,0.1630703074,0.3246970842,0.08721987751,0.6944064407,1.9006,0.5231900550
-0.040,0.327,0.1635757964,0.3256946086,0.08748658353,0.6943416331,1.9001,0.5246560507
-0.040,0.328,0.1640813343,0.3266921462,0.08775328317,0.6942765672,1.8996,0.5261161818
-0.040,0.329,0.1645869213,0.3276896972,0.08801997641,0.6942112262,1.8991,0.5275704295
-0.040,0.330,0.1650925576,0.3286872616,0.08828666325,0.6941456283,1.8987,0.5290188028
-0.040,0.331,0.1655982432,0.3296848393,0.08855334371,0.6940797567,1.8982,0.5304612748
-0.040,0.332,0.1661039784,0.3306824305,0.08882001777,0.6940136218,1.8977,0.5318978535
-0.040,0.333,0.1666097634,0.3316800352,0.08908668545,0.6939472180,1.8972,0.5333285214
-0.040,0.334,0.1671155981,0.3326776534,0.08935334673,0.6938805437,1.8967,0.5347532671
-0.040,0.335,0.167621483,0.3336752851,0.08962000164,0.6938136024,1.8962,0.5361720848
-0.040,0.336,0.168127418,0.3346729304,0.08988665016,0.6937463878,1.8957,0.5375849615
-0.040,0.337,0.1686334033,0.3356705893,0.09015329231,0.6936789071,1.8952,0.5389918976
-0.040,0.338,0.1691394392,0.3366682617,0.09041992808,0.6936111528,1.8947,0.5403928724
-0.040,0.339,0.1696455257,0.3376659479,0.09068655747,0.6935431258,1.8941,0.5417878705
-0.040,0.340,0.170151663,0.3386636477,0.0909531805,0.6934748282,1.8936,0.5431768967
-0.040,0.341,0.1706578513,0.3396613612,0.09121979715,0.6934062559,1.8931,0.5445599240
-0.040,0.342,0.1711640907,0.3406590884,0.09148640745,0.6933374132,1.8926,0.5459369554
-0.040,0.343,0.1716703814,0.3416568295,0.09175301139,0.6932682974,1.8921,0.5473079750
-0.040,0.344,0.1721767236,0.3426545843,0.09201960897,0.6931989055,1.8916,0.5486729679
-0.040,0.345,0.1726831173,0.3436523529,0.0922862002,0.6931292425,1.8911,0.5500319252
-0.040,0.346,0.1731895628,0.3446501354,0.09255278508,0.6930592960,1.8905,0.5513848290
-0.040,0.347,0.1736960603,0.3456479318,0.09281936362,0.6929890734,1.8900,0.5527316655
-0.040,0.348,0.1742026098,0.3466457421,0.09308593582,0.6929185776,1.8895,0.5540724327
-0.040,0.349,0.1747092116,0.3476435663,0.09335250169,0.6928478038,1.8890,0.5554071151
-0.040,0.350,0.1752158658,0.3486414046,0.09361906124,0.6927767518,1.8884,0.5567356974
-0.040,0.351,0.1757225725,0.3496392568,0.09388561446,0.6927054201,1.8879,0.5580581656
-0.040,0.352,0.1762293319,0.350637123,0.09415216137,0.6926338081,1.8874,0.5593745028
-0.040,0.353,0.1767361442,0.3516350033,0.09441870197,0.6925619190,1.8868,0.5606847061
-0.040,0.354,0.1772430096,0.3526328976,0.09468523627,0.6924897443,1.8863,0.5619887503
-0.040,0.355,0.1777499281,0.3536308061,0.09495176426,0.6924172925,1.8858,0.5632866289
-0.040,0.356,0.1782569,0.3546287288,0.09521828597,0.6923445585,1.8852,0.5645783255
-0.040,0.357,0.1787639254,0.3556266655,0.0954848014,0.6922715390,1.8847,0.5658638215
-0.040,0.358,0.1792710045,0.3566246165,0.09575131054,0.6921982376,1.8842,0.5671431087
-0.040,0.359,0.1797781374,0.3576225817,0.09601781342,0.6921246514,1.8836,0.5684161681
-0.040,0.360,0.1802853243,0.3586205612,0.09628431003,0.6920507793,1.8831,0.5696829817
-0.040,0.361,0.1807925653,0.3596185549,0.0965508004,0.6919766295,1.8825,0.5709435463
-0.040,0.362,0.1812998606,0.360616563,0.09681728451,0.6919021918,1.8820,0.5721978377
-0.040,0.363,0.1818072104,0.3616145854,0.09708376239,0.6918274587,1.8814,0.5734458306
-0.040,0.364,0.1823146149,0.3626126221,0.09735023403,0.6917524467,1.8809,0.5746875306
-0.040,0.365,0.1828220741,0.3636106732,0.09761669945,0.6916771469,1.8803,0.5759229081
-0.040,0.366,0.1833295882,0.3646087388,0.09788315867,0.6916015585,1.8797,0.5771519526
-0.040,0.367,0.1838371575,0.3656068187,0.09814961167,0.6915256772,1.8792,0.5783746358
-0.040,0.368,0.184344782,0.3666049132,0.09841605848,0.6914495062,1.8786,0.5795909517
-0.040,0.369,0.184852462,0.3676030221,0.09868249911,0.6913730489,1.8781,0.5808008846
-0.040,0.370,0.1853601975,0.3686011456,0.09894893356,0.6912963044,1.8775,0.5820044216
-0.040,0.371,0.1858679888,0.3695992836,0.09921536185,0.6912192642,1.8769,0.5832015283
-0.040,0.372,0.186375836,0.3705974362,0.09948178398,0.6911419280,1.8764,0.5843921964
-0.040,0.373,0.1868837393,0.3715956034,0.09974819996,0.6910643040,1.8758,0.5855764141
-0.040,0.374,0.1873916988,0.3725937852,0.1000146098,0.6909863870,1.8752,0.5867541603
-0.040,0.375,0.1878997147,0.3735919817,0.1002810135,0.6909081745,1.8746,0.5879254117
-0.040,0.376,0.1884077871,0.3745901929,0.1005474112,0.6908296637,1.8741,0.5890901498
-0.040,0.377,0.1889159162,0.3755884187,0.1008138027,0.6907508615,1.8735,0.5902483638
-0.040,0.378,0.1894241022,0.3765866593,0.1010801881,0.6906717609,1.8729,0.5914000314
-0.040,0.379,0.1899323453,0.3775849147,0.1013465674,0.6905923654,1.8723,0.5925451358
-0.040,0.380,0.1904406455,0.3785831848,0.1016129407,0.6905126740,1.8717,0.5936836561
-0.040,0.381,0.1909490031,0.3795814697,0.1018793079,0.6904326845,1.8712,0.5948155736
-0.040,0.382,0.1914574182,0.3805797695,0.1021456691,0.6903523903,1.8706,0.5959408622
-0.040,0.383,0.191965891,0.3815780841,0.1024120243,0.6902717995,1.8700,0.5970595134
-0.040,0.384,0.1924744216,0.3825764136,0.1026783734,0.6901909158,1.8694,0.5981715099
-0.040,0.385,0.1929830102,0.3835747581,0.1029447165,0.6901097243,1.8688,0.5992768188
-0.040,0.386,0.193491657,0.3845731174,0.1032110537,0.6900282335,1.8682,0.6003754285
-0.040,0.387,0.1940003621,0.3855714917,0.1034773849,0.6899464390,1.8676,0.6014673125
-0.040,0.388,0.1945091257,0.386569881,0.1037437101,0.6898643467,1.8670,0.6025524601
-0.040,0.389,0.1950179479,0.3875682853,0.1040100293,0.6897819457,1.8664,0.6036308411
-0.040,0.390,0.1955268289,0.3885667047,0.1042763426,0.6896992457,1.8658,0.6047024430
-0.040,0.391,0.1960357689,0.3895651391,0.1045426501,0.6896162359,1.8652,0.6057672357
-0.040,0.392,0.1965447681,0.3905635886,0.1048089516,0.6895329296,1.8646,0.6068252134
-0.040,0.393,0.1970538265,0.3915620531,0.1050752472,0.6894493071,1.8640,0.6078763312
-0.040,0.394,0.1975629444,0.3925605329,0.1053415369,0.6893653846,1.8634,0.6089205914
-0.040,0.395,0.1980721219,0.3935590277,0.1056078208,0.6892811514,1.8628,0.6099579569
-0.040,0.396,0.1985813592,0.3945575378,0.1058740988,0.6891966103,1.8622,0.6109884111
-0.040,0.397,0.1990906564,0.395556063,0.1061403711,0.6891117628,1.8615,0.6120119318
-0.040,0.398,0.1996000137,0.3965546035,0.1064066375,0.6890266007,1.8609,0.6130284926
-0.040,0.399,0.2001094313,0.3975531592,0.1066728981,0.6889411375,1.8603,0.6140380833
-0.040,0.400,0.2006189094,0.3985517302,0.1069391529,0.6888553606,1.8597,0.6150406715
-0.040,0.401,0.201128448,0.3995503164,0.107205402,0.6887692696,1.8591,0.6160362315
-0.040,0.402,0.2016380474,0.400548918,0.1074716453,0.6886828679,1.8584,0.6170247476
-0.040,0.403,0.2021477077,0.401547535,0.1077378829,0.6885961562,1.8578,0.6180061946
-0.040,0.404,0.2026574291,0.4025461673,0.1080041148,0.6885091280,1.8572,0.6189805458
-0.040,0.405,0.2031672117,0.403544815,0.108270341,0.6884217859,1.8565,0.6199477806
-0.040,0.406,0.2036770557,0.4045434781,0.1085365616,0.6883341311,1.8559,0.6209078780
-0.040,0.407,0.2041869614,0.4055421566,0.1088027765,0.6882461598,1.8553,0.6218608082
-0.040,0.408,0.2046969287,0.4065408506,0.1090689857,0.6881578776,1.8546,0.6228065562
-0.040,0.409,0.205206958,0.4075395601,0.1093351894,0.6880692711,1.8540,0.6237450838
-0.040,0.410,0.2057170493,0.408538285,0.1096013874,0.6879803495,1.8534,0.6246763773
-0.040,0.411,0.2062272029,0.4095370255,0.1098675799,0.6878911078,1.8527,0.6256004056
-0.040,0.412,0.2067374188,0.4105357815,0.1101337668,0.6878015540,1.8521,0.6265171547
-0.040,0.413,0.2072476973,0.4115345531,0.1103999482,0.6877116694,1.8514,0.6274265804
-0.040,0.414,0.2077580385,0.4125333403,0.1106661241,0.6876214761,1.8508,0.6283286788
-0.040,0.415,0.2082684426,0.4135321431,0.1109322945,0.6875309562,1.8501,0.6292234096
-0.040,0.416,0.2087789098,0.4145309615,0.1111984594,0.6874401142,1.8495,0.6301107523
-0.040,0.417,0.2092894402,0.4155297956,0.1114646189,0.6873489518,1.8488,0.6309906826
-0.040,0.418,0.2098000339,0.4165286453,0.1117307729,0.6872574650,1.8482,0.6318631712
-0.040,0.419,0.2103106912,0.4175275108,0.1119969215,0.6871656559,1.8475,0.6327281950
-0.040,0.420,0.2108214122,0.4185263919,0.1122630648,0.6870735270,1.8468,0.6335857319
-0.040,0.421,0.2113321971,0.4195252888,0.1125292026,0.6869810657,1.8462,0.6344357392
-0.040,0.422,0.211843046,0.4205242014,0.1127953352,0.6868882795,1.8455,0.6352782025
-0.040,0.423,0.2123539591,0.4215231299,0.1130614624,0.6867951697,1.8449,0.6361130966
-0.040,0.424,0.2128649366,0.4225220741,0.1133275843,0.6867017313,1.8442,0.6369403863
-0.040,0.425,0.2133759786,0.4235210341,0.1135937009,0.6866079654,1.8435,0.6377600501
-0.040,0.426,0.2138870853,0.42452001,0.1138598123,0.6865138719,1.8428,0.6385720598
-0.040,0.427,0.2143982569,0.4255190017,0.1141259185,0.6864194448,1.8422,0.6393763812
-0.040,0.428,0.2149094935,0.4265180094,0.1143920195,0.6863246949,1.8415,0.6401729991
-0.040,0.429,0.2154207953,0.4275170329,0.1146581153,0.6862296032,1.8408,0.6409618652
-0.040,0.430,0.2159321624,0.4285160723,0.1149242059,0.6861341955,1.8401,0.6417429792
-0.040,0.431,0.2164435951,0.4295151277,0.1151902915,0.6860384453,1.8395,0.6425162860
-0.040,0.432,0.2169550935,0.430514199,0.1154563719,0.6859423709,1.8388,0.6432817755
-0.040,0.433,0.2174666577,0.4315132863,0.1157224472,0.6858459530,1.8381,0.6440394012
-0.040,0.434,0.217978288,0.4325123896,0.1159885175,0.6857492032,1.8374,0.6447891438
-0.040,0.435,0.2184899844,0.433511509,0.1162545828,0.6856521251,1.8367,0.6455309810
-0.040,0.436,0.2190017472,0.4345106443,0.1165206431,0.6855547004,1.8360,0.6462648642
-0.040,0.437,0.2195135765,0.4355097958,0.1167866984,0.6854569492,1.8353,0.6469907826
-0.040,0.438,0.2200254726,0.4365089632,0.1170527488,0.6853588546,1.8346,0.6477086923
-0.040,0.439,0.2205374354,0.4375081468,0.1173187942,0.6852604297,1.8339,0.6484185762
-0.040,0.440,0.2210494653,0.4385073465,0.1175848348,0.6851616607,1.8332,0.6491203907
-0.040,0.441,0.2215615624,0.4395065624,0.1178508705,0.6850625532,1.8325,0.6498141110
-0.040,0.442,0.2220737269,0.4405057943,0.1181169014,0.6849631019,1.8318,0.6504996999
-0.040,0.443,0.2225859588,0.4415050425,0.1183829274,0.6848633176,1.8311,0.6511771400
-0.040,0.444,0.2230982585,0.4425043068,0.1186489487,0.6847631886,1.8304,0.6518463887
-0.040,0.445,0.223610626,0.4435035873,0.1189149653,0.6846627141,1.8297,0.6525074131
-0.040,0.446,0.2241230616,0.4445028841,0.1191809771,0.6845618996,1.8290,0.6531601867
-0.040,0.447,0.2246355653,0.4455021971,0.1194469842,0.6844607435,1.8283,0.6538046777
-0.040,0.448,0.2251481374,0.4465015263,0.1197129867,0.6843592416,1.8276,0.6544408520
-0.040,0.449,0.2256607781,0.4475008719,0.1199789846,0.6842573937,1.8269,0.6550686719
-0.040,0.450,0.2261734874,0.4485002337,0.1202449778,0.6841551995,1.8261,0.6556881119
-0.040,0.451,0.2266862656,0.4494996118,0.1205109665,0.6840526584,1.8254,0.6562991336
-0.040,0.452,0.2271991128,0.4504990062,0.1207769507,0.6839497753,1.8247,0.6569017139
-0.040,0.453,0.2277120292,0.451498417,0.1210429304,0.6838465473,1.8240,0.6574958117
-0.040,0.454,0.228225015,0.4524978442,0.1213089056,0.6837429612,1.8232,0.6580813841
-0.040,0.455,0.2287380704,0.4534972877,0.1215748763,0.6836390305,1.8225,0.6586584116
-0.040,0.456,0.2292511954,0.4544967476,0.1218408426,0.6835347507,1.8218,0.6592268530
-0.040,0.457,0.2297643903,0.455496224,0.1221068046,0.6834301153,1.8210,0.6597866713
-0.040,0.458,0.2302776553,0.4564957167,0.1223727622,0.6833251303,1.8203,0.6603378366
-0.040,0.459,0.2307909905,0.4574952259,0.1226387155,0.6832197944,1.8196,0.6608803132
-0.040,0.460,0.231304396,0.4584947516,0.1229046646,0.6831141063,1.8188,0.6614140662
-0.040,0.461,0.2318178721,0.4594942937,0.1231706094,0.6830080625,1.8181,0.6619390551
-0.040,0.462,0.2323314189,0.4604938523,0.1234365499,0.6829016645,1.8174,0.6624552488
-0.040,0.463,0.2328450367,0.4614934275,0.1237024864,0.6827949109,1.8166,0.6629626089
-0.040,0.464,0.2333587254,0.4624930191,0.1239684186,0.6826878064,1.8159,0.6634611053
-0.040,0.465,0.2338724854,0.4634926273,0.1242343468,0.6825803397,1.8151,0.6639506884
-0.040,0.466,0.2343863168,0.4644922521,0.1245002709,0.6824725170,1.8144,0.6644313307
-0.040,0.467,0.2349002198,0.4654918934,0.124766191,0.6823643357,1.8136,0.6649029926
-0.040,0.468,0.2354141945,0.4664915513,0.125032107,0.6822557940,1.8129,0.6653656340
-0.040,0.469,0.2359282411,0.4674912258,0.1252980191,0.6821468941,1.8121,0.6658192225
-0.040,0.470,0.2364423598,0.4684909169,0.1255639273,0.6820376367,1.8113,0.6662637181
-0.040,0.471,0.2369565508,0.4694906246,0.1258298316,0.6819280170,1.8106,0.6666990822
-0.040,0.472,0.2374708141,0.470490349,0.126095732,0.6818180300,1.8098,0.6671252685
-0.040,0.473,0.2379851501,0.47149009,0.1263616287,0.6817076899,1.8091,0.6675422547
-0.040,0.474,0.2384995588,0.4724898477,0.1266275215,0.6815969794,1.8083,0.6679499840
-0.040,0.475,0.2390140404,0.4734896221,0.1268934106,0.6814859134,1.8075,0.6683484335
-0.040,0.476,0.2395285951,0.4744894132,0.1271592961,0.6813744680,1.8067,0.6687375393
-0.040,0.477,0.2400432231,0.475489221,0.1274251778,0.6812626697,1.8060,0.6691172889
-0.040,0.478,0.2405579246,0.4764890455,0.1276910559,0.6811505001,1.8052,0.6694876231
-0.040,0.479,0.2410726996,0.4774888867,0.1279569305,0.6810379625,1.8044,0.6698485069
-0.040,0.480,0.2415875485,0.4784887448,0.1282228015,0.6809250644,1.8036,0.6701999071
-0.040,0.481,0.2421024713,0.4794886195,0.128488669,0.6808117885,1.8029,0.6705417636
-0.040,0.482,0.2426174682,0.4804885111,0.1287545331,0.6806981455,1.8021,0.6708740474
-0.040,0.483,0.2431325395,0.4814884195,0.1290203937,0.6805841377,1.8013,0.6711967199
-0.040,0.484,0.2436476852,0.4824883446,0.1292862509,0.6804697510,1.8005,0.6715097253
-0.040,0.485,0.2441629055,0.4834882866,0.1295521048,0.6803550045,1.7997,0.6718130390
-0.040,0.486,0.2446782007,0.4844882454,0.1298179554,0.6802398733,1.7989,0.6721065956
-0.040,0.487,0.2451935708,0.4854882211,0.1300838028,0.6801243766,1.7981,0.6723903703
-0.040,0.488,0.2457090161,0.4864882136,0.1303496469,0.6800085017,1.7973,0.6726643082
-0.040,0.489,0.2462245368,0.487488223,0.1306154879,0.6798922561,1.7966,0.6729283732
-0.040,0.490,0.2467401329,0.4884882492,0.1308813257,0.6797756279,1.7958,0.6731825090
-0.040,0.491,0.2472558048,0.4894882924,0.1311471605,0.6796586300,1.7950,0.6734266844
-0.040,0.492,0.2477715524,0.4904883524,0.1314129922,0.6795412583,1.7942,0.6736608519
-0.040,0.493,0.2482873761,0.4914884294,0.1316788209,0.6794235053,1.7933,0.6738849576
-0.040,0.494,0.248803276,0.4924885233,0.1319446467,0.6793053728,1.7925,0.6740989589
-0.040,0.495,0.2493192523,0.4934886342,0.1322104695,0.6791868616,1.7917,0.6743028109
-0.040,0.496,0.2498353051,0.494488762,0.1324762895,0.6790679687,1.7909,0.6744964643
-0.040,0.497,0.2503514346,0.4954889067,0.1327421067,0.6789487011,1.7901,0.6746798800
-0.040,0.498,0.2508676411,0.4964890685,0.1330079211,0.6788290485,1.7893,0.6748530005
-0.040,0.499,0.2513839245,0.4974892472,0.1332737328,0.6787090152,1.7885,0.6750157828
-0.040,0.500,0.2519002853,0.4984894429,0.1335395418,0.6785885998,1.7877,0.6751681789
-0.040,0.501,0.2524167234,0.4994896556,0.1338053481,0.6784677916,1.7868,0.6753101287
-0.040,0.502,0.2529332391,0.5004898853,0.1340711519,0.6783466123,1.7860,0.6754416065
-0.040,0.503,0.2534498326,0.5014901321,0.1343369532,0.6782250367,1.7852,0.6755625375
-0.040,0.504,0.253966504,0.5024903959,0.1346027519,0.6781030831,1.7844,0.6756728911
-0.040,0.505,0.2544832535,0.5034906767,0.1348685482,0.6779807392,1.7835,0.6757726050
-0.040,0.506,0.2550000813,0.5044909746,0.1351343421,0.6778580129,1.7827,0.6758616373
-0.040,0.507,0.2555169875,0.5054912895,0.1354001337,0.6777348913,1.7819,0.6759399242
-0.040,0.508,0.2560339724,0.5064916216,0.1356659229,0.6776113847,1.7810,0.6760074249
-0.040,0.509,0.2565510361,0.5074919707,0.13593171,0.6774874854,1.7802,0.6760640806
-0.040,0.510,0.2570681788,0.5084923369,0.1361974948,0.6773632002,1.7794,0.6761098453
-0.040,0.511,0.2575854006,0.5094927202,0.1364632774,0.6772385181,1.7785,0.6761446568
-0.040,0.512,0.2581027018,0.5104931206,0.136729058,0.6771134486,1.7777,0.6761684705
-0.040,0.513,0.2586200825,0.5114935382,0.1369948365,0.6769879817,1.7768,0.6761812235
-0.040,0.514,0.2591375428,0.5124939729,0.1372606131,0.6768621273,1.7760,0.6761828715
-0.040,0.515,0.2596550831,0.5134944247,0.1375263877,0.6767358698,1.7751,0.6761733448
-0.040,0.516,0.2601727033,0.5144948936,0.1377921604,0.6766092278,1.7743,0.6761526069
-0.040,0.517,0.2606904038,0.5154953798,0.1380579312,0.6764821854,1.7734,0.6761205867
-0.040,0.518,0.2612081847,0.516495883,0.1383237003,0.6763547467,1.7726,0.6760772322
-0.040,0.519,0.2617260461,0.5174964035,0.1385894676,0.6762269086,1.7717,0.6760224837
-0.040,0.520,0.2622439882,0.5184969411,0.1388552333,0.6760986740,1.7709,0.6759562874
-0.040,0.521,0.2627620113,0.5194974959,0.1391209973,0.6759700413,1.7700,0.6758785837
-0.040,0.522,0.2632801155,0.5204980679,0.1393867598,0.6758410058,1.7691,0.6757893103
-0.040,0.523,0.2637983009,0.5214986571,0.1396525207,0.6757115728,1.7683,0.6756884134
-0.040,0.524,0.2643165678,0.5224992636,0.1399182802,0.6755817375,1.7674,0.6755758292
-0.040,0.525,0.2648349164,0.5234998872,0.1401840382,0.6754514993,1.7665,0.6754514973
-0.040,0.526,0.2653533467,0.524500528,0.140449795,0.6753208615,1.7657,0.6753153604
-0.040,0.527,0.265871859,0.5255011861,0.1407155504,0.6751898185,1.7648,0.6751673522
-0.040,0.528,0.2663904534,0.5265018615,0.1409813046,0.6750583739,1.7639,0.6750074143
-0.040,0.529,0.2669091302,0.527502554,0.1412470575,0.6749265162,1.7631,0.6748354732
-0.040,0.530,0.2674278896,0.5285032638,0.1415128094,0.6747942587,1.7622,0.6746514794
-0.040,0.531,0.2679467316,0.5295039909,0.1417785602,0.6746615892,1.7613,0.6744553569
-0.040,0.532,0.2684656564,0.5305047352,0.14204431,0.6745285212,1.7604,0.6742470555
-0.040,0.533,0.2689846643,0.5315054968,0.1423100588,0.6743950363,1.7595,0.6740264917
-0.040,0.534,0.2695037555,0.5325062757,0.1425758067,0.6742611479,1.7586,0.6737936134
-0.040,0.535,0.27002293,0.5335070718,0.1428415538,0.6741268447,1.7578,0.6735483432
-0.040,0.536,0.2705421882,0.5345078853,0.1431073002,0.6739921318,1.7569,0.6732906198
-0.040,0.537,0.2710615301,0.535508716,0.1433730458,0.6738570151,1.7560,0.6730203812
-0.040,0.538,0.2715809559,0.536509564,0.1436387907,0.6737214836,1.7551,0.6727375476
-0.040,0.539,0.2721004659,0.5375104293,0.143904535,0.6735855340,1.7542,0.6724420476
-0.040,0.540,0.2726200601,0.5385113119,0.1441702789,0.6734491757,1.7533,0.6721338202
-0.040,0.541,0.2731397389,0.5395122119,0.1444360222,0.6733124003,1.7524,0.6718127870
-0.040,0.542,0.2736595023,0.5405131291,0.1447017651,0.6731752094,1.7515,0.6714788780
-0.040,0.543,0.2741793505,0.5415140637,0.1449675077,0.6730376002,1.7506,0.6711320186
-0.040,0.544,0.2746992837,0.5425150156,0.14523325,0.6728995805,1.7497,0.6707721439
-0.040,0.545,0.2752193022,0.5435159848,0.145498992,0.6727611339,1.7488,0.6703991633
-0.040,0.546,0.275739406,0.5445169713,0.1457647339,0.6726222762,1.7478,0.6700130192
-0.040,0.547,0.2762595954,0.5455179752,0.1460304757,0.6724830001,1.7469,0.6696136276
-0.040,0.548,0.2767798705,0.5465189964,0.1462962175,0.6723433074,1.7460,0.6692009155
-0.040,0.549,0.2773002316,0.5475200349,0.1465619592,0.6722031827,1.7451,0.6687747898
-0.040,0.550,0.2778206787,0.5485210908,0.1468277011,0.6720626448,1.7442,0.6683351913
-0.040,0.551,0.2783412122,0.5495221641,0.1470934432,0.6719216803,1.7433,0.6678820276
-0.040,0.552,0.2788618321,0.5505232547,0.1473591854,0.6717803016,1.7423,0.6674152325
-0.040,0.553,0.2793825386,0.5515243626,0.147624928,0.6716384897,1.7414,0.6669347061
-0.040,0.554,0.279903332,0.5525254879,0.1478906709,0.6714962570,1.7405,0.6664403776
-0.040,0.555,0.2804242124,0.5535266306,0.1481564142,0.6713535966,1.7396,0.6659321593
-0.040,0.556,0.2809451799,0.5545277906,0.148422158,0.6712105114,1.7386,0.6654099696
-0.040,0.557,0.2814662349,0.555528968,0.1486879024,0.6710670027,1.7377,0.6648737256
-0.040,0.558,0.2819873773,0.5565301627,0.1489536474,0.6709230579,1.7368,0.6643233290
-0.040,0.559,0.2825086076,0.5575313748,0.1492193931,0.6707786963,1.7358,0.6637587131
-0.040,0.560,0.2830299257,0.5585326043,0.1494851395,0.6706339038,1.7349,0.6631797751
-0.040,0.561,0.2835513319,0.5595338512,0.1497508868,0.6704886729,1.7340,0.6625864187
-0.040,0.562,0.2840728265,0.5605351154,0.150016635,0.6703430101,1.7330,0.6619785609
-0.040,0.563,0.2845944095,0.561536397,0.1502823841,0.6701969186,1.7321,0.6613561144
-0.040,0.564,0.2851160811,0.562537696,0.1505481343,0.6700504018,1.7311,0.6607189905
-0.040,0.565,0.2856378416,0.5635390123,0.1508138856,0.6699034440,1.7302,0.6600670771
-0.040,0.566,0.2861596911,0.564540346,0.1510796381,0.6697560565,1.7292,0.6594002954
-0.040,0.567,0.2866816297,0.5655416971,0.1513453918,0.6696082322,1.7283,0.6587185400
-0.040,0.568,0.2872036578,0.5665430656,0.1516111469,0.6694599814,1.7273,0.6580217244
-0.040,0.569,0.2877257754,0.5675444515,0.1518769033,0.6693112759,1.7264,0.6573097210
-0.040,0.570,0.2882479828,0.5685458547,0.1521426613,0.6691621450,1.7254,0.6565824614
-0.040,0.571,0.2887702801,0.5695472753,0.1524084208,0.6690125725,1.7245,0.6558398270
-0.040,0.572,0.2892926675,0.5705487133,0.1526741818,0.6688625686,1.7235,0.6550817273
-0.040,0.573,0.2898151453,0.5715501686,0.1529399446,0.6687121210,1.7225,0.6543080439
-0.040,0.574,0.2903377135,0.5725516414,0.1532057092,0.6685612258,1.7216,0.6535186696
-0.040,0.575,0.2908603724,0.5735531315,0.1534714756,0.6684098994,1.7206,0.6527135133
-0.040,0.576,0.2913831221,0.574554639,0.1537372439,0.6682581262,1.7196,0.6518924503
-0.040,0.577,0.2919059629,0.5755561638,0.1540030142,0.6681059120,1.7187,0.6510553780
-0.040,0.578,0.2924288949,0.5765577061,0.1542687865,0.6679532543,1.7177,0.6502021833
-0.040,0.579,0.2929519184,0.5775592657,0.1545345611,0.6678001490,1.7167,0.6493327497
-0.040,0.580,0.2934750334,0.5785608426,0.1548003378,0.6676466068,1.7157,0.6484469707
-0.040,0.581,0.2939982402,0.579562437,0.1550661168,0.6674926115,1.7147,0.6475447159
-0.040,0.582,0.294521539,0.5805640487,0.1553318982,0.6673381678,1.7138,0.6466258706
-0.040,0.583,0.2950449299,0.5815656778,0.1555976821,0.6671832862,1.7128,0.6456903296
-0.040,0.584,0.2955684132,0.5825673242,0.1558634685,0.6670279546,1.7118,0.6447379574
-0.040,0.585,0.296091989,0.583568988,0.1561292575,0.6668721739,1.7108,0.6437686282
-0.040,0.586,0.2966156575,0.5845706691,0.1563950492,0.6667159429,1.7098,0.6427822212
-0.040,0.587,0.2971394189,0.5855723676,0.1566608437,0.6665592464,1.7088,0.6417785890
-0.040,0.588,0.2976632735,0.5865740835,0.156926641,0.6664021256,1.7078,0.6407576506
-0.040,0.589,0.2981872212,0.5875758167,0.1571924413,0.6662445336,1.7068,0.6397192208
-0.040,0.590,0.2987112625,0.5885775672,0.1574582446,0.6660864960,1.7058,0.6386631988
-0.040,0.591,0.2992353974,0.5895793351,0.157724051,0.6659280022,1.7048,0.6375894351
-0.040,0.592,0.2997596261,0.5905811204,0.1579898605,0.6657690573,1.7038,0.6364977981
-0.040,0.593,0.3002839489,0.5915829229,0.1582556733,0.6656096533,1.7028,0.6353881416
-0.040,0.594,0.3008083658,0.5925847428,0.1585214895,0.6654497991,1.7018,0.6342603323
-0.040,0.595,0.3013328772,0.5935865801,0.1587873091,0.6652894876,1.7008,0.6331142185
-0.040,0.596,0.3018574832,0.5945884346,0.1590531322,0.6651287116,1.6998,0.6319496447
-0.040,0.597,0.3023821839,0.5955903065,0.1593189589,0.6649674801,1.6988,0.6307664763
-0.040,0.598,0.3029069796,0.5965921956,0.1595847893,0.6648057862,1.6978,0.6295645503
-0.040,0.599,0.3034318705,0.5975941021,0.1598506235,0.6646436429,1.6968,0.6283437283
-0.040,0.600,0.3039568567,0.5985960259,0.1601164615,0.6644810379,1.6958,0.6271038392
-0.040,0.601,0.3044819385,0.599597967,0.1603823034,0.6643179559,1.6948,0.6258447099
-0.040,0.602,0.3050071159,0.6005999254,0.1606481494,0.6641544275,1.6937,0.6245662124
-0.040,0.603,0.3055323893,0.6016019011,0.1609139995,0.6639904323,1.6927,0.6232681554
-0.040,0.604,0.3060577588,0.6026038941,0.1611798538,0.6638259649,1.6917,0.6219503669
-0.040,0.605,0.3065832246,0.6036059043,0.1614457124,0.6636610445,1.6907,0.6206126997
-0.040,0.606,0.3071087868,0.6046079318,0.1617115753,0.6634956571,1.6896,0.6192549600
-0.040,0.607,0.3076344458,0.6056099766,0.1619774428,0.6633298006,1.6886,0.6178769713
-0.040,0.608,0.3081602015,0.6066120386,0.1622433147,0.6631634859,1.6876,0.6164785656
-0.040,0.609,0.3086860544,0.6076141179,0.1625091914,0.6629966848,1.6865,0.6150595271
-0.040,0.610,0.3092120045,0.6086162145,0.1627750727,0.6628294292,1.6855,0.6136197024
-0.040,0.611,0.309738052,0.6096183282,0.1630409589,0.6626616995,1.6845,0.6121588813
-0.040,0.612,0.3102641972,0.6106204592,0.16330685,0.6624935012,1.6834,0.6106768733
-0.040,0.613,0.3107904401,0.6116226075,0.1635727462,0.6623248280,1.6824,0.6091734737
-0.040,0.614,0.3113167811,0.6126247729,0.1638386474,0.6621556888,1.6814,0.6076484941
-0.040,0.615,0.3118432203,0.6136269556,0.1641045538,0.6619860749,1.6803,0.6061017141
-0.040,0.616,0.3123697579,0.6146291555,0.1643704655,0.6618159887,1.6793,0.6045329270
-0.040,0.617,0.312896394,0.6156313725,0.1646363826,0.6616454377,1.6782,0.6029419304
-0.040,0.618,0.313423129,0.6166336068,0.1649023052,0.6614743918,1.6772,0.6013284640
-0.040,0.619,0.3139499629,0.6176358582,0.1651682333,0.6613028801,1.6761,0.5996923434
-0.040,0.620,0.3144768959,0.6186381268,0.1654341671,0.6611308972,1.6751,0.5980333319
-0.040,0.621,0.3150039284,0.6196404126,0.1657001067,0.6609584359,1.6740,0.5963511878
-0.040,0.622,0.3155310603,0.6206427155,0.1659660521,0.6607854871,1.6730,0.5946456665
-0.040,0.623,0.3160582921,0.6216450356,0.1662320035,0.6606120685,1.6719,0.5929165417
-0.040,0.624,0.3165856237,0.6226473728,0.166497961,0.6604381741,1.6708,0.5911635598
-0.040,0.625,0.3171130555,0.6236497272,0.1667639246,0.6602637868,1.6698,0.5893864425
-0.040,0.626,0.3176405876,0.6246520986,0.1670298944,0.6600889312,1.6687,0.5875849685
-0.040,0.627,0.3181682202,0.6256544872,0.1672958706,0.6599135901,1.6676,0.5857588439
-0.040,0.628,0.3186959535,0.6266568928,0.1675618532,0.6597377596,1.6666,0.5839077954
-0.040,0.629,0.3192237878,0.6276593156,0.1678278424,0.6595614528,1.6655,0.5820315616
-0.040,0.630,0.3197517231,0.6286617554,0.1680938382,0.6593846608,1.6644,0.5801298497
-0.040,0.631,0.3202797597,0.6296642123,0.1683598407,0.6592073835,1.6634,0.5782023676
-0.040,0.632,0.3208078979,0.6306666863,0.1686258502,0.6590296170,1.6623,0.5762488056
-0.040,0.633,0.3213361377,0.6316691773,0.1688918665,0.6588513689,1.6612,0.5742688790
-0.040,0.634,0.3218644793,0.6326716853,0.1691578899,0.6586726335,1.6601,0.5722622642
-0.040,0.635,0.3223929231,0.6336742104,0.1694239205,0.6584934056,1.6590,0.5702286382
-0.040,0.636,0.3229214691,0.6346767525,0.1696899583,0.6583136938,1.6580,0.5681676748
-0.040,0.637,0.3234501176,0.6356793116,0.1699560034,0.6581334924,1.6569,0.5660790380
-0.040,0.638,0.3239788688,0.6366818876,0.1702220561,0.6579528015,1.6558,0.5639623764
-0.040,0.639,0.3245077228,0.6376844807,0.1704881163,0.6577716179,1.6547,0.5618173474
-0.040,0.640,0.3250366799,0.6386870907,0.1707541841,0.6575899433,1.6536,0.5596435767
-0.040,0.641,0.3255657402,0.6396897177,0.1710202598,0.6574077603,1.6525,0.5574406693
-0.040,0.642,0.326094904,0.6406923616,0.1712863433,0.6572250983,1.6514,0.5552082843
-0.040,0.643,0.3266241714,0.6416950225,0.1715524348,0.6570419482,1.6503,0.5529460163
-0.040,0.644,0.3271535427,0.6426977003,0.1718185344,0.6568583011,1.6492,0.5506534541
-0.040,0.645,0.327683018,0.643700395,0.1720846422,0.6566741492,1.6481,0.5483301687
-0.040,0.646,0.3282125976,0.6447031065,0.1723507584,0.6564895082,1.6470,0.5459757506
-0.040,0.647,0.3287422815,0.645705835,0.1726168829,0.6563043586,1.6459,0.5435897397
-0.040,0.648,0.3292720702,0.6467085803,0.172883016,0.6561187282,1.6448,0.5411717193
-0.040,0.649,0.3298019636,0.6477113425,0.1731491577,0.6559325910,1.6437,0.5387211947
-0.040,0.650,0.3303319621,0.6487141215,0.1734153082,0.6557459506,1.6426,0.5362376810
-0.040,0.651,0.3308620658,0.6497169174,0.1736814675,0.6555588123,1.6415,0.5337206999
-0.040,0.652,0.331392275,0.65071973,0.1739476358,0.6553711602,1.6404,0.5311697225
-0.040,0.653,0.3319225898,0.6517225595,0.1742138132,0.6551830299,1.6393,0.5285842657
-0.040,0.654,0.3324530104,0.6527254057,0.1744799997,0.6549943819,1.6381,0.5259637392
-0.040,0.655,0.332983537,0.6537282687,0.1747461956,0.6548052372,1.6370,0.5233076235
-0.040,0.656,0.3335141699,0.6547311485,0.1750124009,0.6546155851,1.6359,0.5206153117
-0.040,0.657,0.3340449092,0.655734045,0.1752786157,0.6544254296,1.6348,0.5178862236
-0.040,0.658,0.3345757551,0.6567369582,0.1755448402,0.6542347598,1.6337,0.5151197230
-0.040,0.659,0.3351067079,0.6577398881,0.1758110745,0.6540435926,1.6325,0.5123152061
-0.040,0.660,0.3356377677,0.6587428347,0.1760773186,0.6538519131,1.6314,0.5094719877
-0.040,0.661,0.3361689347,0.659745798,0.1763435727,0.6536597281,1.6303,0.5065893974
-0.040,0.662,0.3367002092,0.660748778,0.1766098369,0.6534670345,1.6292,0.5036667369
-0.040,0.663,0.3372315913,0.6617517746,0.1768761114,0.6532738346,1.6280,0.5007032650
-0.040,0.664,0.3377630812,0.6627547878,0.1771423961,0.6530801192,1.6269,0.4976982170
-0.040,0.665,0.3382946791,0.6637578176,0.1774086914,0.6528858959,1.6258,0.4946508315
-0.040,0.666,0.3388263853,0.6647608641,0.1776749972,0.6526911545,1.6246,0.4915602611
-0.040,0.667,0.3393582,0.6657639271,0.1779413138,0.6524959017,1.6235,0.4884256753
-0.040,0.668,0.3398901233,0.6667670066,0.1782076411,0.6523001416,1.6223,0.4852462041
-0.040,0.669,0.3404221554,0.6677701027,0.1784739794,0.6521038611,1.6212,0.4820209162
-0.040,0.670,0.3409542966,0.6687732154,0.1787403288,0.6519070694,1.6201,0.4787488740
-0.040,0.671,0.341486547,0.6697763445,0.1790066893,0.6517097661,1.6189,0.4754290842
-0.040,0.672,0.3420189069,0.6707794902,0.1792730612,0.6515119328,1.6178,0.4720604889
-0.040,0.673,0.3425513764,0.6717826523,0.1795394444,0.6513135943,1.6166,0.4686420525
-0.040,0.674,0.3430839558,0.6727858309,0.1798058393,0.6511147357,1.6155,0.4651726306
-0.040,0.675,0.3436166453,0.6737890259,0.1800722457,0.6509153526,1.6143,0.4616510436
-0.040,0.676,0.3441494451,0.6747922373,0.180338664,0.6507154550,1.6132,0.4580760898
-0.040,0.677,0.3446823553,0.6757954651,0.1806050942,0.6505150326,1.6120,0.4544464589
-0.040,0.678,0.3452153762,0.6767987093,0.1808715365,0.6503140925,1.6108,0.4507608331
-0.040,0.679,0.345748508,0.6778019698,0.1811379909,0.6501126334,1.6097,0.4470177905
-0.040,0.680,0.3462817509,0.6788052467,0.1814044576,0.6499106412,1.6085,0.4432158671
-0.040,0.681,0.346815105,0.67980854,0.1816709368,0.6497081410,1.6074,0.4393535232
-0.040,0.682,0.3473485707,0.6808118495,0.1819374285,0.6495051060,1.6062,0.4354291034
-0.040,0.683,0.3478821481,0.6818151753,0.1822039328,0.6493015431,1.6050,0.4314409140
-0.040,0.684,0.3484158374,0.6828185173,0.18247045,0.6490974589,1.6039,0.4273871560
-0.040,0.685,0.3489496388,0.6838218757,0.1827369801,0.6488928521,1.6027,0.4232659283
-0.040,0.686,0.3494835525,0.6848252502,0.1830035233,0.6486877042,1.6015,0.4190751910
-0.040,0.687,0.3500175788,0.6858286409,0.1832700797,0.6484820480,1.6004,0.4148128997
-0.040,0.688,0.3505517178,0.6868320478,0.1835366494,0.6482758459,1.5992,0.4104767211
-0.040,0.689,0.3510859698,0.6878354709,0.1838032326,0.6480691267,1.5980,0.4060643438
-0.040,0.690,0.3516203349,0.6888389101,0.1840698294,0.6478618729,1.5968,0.4015732099
-0.040,0.691,0.3521548134,0.6898423654,0.1843364398,0.6476540833,1.5956,0.3970006269
-0.040,0.692,0.3526894054,0.6908458368,0.1846030642,0.6474457762,1.5945,0.3923437813
-0.040,0.693,0.3532241112,0.6918493242,0.1848697025,0.6472369170,1.5933,0.3875995487
-0.040,0.694,0.353758931,0.6928528278,0.185136355,0.6470275417,1.5921,0.3827647559
-0.040,0.695,0.354293865,0.6938563473,0.1854030217,0.6468176235,1.5909,0.3778358601
-0.040,0.696,0.3548289134,0.6948598829,0.1856697028,0.6466071647,1.5897,0.3728091230
-0.040,0.697,0.3553640765,0.6958634344,0.1859363984,0.6463961808,1.5885,0.3676805759
-0.040,0.698,0.3558993543,0.6968670019,0.1862031087,0.6461846558,1.5873,0.3624458386
-0.040,0.699,0.3564347472,0.6978705853,0.1864698338,0.6459725938,1.5862,0.3571002586
-0.040,0.700,0.3569702553,0.6988741847,0.1867365739,0.6457599954,1.5850,0.3516387789
-0.040,0.701,0.3575058789,0.6998777999,0.187003329,0.6455468584,1.5838,0.3460558987
-0.040,0.702,0.3580416181,0.700881431,0.1872700994,0.6453331726,1.5826,0.3403456451
-0.040,0.703,0.3585774732,0.7018850779,0.1875368851,0.6451189666,1.5814,0.3345015330
-0.040,0.704,0.3591134444,0.7028887407,0.1878036863,0.6449042081,1.5802,0.3285163794
-0.040,0.705,0.3596495318,0.7038924192,0.1880705031,0.6446889057,1.5790,0.3223823154
-0.040,0.706,0.3601857358,0.7048961135,0.1883373358,0.6444730652,1.5778,0.3160907285
-0.040,0.707,0.3607220565,0.7058998236,0.1886041843,0.6442566865,1.5766,0.3096320004
-0.040,0.708,0.3612584942,0.7069035494,0.1888710489,0.6440397502,1.5754,0.3029954266
-0.040,0.709,0.3617950489,0.7079072908,0.1891379298,0.6438222775,1.5741,0.2961690911
-0.040,0.710,0.3623317211,0.708911048,0.1894048269,0.6436042538,1.5729,0.2891395459
-0.040,0.711,0.3628685107,0.7099148207,0.1896717406,0.6433856900,1.5717,0.2818916389
-0.040,0.712,0.3634054182,0.7109186091,0.1899386709,0.6431665888,1.5705,0.2744080663
-0.040,0.713,0.3639424437,0.7119224131,0.190205618,0.6429469242,1.5693,0.2666689508
-0.040,0.714,0.3644795873,0.7129262327,0.1904725821,0.6427267105,1.5681,0.2586514347
-0.040,0.715,0.3650168494,0.7139300677,0.1907395632,0.6425059580,1.5669,0.2503287953
-0.040,0.716,0.3655542301,0.7149339183,0.1910065615,0.6422846493,1.5656,0.2416694986
-0.040,0.717,0.3660917297,0.7159377844,0.1912735772,0.6420627901,1.5644,0.2326360022
-0.040,0.718,0.3666293483,0.716941666,0.1915406105,0.6418403822,1.5632,0.2231829141
-0.040,0.719,0.3671670862,0.7179455629,0.1918076614,0.6416174270,1.5620,0.2132544822
-0.040,0.720,0.3677049436,0.7189494753,0.1920747301,0.6413939155,1.5608,0.2027809011
-0.040,0.721,0.3682429207,0.719953403,0.1923418168,0.6411698411,1.5595,0.1916728565
-0.040,0.722,0.3687810177,0.7209573461,0.1926089216,0.6409452187,1.5583,0.1798129165
-0.040,0.723,0.3693192349,0.7219613046,0.1928760447,0.6407200461,1.5571,0.1670410552
-0.040,0.724,0.3698575724,0.7229652783,0.1931431863,0.6404943153,1.5558,0.1531292872
-0.040,0.725,0.3703960304,0.7239692672,0.1934103464,0.6402680268,1.5546,0.1377327059
-0.040,0.726,0.3709346093,0.7249732714,0.1936775253,0.6400411830,1.5534,0.1202826004
-0.040,0.727,0.3714733092,0.7259772908,0.193944723,0.6398137828,1.5521,0.0997066588
-0.040,0.728,0.3720121302,0.7269813254,0.1942119398,0.6395858120,1.5509,0.0734223556
-0.040,0.729,0.3725510728,0.7279853752,0.1944791758,0.6393572939,1.5497,0.0285698331
-0.040,0.730,0.3730901369,0.72898944,0.1947464311,0.7035815871,1.9716,0.0000000000
-0.040,0.731,0.373629323,0.72999352,0.195013706,0.7371217670,2.2726,0.0000000000
-0.040,0.732,0.3741686311,0.730997615,0.1952810005,0.7630494573,2.5631,0.0000000000
-0.040,0.733,0.3747080615,0.732001725,0.1955483148,0.7852938749,2.8678,0.0000000000
-0.040,0.734,0.3752476145,0.73300585,0.1958156492,0.8052549551,3.2002,0.0000000000
-0.040,0.735,0.3757872902,0.73400999,0.1960830037,0.8236244914,3.5722,0.0000000000
-0.040,0.736,0.3763270888,0.7350141449,0.1963503785,0.8408041468,3.9975,0.0000000000
-0.040,0.737,0.3768670107,0.7360183148,0.1966177737,0.8570517319,4.4935,0.0000000000
-0.040,0.738,0.3774070559,0.7370224995,0.1968851896,0.8725442337,5.0839,0.0000000000
-0.040,0.739,0.3779472248,0.738026699,0.1971526263,0.8874093035,5.8029,0.0000000000
-0.040,0.740,0.3784875175,0.7390309134,0.1974200839,0.9017427915,6.7019,0.0000000000
-0.040,0.741,0.3790279343,0.7400351426,0.1976875627,0.9156185201,7.8628,0.0000000000
-0.040,0.742,0.3795684754,0.7410393864,0.1979550627,0.9290949231,9.4249,0.0000000000
-0.040,0.743,0.3801091409,0.7420436451,0.1982225842,0.9422191824,11.6461,0.0000000000
-0.040,0.744,0.3806499312,0.7430479184,0.1984901272,0.9550299825,15.0643,0.0000000000
-0.040,0.745,0.3811908465,0.7440522063,0.1987576921,0.9675595628,21.0183,0.0000000000
-0.040,0.746,0.3817318869,0.7450565089,0.1990252789,0.9798350151,34.0261,0.0000000000
-0.040,0.747,0.3822730527,0.746060826,0.1992928878,0.9918794789,85.0104,0.0000000000
-0.040,0.748,0.3828143441,0.7470651577,0.199560519,1.0037128077,nan,0.0000000000
-0.040,0.749,0.3833557614,0.7480695039,0.1998281726,1.0153522375,nan,0.0000000000
-0.040,0.750,0.3838973047,0.7490738647,0.2000958489,1.0268128538,nan,0.0000000000
-0.040,0.751,0.3844389743,0.7500782398,0.2003635479,1.0381078291,nan,0.0000000000
-0.040,0.752,0.3849807704,0.7510826294,0.2006312699,1.0492488924,nan,0.0000000000
-0.040,0.753,0.3855226932,0.7520870333,0.200899015,1.0602464880,nan,0.0000000000
-0.040,0.754,0.386064743,0.7530914517,0.2011667835,1.0711099166,nan,0.0000000000
-0.040,0.755,0.38660692,0.7540958843,0.2014345754,1.0818475752,nan,0.0000000000
-0.040,0.756,0.3871492243,0.7551003312,0.2017023909,1.0924669311,nan,0.0000000000
-0.040,0.757,0.3876916563,0.7561047923,0.2019702302,1.1029749222,nan,0.0000000000
-0.040,0.758,0.3882342162,0.7571092677,0.2022380936,1.1133776642,nan,0.0000000000
-0.040,0.759,0.3887769041,0.7581137572,0.2025059811,1.1236808196,nan,0.0000000000
-0.040,0.760,0.3893197204,0.7591182608,0.202773893,1.1338895912,nan,0.0000000000
-0.040,0.761,0.3898626652,0.7601227786,0.2030418294,1.1440087553,nan,0.0000000000
-0.040,0.762,0.3904057387,0.7611273104,0.2033097905,1.1540425756,nan,0.0000000000
-0.040,0.763,0.3909489412,0.7621318563,0.2035777764,1.1639951696,nan,0.0000000000
-0.040,0.764,0.3914922729,0.7631364161,0.2038457875,1.1738701871,nan,0.0000000000
-0.040,0.765,0.3920357341,0.7641409899,0.2041138237,1.1836710996,nan,0.0000000000
-0.040,0.766,0.392579325,0.7651455776,0.2043818854,1.1934010584,nan,0.0000000000
-0.040,0.767,0.3931230457,0.7661501792,0.2046499727,1.2030630805,nan,0.0000000000
-0.040,0.768,0.3936668965,0.7671547947,0.2049180858,1.2126598878,nan,0.0000000000
-0.040,0.769,0.3942108778,0.7681594239,0.2051862248,1.2221940648,nan,0.0000000000
-0.040,0.770,0.3947549895,0.7691640669,0.20545439,1.2316680151,nan,0.0000000000
-0.040,0.771,0.3952992321,0.7701687236,0.2057225814,1.2410839773,nan,0.0000000000
-0.040,0.772,0.3958436058,0.7711733941,0.2059907995,1.2504440745,nan,0.0000000000
-0.040,0.773,0.3963881107,0.7721780781,0.2062590442,1.2597502553,nan,0.0000000000
-0.040,0.774,0.3969327471,0.7731827758,0.2065273158,1.2690044348,nan,0.0000000000
-0.040,0.775,0.3974775152,0.7741874871,0.2067956144,1.2782082951,nan,0.0000000000
-0.040,0.776,0.3980224153,0.7751922119,0.2070639403,1.2873635720,nan,0.0000000000
-0.040,0.777,0.3985674476,0.7761969502,0.2073322937,1.2964716914,nan,0.0000000000
-0.040,0.778,0.3991126124,0.7772017019,0.2076006747,1.3055342127,nan,0.0000000000
-0.040,0.779,0.3996579097,0.7782064671,0.2078690836,1.3145525091,nan,0.0000000000
-0.040,0.780,0.40020334,0.7792112456,0.2081375204,1.3235278544,nan,0.0000000000
-0.040,0.781,0.4007489034,0.7802160374,0.2084059855,1.3324614740,nan,0.0000000000
-0.040,0.782,0.4012946001,0.7812208426,0.2086744789,1.3413545843,nan,0.0000000000
-0.040,0.783,0.4018404304,0.782225661,0.208943001,1.3502082827,nan,0.0000000000
-0.040,0.784,0.4023863945,0.7832304926,0.2092115518,1.3590235978,nan,0.0000000000
-0.040,0.785,0.4029324927,0.7842353374,0.2094801316,1.3678015728,nan,0.0000000000
-0.040,0.786,0.4034787252,0.7852401953,0.2097487406,1.3765430881,nan,0.0000000000
-0.040,0.787,0.4040250922,0.7862450663,0.2100173789,1.3852491306,nan,0.0000000000
-0.040,0.788,0.4045715939,0.7872499504,0.2102860468,1.3939205004,nan,0.0000000000
-0.040,0.789,0.4051182307,0.7882548474,0.2105547445,1.4025580241,nan,0.0000000000
-0.040,0.790,0.4056650026,0.7892597574,0.2108234721,1.4111624977,nan,0.0000000000
-0.040,0.791,0.40621191,0.7902646804,0.2110922299,1.4197346226,nan,0.0000000000
-0.040,0.792,0.4067589532,0.7912696161,0.211361018,1.4282751566,nan,0.0000000000
-0.040,0.793,0.4073061322,0.7922745648,0.2116298367,1.4367847403,nan,0.0000000000
-0.040,0.794,0.4078534474,0.7932795262,0.2118986862,1.4452640316,nan,0.0000000000
-0.040,0.795,0.408400899,0.7942845004,0.2121675666,1.4537136234,nan,0.0000000000
-0.040,0.796,0.4089484873,0.7952894872,0.2124364782,1.4621341101,nan,0.0000000000
-0.040,0.797,0.4094962124,0.7962944867,0.2127054211,1.4705260508,nan,0.0000000000
-0.040,0.798,0.4100440747,0.7972994989,0.2129743956,1.4788899914,nan,0.0000000000
-0.040,0.799,0.4105920743,0.7983045235,0.2132434019,1.4872263908,nan,0.0000000000
-0.040,0.800,0.4111402115,0.7993095608,0.2135124401,1.4955358240,nan,0.0000000000
0.000,0.010,0.004987566636,0.009975091916,0.002616689774,0.9988228903,588.5086,0.0000000000
0.000,0.011,0.005486328605,0.01097260216,0.002878357193,0.9985753771,486.2012,0.0000000000
0.000,0.012,0.005985092208,0.01197011295,0.003140024228,0.9983041573,408.3865,0.0000000000
0.000,0.013,0.006483857586,0.01296762431,0.003401690842,0.9980091968,347.8279,0.0000000000
0.000,0.014,0.006982624882,0.01396513628,0.003663356996,0.9976904533,299.7759,0.0000000000
0.000,0.015,0.007481394242,0.0149626489,0.003925022654,0.9973478871,261.0099,0.0000000000
0.000,0.016,0.007980165808,0.01596016222,0.004186687778,0.9969814496,229.2824,0.0000000000
0.000,0.017,0.008478939728,0.01695767627,0.004448352333,0.9965910922,202.9873,0.0000000000
0.000,0.018,0.008977716147,0.01795519109,0.004710016281,0.9961767611,180.9516,0.0000000000
0.000,0.019,0.00947649521,0.01895270674,0.004971679588,0.9957384006,162.3027,0.0000000000
0.000,0.020,0.009975277063,0.01995022326,0.005233342216,0.9952759490,146.3804,0.0000000000
0.000,0.021,0.01047406185,0.02094774069,0.00549500413,0.9947893410,132.6780,0.0000000000
0.000,0.022,0.01097284973,0.02194525907,0.005756665294,0.9942785094,120.8011,0.0000000000
0.000,0.023,0.01147164083,0.02294277845,0.006018325671,0.9937433836,110.4393,0.0000000000
0.000,0.024,0.01197043531,0.02394029887,0.006279985227,0.9931838866,101.3455,0.0000000000
0.000,0.025,0.01246923198,0.02493781771,0.006541643224,0.9925999409,93.3208,0.0000000000
0.000,0.026,0.01296803366,0.02593534038,0.006803301035,0.9919914588,86.2040,0.0000000000
0.000,0.027,0.01346683916,0.02693286423,0.007064957917,0.9913583557,79.8630,0.0000000000
0.000,0.028,0.01396564862,0.0279303893,0.007326613834,0.9907005354,74.1891,0.0000000000
0.000,0.029,0.01446446219,0.02892791563,0.00758826875,0.9900179057,69.0919,0.0000000000
0.000,0.030,0.01496328001,0.02992544328,0.007849922629,0.9893103619,64.4957,0.0000000000
0.000,0.031,0.01546210224,0.03092297228,0.008111575436,0.9885778005,60.3370,0.0000000000
0.000,0.032,0.01596092901,0.03192050268,0.008373227135,0.9878201061,56.5618,0.0000000000
0.000,0.033,0.01645976048,0.03291803453,0.008634877691,0.9870371697,53.1246,0.0000000000
0.000,0.034,0.01695859679,0.03391556788,0.008896527068,0.9862288654,49.9860,0.0000000000
0.000,0.035,0.01745743809,0.03491310276,0.009158175231,0.9853950737,47.1124,0.0000000000
0.000,0.036,0.01795628453,0.03591063922,0.009419822144,0.9845356550,44.4748,0.0000000000
0.000,0.037,0.01845513625,0.03690817731,0.009681467772,0.9836504784,42.0480,0.0000000000
0.000,0.038,0.0189539934,0.03790571707,0.009943112079,0.9827393963,39.8102,0.0000000000
0.000,0.039,0.01945285612,0.03890325854,0.01020475503,0.9818022675,37.7421,0.0000000000
0.000,0.040,0.01995172457,0.03990080178,0.01046639659,0.9808389325,35.8271,0.0000000000
0.000,0.041,0.02045059888,0.04089834683,0.01072803672,0.9798492305,34.0503,0.0000000000
0.000,0.042,0.02094947922,0.04189589373,0.01098967539,0.9788329945,32.3988,0.0000000000
0.000,0.043,0.02144836571,0.04289344252,0.01125131256,0.9777900536,30.8610,0.0000000000
0.000,0.044,0.02194725852,0.04389099326,0.0115129482,0.9767202237,29.4267,0.0000000000
0.000,0.045,0.02244615779,0.04488854599,0.01177458227,0.9756233144,28.0868,0.0000000000
0.000,0.046,0.02294506366,0.04588610074,0.01203621474,0.9744991290,26.8332,0.0000000000
0.000,0.047,0.02344397628,0.04688365758,0.01229784556,0.9733474697,25.6587,0.0000000000
0.000,0.048,0.02394289579,0.04788121653,0.01255947472,0.9721681184,24.5566,0.0000000000
0.000,0.049,0.02444182236,0.04887877766,0.01282110216,0.9709608530,23.5211,0.0000000000
0.000,0.050,0.02494075611,0.04987634099,0.01308272786,0.9697254471,22.5470,0.0000000000
0.000,0.051,0.0254396972,0.05087390658,0.01334435178,0.9684616621,21.6295,0.0000000000
0.000,0.052,0.02593864578,0.05187147447,0.01360597388,0.9671692435,20.7642,0.0000000000
0.000,0.053,0.02643760199,0.05286904471,0.01386759413,0.9658479402,19.9473,0.0000000000
0.000,0.054,0.02693656599,0.05386661734,0.0141292125,0.9644974741,19.1752,0.0000000000
0.000,0.055,0.0274355379,0.05486419241,0.01439082895,0.9631175648,18.4447,0.0000000000
0.000,0.056,0.02793451789,0.05586176996,0.01465244344,0.9617079238,17.7528,0.0000000000
0.000,0.057,0.02843350611,0.05685935003,0.01491405594,0.9602682442,17.0968,0.0000000000
0.000,0.058,0.02893250268,0.05785693267,0.01517566642,0.9587982112,16.4742,0.0000000000
0.000,0.059,0.02943150755,0.05885451747,0.01543727472,0.9572974822,15.8829,0.0000000000
0.000,0.060,0.0299305213,0.05985210539,0.01569888104,0.9557657202,15.3207,0.0000000000
0.000,0.061,0.03042954387,0.06084969602,0.01596048523,0.9542025616,14.7858,0.0000000000
0.000,0.062,0.03092857539,0.06184728939,0.01622208726,0.9526076325,14.2763,0.0000000000
0.000,0.063,0.03142761601,0.06284488556,0.01648368709,0.9509805328,13.7908,0.0000000000
0.000,0.064,0.03192666588,0.06384248457,0.01674528468,0.9493208608,13.3276,0.0000000000
0.000,0.065,0.03242572515,0.06484008646,0.01700688001,0.9476281797,12.8854,0.0000000000
0.000,0.066,0.03292479396,0.06583769128,0.01726847303,0.9459020383,12.4630,0.0000000000
0.000,0.067,0.03342387246,0.06683529907,0.01753006371,0.9441419752,12.0592,0.0000000000
0.000,0.068,0.03392296081,0.06783290988,0.01779165202,0.9423474946,11.6728,0.0000000000
0.000,0.069,0.03442205913,0.06883052376,0.01805323792,0.9405180767,11.3030,0.0000000000
0.000,0.070,0.03492116759,0.06982814073,0.01831482138,0.9386531791,10.9486,0.0000000000
0.000,0.071,0.03542028633,0.07082576087,0.01857640236,0.9367522440,10.6089,0.0000000000
0.000,0.072,0.0359194155,0.07182338419,0.01883798083,0.9348146707,10.2830,0.0000000000
0.000,0.073,0.03641855524,0.07282101076,0.01909955675,0.9328398364,9.9702,0.0000000000
0.000,0.074,0.0369177057,0.07381864061,0.0193611301,0.9308270799,9.6698,0.0000000000
0.000,0.075,0.03741686703,0.07481627379,0.01962270083,0.9287757129,9.3811,0.0000000000
0.000,0.076,0.03791603937,0.07581391035,0.01988426891,0.9266849994,9.1034,0.0000000000
0.000,0.077,0.03841522288,0.07681155033,0.02014583431,0.9245541808,8.8362,0.0000000000
0.000,0.078,0.0389144177,0.07780919376,0.02040739699,0.9223824423,8.5790,0.0000000000
0.000,0.079,0.03941362397,0.07880684071,0.02066895692,0.9201689312,8.3313,0.0000000000
0.000,0.080,0.03991284185,0.0798044912,0.02093051406,0.9179127316,8.0925,0.0000000000
0.000,0.081,0.04041207148,0.0808021453,0.02119206838,0.9156128990,7.8622,0.0000000000
0.000,0.082,0.04091131301,0.08179980303,0.02145361985,0.9132684069,7.6401,0.0000000000
0.000,0.083,0.04141056659,0.08279746445,0.02171516843,0.9108781823,7.4256,0.0000000000
0.000,0.084,0.04190983236,0.08379512959,0.02197671409,0.9084410825,7.2184,0.0000000000
0.000,0.085,0.04240911047,0.08479279851,0.0222382568,0.9059558842,7.0182,0.0000000000
0.000,0.086,0.04290840108,0.08579047125,0.02249979651,0.9034212904,6.8246,0.0000000000
0.000,0.087,0.04340770431,0.08678814785,0.0227613332,0.9008359073,6.6373,0.0000000000
0.000,0.088,0.04390702033,0.08778582835,0.02302286683,0.8981982721,6.4560,0.0000000000
0.000,0.089,0.04440634929,0.08878351281,0.02328439737,0.8955067829,6.2805,0.0000000000
0.000,0.090,0.04490569132,0.08978120125,0.02354592478,0.8927597524,6.1104,0.0000000000
0.000,0.091,0.04540504658,0.09077889374,0.02380744904,0.8899553296,5.9455,0.0000000000
0.000,0.092,0.04590441521,0.09177659031,0.0240689701,0.8870915646,5.7855,0.0000000000
0.000,0.093,0.04640379736,0.09277429101,0.02433048794,0.8841663065,5.6303,0.0000000000
0.000,0.094,0.04690319318,0.09377199588,0.02459200252,0.8811772704,5.4796,0.0000000000
0.000,0.095,0.04740260281,0.09476970496,0.02485351381,0.8781219476,5.3331,0.0000000000
0.000,0.096,0.04790202641,0.0957674183,0.02511502177,0.8749976390,5.1908,0.0000000000
0.000,0.097,0.04840146412,0.09676513594,0.02537652637,0.8718013581,5.0523,0.0000000000
0.000,0.098,0.04890091609,0.09776285793,0.02563802757,0.8685298797,4.9176,0.0000000000
0.000,0.099,0.04940038247,0.09876058431,0.02589952535,0.8651796171,4.7863,0.0000000000
0.000,0.100,0.0498998634,0.09975831512,0.02616101967,0.8617466577,4.6584,0.0000000000
0.000,0.101,0.05039935903,0.1007560504,0.0264225105,0.8582266715,4.5337,0.0000000000
0.000,0.102,0.05089886951,0.1017537902,0.0266839978,0.8546148036,4.4120,0.0000000000
0.000,0.103,0.05139839499,0.1027515346,0.02694548155,0.8509056941,4.2932,0.0000000000
0.000,0.104,0.05189793561,0.1037492836,0.0272069617,0.8470932916,4.1770,0.0000000000
0.000,0.105,0.05239749152,0.1047470372,0.02746843823,0.8431707622,4.0633,0.0000000000
0.000,0.106,0.05289706288,0.1057447956,0.02772991109,0.8391303956,3.9521,0.0000000000
0.000,0.107,0.05339664982,0.1067425587,0.02799138027,0.8349633175,3.8430,0.0000000000
0.000,0.108,0.0538962525,0.1077403265,0.02825284573,0.8306593398,3.7359,0.0000000000
0.000,0.109,0.05439587107,0.1087380992,0.02851430743,0.8262066506,3.6307,0.0000000000
0.000,0.110,0.05489550566,0.1097358768,0.02877576534,0.8215913545,3.5272,0.0000000000
0.000,0.111,0.05539515643,0.1107336593,0.02903721943,0.8167969860,3.4252,0.0000000000
0.000,0.112,0.05589482354,0.1117314467,0.02929866966,0.8118037875,3.3245,0.0000000000
0.000,0.113,0.05639450711,0.1127292392,0.02956011601,0.8065876312,3.2248,0.0000000000
0.000,0.114,0.05689420731,0.1137270366,0.02982155844,0.8011186573,3.1259,0.0000000000
0.000,0.115,0.05739392428,0.1147248392,0.03008299692,0.7953590346,3.0274,0.0000000000
0.000,0.116,0.05789365817,0.1157226469,0.03034443142,0.7892596363,2.9289,0.0000000000
0.000,0.117,0.05839340913,0.1167204598,0.0306058619,0.7827547065,2.8299,0.0000000000
0.000,0.118,0.0588931773,0.1177182779,0.03086728833,0.7757525846,2.7298,0.0000000000
0.000,0.119,0.05939296284,0.1187161013,0.03112871069,0.7681188009,2.6274,0.0000000000
0.000,0.120,0.05989276588,0.11971393,0.03139012893,0.7596409018,2.5214,0.0000000000
0.000,0.121,0.06039258659,0.120711764,0.03165154302,0.7499454407,2.4088,0.0000000000
0.000,0.122,0.0608924251,0.1217096034,0.03191295295,0.7382452771,2.2840,0.0000000000
0.000,0.123,0.06139228157,0.1227074483,0.03217435866,0.7220864706,2.1288,0.0000000000
0.000,0.124,0.06189215614,0.1237052986,0.03243576014,0.6960738003,1.9132,0.0194774651
0.000,0.125,0.06239204897,0.1247031544,0.03269715734,0.6960532213,1.9130,0.0376486295
0.000,0.126,0.06289196019,0.1257010159,0.03295855024,0.6960324688,1.9129,0.0496248615
0.000,0.127,0.06339188996,0.1266988829,0.03321993881,0.6960115367,1.9127,0.0592870408
0.000,0.128,0.06389183843,0.1276967556,0.03348132301,0.6959904286,1.9126,0.0676341485
0.000,0.129,0.06439180574,0.1286946339,0.03374270281,0.6959691434,1.9124,0.0751057378
0.000,0.130,0.06489179205,0.129692518,0.03400407819,0.6959476824,1.9122,0.0819414891
0.000,0.131,0.0653917975,0.1306904079,0.0342654491,0.6959260414,1.9121,0.0882889889
0.000,0.132,0.06589182224,0.1316883036,0.03452681553,0.6959042252,1.9119,0.0942468376
0.000,0.133,0.06639186642,0.1326862052,0.03478817743,0.6958822295,1.9117,0.0998846076
0.000,0.134,0.06689193018,0.1336841127,0.03504953478,0.6958600524,1.9116,0.1052536071
0.000,0.135,0.06739201363,0.134682026,0.03531088752,0.6958376987,1.9114,0.1103929272
0.000,0.136,0.06789211702,0.1356799455,0.03557223567,0.6958151676,1.9112,0.1153331445
0.000,0.137,0.06839224043,0.1366778709,0.03583357917,0.6957924558,1.9111,0.1200986909
0.000,0.138,0.06889238403,0.1376758025,0.03609491799,0.6957695625,1.9109,0.1247094704
0.000,0.139,0.06939254795,0.1386737401,0.03635625211,0.6957464931,1.9107,0.1291819501
0.000,0.140,0.06989273235,0.139671684,0.03661758149,0.6957232403,1.9105,0.1335298791
0.000,0.141,0.07039293738,0.140669634,0.0368789061,0.6956998075,1.9104,0.1377649683
0.000,0.142,0.07089316318,0.1416675903,0.03714022591,0.6956761937,1.9102,0.1418971873
0.000,0.143,0.07139340991,0.1426655529,0.03740154089,0.6956523993,1.9100,0.1459351711
0.000,0.144,0.07189367771,0.1436635218,0.03766285101,0.6956284247,1.9098,0.1498864374
0.000,0.145,0.07239396673,0.1446614971,0.03792415624,0.6956042665,1.9096,0.1537575361
0.000,0.146,0.07289427712,0.1456594788,0.03818545655,0.6955799269,1.9094,0.1575542962
0.000,0.147,0.07339460903,0.146657467,0.03844675191,0.6955554022,1.9093,0.1612818544
0.000,0.148,0.0738949626,0.1476554616,0.03870804229,0.6955306974,1.9091,0.1649448145
0.000,0.149,0.07439533799,0.1486534628,0.03896932766,0.6955058107,1.9089,0.1685472767
0.000,0.150,0.07489573535,0.1496514706,0.03923060799,0.6954807413,1.9087,0.1720929523
0.000,0.151,0.07539615482,0.1506494851,0.03949188324,0.6954554867,1.9085,0.1755851757
0.000,0.152,0.07589659656,0.1516475062,0.0397531534,0.6954300471,1.9083,0.1790269651
0.000,0.153,0.0763970607,0.152645534,0.04001441843,0.6954044267,1.9081,0.1824211124
0.000,0.154,0.07689754741,0.1536435686,0.0402756783,0.6953786151,1.9079,0.1857700981
0.000,0.155,0.07739805682,0.15464161,0.04053693298,0.6953526251,1.9077,0.1890762666
0.000,0.156,0.0778985891,0.1556396582,0.04079818244,0.6953264475,1.9075,0.1923417096
0.000,0.157,0.07839914438,0.1566377133,0.04105942665,0.6953000835,1.9073,0.1955683822
0.000,0.158,0.07889972282,0.1576357753,0.04132066559,0.6952735349,1.9071,0.1987580829
0.000,0.159,0.07940032457,0.1586338443,0.04158189922,0.6952468008,1.9069,0.2019124756
0.000,0.160,0.07990094977,0.1596319203,0.04184312752,0.6952198792,1.9067,0.2050331016
0.000,0.161,0.08040159858,0.1606300033,0.04210435046,0.6951927710,1.9065,0.2081213920
0.000,0.162,0.08090227114,0.1616280935,0.042365568,0.6951654730,1.9063,0.2111786660
0.000,0.163,0.0814029676,0.1626261907,0.04262678012,0.6951379916,1.9061,0.2142061861
0.000,0.164,0.08190368812,0.1636242952,0.04288798679,0.6951103219,1.9059,0.2172051061
0.000,0.165,0.08240443283,0.1646224068,0.04314918799,0.6950824625,1.9057,0.2201765020
0.000,0.166,0.0829052019,0.1656205257,0.04341038367,0.6950544156,1.9055,0.2231213927
0.000,0.167,0.08340599547,0.1666186519,0.04367157382,0.6950261779,1.9053,0.2260407255
0.000,0.168,0.08390681369,0.1676167855,0.04393275841,0.6949977525,1.9051,0.2289354097
0.000,0.169,0.08440765671,0.1686149264,0.04419393741,0.6949691385,1.9048,0.2318062686
0.000,0.170,0.08490852467,0.1696130748,0.04445511079,0.6949403306,1.9046,0.2346540914
0.000,0.171,0.08540941774,0.1706112306,0.04471627851,0.6949113356,1.9044,0.2374796452
0.000,0.172,0.08591033605,0.1716093939,0.04497744057,0.6948821479,1.9042,0.2402836165
0.000,0.173,0.08641127976,0.1726075647,0.04523859692,0.6948527728,1.9040,0.2430666899
0.000,0.174,0.08691224902,0.1736057432,0.04549974754,0.6948232030,1.9037,0.2458294735
0.000,0.175,0.08741324397,0.1746039293,0.04576089239,0.6947934420,1.9035,0.2485725768
0.000,0.176,0.08791426478,0.175602123,0.04602203147,0.6947634911,1.9033,0.2512965637
0.000,0.177,0.08841531157,0.1766003245,0.04628316473,0.6947333461,1.9031,0.2540019602
0.000,0.178,0.08891638452,0.1775985337,0.04654429214,0.6947030075,1.9028,0.2566892939
0.000,0.179,0.08941748376,0.1785967507,0.04680541369,0.6946724759,1.9026,0.2593590261
0.000,0.180,0.08991860944,0.1795949755,0.04706652935,0.6946417530,1.9024,0.2620116302
0.000,0.181,0.09041976172,0.1805932082,0.04732763908,0.6946108320,1.9021,0.2646475344
0.000,0.182,0.09092094075,0.1815914488,0.04758874286,0.6945797206,1.9019,0.2672671684
0.000,0.183,0.09142214667,0.1825896974,0.04784984066,0.6945484147,1.9017,0.2698709210
0.000,0.184,0.09192337964,0.183587954,0.04811093246,0.6945169098,1.9014,0.2724591565
0.000,0.185,0.0924246398,0.1845862185,0.04837201823,0.6944852122,1.9012,0.2750322649
0.000,0.186,0.09292592731,0.1855844912,0.04863309794,0.6944533186,1.9010,0.2775905723
0.000,0.187,0.09342724231,0.186582772,0.04889417157,0.6944212285,1.9007,0.2801344125
0.000,0.188,0.09392858496,0.187581061,0.0491552391,0.6943889414,1.9005,0.2826640973
0.000,0.189,0.09442995541,0.1885793581,0.04941630048,0.6943564555,1.9002,0.2851799269
0.000,0.190,0.0949313538,0.1895776635,0.04967735571,0.6943237736,1.9000,0.2876821864
0.000,0.191,0.09543278029,0.1905759771,0.04993840474,0.6942908955,1.8997,0.2901711708
0.000,0.192,0.09593423502,0.1915742991,0.05019944756,0.6942578210,1.8995,0.2926471298
0.000,0.193,0.09643571815,0.1925726295,0.05046048415,0.6942245457,1.8992,0.2951103120
0.000,0.194,0.09693722983,0.1935709682,0.05072151446,0.6941910699,1.8990,0.2975609620
0.000,0.195,0.09743877021,0.1945693154,0.05098253849,0.6941573941,1.8987,0.2999993098
0.000,0.196,0.09794033944,0.195567671,0.0512435562,0.6941235208,1.8985,0.3024256015
0.000,0.197,0.09844193766,0.1965660352,0.05150456757,0.6940894463,1.8982,0.3048400272
0.000,0.198,0.09894356504,0.1975644079,0.05176557257,0.6940551720,1.8980,0.3072427972
0.000,0.199,0.09944522171,0.1985627892,0.05202657117,0.6940206930,1.8977,0.3096341073
0.000,0.200,0.09994690784,0.1995611792,0.05228756337,0.6939860185,1.8975,0.3120141668
0.000,0.201,0.1004486236,0.2005595778,0.05254854911,0.6939511401,1.8972,0.3143831385
0.000,0.202,0.100950369,0.2015579851,0.05280952839,0.6939160575,1.8969,0.3167411972
0.000,0.203,0.1014521444,0.2025564013,0.05307050118,0.6938807748,1.8967,0.3190885268
0.000,0.204,0.1019539499,0.2035548262,0.05333146746,0.6938452866,1.8964,0.3214252755
0.000,0.205,0.1024557855,0.2045532599,0.05359242719,0.6938095978,1.8961,0.3237516090
0.000,0.206,0.1029576515,0.2055517025,0.05385338035,0.6937737013,1.8959,0.3260676687
0.000,0.207,0.103459548,0.206550154,0.05411432693,0.6937376026,1.8956,0.3283736085
0.000,0.208,0.1039614751,0.2075486145,0.05437526689,0.6937013001,1.8953,0.3306695685
0.000,0.209,0.1044634331,0.208547084,0.05463620022,0.6936647921,1.8951,0.3329556794
0.000,0.210,0.104965422,0.2095455625,0.05489712688,0.6936280750,1.8948,0.3352320608
0.000,0.211,0.1054674421,0.21054405,0.05515804686,0.6935911581,1.8945,0.3374988580
0.000,0.212,0.1059694934,0.2115425467,0.05541896012,0.6935540269,1.8942,0.3397561743
0.000,0.213,0.1064715761,0.2125410525,0.05567986666,0.6935166967,1.8939,0.3420041419
0.000,0.214,0.1069736903,0.2135395675,0.05594076644,0.6934791544,1.8937,0.3442428526
0.000,0.215,0.1074758363,0.2145380918,0.05620165944,0.6934414044,1.8934,0.3464724317
0.000,0.216,0.1079780142,0.2155366253,0.05646254563,0.6934034479,1.8931,0.3486929748
0.000,0.217,0.108480224,0.2165351681,0.056723425,0.6933652805,1.8928,0.3509045843
0.000,0.218,0.1089824661,0.2175337203,0.05698429752,0.6933269071,1.8925,0.3531073616
0.000,0.219,0.1094847404,0.2185322818,0.05724516317,0.6932883215,1.8922,0.3553013920
0.000,0.220,0.1099870473,0.2195308527,0.05750602192,0.6932495254,1.8920,0.3574867685
0.000,0.221,0.1104893867,0.2205294331,0.05776687376,0.6932105203,1.8917,0.3596635826
0.000,0.222,0.1109917589,0.221528023,0.05802771865,0.6931713019,1.8914,0.3618319096
0.000,0.223,0.1114941641,0.2225266225,0.05828855659,0.6931318726,1.8911,0.3639918348
0.000,0.224,0.1119966023,0.2235252315,0.05854938754,0.6930922350,1.8908,0.3661434483
0.000,0.225,0.1124990738,0.2245238501,0.05881021148,0.6930523825,1.8905,0.3682868060
0.000,0.226,0.1130015786,0.2255224784,0.05907102839,0.6930123173,1.8902,0.3704219973
0.000,0.227,0.113504117,0.2265211164,0.05933183826,0.6929720407,1.8899,0.3725490803
0.000,0.228,0.114006689,0.2275197641,0.05959264105,0.6929315500,1.8896,0.3746681330
0.000,0.229,0.1145092949,0.2285184215,0.05985343675,0.6928908434,1.8893,0.3767792100
0.000,0.230,0.1150119348,0.2295170888,0.06011422533,0.6928499214,1.8890,0.3788823793
0.000,0.231,0.1155146089,0.2305157659,0.06037500678,0.6928087877,1.8887,0.3809777091
0.000,0.232,0.1160173172,0.2315144528,0.06063578107,0.6927674331,1.8884,0.3830652432
0.000,0.233,0.1165200599,0.2325131497,0.06089654818,0.6927258706,1.8881,0.3851450608
0.000,0.234,0.1170228373,0.2335118566,0.06115730809,0.6926840828,1.8878,0.3872171895
0.000,0.235,0.1175256494,0.2345105734,0.06141806077,0.6926420836,1.8874,0.3892817037
0.000,0.236,0.1180284964,0.2355093003,0.06167880622,0.6925998651,1.8871,0.3913386466
0.000,0.237,0.1185313785,0.2365080372,0.06193954441,0.6925574265,1.8868,0.3933880638
0.000,0.238,0.1190342958,0.2375067842,0.06220027531,0.6925147712,1.8865,0.3954300088
0.000,0.239,0.1195372484,0.2385055414,0.06246099891,0.6924718988,1.8862,0.3974645328
0.000,0.240,0.1200402365,0.2395043087,0.06272171519,0.6924288058,1.8859,0.3994916643
0.000,0.241,0.1205432603,0.2405030863,0.06298242413,0.6923854917,1.8855,0.4015114578
0.000,0.242,0.1210463199,0.2415018741,0.0632431257,0.6923419568,1.8852,0.4035239480
0.000,0.243,0.1215494155,0.2425006722,0.06350381989,0.6922982052,1.8849,0.4055291803
0.000,0.244,0.1220525472,0.2434994806,0.06376450668,0.6922542274,1.8846,0.4075271871
0.000,0.245,0.1225557152,0.2444982994,0.06402518605,0.6922100320,1.8842,0.4095180092
0.000,0.246,0.1230589196,0.2454971286,0.06428585797,0.6921656099,1.8839,0.4115016780
0.000,0.247,0.1235621606,0.2464959682,0.06454652244,0.6921209669,1.8836,0.4134782297
0.000,0.248,0.1240654383,0.2474948183,0.06480717943,0.6920761042,1.8832,0.4154477049
0.000,0.249,0.1245687529,0.248493679,0.06506782892,0.6920310097,1.8829,0.4174101103
0.000,0.250,0.1250721046,0.2494925501,0.06532847089,0.6919856981,1.8826,0.4193655067
0.000,0.251,0.1255754934,0.2504914319,0.06558910533,0.6919401554,1.8822,0.4213138985
0.000,0.252,0.1260789196,0.2514903242,0.06584973221,0.6918943922,1.8819,0.4232553297
0.000,0.253,0.1265823833,0.2524892272,0.06611035152,0.6918484015,1.8816,0.4251898186
0.000,0.254,0.1270858846,0.2534881409,0.06637096324,0.6918021838,1.8812,0.4271173922
0.000,0.255,0.1275894237,0.2544870654,0.06663156735,0.6917557398,1.8809,0.4290380766
0.000,0.256,0.1280930008,0.2554860006,0.06689216384,0.6917090687,1.8805,0.4309518968
0.000,0.257,0.128596616,0.2564849466,0.06715275268,0.6916621698,1.8802,0.4328588713
0.000,0.258,0.1291002694,0.2574839034,0.06741333386,0.6916150397,1.8798,0.4347590152
0.000,0.259,0.1296039613,0.2584828712,0.06767390736,0.6915676835,1.8795,0.4366523641
0.000,0.260,0.1301076917,0.2594818498,0.06793447316,0.6915200943,1.8791,0.4385389233
0.000,0.261,0.1306114609,0.2604808394,0.06819503125,0.6914722781,1.8788,0.4404187224
0.000,0.262,0.1311152689,0.2614798399,0.06845558161,0.6914242302,1.8784,0.4422917715
0.000,0.263,0.131619116,0.2624788515,0.06871612423,0.6913759500,1.8781,0.4441580919
0.000,0.264,0.1321230023,0.2634778741,0.06897665907,0.6913274434,1.8777,0.4460177022
0.000,0.265,0.1326269279,0.2644769078,0.06923718614,0.6912786974,1.8774,0.4478706028
0.000,0.266,0.1331308929,0.2654759526,0.06949770541,0.6912297234,1.8770,0.4497168227
0.000,0.267,0.1336348977,0.2664750086,0.06975821686,0.6911805161,1.8766,0.4515563744
0.000,0.268,0.1341389422,0.2674740758,0.07001872049,0.6911310741,1.8763,0.4533892659
0.000,0.269,0.1346430267,0.2684731542,0.07027921627,0.6910813967,1.8759,0.4552155038
0.000,0.270,0.1351471513,0.2694722439,0.07053970419,0.6910314865,1.8756,0.4570351149
0.000,0.271,0.1356513161,0.2704713449,0.07080018423,0.6909813396,1.8752,0.4588480939
0.000,0.272,0.1361555214,0.2714704572,0.07106065638,0.6909309525,1.8748,0.4606544524
0.000,0.273,0.1366597672,0.2724695808,0.07132112062,0.6908803324,1.8744,0.4624542098
0.000,0.274,0.1371640538,0.2734687159,0.07158157693,0.6908294800,1.8741,0.4642473753
0.000,0.275,0.1376683812,0.2744678624,0.07184202531,0.6907783837,1.8737,0.4660339379
0.000,0.276,0.1381727497,0.2754670204,0.07210246574,0.6907270482,1.8733,0.4678139186
0.000,0.277,0.1386771594,0.2764661899,0.0723628982,0.6906754774,1.8729,0.4695873241
0.000,0.278,0.1391816104,0.277465371,0.07262332267,0.6906236728,1.8726,0.4713541644
0.000,0.279,0.1396861028,0.2784645636,0.07288373915,0.6905716223,1.8722,0.4731144371
0.000,0.280,0.140190637,0.2794637678,0.07314414762,0.6905193281,1.8718,0.4748681350
0.000,0.281,0.1406952129,0.2804629837,0.07340454806,0.6904667993,1.8714,0.4766152840
0.000,0.282,0.1411998309,0.2814622112,0.07366494046,0.6904140236,1.8710,0.4783558752
0.000,0.283,0.1417044909,0.2824614505,0.07392532482,0.6903610095,1.8706,0.4800899211
0.000,0.284,0.1422091932,0.2834607015,0.0741857011,0.6903077546,1.8702,0.4818174136
0.000,0.285,0.1427139379,0.2844599643,0.07444606931,0.6902542586,1.8699,0.4835383656
0.000,0.286,0.1432187252,0.285459239,0.07470642942,0.6902005099,1.8695,0.4852527556
0.000,0.287,0.1437235552,0.2864585254,0.07496678142,0.6901465177,1.8691,0.4869606030
0.000,0.288,0.1442284282,0.2874578238,0.07522712531,0.6900922841,1.8687,0.4886619112
0.000,0.289,0.1447333441,0.288457134,0.07548746107,0.6900378003,1.8683,0.4903566609
0.000,0.290,0.1452383033,0.2894564563,0.07574778868,0.6899830790,1.8679,0.4920448783
0.000,0.291,0.1457433058,0.2904557905,0.07600810813,0.6899281060,1.8675,0.4937265431
0.000,0.292,0.1462483519,0.2914551367,0.07626841942,0.6898728871,1.8671,0.4954016575
0.000,0.293,0.1467534416,0.2924544949,0.07652872252,0.6898174171,1.8667,0.4970702119
0.000,0.294,0.1472585751,0.2934538653,0.07678901743,0.6897617089,1.8663,0.4987322274
0.000,0.295,0.1477637526,0.2944532478,0.07704930414,0.6897057413,1.8659,0.5003876681
0.000,0.296,0.1482689742,0.2954526424,0.07730958263,0.6896495263,1.8654,0.5020365517
0.000,0.297,0.1487742401,0.2964520492,0.07756985289,0.6895930606,1.8650,0.5036788661
0.000,0.298,0.1492795505,0.2974514682,0.07783011492,0.6895363470,1.8646,0.5053146157
0.000,0.299,0.1497849055,0.2984508995,0.07809036869,0.6894793762,1.8642,0.5069437784
0.000,0.300,0.1502903052,0.2994503431,0.0783506142,0.6894221583,1.8638,0.5085663703
0.000,0.301,0.1507957498,0.3004497989,0.07861085145,0.6893646924,1.8634,0.5101823790
0.000,0.302,0.1513012395,0.3014492671,0.0788710804,0.6893069683,1.8630,0.5117917849
0.000,0.303,0.1518067744,0.3024487477,0.07913130107,0.6892489904,1.8625,0.5133945940
0.000,0.304,0.1523123547,0.3034482408,0.07939151343,0.6891907588,1.8621,0.5149907970
0.000,0.305,0.1528179805,0.3044477462,0.07965171749,0.6891322709,1.8617,0.5165803812
0.000,0.306,0.1533236521,0.3054472641,0.07991191322,0.6890735287,1.8613,0.5181633460
0.000,0.307,0.1538293695,0.3064467946,0.08017210062,0.6890145309,1.8608,0.5197396792
0.000,0.308,0.1543351328,0.3074463376,0.08043227967,0.6889552743,1.8604,0.5213093771
0.000,0.309,0.1548409424,0.3084458931,0.08069245038,0.6888957602,1.8600,0.5228724194
0.000,0.310,0.1553467982,0.3094454613,0.08095261273,0.6888359894,1.8595,0.5244288097
0.000,0.311,0.1558527006,0.3104450421,0.08121276671,0.6887759627,1.8591,0.5259785327
0.000,0.312,0.1563586495,0.3114446356,0.08147291231,0.6887156752,1.8587,0.5275215787
0.000,0.313,0.1568646453,0.3124442417,0.08173304952,0.6886551277,1.8582,0.5290579378
0.000,0.314,0.157370688,0.3134438607,0.08199317834,0.6885943202,1.8578,0.5305875933
0.000,0.315,0.1578767778,0.3144434923,0.08225329876,0.6885332494,1.8573,0.5321105415
0.000,0.316,0.1583829148,0.3154431368,0.08251341077,0.6884719164,1.8569,0.5336267689
0.000,0.317,0.1588890993,0.3164427941,0.08277351436,0.6884103296,1.8565,0.5351362703
0.000,0.318,0.1593953313,0.3174424642,0.08303360953,0.6883484721,1.8560,0.5366390215
0.000,0.319,0.1599016111,0.3184421473,0.08329369626,0.6882863505,1.8556,0.5381350097
0.000,0.320,0.1604079387,0.3194418432,0.08355377455,0.6882239691,1.8551,0.5396242378
0.000,0.321,0.1609143144,0.3204415521,0.08381384439,0.6881613185,1.8547,0.5411066753
0.000,0.322,0.1614207383,0.321441274,0.08407390578,0.6880984027,1.8542,0.5425823157
0.000,0.323,0.1619272106,0.3224410089,0.08433395871,0.6880352225,1.8538,0.5440511501
0.000,0.324,0.1624337314,0.3234407569,0.08459400317,0.6879717770,1.8533,0.5455131599
0.000,0.325,0.1629403008,0.3244405179,0.08485403916,0.6879080651,1.8528,0.5469683323
0.000,0.326,0.1634469191,0.325440292,0.08511406667,0.6878440804,1.8524,0.5484166464
0.000,0.327,0.1639535864,0.3264400793,0.08537408569,0.6877798346,1.8519,0.5498580986
0.000,0.328,0.1644603028,0.3274398797,0.08563409622,0.6877153144,1.8515,0.5512926625
0.000,0.329,0.1649670685,0.3284396933,0.08589409825,0.6876505241,1.8510,0.5527203261
0.000,0.330,0.1654738837,0.3294395201,0.08615409178,0.6875854669,1.8505,0.5541410765
0.000,0.331,0.1659807485,0.3304393602,0.08641407681,0.6875201350,1.8500,0.5555548954
0.000,0.332,0.166487663,0.3314392136,0.08667405332,0.6874545294,1.8496,0.5569617586
0.000,0.333,0.1669946275,0.3324390803,0.08693402132,0.6873886567,1.8491,0.5583616669
0.000,0.334,0.1675016421,0.3334389604,0.08719398079,0.6873225082,1.8486,0.5597545891
0.000,0.335,0.168008707,0.3344388538,0.08745393174,0.6872560829,1.8482,0.5611405055
0.000,0.336,0.1685158223,0.3354387606,0.08771387416,0.6871893897,1.8477,0.5625194179
0.000,0.337,0.1690229881,0.3364386809,0.08797380804,0.6871224189,1.8472,0.5638912867
0.000,0.338,0.1695302047,0.3374386146,0.08823373339,0.6870551711,1.8467,0.5652561046
0.000,0.339,0.1700374721,0.3384385618,0.0884936502,0.6869876471,1.8462,0.5666138489
0.000,0.340,0.1705447906,0.3394385225,0.08875355846,0.6869198457,1.8457,0.5679645022
0.000,0.341,0.1710521603,0.3404384968,0.08901345817,0.6868517733,1.8453,0.5693080547
0.000,0.342,0.1715595814,0.3414384847,0.08927334934,0.6867834166,1.8448,0.5706444686
0.000,0.343,0.172067054,0.3424384862,0.08953323195,0.6867147841,1.8443,0.5719737390
0.000,0.344,0.1725745782,0.3434385013,0.08979310601,0.6866458666,1.8438,0.5732958328
0.000,0.345,0.1730821543,0.3444385301,0.0900529715,0.6865766717,1.8433,0.5746107422
0.000,0.346,0.1735897824,0.3454385725,0.09031282844,0.6865071965,1.8428,0.5759184434
0.000,0.347,0.1740974627,0.3464386287,0.09057267682,0.6864374391,1.8423,0.5772189135
0.000,0.348,0.1746051953,0.3474386987,0.09083251663,0.6863674003,1.8418,0.5785121330
0.000,0.349,0.1751129803,0.3484387824,0.09109234788,0.6862970760,1.8413,0.5797980749
0.000,0.350,0.175620818,0.3494388799,0.09135217057,0.6862264688,1.8408,0.5810767267
0.000,0.351,0.1761287085,0.3504389913,0.09161198468,0.6861555813,1.8403,0.5823480637
0.000,0.352,0.1766366519,0.3514391165,0.09187179023,0.6860844045,1.8398,0.5836120611
0.000,0.353,0.1771446485,0.3524392557,0.09213158721,0.6860129421,1.8393,0.5848686952
0.000,0.354,0.1776526983,0.3534394087,0.09239137562,0.6859412016,1.8388,0.5861179562
0.000,0.355,0.1781608016,0.3544395757,0.09265115546,0.6858691607,1.8383,0.5873597936
0.000,0.356,0.1786689584,0.3554397567,0.09291092674,0.6857968399,1.8377,0.5885942147
0.000,0.357,0.179177169,0.3564399517,0.09317068944,0.6857242265,1.8372,0.5898211767
0.000,0.358,0.1796854335,0.3574401607,0.09343044358,0.6856513397,1.8367,0.5910406760
0.000,0.359,0.1801937521,0.3584403838,0.09369018915,0.6855781421,1.8362,0.5922526552
0.000,0.360,0.180702125,0.3594406209,0.09394992615,0.6855046620,1.8357,0.5934571199
0.000,0.361,0.1812105522,0.3604408722,0.09420965458,0.6854308904,1.8351,0.5946540291
0.000,0.362,0.181719034,0.3614411376,0.09446937446,0.6853568294,1.8346,0.5958433691
0.000,0.363,0.1822275705,0.3624414171,0.09472908577,0.6852824728,1.8341,0.5970251062
0.000,0.364,0.1827361618,0.3634417109,0.09498878852,0.6852078314,1.8336,0.5981992279
0.000,0.365,0.1832448082,0.3644420189,0.09524848271,0.6851328850,1.8330,0.5993656857
0.000,0.366,0.1837535098,0.3654423411,0.09550816834,0.6850576479,1.8325,0.6005244747
0.000,0.367,0.1842622668,0.3664426776,0.09576784542,0.6849821153,1.8320,0.6016755591
0.000,0.368,0.1847710793,0.3674430284,0.09602751395,0.6849062866,1.8314,0.6028189159
0.000,0.369,0.1852799474,0.3684433936,0.09628717393,0.6848301670,1.8309,0.6039545220
0.000,0.370,0.1857888714,0.3694437731,0.09654682537,0.6847537413,1.8304,0.6050823373
0.000,0.371,0.1862978514,0.3704441669,0.09680646826,0.6846770268,1.8298,0.6062023506
0.000,0.372,0.1868068876,0.3714445752,0.09706610262,0.6846000076,1.8293,0.6073145252
0.000,0.373,0.1873159801,0.3724449979,0.09732572844,0.6845226878,1.8287,0.6084188297
0.000,0.374,0.187825129,0.373445435,0.09758534573,0.6844450666,1.8282,0.6095152400
0.000,0.375,0.1883343347,0.3744458867,0.09784495449,0.6843671485,1.8276,0.6106037340
0.000,0.376,0.1888435971,0.3754463528,0.09810455473,0.6842889279,1.8271,0.6116842783
0.000,0.377,0.1893529165,0.3764468335,0.09836414646,0.6842104066,1.8265,0.6127568450
0.000,0.378,0.189862293,0.3774473287,0.09862372967,0.6841315806,1.8260,0.6138214020
0.000,0.379,0.1903717269,0.3784478385,0.09888330438,0.6840524497,1.8254,0.6148779205
0.000,0.380,0.1908812181,0.379448363,0.09914287059,0.6839730195,1.8249,0.6159263799
0.000,0.381,0.191390767,0.380448902,0.09940242829,0.6838932753,1.8243,0.6169667324
0.000,0.382,0.1919003737,0.3814494557,0.09966197752,0.6838132320,1.8237,0.6179989649
0.000,0.383,0.1924100383,0.3824500241,0.09992151825,0.6837328827,1.8232,0.6190230409
0.000,0.384,0.1929197611,0.3834506072,0.1001810505,0.6836522256,1.8226,0.6200389265
0.000,0.385,0.1934295421,0.3844512051,0.1004405743,0.6835712514,1.8220,0.6210465834
0.000,0.386,0.1939393815,0.3854518177,0.1007000896,0.6834899817,1.8215,0.6220460054
0.000,0.387,0.1944492795,0.3864524451,0.1009595965,0.6834083939,1.8209,0.6230371364
0.000,0.388,0.1949592363,0.3874530873,0.1012190949,0.6833264943,1.8203,0.6240199504
0.000,0.389,0.1954692519,0.3884537443,0.1014785849,0.6832442923,1.8197,0.6249944268
0.000,0.390,0.1959793267,0.3894544162,0.1017380664,0.6831617721,1.8192,0.6259605189
0.000,0.391,0.1964894607,0.3904551029,0.1019975396,0.6830789438,1.8186,0.6269182039
0.000,0.392,0.1969996541,0.3914558046,0.1022570043,0.6829957994,1.8180,0.6278674421
0.000,0.393,0.1975099071,0.3924565212,0.1025164605,0.6829123452,1.8174,0.6288082066
0.000,0.394,0.1980202198,0.3934572527,0.1027759084,0.6828285726,1.8168,0.6297404549
0.000,0.395,0.1985305924,0.3944579992,0.1030353479,0.6827444801,1.8163,0.6306641536
0.000,0.396,0.1990410251,0.3954587607,0.1032947791,0.6826600787,1.8157,0.6315792790
0.000,0.397,0.199551518,0.3964595372,0.1035542018,0.6825753562,1.8151,0.6324857868
0.000,0.398,0.2000620713,0.3974603288,0.1038136162,0.6824903197,1.8145,0.6333836505
0.000,0.399,0.2005726851,0.3984611354,0.1040730222,0.6824049615,1.8139,0.6342728250
0.000,0.400,0.2010833596,0.3994619572,0.1043324199,0.6823192881,1.8133,0.6351532866
0.000,0.401,0.2015940951,0.400462794,0.1045918093,0.6822332903,1.8127,0.6360249863
0.000,0.402,0.2021048915,0.401463646,0.1048511903,0.6821469759,1.8121,0.6368879008
0.000,0.403,0.2026157492,0.4024645131,0.105110563,0.6820603385,1.8115,0.6377419866
0.000,0.404,0.2031266682,0.4034653954,0.1053699274,0.6819733824,1.8109,0.6385872085
0.000,0.405,0.2036376488,0.4044662929,0.1056292836,0.6818861038,1.8103,0.6394235324
0.000,0.406,0.204148691,0.4054672057,0.1058886314,0.6817984940,1.8097,0.6402509106
0.000,0.407,0.2046597951,0.4064681336,0.106147971,0.6817105646,1.8091,0.6410693148
0.000,0.408,0.2051709613,0.4074690769,0.1064073024,0.6816223095,1.8085,0.6418787081
0.000,0.409,0.2056821896,0.4084700354,0.1066666255,0.6815337372,1.8079,0.6426790580
0.000,0.410,0.2061934803,0.4094710093,0.1069259404,0.6814448281,1.8072,0.6434703053
0.000,0.411,0.2067048335,0.4104719985,0.1071852471,0.6813555892,1.8066,0.6442524211
0.000,0.412,0.2072162494,0.4114730031,0.1074445455,0.6812660328,1.8060,0.6450253798
0.000,0.413,0.2077277282,0.412474023,0.1077038358,0.6811761352,1.8054,0.6457891173
0.000,0.414,0.2082392699,0.4134750583,0.107963118,0.6810859227,1.8048,0.6465436231
0.000,0.415,0.2087508749,0.4144761091,0.1082223919,0.6809953677,1.8041,0.6472888288
0.000,0.416,0.2092625432,0.4154771753,0.1084816577,0.6809044865,1.8035,0.6480247083
0.000,0.417,0.209774275,0.4164782569,0.1087409154,0.6808132741,1.8029,0.6487512195
0.000,0.418,0.2102860704,0.4174793541,0.109000165,0.6807217308,1.8022,0.6494683242
0.000,0.419,0.2107979298,0.4184804667,0.1092594065,0.6806298494,1.8016,0.6501759696
0.000,0.420,0.2113098531,0.4194815949,0.1095186399,0.6805376376,1.8010,0.6508741247
0.000,0.421,0.2118218406,0.4204827386,0.1097778652,0.6804450875,1.8003,0.6515627417
0.000,0.422,0.2123338924,0.4214838979,0.1100370825,0.6803522107,1.7997,0.6522417867
0.000,0.423,0.2128460088,0.4224850728,0.1102962917,0.6802589868,1.7991,0.6529111988
0.000,0.424,0.2133581898,0.4234862633,0.1105554929,0.6801654287,1.7984,0.6535709483
0.000,0.425,0.2138704356,0.4244874694,0.1108146862,0.6800715394,1.7978,0.6542209968
0.000,0.426,0.2143827465,0.4254886911,0.1110738714,0.6799773046,1.7971,0.6548612846
0.000,0.427,0.2148951225,0.4264899286,0.1113330487,0.6798827277,1.7965,0.6554917712
0.000,0.428,0.2154075639,0.4274911817,0.111592218,0.6797878143,1.7958,0.6561124192
0.000,0.429,0.2159200707,0.4284924505,0.1118513794,0.6796925626,1.7952,0.6567231826
0.000,0.430,0.2164326433,0.429493735,0.1121105328,0.6795969638,1.7945,0.6573240066
0.000,0.431,0.2169452816,0.4304950353,0.1123696784,0.6795010250,1.7939,0.6579148537
0.000,0.432,0.217457986,0.4314963514,0.1126288161,0.6794047396,1.7932,0.6584956702
0.000,0.433,0.2179707565,0.4324976832,0.112887946,0.6793081132,1.7926,0.6590664176
0.000,0.434,0.2184835934,0.4334990309,0.113147068,0.6792111398,1.7919,0.6596270425
0.000,0.435,0.2189964968,0.4345003943,0.1134061822,0.6791138228,1.7912,0.6601775018
0.000,0.436,0.2195094669,0.4355017736,0.1136652886,0.6790161610,1.7906,0.6607177479
0.000,0.437,0.2200225038,0.4365031688,0.1139243872,0.6789181472,1.7899,0.6612477229
0.000,0.438,0.2205356077,0.4375045799,0.114183478,0.6788197938,1.7892,0.6617673947
0.000,0.439,0.2210487788,0.4385060068,0.1144425611,0.6787210813,1.7886,0.6622766916
0.000,0.440,0.2215620172,0.4395074497,0.1147016365,0.6786220290,1.7879,0.6627755869
0.000,0.441,0.2220753231,0.4405089084,0.1149607042,0.6785226160,1.7872,0.6632640091
0.000,0.442,0.2225886967,0.4415103832,0.1152197643,0.6784228637,1.7865,0.6637419300
0.000,0.443,0.2231021382,0.4425118739,0.1154788166,0.6783227499,1.7859,0.6642092773
0.000,0.444,0.2236156477,0.4435133806,0.1157378614,0.6782222859,1.7852,0.6646660100
0.000,0.445,0.2241292253,0.4445149033,0.1159968985,0.6781214681,1.7845,0.6651120744
0.000,0.446,0.2246428713,0.445516442,0.1162559281,0.6780202959,1.7838,0.6655474191
0.000,0.447,0.2251565859,0.4465179968,0.1165149501,0.6779187668,1.7831,0.6659719887
0.000,0.448,0.2256703691,0.4475195676,0.1167739645,0.6778168821,1.7824,0.6663857308
0.000,0.449,0.2261842212,0.4485211545,0.1170329715,0.6777146445,1.7817,0.6667885959
0.000,0.450,0.2266981423,0.4495227575,0.1172919709,0.6776120454,1.7810,0.6671805217
0.000,0.451,0.2272121326,0.4505243765,0.1175509629,0.6775090915,1.7803,0.6675614623
0.000,0.452,0.2277261922,0.4515260118,0.1178099474,0.6774057773,1.7797,0.6679313547
0.000,0.453,0.2282403214,0.4525276631,0.1180689246,0.6773021046,1.7790,0.6682901472
0.000,0.454,0.2287545203,0.4535293306,0.1183278943,0.6771980654,1.7783,0.6686377760
0.000,0.455,0.2292687891,0.4545310143,0.1185868567,0.6770936679,1.7775,0.6689741933
0.000,0.456,0.2297831279,0.4555327142,0.1188458117,0.6769889088,1.7768,0.6692993385
0.000,0.457,0.2302975369,0.4565344303,0.1191047594,0.6768837866,1.7761,0.6696131541
0.000,0.458,0.2308120163,0.4575361626,0.1193636998,0.6767782963,1.7754,0.6699155764
0.000,0.459,0.2313265663,0.4585379111,0.1196226329,0.6766724463,1.7747,0.6702065564
0.000,0.460,0.231841187,0.4595396759,0.1198815589,0.6765662280,1.7740,0.6704860245
0.000,0.461,0.2323558785,0.460541457,0.1201404776,0.6764596415,1.7733,0.6707539247
0.000,0.462,0.2328706412,0.4615432544,0.1203993891,0.6763526937,1.7726,0.6710102006
0.000,0.463,0.233385475,0.462545068,0.1206582934,0.6762453774,1.7719,0.6712547868
0.000,0.464,0.2339003803,0.463546898,0.1209171907,0.6761376822,1.7711,0.6714876102
0.000,0.465,0.2344153571,0.4645487443,0.1211760808,0.6760296224,1.7704,0.6717086243
0.000,0.466,0.2349304057,0.465550607,0.1214349639,0.6759212011,1.7697,0.6719177693
0.000,0.467,0.2354455262,0.466552486,0.1216938399,0.6758124003,1.7690,0.6721149654
0.000,0.468,0.2359607188,0.4675543814,0.121952709,0.6757032282,1.7682,0.6723001558
0.000,0.469,0.2364759836,0.4685562931,0.122211571,0.6755936798,1.7675,0.6724732721
0.000,0.470,0.2369913208,0.4695582213,0.1224704261,0.6754837659,1.7668,0.6726342591
0.000,0.471,0.2375067307,0.4705601659,0.1227292743,0.6753734724,1.7660,0.6727830390
0.000,0.472,0.2380222133,0.471562127,0.1229881156,0.6752628048,1.7653,0.6729195496
0.000,0.473,0.2385377689,0.4725641044,0.12324695,0.6751517641,1.7646,0.6730437260
0.000,0.474,0.2390533976,0.4735660984,0.1235057776,0.6750403443,1.7638,0.6731554941
0.000,0.475,0.2395690996,0.4745681088,0.1237645984,0.6749285442,1.7631,0.6732547850
0.000,0.476,0.240084875,0.4755701357,0.1240234124,0.6748163621,1.7623,0.6733415273
0.000,0.477,0.240600724,0.4765721791,0.1242822197,0.6747038044,1.7616,0.6734156587
0.000,0.478,0.2411166469,0.4775742391,0.1245410203,0.6745908660,1.7608,0.6734771030
0.000,0.479,0.2416326437,0.4785763155,0.1247998142,0.6744775515,1.7601,0.6735257942
0.000,0.480,0.2421487147,0.4795784085,0.1250586015,0.6743638561,1.7593,0.6735616556
0.000,0.481,0.24266486,0.4805805181,0.1253173822,0.6742497692,1.7586,0.6735846040
0.000,0.482,0.2431810798,0.4815826442,0.1255761563,0.6741352961,1.7578,0.6735945710
0.000,0.483,0.2436973742,0.4825847869,0.1258349239,0.6740204427,1.7571,0.6735914887
0.000,0.484,0.2442137435,0.4835869462,0.126093685,0.6739052098,1.7563,0.6735752830
0.000,0.485,0.2447301878,0.4845891221,0.1263524396,0.6737895844,1.7555,0.6735458651
0.000,0.486,0.2452467073,0.4855913146,0.1266111878,0.6736735781,1.7548,0.6735031701
0.000,0.487,0.2457633021,0.4865935238,0.1268699296,0.6735571826,1.7540,0.6734471120
0.000,0.488,0.2462799724,0.4875957496,0.1271286651,0.6734403983,1.7532,0.6733776131
0.000,0.489,0.2467967185,0.488597992,0.1273873942,0.6733232214,1.7525,0.6732945908
0.000,0.490,0.2473135404,0.4896002512,0.127646117,0.6732056554,1.7517,0.6731979682
0.000,0.491,0.2478304384,0.490602527,0.1279048336,0.6730876987,1.7509,0.6730876629
0.000,0.492,0.2483474126,0.4916048194,0.128163544,0.6729693491,1.7501,0.6729635910
0.000,0.493,0.2488644632,0.4926071286,0.1284222482,0.6728506047,1.7493,0.6728256678
0.000,0.494,0.2493815904,0.4936094545,0.1286809462,0.6727314732,1.7486,0.6726738176
0.000,0.495,0.2498987943,0.4946117971,0.1289396382,0.6726119425,1.7478,0.6725079432
0.000,0.496,0.2504160752,0.4956141565,0.1291983241,0.6724920182,1.7470,0.6723279648
0.000,0.497,0.2509334331,0.4966165326,0.1294570039,0.6723717017,1.7462,0.6721337975
0.000,0.498,0.2514508683,0.4976189254,0.1297156778,0.6722509821,1.7454,0.6719253424
0.000,0.499,0.251968381,0.4986213351,0.1299743458,0.6721298633,1.7446,0.6717025149
0.000,0.500,0.2524859713,0.4996237615,0.1302330078,0.6720083521,1.7438,0.6714652323
0.000,0.501,0.2530036393,0.5006262046,0.130491664,0.6718864322,1.7430,0.6712133873
0.000,0.502,0.2535213854,0.5016286646,0.1307503143,0.6717641263,1.7422,0.6709469109
0.000,0.503,0.2540392096,0.5026311414,0.1310089589,0.6716414024,1.7414,0.6706656779
0.000,0.504,0.2545571121,0.503633635,0.1312675977,0.6715182875,1.7406,0.6703696219
0.000,0.505,0.2550750931,0.5046361454,0.1315262308,0.6713947709,1.7398,0.6700586362
0.000,0.506,0.2555931527,0.5056386727,0.1317848583,0.6712708464,1.7390,0.6697326185
0.000,0.507,0.2561112912,0.5066412168,0.1320434801,0.6711465167,1.7382,0.6693914741
0.000,0.508,0.2566295088,0.5076437778,0.1323020964,0.6710217837,1.7374,0.6690351063
0.000,0.509,0.2571478055,0.5086463556,0.1325607072,0.6708966488,1.7366,0.6686634159
0.000,0.510,0.2576661817,0.5096489503,0.1328193124,0.6707711034,1.7358,0.6682762925
0.000,0.511,0.2581846373,0.5106515619,0.1330779122,0.6706451442,1.7350,0.6678736317
0.000,0.512,0.2587031727,0.5116541904,0.1333365066,0.6705187816,1.7342,0.6674553390
0.000,0.513,0.259221788,0.5126568357,0.1335950956,0.6703920124,1.7333,0.6670213062
0.000,0.514,0.2597404834,0.513659498,0.1338536794,0.6702648208,1.7325,0.6665714104
0.000,0.515,0.2602592591,0.5146621772,0.1341122578,0.6701372281,1.7317,0.6661055657
0.000,0.516,0.2607781151,0.5156648733,0.1343708311,0.6700092304,1.7309,0.6656236590
0.000,0.517,0.2612970518,0.5166675864,0.1346293991,0.6698808008,1.7300,0.6651255507
0.000,0.518,0.2618160693,0.5176703163,0.1348879621,0.6697519702,1.7292,0.6646111610
0.000,0.519,0.2623351678,0.5186730633,0.1351465199,0.6696227187,1.7284,0.6640803554
0.000,0.520,0.2628543474,0.5196758272,0.1354050727,0.6694930576,1.7275,0.6635330303
0.000,0.521,0.2633736083,0.520678608,0.1356636205,0.6693629734,1.7267,0.6629690536
0.000,0.522,0.2638929507,0.5216814058,0.1359221634,0.6692324782,1.7259,0.6623883211
0.000,0.523,0.2644123748,0.5226842206,0.1361807014,0.6691015632,1.7250,0.6617907019
0.000,0.524,0.2649318808,0.5236870524,0.1364392345,0.6689702297,1.7242,0.6611760765
0.000,0.525,0.2654514688,0.5246899012,0.1366977628,0.6688384703,1.7233,0.6605443133
0.000,0.526,0.265971139,0.5256927669,0.1369562864,0.6687062952,1.7225,0.6598952967
0.000,0.527,0.2664908916,0.5266956497,0.1372148053,0.6685737008,1.7216,0.6592288951
0.000,0.528,0.2670107268,0.5276985495,0.1374733195,0.6684406795,1.7208,0.6585449749
0.000,0.529,0.2675306447,0.5287014662,0.1377318292,0.6683072334,1.7199,0.6578434039
0.000,0.530,0.2680506456,0.5297044,0.1379903342,0.6681733692,1.7191,0.6571240575
0.000,0.531,0.2685707295,0.5307073509,0.1382488348,0.6680390745,1.7182,0.6563867878
0.000,0.532,0.2690908968,0.5317103187,0.1385073309,0.6679043590,1.7174,0.6556314672
0.000,0.533,0.2696111475,0.5327133037,0.1387658227,0.6677692163,1.7165,0.6548579516
0.000,0.534,0.2701314819,0.5337163056,0.13902431,0.6676336439,1.7156,0.6540660975
0.000,0.535,0.2706519001,0.5347193246,0.1392827931,0.6674976424,1.7148,0.6532557592
0.000,0.536,0.2711724023,0.5357223607,0.139541272,0.6673612133,1.7139,0.6524267983
0.000,0.537,0.2716929887,0.5367254138,0.1397997466,0.6672243493,1.7130,0.6515790547
0.000,0.538,0.2722136595,0.5377284839,0.1400582171,0.6670870621,1.7122,0.6507123927
0.000,0.539,0.2727344148,0.5387315712,0.1403166836,0.6669493400,1.7113,0.6498266478
0.000,0.540,0.2732552548,0.5397346755,0.140575146,0.6668111763,1.7104,0.6489216570
0.000,0.541,0.2737761798,0.5407377969,0.1408336044,0.6666725956,1.7095,0.6479972907
0.000,0.542,0.2742971898,0.5417409354,0.141092059,0.6665335676,1.7087,0.6470533554
0.000,0.543,0.2748182851,0.542744091,0.1413505096,0.6663941139,1.7078,0.6460897124
0.000,0.544,0.2753394659,0.5437472636,0.1416089565,0.6662542180,1.7069,0.6451061813
0.000,0.545,0.2758607323,0.5447504534,0.1418673996,0.6661138843,1.7060,0.6441025952
0.000,0.546,0.2763820845,0.5457536602,0.142125839,0.6659731199,1.7051,0.6430787914
0.000,0.547,0.2769035227,0.5467568841,0.1423842748,0.6658319054,1.7042,0.6420345779
0.000,0.548,0.2774250471,0.5477601252,0.142642707,0.6656902599,1.7034,0.6409697983
0.000,0.549,0.2779466578,0.5487633834,0.1429011357,0.6655481661,1.7025,0.6398842525
0.000,0.550,0.2784683551,0.5497666586,0.1431595609,0.6654056393,1.7016,0.6387777758
0.000,0.551,0.2789901391,0.550769951,0.1434179827,0.6652626718,1.7007,0.6376501745
0.000,0.552,0.27951201,0.5517732605,0.1436764011,0.6651192501,1.6998,0.6365012412
0.000,0.553,0.280033968,0.5527765871,0.1439348163,0.6649753918,1.6989,0.6353308065
0.000,0.554,0.2805560133,0.5537799308,0.1441932282,0.6648310808,1.6980,0.6341386573
0.000,0.555,0.281078146,0.5547832917,0.144451637,0.6646863333,1.6971,0.6329246070
0.000,0.556,0.2816003664,0.5557866697,0.1447100427,0.6645411431,1.6962,0.6316884500
0.000,0.557,0.2821226746,0.5567900648,0.1449684453,0.6643954826,1.6952,0.6304299472
0.000,0.558,0.2826450708,0.557793477,0.1452268449,0.6642494000,1.6943,0.6291489386
0.000,0.559,0.2831675552,0.5587969064,0.1454852416,0.6641028571,1.6934,0.6278451707
0.000,0.560,0.2836901279,0.5598003529,0.1457436355,0.6639558679,1.6925,0.6265184387
0.000,0.561,0.2842127892,0.5608038165,0.1460020265,0.6638084252,1.6916,0.6251685092
0.000,0.562,0.2847355393,0.5618072973,0.1462604148,0.6636605353,1.6907,0.6237951630
0.000,0.563,0.2852583783,0.5628107952,0.1465188005,0.6635121723,1.6897,0.6223981416
0.000,0.564,0.2857813063,0.5638143103,0.1467771835,0.6633633864,1.6888,0.6209772580
0.000,0.565,0.2863043237,0.5648178424,0.147035564,0.6632141271,1.6879,0.6195322211
0.000,0.566,0.2868274305,0.5658213917,0.147293942,0.6630644186,1.6870,0.6180628090
0.000,0.567,0.287350627,0.5668249582,0.1475523176,0.6629142456,1.6860,0.6165687506
0.000,0.568,0.2878739134,0.5678285418,0.1478106908,0.6627636228,1.6851,0.6150498077
0.000,0.569,0.2883972898,0.5688321425,0.1480690617,0.6626125380,1.6842,0.6135057018
0.000,0.570,0.2889207564,0.5698357604,0.1483274305,0.6624610049,1.6832,0.6119361863
0.000,0.571,0.2894443134,0.5708393954,0.148585797,0.6623090009,1.6823,0.6103409560
0.000,0.572,0.289967961,0.5718430475,0.1488441615,0.6621565377,1.6814,0.6087197498
0.000,0.573,0.2904916993,0.5728467168,0.149102524,0.6620036168,1.6804,0.6070722799
0.000,0.574,0.2910155286,0.5738504032,0.1493608845,0.6618502352,1.6795,0.6053982544
0.000,0.575,0.2915394491,0.5748541067,0.1496192431,0.6616963861,1.6785,0.6036973652
0.000,0.576,0.2920634609,0.5758578274,0.1498776,0.6615420754,1.6776,0.6019693104
0.000,0.577,0.2925875642,0.5768615652,0.150135955,0.6613872975,1.6766,0.6002137774
0.000,0.578,0.2931117592,0.5778653201,0.1503943084,0.6612320541,1.6757,0.5984304512
0.000,0.579,0.2936360461,0.5788690922,0.1506526602,0.6610763455,1.6747,0.5966189959
0.000,0.580,0.2941604251,0.5798728814,0.1509110105,0.6609201644,1.6738,0.5947790767
0.000,0.581,0.2946848963,0.5808766877,0.1511693593,0.6607635226,1.6728,0.5929103616
0.000,0.582,0.29520946,0.5818805111,0.1514277067,0.6606064071,1.6719,0.5910124854
0.000,0.583,0.2957341164,0.5828843517,0.1516860527,0.6604488253,1.6709,0.5890850943
0.000,0.584,0.2962588655,0.5838882094,0.1519443976,0.6602907639,1.6699,0.5871278105
0.000,0.585,0.2967837077,0.5848920841,0.1522027412,0.6601322432,1.6690,0.5851402758
0.000,0.586,0.2973086431,0.585895976,0.1524610838,0.6599732386,1.6680,0.5831220734
0.000,0.587,0.2978336719,0.5868998851,0.1527194253,0.6598137635,1.6670,0.5810728273
0.000,0.588,0.2983587942,0.5879038112,0.1529777658,0.6596538226,1.6661,0.5789921274
0.000,0.589,0.2988840103,0.5889077544,0.1532361055,0.6594933966,1.6651,0.5768795414
0.000,0.590,0.2994093204,0.5899117147,0.1534944444,0.6593324977,1.6641,0.5747346506
0.000,0.591,0.2999347246,0.5909156921,0.1537527825,0.6591711148,1.6631,0.5725570003
0.000,0.592,0.3004602232,0.5919196867,0.15401112,0.6590092621,1.6622,0.5703461552
0.000,0.593,0.3009858162,0.5929236983,0.1542694569,0.6588469230,1.6612,0.5681016344
0.000,0.594,0.301511504,0.5939277269,0.1545277933,0.6586841052,1.6602,0.5658229594
0.000,0.595,0.3020372867,0.5949317727,0.1547861292,0.6585208194,1.6592,0.5635096583
0.000,0.596,0.3025631645,0.5959358355,0.1550444649,0.6583570362,1.6582,0.5611611866
0.000,0.597,0.3030891375,0.5969399155,0.1553028002,0.6581927843,1.6572,0.5587770622
0.000,0.598,0.3036152061,0.5979440124,0.1555611353,0.6580280391,1.6562,0.5563567076
0.000,0.599,0.3041413702,0.5989481265,0.1558194704,0.6578628182,1.6552,0.5538996028
0.000,0.600,0.3046676303,0.5999522576,0.1560778054,0.6576971049,1.6542,0.5514051508
0.000,0.601,0.3051939864,0.6009564057,0.1563361404,0.6575309113,1.6532,0.5488727890
0.000,0.602,0.3057204387,0.6019605709,0.1565944755,0.6573642239,1.6523,0.5463018864
0.000,0.603,0.3062469874,0.6029647531,0.1568528109,0.6571970556,1.6512,0.5436918338
0.000,0.604,0.3067736328,0.6039689524,0.1571111465,0.6570293935,1.6502,0.5410419758
0.000,0.605,0.3073003749,0.6049731687,0.1573694825,0.6568612367,1.6492,0.5383516372
0.000,0.606,0.3078272141,0.605977402,0.157627819,0.6566926042,1.6482,0.5356201687
0.000,0.607,0.3083541504,0.6069816524,0.157886156,0.6565234730,1.6472,0.5328468197
0.000,0.608,0.3088811842,0.6079859197,0.1581444936,0.6563538484,1.6462,0.5300308579
0.000,0.609,0.3094083155,0.608990204,0.1584028319,0.6561837414,1.6452,0.5271715437
0.000,0.610,0.3099355445,0.6099945054,0.1586611709,0.6560131297,1.6442,0.5242680581
0.000,0.611,0.3104628715,0.6109988237,0.1589195109,0.6558420274,1.6432,0.5213196060
0.000,0.612,0.3109902967,0.612003159,0.1591778518,0.6556704232,1.6422,0.5183253213
0.000,0.613,0.3115178202,0.6130075113,0.1594361937,0.6554983282,1.6411,0.5152843454
0.000,0.614,0.3120454423,0.6140118806,0.1596945367,0.6553257327,1.6401,0.5121957518
0.000,0.615,0.3125731631,0.6150162668,0.159952881,0.6551526429,1.6391,0.5090586061
0.000,0.616,0.3131009828,0.6160206699,0.1602112265,0.6549790551,1.6381,0.5058719192
0.000,0.617,0.3136289016,0.61702509,0.1604695734,0.6548049666,1.6370,0.5026346720
0.000,0.618,0.3141569197,0.6180295271,0.1607279218,0.6546303762,1.6360,0.4993457916
0.000,0.619,0.3146850373,0.619033981,0.1609862717,0.6544552805,1.6350,0.4960041746
0.000,0.620,0.3152132547,0.6200384519,0.1612446233,0.6542796838,1.6339,0.4926086678
0.000,0.621,0.3157415719,0.6210429397,0.1615029766,0.6541035830,1.6329,0.4891580812
0.000,0.622,0.3162699892,0.6220474444,0.1617613317,0.6539269875,1.6319,0.4856511546
0.000,0.623,0.3167985068,0.623051966,0.1620196887,0.6537498759,1.6308,0.4820865672
0.000,0.624,0.3173271249,0.6240565045,0.1622780478,0.6535722585,1.6298,0.4784629535
0.000,0.625,0.3178558436,0.6250610598,0.1625364089,0.6533941477,1.6287,0.4747788976
0.000,0.626,0.3183846632,0.626065632,0.1627947722,0.6532155172,1.6277,0.4710328757
0.000,0.627,0.3189135839,0.6270702211,0.1630531378,0.6530363749,1.6266,0.4672233291
0.000,0.628,0.3194426058,0.628074827,0.1633115058,0.6528567342,1.6256,0.4633486220
0.000,0.629,0.3199717292,0.6290794497,0.1635698762,0.6526765757,1.6245,0.4594069955
0.000,0.630,0.3205009542,0.6300840892,0.1638282491,0.6524959056,1.6235,0.4553966575
0.000,0.631,0.3210302811,0.6310887456,0.1640866247,0.6523147222,1.6224,0.4513156737
0.000,0.632,0.32155971,0.6320934188,0.1643450031,0.6521330379,1.6214,0.4471620656
0.000,0.633,0.3220892412,0.6330981087,0.1646033843,0.6519508250,1.6203,0.4429336474
0.000,0.634,0.3226188748,0.6341028155,0.1648617684,0.6517681042,1.6193,0.4386282280
0.000,0.635,0.323148611,0.635107539,0.1651201556,0.6515848605,1.6182,0.4342433999
0.000,0.636,0.3236784501,0.6361122792,0.1653785458,0.6514011128,1.6171,0.4297766932
0.000,0.637,0.3242083921,0.6371170362,0.1656369393,0.6512168429,1.6161,0.4252254056
0.000,0.638,0.3247384374,0.63812181,0.1658953361,0.6510320453,1.6150,0.4205867062
0.000,0.639,0.3252685862,0.6391266004,0.1661537364,0.6508467437,1.6139,0.4158576255
0.000,0.640,0.3257988385,0.6401314076,0.1664121401,0.6506609094,1.6128,0.4110349305
0.000,0.641,0.3263291947,0.6411362315,0.1666705474,0.6504745652,1.6118,0.4061152089
0.000,0.642,0.3268596549,0.642141072,0.1669289585,0.6502876920,1.6107,0.4010947951
0.000,0.643,0.3273902193,0.6431459293,0.1671873734,0.6501002991,1.6096,0.3959698017
0.000,0.644,0.3279208881,0.6441508031,0.1674457921,0.6499123847,1.6085,0.3907360095
0.000,0.645,0.3284516616,0.6451556937,0.1677042149,0.6497239429,1.6075,0.3853889118
0.000,0.646,0.3289825398,0.6461606008,0.1679626418,0.6495349801,1.6064,0.3799236267
0.000,0.647,0.3295135231,0.6471655246,0.168221073,0.6493454829,1.6053,0.3743348953
0.000,0.648,0.3300446116,0.648170465,0.1684795084,0.6491554621,1.6042,0.3686170293
0.000,0.649,0.3305758055,0.649175422,0.1687379482,0.6489649237,1.6031,0.3627638373
0.000,0.650,0.331107105,0.6501803955,0.1689963926,0.6487738421,1.6020,0.3567685327
0.000,0.651,0.3316385103,0.6511853857,0.1692548416,0.6485822411,1.6009,0.3506237909
0.000,0.652,0.3321700216,0.6521903923,0.1695132954,0.6483901024,1.5998,0.3443214862
0.000,0.653,0.3327016392,0.6531954155,0.1697717539,0.6481974431,1.5987,0.3378527466
0.000,0.654,0.3332333631,0.6542004553,0.1700302175,0.6480042372,1.5976,0.3312076745
0.000,0.655,0.3337651937,0.6552055115,0.170288686,0.6478105064,1.5965,0.3243753851
0.000,0.656,0.3342971311,0.6562105842,0.1705471598,0.6476162489,1.5954,0.3173437168
0.000,0.657,0.3348291756,0.6572156734,0.1708056387,0.6474214369,1.5943,0.3100989296
0.000,0.658,0.3353613272,0.6582207791,0.1710641231,0.6472261027,1.5932,0.3026257267
0.000,0.659,0.3358935863,0.6592259012,0.1713226129,0.6470302373,1.5921,0.2949065941
0.000,0.660,0.336425953,0.6602310397,0.1715811083,0.6468338233,1.5910,0.2869215667
0.000,0.661,0.3369584275,0.6612361946,0.1718396094,0.6466368790,1.5899,0.2786477353
0.000,0.662,0.3374910101,0.662241366,0.1720981163,0.6464393937,1.5888,0.2700584281
0.000,0.663,0.3380237008,0.6632465537,0.1723566292,0.6462413702,1.5877,0.2611224461
0.000,0.664,0.3385565001,0.6642517578,0.172615148,0.6460427981,1.5866,0.2518027366
0.000,0.665,0.339089408,0.6652569782,0.172873673,0.6458436882,1.5854,0.2420548848
0.000,0.666,0.3396224247,0.666262215,0.1731322042,0.6456440369,1.5843,0.2318248031
0.000,0.667,0.3401555504,0.667267468,0.1733907418,0.6454438480,1.5832,0.2210454281
0.000,0.668,0.3406887855,0.6682727374,0.1736492859,0.6452431027,1.5821,0.2096319026
0.000,0.669,0.3412221299,0.669278023,0.1739078366,0.6450418218,1.5809,0.1974742109
0.000,0.670,0.3417555841,0.6702833249,0.1741663939,0.6448399953,1.5798,0.1844250781
0.000,0.671,0.3422891481,0.671288643,0.1744249581,0.6446376242,1.5787,0.1702795813
0.000,0.672,0.3428228222,0.6722939774,0.1746835292,0.6444346958,1.5776,0.1547371314
0.000,0.673,0.3433566065,0.673299328,0.1749421074,0.6442312217,1.5764,0.1373240737
0.000,0.674,0.3438905014,0.6743046947,0.1752006927,0.6440272006,1.5753,0.1172095014
0.000,0.675,0.3444245069,0.6753100776,0.1754592853,0.6438226334,1.5741,0.0926500827
0.000,0.676,0.3449586233,0.6763154767,0.1757178852,0.6436175144,1.5730,0.0582730578
0.000,0.677,0.3454928508,0.6773208919,0.1759764927,0.6875714181,1.8504,0.0000000000
0.000,0.678,0.3460271896,0.6783263232,0.1762351079,0.7328537739,2.2301,0.0000000000
0.000,0.679,0.34656164,0.6793317706,0.1764937308,0.7637937726,2.5724,0.0000000000
0.000,0.680,0.347096202,0.6803372341,0.1767523615,0.7894597383,2.9320,0.0000000000
0.000,0.681,0.347630876,0.6813427136,0.1770110003,0.8121416299,3.3311,0.0000000000
0.000,0.682,0.3481656621,0.6823482092,0.1772696471,0.8328421173,3.7895,0.0000000000
0.000,0.683,0.3487005606,0.6833537208,0.1775283022,0.8521062178,4.3310,0.0000000000
0.000,0.684,0.3492355716,0.6843592483,0.1777869657,0.8702693238,4.9884,0.0000000000
0.000,0.685,0.3497706954,0.6853647919,0.1780456376,0.8875551708,5.8109,0.0000000000
0.000,0.686,0.3503059321,0.6863703513,0.1783043181,0.9041213788,6.8770,0.0000000000
0.000,0.687,0.350841282,0.6873759267,0.1785630074,0.9200843072,8.3221,0.0000000000
0.000,0.688,0.3513767453,0.6883815181,0.1788217055,0.9355326145,10.4015,0.0000000000
0.000,0.689,0.3519123222,0.6893871253,0.1790804125,0.9505354734,13.6635,0.0000000000
0.000,0.690,0.3524480128,0.6903927483,0.1793391287,0.9651483273,19.5399,0.0000000000
0.000,0.691,0.3529838175,0.6913983872,0.1795978541,0.9794162827,33.3268,0.0000000000
0.000,0.692,0.3535197364,0.692404042,0.1798565888,0.9933765824,104.3040,0.0000000000
0.000,0.693,0.3540557698,0.6934097125,0.180115333,1.0070604829,nan,0.0000000000
0.000,0.694,0.3545919177,0.6944153988,0.1803740869,1.0204944190,nan,0.0000000000
0.000,0.695,0.3551281806,0.6954211009,0.1806328504,1.0337011100,nan,0.0000000000
0.000,0.696,0.3556645585,0.6964268187,0.1808916238,1.0467000689,nan,0.0000000000
0.000,0.697,0.3562010516,0.6974325522,0.1811504072,1.0595083779,nan,0.0000000000
0.000,0.698,0.3567376602,0.6984383014,0.1814092007,1.0721408691,nan,0.0000000000
0.000,0.699,0.3572743846,0.6994440662,0.1816680045,1.0846107814,nan,0.0000000000
0.000,0.700,0.3578112248,0.7004498467,0.1819268187,1.0969297818,nan,0.0000000000
0.000,0.701,0.3583481812,0.7014556428,0.1821856433,1.1091083004,nan,0.0000000000
0.000,0.702,0.3588852539,0.7024614545,0.1824444786,1.1211556774,nan,0.0000000000
0.000,0.703,0.3594224431,0.7034672817,0.1827033247,1.1330803084,nan,0.0000000000
0.000,0.704,0.3599597491,0.7044731245,0.1829621817,1.1448898081,nan,0.0000000000
0.000,0.705,0.360497172,0.7054789828,0.1832210497,1.1565910449,nan,0.0000000000
0.000,0.706,0.3610347121,0.7064848566,0.183479929,1.1681903358,nan,0.0000000000
0.000,0.707,0.3615723697,0.7074907459,0.1837388195,1.1796933536,nan,0.0000000000
0.000,0.708,0.3621101448,0.7084966506,0.1839977215,1.1911053582,nan,0.0000000000
0.000,0.709,0.3626480377,0.7095025708,0.1842566351,1.2024312002,nan,0.0000000000
0.000,0.710,0.3631860487,0.7105085063,0.1845155604,1.2136752726,nan,0.0000000000
0.000,0.711,0.3637241779,0.7115144572,0.1847744975,1.2248417094,nan,0.0000000000
0.000,0.712,0.3642624256,0.7125204234,0.1850334467,1.2359342726,nan,0.0000000000
0.000,0.713,0.364800792,0.7135264049,0.185292408,1.2469564649,nan,0.0000000000
0.000,0.714,0.3653392773,0.7145324018,0.1855513815,1.2579115557,nan,0.0000000000
0.000,0.715,0.3658778816,0.7155384139,0.1858103675,1.2688025886,nan,0.0000000000
0.000,0.716,0.3664166053,0.7165444412,0.1860693661,1.2796323634,nan,0.0000000000
0.000,0.717,0.3669554486,0.7175504837,0.1863283773,1.2904035465,nan,0.0000000000
0.000,0.718,0.3674944116,0.7185565414,0.1865874014,1.3011186234,nan,0.0000000000
0.000,0.719,0.3680334946,0.7195626143,0.1868464385,1.3117798546,nan,0.0000000000
0.000,0.720,0.3685726977,0.7205687023,0.1871054887,1.3223894607,nan,0.0000000000
0.000,0.721,0.3691120213,0.7215748053,0.1873645522,1.3329494486,nan,0.0000000000
0.000,0.722,0.3696514655,0.7225809235,0.1876236291,1.3434617268,nan,0.0000000000
0.000,0.723,0.3701910305,0.7235870567,0.1878827196,1.3539281455,nan,0.0000000000
0.000,0.724,0.3707307166,0.7245932049,0.1881418237,1.3643503738,nan,0.0000000000
0.000,0.725,0.371270524,0.7255993681,0.1884009417,1.3747299912,nan,0.0000000000
0.000,0.726,0.3718104528,0.7266055462,0.1886600737,1.3850685766,nan,0.0000000000
0.000,0.727,0.3723505034,0.7276117393,0.1889192199,1.3953675178,nan,0.0000000000
0.000,0.728,0.3728906759,0.7286179472,0.1891783804,1.4056281667,nan,0.0000000000
0.000,0.729,0.3734309706,0.72962417,0.1894375553,1.4158518178,nan,0.0000000000
0.000,0.730,0.3739713876,0.7306304077,0.1896967448,1.4260397590,nan,0.0000000000
0.000,0.731,0.3745119273,0.7316366602,0.189955949,1.4361930238,nan,0.0000000000
0.000,0.732,0.3750525897,0.7326429274,0.1902151681,1.4463127770,nan,0.0000000000
0.000,0.733,0.3755933752,0.7336492094,0.1904744023,1.4564000723,nan,0.0000000000
0.000,0.734,0.3761342839,0.7346555061,0.1907336517,1.4664558965,nan,0.0000000000
0.000,0.735,0.3766753161,0.7356618175,0.1909929164,1.4764811726,nan,0.0000000000
0.000,0.736,0.377216472,0.7366681435,0.1912521967,1.4864768112,nan,0.0000000000
0.000,0.737,0.3777577518,0.7376744842,0.1915114925,1.4964436988,nan,0.0000000000
0.000,0.738,0.3782991557,0.7386808395,0.1917708042,1.5063825644,nan,0.0000000000
0.000,0.739,0.378840684,0.7396872093,0.1920301319,1.5162942815,nan,0.0000000000
0.000,0.740,0.3793823369,0.7406935936,0.1922894757,1.5261795305,nan,0.0000000000
0.000,0.741,0.3799241146,0.7416999925,0.1925488358,1.5360390681,nan,0.0000000000
0.000,0.742,0.3804660173,0.7427064058,0.1928082123,1.5458735841,nan,0.0000000000
0.000,0.743,0.3810080452,0.7437128335,0.1930676054,1.5556836393,nan,0.0000000000
0.000,0.744,0.3815501987,0.7447192757,0.1933270153,1.5654699581,nan,0.0000000000
0.000,0.745,0.3820924778,0.7457257322,0.193586442,1.5752330730,nan,0.0000000000
0.000,0.746,0.3826348828,0.746732203,0.1938458859,1.5849735404,nan,0.0000000000
0.000,0.747,0.383177414,0.7477386881,0.194105347,1.5946919373,nan,0.0000000000
0.000,0.748,0.3837200716,0.7487451875,0.1943648255,1.6043887595,nan,0.0000000000
0.000,0.749,0.3842628557,0.7497517012,0.1946243215,1.6140645510,nan,0.0000000000
0.000,0.750,0.3848057667,0.750758229,0.1948838352,1.6237197465,nan,0.0000000000
0.000,0.751,0.3853488047,0.751764771,0.1951433669,1.6333547979,nan,0.0000000000
0.000,0.752,0.3858919699,0.7527713271,0.1954029166,1.6429701511,nan,0.0000000000
0.000,0.753,0.3864352627,0.7537778974,0.1956624845,1.6525662487,nan,0.0000000000
0.000,0.754,0.3869786832,0.7547844816,0.1959220707,1.6621434734,nan,0.0000000000
0.000,0.755,0.3875222316,0.7557910799,0.1961816755,1.6717022165,nan,0.0000000000
0.000,0.756,0.3880659082,0.7567976922,0.1964412991,1.6812428352,nan,0.0000000000
0.000,0.757,0.3886097132,0.7578043185,0.1967009415,1.6907656939,nan,0.0000000000
0.000,0.758,0.3891536468,0.7588109587,0.1969606029,1.7002711621,nan,0.0000000000
0.000,0.759,0.3896977093,0.7598176127,0.1972202836,1.7097595078,nan,0.0000000000
0.000,0.760,0.3902419009,0.7608242806,0.1974799836,1.7192310826,nan,0.0000000000
0.000,0.761,0.3907862218,0.7618309623,0.1977397032,1.7286861976,nan,0.0000000000
0.000,0.762,0.3913306722,0.7628376578,0.1979994425,1.7381251224,nan,0.0000000000
0.000,0.763,0.3918752524,0.7638443671,0.1982592017,1.7475481406,nan,0.0000000000
0.000,0.764,0.3924199625,0.76485109,0.198518981,1.7569555108,nan,0.0000000000
0.000,0.765,0.392964803,0.7658578266,0.1987787805,1.7663474895,nan,0.0000000000
0.000,0.766,0.3935097738,0.7668645768,0.1990386004,1.7757243326,nan,0.0000000000
0.000,0.767,0.3940548754,0.7678713406,0.199298441,1.7850862646,nan,0.0000000000
0.000,0.768,0.3946001079,0.7688781179,0.1995583022,1.7944335192,nan,0.0000000000
0.000,0.769,0.3951454715,0.7698849088,0.1998181845,1.8037663042,nan,0.0000000000
0.000,0.770,0.3956909665,0.7708917132,0.2000780878,1.8130848398,nan,0.0000000000
0.000,0.771,0.3962365931,0.7718985309,0.2003380124,1.8223892926,nan,0.0000000000
0.000,0.772,0.3967823515,0.7729053621,0.2005979585,1.8316799218,nan,0.0000000000
0.000,0.773,0.3973282421,0.7739122066,0.2008579262,1.8409568336,nan,0.0000000000
0.000,0.774,0.3978742649,0.7749190645,0.2011179158,1.8502202446,nan,0.0000000000
0.000,0.775,0.3984204203,0.7759259356,0.2013779274,1.8594703182,nan,0.0000000000
0.000,0.776,0.3989667084,0.77693282,0.2016379612,1.8687072149,nan,0.0000000000
0.000,0.777,0.3995131295,0.7779397176,0.2018980173,1.8779310631,nan,0.0000000000
0.000,0.778,0.4000596839,0.7789466283,0.202158096,1.8871420458,nan,0.0000000000
0.000,0.779,0.4006063718,0.7799535521,0.2024181974,1.8963402896,nan,0.0000000000
0.000,0.780,0.4011531933,0.7809604891,0.2026783217,1.9055258934,nan,0.0000000000
0.000,0.781,0.4017001488,0.781967439,0.2029384692,1.9146990574,nan,0.0000000000
0.000,0.782,0.4022472385,0.782974402,0.2031986399,1.9238598540,nan,0.0000000000
0.000,0.783,0.4027944626,0.7839813779,0.2034588341,1.9330084248,nan,0.0000000000
0.000,0.784,0.4033418213,0.7849883668,0.203719052,1.9421448336,nan,0.0000000000
0.000,0.785,0.4038893149,0.7859953685,0.2039792937,1.9512692499,nan,0.0000000000
0.000,0.786,0.4044369437,0.787002383,0.2042395594,1.9603817431,nan,0.0000000000
0.000,0.787,0.4049847077,0.7880094103,0.2044998494,1.9694824068,nan,0.0000000000
0.000,0.788,0.4055326074,0.7890164504,0.2047601638,1.9785713308,nan,0.0000000000
0.000,0.789,0.4060806429,0.7900235032,0.2050205027,1.9876486134,nan,0.0000000000
0.000,0.790,0.4066288145,0.7910305686,0.2052808665,1.9967143061,nan,0.0000000000
0.000,0.791,0.4071771223,0.7920376467,0.2055412553,2.0057685351,nan,0.0000000000
0.000,0.792,0.4077255667,0.7930447373,0.2058016692,2.0148113457,nan,0.0000000000
0.000,0.793,0.4082741479,0.7940518405,0.2060621085,2.0238428001,nan,0.0000000000
0.000,0.794,0.4088228661,0.7950589562,0.2063225734,2.0328629677,nan,0.0000000000
0.000,0.795,0.4093717216,0.7960660843,0.206583064,2.0418719447,nan,0.0000000000
0.000,0.796,0.4099207145,0.7970732248,0.2068435806,2.0508696984,nan,0.0000000000
0.000,0.797,0.4104698452,0.7980803776,0.2071041234,2.0598563852,nan,0.0000000000
0.000,0.798,0.4110191139,0.7990875428,0.2073646924,2.0688319899,nan,0.0000000000
0.000,0.799,0.4115685208,0.8000947202,0.2076252881,2.0777965563,nan,0.0000000000
0.000,0.800,0.4121180661,0.8011019099,0.2078859105,2.0867501670,nan,0.0000000000
0.050,0.010,0.005001434375,0.01000282705,0.002534740305,0.9986535498,514.4494,0.0000000000
0.050,0.011,0.005501583142,0.01100311078,0.002788212457,0.9983703922,424.9993,0.0000000000
0.050,0.012,0.006001733551,0.01200339504,0.003041684132,0.9980601001,356.9641,0.0000000000
0.050,0.013,0.006501885744,0.01300367987,0.003295155285,0.9977226277,304.0160,0.0000000000
0.050,0.014,0.007002039864,0.01400396529,0.003548625867,0.9973579261,262.0029,0.0000000000
0.050,0.015,0.007502196056,0.01500425136,0.003802095835,0.9969659410,228.1087,0.0000000000
0.050,0.016,0.008002354465,0.01600453811,0.004055565142,0.9965466135,200.3684,0.0000000000
0.050,0.017,0.008502515239,0.01700482559,0.004309033745,0.9960998821,177.3779,0.0000000000
0.050,0.018,0.009002678523,0.01800511383,0.004562501598,0.9956256776,158.1114,0.0000000000
0.050,0.019,0.009502844463,0.01900540288,0.004815968656,0.9951239292,141.8060,0.0000000000
0.050,0.020,0.01000301321,0.02000569278,0.005069434876,0.9945945626,127.8846,0.0000000000
0.050,0.021,0.0105031849,0.02100598358,0.005322900212,0.9940374923,115.9040,0.0000000000
0.050,0.022,0.01100335969,0.02200627532,0.005576364621,0.9934526360,105.5196,0.0000000000
0.050,0.023,0.01150353773,0.02300656804,0.005829828058,0.9928399012,96.4599,0.0000000000
0.050,0.024,0.01200371916,0.02400686179,0.006083290478,0.9921991915,88.5088,0.0000000000
0.050,0.025,0.01250390278,0.02500715392,0.006336751159,0.9915304088,81.4924,0.0000000000
0.050,0.026,0.01300409145,0.02600744988,0.006590211421,0.9908334413,75.2698,0.0000000000
0.050,0.027,0.01350428395,0.027007747,0.006843670534,0.9901081801,69.7256,0.0000000000
0.050,0.028,0.01400448043,0.02800804532,0.007097128453,0.9893545078,64.7646,0.0000000000
0.050,0.029,0.01450468103,0.02900834488,0.007350585134,0.9885723011,60.3078,0.0000000000
0.050,0.030,0.01500488591,0.03000864574,0.007604040535,0.9877614302,56.2890,0.0000000000
0.050,0.031,0.01550509521,0.03100894793,0.007857494609,0.9869217622,52.6527,0.0000000000
0.050,0.032,0.01600530909,0.0320092515,0.008110947314,0.9860531509,49.3518,0.0000000000
0.050,0.033,0.01650552767,0.03300955649,0.008364398605,0.9851554544,46.3463,0.0000000000
0.050,0.034,0.01700575113,0.03400986295,0.008617848439,0.9842285111,43.6019,0.0000000000
0.050,0.035,0.01750597959,0.03501017092,0.008871296771,0.9832721656,41.0892,0.0000000000
0.050,0.036,0.01800621322,0.03601048045,0.009124743557,0.9822862486,38.7829,0.0000000000
0.050,0.037,0.01850645215,0.03701079158,0.009378188754,0.9812705808,36.6608,0.0000000000
0.050,0.038,0.01900669653,0.03801110436,0.009631632317,0.9802249788,34.7039,0.0000000000
0.050,0.039,0.01950694652,0.03901141882,0.009885074203,0.9791492564,32.8955,0.0000000000
0.050,0.040,0.02000720226,0.04001173502,0.01013851437,0.9780432086,31.2208,0.0000000000
0.050,0.041,0.02050746389,0.041012053,0.01039195277,0.9769066297,29.6671,0.0000000000
0.050,0.042,0.02100773157,0.0420123728,0.01064538936,0.9757392983,28.2228,0.0000000000
0.050,0.043,0.02150800544,0.04301269446,0.0108988241,0.9745409909,26.8779,0.0000000000
0.050,0.044,0.02200828565,0.04401301804,0.01115225694,0.9733114714,25.6236,0.0000000000
0.050,0.045,0.02250857235,0.04501334357,0.01140568784,0.9720504937,24.4518,0.0000000000
0.050,0.046,0.02300886568,0.0460136711,0.01165911676,0.9707577981,23.3554,0.0000000000
0.050,0.047,0.02350916579,0.04701400068,0.01191254365,0.9694331231,22.3280,0.0000000000
0.050,0.048,0.02400947283,0.04801433234,0.01216596846,0.9680761847,21.3641,0.0000000000
0.050,0.049,0.02450978696,0.04901466614,0.01241939117,0.9666866936,20.4584,0.0000000000
0.050,0.050,0.0250101083,0.05001500211,0.01267281171,0.9652643435,19.6063,0.0000000000
0.050,0.051,0.02551043702,0.05101534031,0.01292623005,0.9638088204,18.8037,0.0000000000
0.050,0.052,0.02601077326,0.05201568076,0.01317964615,0.9623197906,18.0467,0.0000000000
0.050,0.053,0.02651111716,0.05301602353,0.01343305995,0.9607969110,17.3320,0.0000000000
0.050,0.054,0.02701146889,0.05401636865,0.01368647143,0.9592398222,16.6565,0.0000000000
0.050,0.055,0.02751182857,0.05501671616,0.01393988052,0.9576481474,16.0173,0.0000000000
0.050,0.056,0.02801219637,0.05601706612,0.0141932872,0.9560214921,15.4119,0.0000000000
0.050,0.057,0.02851257242,0.05701741857,0.01444669141,0.9543594449,14.8378,0.0000000000
0.050,0.058,0.02901295688,0.05801777354,0.01470009312,0.9526615766,14.2930,0.0000000000
0.050,0.059,0.02951334966,0.05901813062,0.01495349216,0.9509274405,13.7755,0.0000000000
0.050,0.060,0.03001375138,0.06001849079,0.01520688872,0.9491565600,13.2834,0.0000000000
0.050,0.061,0.03051416195,0.06101885361,0.01546028264,0.9473484484,12.8151,0.0000000000
0.050,0.062,0.03101458151,0.06201921914,0.01571367389,0.9455025849,12.3691,0.0000000000
0.050,0.063,0.03151501022,0.06301958742,0.01596706241,0.9436184253,11.9439,0.0000000000
0.050,0.064,0.03201544822,0.0640199585,0.01622044816,0.9416954072,11.5383,0.0000000000
0.050,0.065,0.03251589566,0.06502033241,0.01647383111,0.9397329344,11.1511,0.0000000000
0.050,0.066,0.03301635268,0.0660207092,0.0167272112,0.9377303836,10.7811,0.0000000000
0.050,0.067,0.03351681945,0.06702108892,0.01698058839,0.9356870829,10.4273,0.0000000000
0.050,0.068,0.03401729609,0.06802147161,0.01723396264,0.9336023555,10.0888,0.0000000000
0.050,0.069,0.03451778277,0.06902185731,0.01748733392,0.9314754620,9.7646,0.0000000000
0.050,0.070,0.03501827963,0.07002224607,0.01774070216,0.9293056391,9.4540,0.0000000000
0.050,0.071,0.03551878682,0.07102263793,0.01799406734,0.9270920795,9.1562,0.0000000000
0.050,0.072,0.03601930448,0.07202303293,0.01824742941,0.9248339168,8.8705,0.0000000000
0.050,0.073,0.03651983276,0.07302343112,0.01850078832,0.9225302579,8.5961,0.0000000000
0.050,0.074,0.03702037181,0.07402383255,0.01875414404,0.9201801334,8.3325,0.0000000000
0.050,0.075,0.03752092179,0.07502423725,0.01900749651,0.9177825403,8.0791,0.0000000000
0.050,0.076,0.03802148283,0.07602464527,0.0192608457,0.9153364102,7.8354,0.0000000000
0.050,0.077,0.03852205508,0.07702505665,0.01951419157,0.9128405889,7.6008,0.0000000000
0.050,0.078,0.0390226387,0.07802547144,0.01976753407,0.9102938681,7.3749,0.0000000000
0.050,0.079,0.03952323382,0.07902588969,0.02002087315,0.9076949646,7.1571,0.0000000000
0.050,0.080,0.04002384061,0.08002631142,0.02027420879,0.9050424852,6.9472,0.0000000000
0.050,0.081,0.0405244592,0.0810267367,0.02052754092,0.9023349761,6.7447,0.0000000000
0.050,0.082,0.04102508974,0.08202716556,0.02078086952,0.8995708594,6.5492,0.0000000000
0.050,0.083,0.04152573239,0.08302759804,0.02103419454,0.8967484530,6.3603,0.0000000000
0.050,0.084,0.04202638729,0.08402803419,0.02128751593,0.8938659501,6.1778,0.0000000000
0.050,0.085,0.04252705459,0.08502847406,0.02154083366,0.8909214068,6.0013,0.0000000000
0.050,0.086,0.04302773443,0.08602891768,0.02179414768,0.8879127223,5.8306,0.0000000000
0.050,0.087,0.04352842697,0.0870293651,0.02204745795,0.8848376398,5.6652,0.0000000000
0.050,0.088,0.04402913235,0.08802981636,0.02230076442,0.8816937069,5.5051,0.0000000000
0.050,0.089,0.04452985073,0.08903027151,0.02255406706,0.8784782634,5.3498,0.0000000000
0.050,0.090,0.04503058224,0.09003073059,0.02280736582,0.8751884143,5.1993,0.0000000000
0.050,0.091,0.04553132704,0.09103119365,0.02306066066,0.8718210104,5.0532,0.0000000000
0.050,0.092,0.04603208527,0.09203166072,0.02331395154,0.8683725691,4.9113,0.0000000000
0.050,0.093,0.04653285709,0.09303213185,0.02356723842,0.8648393004,4.7734,0.0000000000
0.050,0.094,0.04703364264,0.09403260708,0.02382052125,0.8612170104,4.6393,0.0000000000
0.050,0.095,0.04753444207,0.09503308647,0.02407379999,0.8575010644,4.5088,0.0000000000
0.050,0.096,0.04803525553,0.09603357004,0.0243270746,0.8536862769,4.3817,0.0000000000
0.050,0.097,0.04853608317,0.09703405784,0.02458034504,0.8497669062,4.2578,0.0000000000
0.050,0.098,0.04903692513,0.09803454993,0.02483361127,0.8457364639,4.1370,0.0000000000
0.050,0.099,0.04953778156,0.09903504633,0.02508687324,0.8415876372,4.0191,0.0000000000
0.050,0.100,0.05003865262,0.1000355471,0.02534013092,0.8373121115,3.9038,0.0000000000
0.050,0.101,0.05053953844,0.1010360523,0.02559338426,0.8329003753,3.7910,0.0000000000
0.050,0.102,0.05104043919,0.1020365619,0.02584663322,0.8283414402,3.6805,0.0000000000
0.050,0.103,0.051541355,0.103037076,0.02609987775,0.8236225828,3.5721,0.0000000000
0.050,0.104,0.05204228603,0.1040375946,0.02635311782,0.8187287516,3.4657,0.0000000000
0.050,0.105,0.05254323242,0.1050381179,0.02660635339,0.8136421468,3.3610,0.0000000000
0.050,0.106,0.05304419432,0.1060386457,0.02685958442,0.8083413056,3.2577,0.0000000000
0.050,0.107,0.05354517188,0.1070391782,0.02711281085,0.8028000091,3.1557,0.0000000000
0.050,0.108,0.05404616525,0.1080397155,0.02736603266,0.7969856213,3.0546,0.0000000000
0.050,0.109,0.05454717458,0.1090402574,0.0276192498,0.7908566959,2.9541,0.0000000000
0.050,0.110,0.05504820002,0.1100408042,0.02787246223,0.7843591137,2.8538,0.0000000000
0.050,0.111,0.05554924171,0.1110413558,0.0281256699,0.7774200115,2.7530,0.0000000000
0.050,0.112,0.0560502998,0.1120419123,0.02837887278,0.7699370736,2.6512,0.0000000000
0.050,0.113,0.05655137445,0.1130424737,0.02863207083,0.7617584542,2.5472,0.0000000000
0.050,0.114,0.05705246579,0.11404304,0.02888526401,0.7526407364,2.4392,0.0000000000
0.050,0.115,0.05755357399,0.1150436114,0.02913845227,0.7421454983,2.3244,0.0000000000
0.050,0.116,0.05805469918,0.1160441878,0.02939163557,0.7293069116,2.1959,0.0000000000
0.050,0.117,0.05855584152,0.1170447694,0.02964481388,0.7107060977,2.0297,0.0000000000
0.050,0.118,0.05905700116,0.118045356,0.02989798715,0.6874065592,1.8492,0.0247572174
0.050,0.119,0.05955817823,0.1190459478,0.03015115534,0.6873880282,1.8491,0.0419345927
0.050,0.120,0.06005937291,0.1200465449,0.03040431841,0.6873693280,1.8490,0.0539660030
0.050,0.121,0.06056058532,0.1210471472,0.03065747632,0.6873504633,1.8488,0.0638306408
0.050,0.122,0.06106181562,0.1220477548,0.03091062904,0.6873314276,1.8487,0.0724191102
0.050,0.123,0.06156306397,0.1230483678,0.03116377651,0.6873122271,1.8486,0.0801425817
0.050,0.124,0.0620643305,0.1240489861,0.0314169187,0.6872928555,1.8484,0.0872308361
0.050,0.125,0.06256561537,0.1250496099,0.03167005558,0.6872733147,1.8483,0.0938277723
0.050,0.126,0.06306691872,0.1260502392,0.03192318709,0.6872536059,1.8481,0.1000304720
0.050,0.127,0.06356824071,0.127050874,0.0321763132,0.6872337263,1.8480,0.1059080325
0.050,0.128,0.06406958149,0.1280515143,0.03242943388,0.6872136784,1.8479,0.1115117082
0.050,0.129,0.06457094119,0.1290521603,0.03268254907,0.6871934598,1.8477,0.1168807025
0.050,0.130,0.06507231998,0.1300528118,0.03293565874,0.6871730719,1.8476,0.1220458828
0.050,0.131,0.065573718,0.1310534691,0.03318876285,0.6871525093,1.8474,0.1270319061
0.050,0.132,0.0660751354,0.1320541321,0.03344186136,0.6871317787,1.8473,0.1318589812
0.050,0.133,0.06657657233,0.1330548009,0.03369495423,0.6871108776,1.8471,0.1365438037
0.050,0.134,0.06707802894,0.1340554755,0.03394804143,0.6870898025,1.8470,0.1411004042
0.050,0.135,0.06757950533,0.1350561558,0.03420112288,0.6870685580,1.8468,0.1455406961
0.050,0.136,0.06808100174,0.1360568422,0.0344541986,0.6870471397,1.8467,0.1498748491
0.050,0.137,0.06858251828,0.1370575345,0.03470726852,0.6870255490,1.8465,0.1541117172
0.050,0.138,0.06908405509,0.1380582327,0.0349603326,0.6870037864,1.8463,0.1582589670
0.050,0.139,0.06958561232,0.139058937,0.03521339081,0.6869818485,1.8462,0.1623233284
0.050,0.140,0.07008719013,0.1400596474,0.0354664431,0.6869597390,1.8460,0.1663107730
0.050,0.141,0.07058878867,0.1410603638,0.03571948944,0.6869374553,1.8459,0.1702265705
0.050,0.142,0.07109040807,0.1420610864,0.03597252978,0.6869149989,1.8457,0.1740754429
0.050,0.143,0.0715920485,0.1430618152,0.0362255641,0.6868923651,1.8455,0.1778615707
0.050,0.144,0.0720937101,0.1440625502,0.03647859234,0.6868695578,1.8454,0.1815888035
0.050,0.145,0.07259539302,0.1450632915,0.03673161447,0.6868465751,1.8452,0.1852605627
0.050,0.146,0.07309709741,0.1460640391,0.03698463046,0.6868234172,1.8451,0.1888799672
0.050,0.147,0.07359882342,0.1470647931,0.03723764026,0.6868000834,1.8449,0.1924498398
0.050,0.148,0.07410057119,0.1480655535,0.03749064383,0.6867765731,1.8447,0.1959727976
0.050,0.149,0.07460234089,0.1490663203,0.03774364114,0.6867528853,1.8446,0.1994511969
0.050,0.150,0.07510413265,0.1500670936,0.03799663215,0.6867290240,1.8444,0.2028872319
0.050,0.151,0.07560594664,0.1510678734,0.03824961681,0.6867049838,1.8442,0.2062828890
0.050,0.152,0.07610778299,0.1520686598,0.0385025951,0.6866807645,1.8440,0.2096400172
0.050,0.153,0.07660964185,0.1530694527,0.03875556697,0.6866563689,1.8439,0.2129603543
0.050,0.154,0.07711152339,0.1540702524,0.03900853239,0.6866317951,1.8437,0.2162454683
0.050,0.155,0.07761342774,0.1550710587,0.03926149132,0.6866070413,1.8435,0.2194968325
0.050,0.156,0.07811535505,0.1560718717,0.03951444371,0.6865821099,1.8433,0.2227158277
0.050,0.157,0.07861730549,0.1570726915,0.03976738953,0.6865569981,1.8432,0.2259037254
0.050,0.158,0.07911927919,0.1580735182,0.04002032875,0.6865317081,1.8430,0.2290617180
0.050,0.159,0.0796212763,0.1590743516,0.04027326133,0.6865062352,1.8428,0.2321909174
0.050,0.160,0.08012329698,0.160075192,0.04052618723,0.6864805848,1.8426,0.2352923779
0.050,0.161,0.08062534138,0.1610760393,0.0407791064,0.6864547521,1.8424,0.2383670749
0.050,0.162,0.08112740964,0.1620768936,0.04103201882,0.6864287387,1.8422,0.2414159284
0.050,0.163,0.08162950192,0.1630777549,0.04128492445,0.6864025444,1.8421,0.2444398011
0.050,0.164,0.08213161836,0.1640786232,0.04153782325,0.6863761679,1.8419,0.2474395049
0.050,0.165,0.08263375912,0.1650794987,0.04179071518,0.6863496089,1.8417,0.2504158201
0.050,0.166,0.08313592435,0.1660803813,0.0420436002,0.6863228681,1.8415,0.2533694630
0.050,0.167,0.08363811419,0.1670812711,0.04229647828,0.6862959426,1.8413,0.2563011123
0.050,0.168,0.08414032879,0.168082168,0.04254934939,0.6862688337,1.8411,0.2592114178
0.050,0.169,0.08464256832,0.1690830723,0.04280221348,0.6862415409,1.8409,0.2621009889
0.050,0.170,0.08514483291,0.1700839839,0.04305507052,0.6862140624,1.8407,0.2649704129
0.050,0.171,0.08564712272,0.1710849027,0.04330792047,0.6861864034,1.8405,0.2678202366
0.050,0.172,0.08614943789,0.172085829,0.0435607633,0.6861585557,1.8403,0.2706509847
0.050,0.173,0.08665177858,0.1730867627,0.04381359896,0.6861305235,1.8401,0.2734631419
0.050,0.174,0.08715414494,0.1740877039,0.04406642743,0.6861023094,1.8399,0.2762571992
0.050,0.175,0.08765653712,0.1750886526,0.04431924866,0.6860739048,1.8397,0.2790335753
0.050,0.176,0.08815895527,0.1760896088,0.04457206263,0.6860453160,1.8395,0.2817927212
0.050,0.177,0.08866139953,0.1770905726,0.04482486929,0.6860165373,1.8393,0.2845350242
0.050,0.178,0.08916387007,0.178091544,0.04507766861,0.6859875720,1.8391,0.2872608852
0.050,0.179,0.08966636703,0.1790925231,0.04533046055,0.6859584181,1.8389,0.2899706628
0.050,0.180,0.09016889055,0.1800935098,0.04558324508,0.6859290795,1.8387,0.2926647227
0.050,0.181,0.0906714408,0.1810945044,0.04583602216,0.6858995478,1.8385,0.2953433848
0.050,0.182,0.09117401792,0.1820955067,0.04608879176,0.6858698306,1.8383,0.2980069730
0.050,0.183,0.09167662207,0.1830965168,0.04634155383,0.6858399229,1.8380,0.3006558079
0.050,0.184,0.09217925338,0.1840975348,0.04659430836,0.6858098262,1.8378,0.3032901686
0.050,0.185,0.09268191203,0.1850985608,0.04684705529,0.6857795372,1.8376,0.3059103405
0.050,0.186,0.09318459814,0.1860995946,0.0470997946,0.6857490586,1.8374,0.3085165866
0.050,0.187,0.09368731189,0.1871006364,0.04735252625,0.6857183839,1.8372,0.3111091622
0.050,0.188,0.09419005341,0.1881016863,0.0476052502,0.6856875253,1.8370,0.3136883324
0.050,0.189,0.09469282286,0.1891027442,0.04785796643,0.6856564713,1.8367,0.3162543167
0.050,0.190,0.09519562039,0.1901038103,0.04811067489,0.6856252256,1.8365,0.3188073463
0.050,0.191,0.09569844614,0.1911048844,0.04836337555,0.6855937867,1.8363,0.3213476281
0.050,0.192,0.09620130028,0.1921059668,0.04861606838,0.6855621538,1.8361,0.3238753832
0.050,0.193,0.09670418295,0.1931070574,0.04886875334,0.6855303254,1.8358,0.3263907996
0.050,0.194,0.09720709431,0.1941081562,0.0491214304,0.6854983065,1.8356,0.3288940860
0.050,0.195,0.09771003449,0.1951092633,0.04937409952,0.6854660915,1.8354,0.3313854078
0.050,0.196,0.09821300367,0.1961103788,0.04962676068,0.6854336787,1.8352,0.3338649422
0.050,0.197,0.09871600198,0.1971115026,0.04987941383,0.6854010731,1.8349,0.3363328819
0.050,0.198,0.09921902958,0.1981126349,0.05013205894,0.6853682707,1.8347,0.3387893646
0.050,0.199,0.09972208662,0.1991137756,0.05038469598,0.6853352723,1.8345,0.3412345625
0.050,0.200,0.1002251732,0.2001149249,0.05063732491,0.6853020779,1.8342,0.3436686126
0.050,0.201,0.1007282896,0.2011160826,0.05088994571,0.6852686819,1.8340,0.3460916661
0.050,0.202,0.1012314359,0.202117249,0.05114255833,0.6852350920,1.8338,0.3485038671
0.050,0.203,0.1017346122,0.2031184239,0.05139516275,0.6852013038,1.8335,0.3509053467
0.050,0.204,0.1022378187,0.2041196075,0.05164775894,0.6851673137,1.8333,0.3532962245
0.050,0.205,0.1027410556,0.2051207998,0.05190034684,0.6851331271,1.8330,0.3556766370
0.050,0.206,0.1032443229,0.2061220008,0.05215292645,0.6850987444,1.8328,0.3580467056
0.050,0.207,0.1037476209,0.2071232106,0.05240549772,0.6850641533,1.8325,0.3604065263
0.050,0.208,0.1042509497,0.2081244292,0.05265806062,0.6850293654,1.8323,0.3627562192
0.050,0.209,0.1047543095,0.2091256566,0.05291061511,0.6849943762,1.8321,0.3650959033
0.050,0.210,0.1052577004,0.2101268929,0.05316316117,0.6849591861,1.8318,0.3674256641
0.050,0.211,0.1057611225,0.2111281381,0.05341569876,0.6849237909,1.8316,0.3697455982
0.050,0.212,0.1062645761,0.2121293923,0.05366822786,0.6848881966,1.8313,0.3720558188
0.050,0.213,0.1067680612,0.2131306555,0.05392074842,0.6848523971,1.8310,0.3743563971
0.050,0.214,0.107271578,0.2141319278,0.05417326042,0.6848163955,1.8308,0.3766474326
0.050,0.215,0.1077751267,0.2151332091,0.05442576382,0.6847801881,1.8305,0.3789290103
0.050,0.216,0.1082787074,0.2161344995,0.05467825859,0.6847437780,1.8303,0.3812012062
0.050,0.217,0.1087823202,0.2171357991,0.05493074471,0.6847071619,1.8300,0.3834640956
0.050,0.218,0.1092859654,0.2181371078,0.05518322213,0.6846703377,1.8298,0.3857177561
0.050,0.219,0.1097896431,0.2191384258,0.05543569083,0.6846333118,1.8295,0.3879622661
0.050,0.220,0.1102933534,0.2201397531,0.05568815078,0.6845960767,1.8292,0.3901976859
0.050,0.221,0.1107970965,0.2211410896,0.05594060194,0.6845586361,1.8290,0.3924240992
0.050,0.222,0.1113008725,0.2221424355,0.05619304429,0.6845209916,1.8287,0.3946415546
0.050,0.223,0.1118046816,0.2231437908,0.05644547779,0.6844831316,1.8284,0.3968501121
0.050,0.224,0.112308524,0.2241451555,0.05669790242,0.6844450661,1.8282,0.3990498360
0.050,0.225,0.1128123997,0.2251465296,0.05695031813,0.6844067940,1.8279,0.4012407953
0.050,0.226,0.1133163089,0.2261479133,0.05720272491,0.6843683092,1.8276,0.4034230240
0.050,0.227,0.1138202519,0.2271493064,0.05745512272,0.6843296147,1.8274,0.4055965895
0.050,0.228,0.1143242287,0.2281507091,0.05770751153,0.6842907112,1.8271,0.4077615351
0.050,0.229,0.1148282395,0.2291521215,0.05795989131,0.6842515955,1.8268,0.4099179131
0.050,0.230,0.1153322845,0.2301535434,0.05821226203,0.6842122696,1.8265,0.4120657737
0.050,0.231,0.1158363637,0.2311549751,0.05846462366,0.6841727294,1.8263,0.4142051491
0.050,0.232,0.1163404775,0.2321564165,0.05871697617,0.6841329765,1.8260,0.4163360908
0.050,0.233,0.1168446258,0.2331578676,0.05896931953,0.6840930142,1.8257,0.4184586535
0.050,0.234,0.1173488089,0.2341593285,0.05922165371,0.6840528331,1.8254,0.4205728448
0.050,0.235,0.1178530269,0.2351607992,0.05947397869,0.6840124370,1.8251,0.4226787206
0.050,0.236,0.11835728,0.2361622798,0.05972629443,0.6839718330,1.8248,0.4247763292
0.050,0.237,0.1188615683,0.2371637703,0.0599786009,0.6839310080,1.8246,0.4268656807
0.050,0.238,0.119365892,0.2381652707,0.06023089807,0.6838899676,1.8243,0.4289468222
0.050,0.239,0.1198702512,0.2391667811,0.06048318593,0.6838487108,1.8240,0.4310197832
0.050,0.240,0.1203746461,0.2401683015,0.06073546442,0.6838072390,1.8237,0.4330845899
0.050,0.241,0.1208790768,0.241169832,0.06098773354,0.6837655506,1.8234,0.4351412796
0.050,0.242,0.1213835436,0.2421713726,0.06123999325,0.6837236428,1.8231,0.4371898667
0.050,0.243,0.1218880464,0.2431729232,0.06149224352,0.6836815144,1.8228,0.4392303855
0.050,0.244,0.1223925856,0.244174484,0.06174448432,0.6836391714,1.8225,0.4412628594
0.050,0.245,0.1228971612,0.245176055,0.06199671563,0.6835966065,1.8222,0.4432873105
0.050,0.246,0.1234017734,0.2461776363,0.06224893741,0.6835538169,1.8219,0.4453037519
0.050,0.247,0.1239064224,0.2471792278,0.06250114965,0.6835108137,1.8216,0.4473122240
0.050,0.248,0.1244111083,0.2481808296,0.0627533523,0.6834675868,1.8213,0.4493127303
0.050,0.249,0.1249158312,0.2491824417,0.06300554536,0.6834241368,1.8210,0.4513052902
0.050,0.250,0.1254205914,0.2501840642,0.06325772877,0.6833804647,1.8207,0.4532899230
0.050,0.251,0.1259253889,0.2511856971,0.06350990253,0.6833365715,1.8204,0.4552666568
0.050,0.252,0.1264302239,0.2521873405,0.0637620666,0.6832924487,1.8201,0.4572354828
0.050,0.253,0.1269350967,0.2531889943,0.06401422096,0.6832481105,1.8198,0.4591964375
0.050,0.254,0.1274400073,0.2541906587,0.06426636557,0.6832035374,1.8195,0.4611495144
0.050,0.255,0.1279449558,0.2551923336,0.06451850042,0.6831587432,1.8192,0.4630947393
0.050,0.256,0.1284499425,0.2561940191,0.06477062548,0.6831137298,1.8188,0.4650321276
0.050,0.257,0.1289549675,0.2571957152,0.06502274071,0.6830684806,1.8185,0.4669616670
0.050,0.258,0.1294600309,0.258197422,0.0652748461,0.6830230087,1.8182,0.4688833914
0.050,0.259,0.129965133,0.2591991395,0.06552694161,0.6829773079,1.8179,0.4707972924
0.050,0.260,0.1304702738,0.2602008677,0.06577902723,0.6829313824,1.8176,0.4727033861
0.050,0.261,0.1309754535,0.2612026066,0.06603110292,0.6828852246,1.8172,0.4746016734
0.050,0.262,0.1314806723,0.2622043564,0.06628316866,0.6828388354,1.8169,0.4764921557
0.050,0.263,0.1319859303,0.263206117,0.06653522442,0.6827922185,1.8166,0.4783748531
0.050,0.264,0.1324912277,0.2642078884,0.06678727019,0.6827453742,1.8163,0.4802497595
0.050,0.265,0.1329965646,0.2652096708,0.06703930593,0.6826982930,1.8159,0.4821168726
0.050,0.266,0.1335019412,0.2662114641,0.06729133161,0.6826509838,1.8156,0.4839762089
0.050,0.267,0.1340073576,0.2672132684,0.06754334722,0.6826034431,1.8153,0.4858277608
0.050,0.268,0.134512814,0.2682150836,0.06779535273,0.6825556672,1.8149,0.4876715257
0.050,0.269,0.1350183106,0.26921691,0.06804734812,0.6825076585,1.8146,0.4895075106
0.050,0.270,0.1355238475,0.2702187474,0.06829933335,0.6824594175,1.8143,0.4913357130
0.050,0.271,0.1360294248,0.2712205959,0.06855130841,0.6824109384,1.8139,0.4931561285
0.050,0.272,0.1365350428,0.2722224555,0.06880327328,0.6823622265,1.8136,0.4949687596
0.050,0.273,0.1370407015,0.2732243264,0.06905522792,0.6823132765,1.8133,0.4967735969
0.050,0.274,0.1375464011,0.2742262084,0.06930717231,0.6822640893,1.8129,0.4985706407
0.050,0.275,0.1380521419,0.2752281017,0.06955910643,0.6822146672,1.8126,0.5003598889
0.050,0.276,0.1385579238,0.2762300063,0.06981103027,0.6821650081,1.8122,0.5021413392
0.050,0.277,0.1390637472,0.2772319222,0.07006294378,0.6821151071,1.8119,0.5039149774
0.050,0.278,0.1395696121,0.2782338494,0.07031484696,0.6820649718,1.8115,0.5056808032
0.050,0.279,0.1400755186,0.279235788,0.07056673977,0.6820145899,1.8112,0.5074388025
0.050,0.280,0.1405814671,0.2802377381,0.0708186222,0.6819639723,1.8108,0.5091889756
0.050,0.281,0.1410874576,0.2812396996,0.07107049422,0.6819131167,1.8105,0.5109313203
0.050,0.282,0.1415934902,0.2822416726,0.0713223558,0.6818620156,1.8101,0.5126658144
0.050,0.283,0.1420995651,0.2832436571,0.07157420694,0.6818106746,1.8098,0.5143924582
0.050,0.284,0.1426056826,0.2842456531,0.0718260476,0.6817590883,1.8094,0.5161112369
0.050,0.285,0.1431118426,0.2852476607,0.07207787776,0.6817072587,1.8091,0.5178221398
0.050,0.286,0.1436180455,0.28624968,0.07232969741,0.6816551857,1.8087,0.5195251557
0.050,0.287,0.1441242913,0.2872517109,0.07258150651,0.6816028721,1.8083,0.5212202821
0.050,0.288,0.1446305802,0.2882537535,0.07283330505,0.6815503054,1.8080,0.5229074931
0.050,0.289,0.1451369123,0.2892558078,0.073085093,0.6814974995,1.8076,0.5245867883
0.050,0.290,0.1456432879,0.2902578739,0.07333687035,0.6814444449,1.8072,0.5262581473
0.050,0.291,0.146149707,0.2912599517,0.07358863708,0.6813911408,1.8069,0.5279215626
0.050,0.292,0.1466561699,0.2922620414,0.07384039315,0.6813375880,1.8065,0.5295770059
0.050,0.293,0.1471626766,0.2932641429,0.07409213856,0.6812837898,1.8061,0.5312244827
0.050,0.294,0.1476692274,0.2942662563,0.07434387328,0.6812297450,1.8057,0.5328639715
0.050,0.295,0.1481758224,0.2952683816,0.0745955973,0.6811754440,1.8054,0.5344954400
0.050,0.296,0.1486824617,0.2962705188,0.07484731058,0.6811208960,1.8050,0.5361188961
0.050,0.297,0.1491891456,0.297272668,0.07509901311,0.6810660931,1.8046,0.5377343055
0.050,0.298,0.1496958741,0.2982748293,0.07535070488,0.6810110449,1.8042,0.5393416661
0.050,0.299,0.1502026474,0.2992770026,0.07560238585,0.6809557397,1.8039,0.5409409434
0.050,0.300,0.1507094657,0.3002791879,0.07585405602,0.6809001836,1.8035,0.5425321330
0.050,0.301,0.1512163291,0.3012813854,0.07610571536,0.6808443756,1.8031,0.5441152131
0.050,0.302,0.1517232379,0.302283595,0.07635736385,0.6807883043,1.8027,0.5456901528
0.050,0.303,0.152230192,0.3032858168,0.07660900148,0.6807319863,1.8023,0.5472569511
0.050,0.304,0.1527371918,0.3042880508,0.07686062823,0.6806754101,1.8019,0.5488155755
0.050,0.305,0.1532442374,0.305290297,0.07711224407,0.6806185796,1.8015,0.5503660153
0.050,0.306,0.1537513288,0.3062925555,0.07736384899,0.6805614914,1.8011,0.5519082424
0.050,0.307,0.1542584664,0.3072948263,0.07761544297,0.6805041388,1.8008,0.5534422278
0.050,0.308,0.1547656501,0.3082971094,0.07786702599,0.6804465358,1.8004,0.5549679670
0.050,0.309,0.1552728803,0.3092994049,0.07811859803,0.6803886723,1.8000,0.5564854283
0.050,0.310,0.155780157,0.3103017127,0.07837015908,0.6803305437,1.7996,0.5579945860
0.050,0.311,0.1562874804,0.311304033,0.07862170913,0.6802721608,1.7992,0.5594954257
0.050,0.312,0.1567948507,0.3123063658,0.07887324814,0.6802135094,1.7988,0.5609879146
0.050,0.313,0.157302268,0.313308711,0.0791247761,0.6801546047,1.7983,0.5624720386
0.050,0.314,0.1578097325,0.3143110688,0.07937629301,0.6800954274,1.7979,0.5639477568
0.050,0.315,0.1583172443,0.3153134391,0.07962779883,0.6800359941,1.7975,0.5654150653
0.050,0.316,0.1588248037,0.316315822,0.07987929356,0.6799763007,1.7971,0.5668739292
0.050,0.317,0.1593324106,0.3173182175,0.08013077717,0.6799163303,1.7967,0.5683243119
0.050,0.318,0.1598400654,0.3183206256,0.08038224966,0.6798561037,1.7963,0.5697662078
0.050,0.319,0.1603477682,0.3193230464,0.080633711,0.6797956118,1.7959,0.5711995809
0.050,0.320,0.160855519,0.3203254799,0.08088516117,0.6797348458,1.7955,0.5726243913
0.050,0.321,0.1613633182,0.3213279261,0.08113660018,0.6796738205,1.7951,0.5740406351
0.050,0.322,0.1618711658,0.3223303851,0.08138802799,0.6796125221,1.7946,0.5754482684
0.050,0.323,0.162379062,0.3233328569,0.08163944459,0.6795509586,1.7942,0.5768472689
0.050,0.324,0.162887007,0.3243353415,0.08189084997,0.6794891224,1.7938,0.5782376037
0.050,0.325,0.1633950009,0.325337839,0.08214224411,0.6794270176,1.7934,0.5796192463
0.050,0.326,0.1639030438,0.3263403493,0.08239362699,0.6793646417,1.7929,0.5809921697
0.050,0.327,0.164411136,0.3273428726,0.08264499862,0.6793019891,1.7925,0.5823563340
0.050,0.328,0.1649192776,0.3283454088,0.08289635896,0.6792390690,1.7921,0.5837117205
0.050,0.329,0.1654274687,0.329347958,0.083147708,0.6791758771,1.7917,0.5850582967
0.050,0.330,0.1659357096,0.3303505201,0.08339904573,0.6791124081,1.7912,0.5863960199
0.050,0.331,0.1664440003,0.3313530954,0.08365037214,0.6790486675,1.7908,0.5877248774
0.050,0.332,0.1669523411,0.3323556836,0.08390168722,0.6789846459,1.7904,0.5890448158
0.050,0.333,0.167460732,0.333358285,0.08415299094,0.6789203550,1.7899,0.5903558242
0.050,0.334,0.1679691733,0.3343608994,0.0844042833,0.6788557841,1.7895,0.5916578530
0.050,0.335,0.1684776651,0.3353635271,0.08465556428,0.6787909342,1.7890,0.5929508714
0.050,0.336,0.1689862076,0.3363661678,0.08490683387,0.6787258104,1.7886,0.5942348576
0.050,0.337,0.1694948009,0.3373688218,0.08515809206,0.6786604029,1.7881,0.5955097618
0.050,0.338,0.1700034451,0.3383714891,0.08540933883,0.6785947185,1.7877,0.5967755572
0.050,0.339,0.1705121406,0.3393741696,0.08566057418,0.6785287505,1.7873,0.5980322052
0.050,0.340,0.1710208873,0.3403768634,0.08591179809,0.6784625083,1.7868,0.5992796832
0.050,0.341,0.1715296855,0.3413795705,0.08616301055,0.6783959783,1.7864,0.6005179384
0.050,0.342,0.1720385353,0.3423822909,0.08641421155,0.6783291698,1.7859,0.6017469461
0.050,0.343,0.1725474369,0.3433850247,0.08666540107,0.6782620774,1.7854,0.6029666614
0.050,0.344,0.1730563904,0.344387772,0.08691657911,0.6781946912,1.7850,0.6041770434
0.050,0.345,0.173565396,0.3453905326,0.08716774565,0.6781270349,1.7845,0.6053780782
0.050,0.346,0.1740744539,0.3463933068,0.08741890068,0.6780590850,1.7841,0.6065697030
0.050,0.347,0.1745835643,0.3473960944,0.0876700442,0.6779908509,1.7836,0.6077518876
0.050,0.348,0.1750927272,0.3483988955,0.08792117619,0.6779223300,1.7831,0.6089245946
0.050,0.349,0.1756019428,0.3494017102,0.08817229664,0.6778535157,1.7827,0.6100877798
0.050,0.350,0.1761112114,0.3504045385,0.08842340554,0.6777844197,1.7822,0.6112414140
0.050,0.351,0.176620533,0.3514073803,0.08867450289,0.6777150324,1.7817,0.6123854506
0.050,0.352,0.1771299079,0.3524102358,0.08892558867,0.6776453586,1.7813,0.6135198480
0.050,0.353,0.1776393361,0.3534131049,0.08917666287,0.6775753886,1.7808,0.6146445653
0.050,0.354,0.1781488179,0.3544159877,0.08942772549,0.6775051259,1.7803,0.6157595586
0.050,0.355,0.1786583534,0.3554188842,0.08967877651,0.6774345697,1.7798,0.6168647882
0.050,0.356,0.1791679427,0.3564217945,0.08992981593,0.6773637231,1.7794,0.6179602152
0.050,0.357,0.1796775861,0.3574247185,0.09018084374,0.6772925899,1.7789,0.6190458042
0.050,0.358,0.1801872837,0.3584276563,0.09043185992,0.6772211494,1.7784,0.6201214885
0.050,0.359,0.1806970356,0.359430608,0.09068286448,0.6771494256,1.7779,0.6211872528
0.050,0.360,0.1812068421,0.3604335734,0.09093385741,0.6770773931,1.7774,0.6222430254
0.050,0.361,0.1817167032,0.3614365528,0.09118483869,0.6770050779,1.7770,0.6232887885
0.050,0.362,0.1822266191,0.362439546,0.09143580832,0.6769324546,1.7765,0.6243244725
0.050,0.363,0.1827365901,0.3634425532,0.09168676629,0.6768595352,1.7760,0.6253500476
0.050,0.364,0.1832466162,0.3644455743,0.0919377126,0.6767863194,1.7755,0.6263654674
0.050,0.365,0.1837566976,0.3654486094,0.09218864724,0.6767128012,1.7750,0.6273706743
0.050,0.366,0.1842668345,0.3664516585,0.09243957019,0.6766389793,1.7745,0.6283656280
0.050,0.367,0.1847770271,0.3674547216,0.09269048147,0.6765648527,1.7740,0.6293502791
0.050,0.368,0.1852872754,0.3684577987,0.09294138105,0.6764904256,1.7735,0.6303245825
0.050,0.369,0.1857975798,0.36946089,0.09319226894,0.6764157089,1.7730,0.6312885045
0.050,0.370,0.1863079402,0.3704639953,0.09344314512,0.6763406754,1.7725,0.6322419694
0.050,0.371,0.186818357,0.3714671148,0.0936940096,0.6762653381,1.7720,0.6331849397
0.050,0.372,0.1873288302,0.3724702485,0.09394486236,0.6761897000,1.7715,0.6341173708
0.050,0.373,0.18783936,0.3734733963,0.09419570341,0.6761137452,1.7710,0.6350391968
0.050,0.374,0.1883499466,0.3744765583,0.09444653273,0.6760374951,1.7705,0.6359503894
0.050,0.375,0.1888605901,0.3754797346,0.09469735033,0.6759609372,1.7699,0.6368508855
0.050,0.376,0.1893712907,0.3764829251,0.0949481562,0.6758840652,1.7694,0.6377406289
0.050,0.377,0.1898820486,0.3774861299,0.09519895033,0.6758068859,1.7689,0.6386195722
0.050,0.378,0.190392864,0.378489349,0.09544973273,0.6757293987,1.7684,0.6394876642
0.050,0.379,0.1909037369,0.3794925824,0.09570050338,0.6756515955,1.7679,0.6403448451
0.050,0.380,0.1914146676,0.3804958302,0.09595126229,0.6755734811,1.7674,0.6411910654
0.050,0.381,0.1919256562,0.3814990924,0.09620200945,0.6754950513,1.7668,0.6420262671
0.050,0.382,0.1924367029,0.3825023689,0.09645274485,0.6754163081,1.7663,0.6428504001
0.050,0.383,0.1929478078,0.3835056599,0.0967034685,0.6753372511,1.7658,0.6436634061
0.050,0.384,0.1934589711,0.3845089654,0.0969541804,0.6752578900,1.7653,0.6444652400
0.050,0.385,0.193970193,0.3855122853,0.09720488054,0.6751781985,1.7647,0.6452558241
0.050,0.386,0.1944814737,0.3865156197,0.09745556891,0.6750981923,1.7642,0.6460351115
0.050,0.387,0.1949928132,0.3875189687,0.09770624553,0.6750178731,1.7637,0.6468030503
0.050,0.388,0.1955042118,0.3885223322,0.09795691038,0.6749372369,1.7631,0.6475595775
0.050,0.389,0.1960156696,0.3895257103,0.09820756346,0.6748562802,1.7626,0.6483046329
0.050,0.390,0.1965271868,0.390529103,0.09845820478,0.6747750038,1.7620,0.6490381579
0.050,0.391,0.1970387636,0.3915325103,0.09870883434,0.6746933989,1.7615,0.6497600849
0.050,0.392,0.1975504001,0.3925359322,0.09895945212,0.6746114813,1.7610,0.6504703687
0.050,0.393,0.1980620964,0.3935393688,0.09921005814,0.6745292405,1.7604,0.6511689377
0.050,0.394,0.1985738528,0.3945428201,0.09946065239,0.6744466705,1.7599,0.6518557293
0.050,0.395,0.1990856694,0.3955462861,0.09971123488,0.6743637837,1.7593,0.6525306880
0.050,0.396,0.1995975464,0.3965497668,0.09996180559,0.6742805645,1.7588,0.6531937384
0.050,0.397,0.200109484,0.3975532623,0.1002123645,0.6741970252,1.7582,0.6538448305
0.050,0.398,0.2006214822,0.3985567726,0.1004629117,0.6741131566,1.7577,0.6544838909
0.050,0.399,0.2011335413,0.3995602977,0.1007134472,0.6740289600,1.7571,0.6551108563
0.050,0.400,0.2016456614,0.4005638376,0.1009639708,0.6739444325,1.7565,0.6557256593
0.050,0.401,0.2021578428,0.4015673924,0.1012144827,0.6738595845,1.7560,0.6563282439
0.050,0.402,0.2026700854,0.402570962,0.1014649829,0.6737744013,1.7554,0.6569185298
0.050,0.403,0.2031823897,0.4035745465,0.1017154712,0.6736888854,1.7549,0.6574964513
0.050,0.404,0.2036947556,0.404578146,0.1019659479,0.6736030425,1.7543,0.6580619480
0.050,0.405,0.2042071834,0.4055817603,0.1022164128,0.6735168642,1.7537,0.6586149421
0.050,0.406,0.2047196732,0.4065853897,0.1024668659,0.6734303493,1.7532,0.6591553627
0.050,0.407,0.2052322251,0.407589034,0.1027173073,0.6733435012,1.7526,0.6596831449
0.050,0.408,0.2057448395,0.4085926933,0.1029677369,0.6732563232,1.7520,0.6601982209
0.050,0.409,0.2062575163,0.4095963676,0.1032181548,0.6731688027,1.7514,0.6607005055
0.050,0.410,0.2067702559,0.410600057,0.103468561,0.6730809507,1.7509,0.6611899384
0.050,0.411,0.2072830583,0.4116037614,0.1037189555,0.6729927583,1.7503,0.6616664386
0.050,0.412,0.2077959237,0.412607481,0.1039693382,0.6729042365,1.7497,0.6621299429
0.050,0.413,0.2083088523,0.4136112156,0.1042197092,0.6728153625,1.7491,0.6625803538
0.050,0.414,0.2088218443,0.4146149654,0.1044700685,0.6727261521,1.7485,0.6630176122
0.050,0.415,0.2093348997,0.4156187303,0.104720416,0.6726365998,1.7479,0.6634416359
0.050,0.416,0.2098480189,0.4166225104,0.1049707519,0.6725467109,1.7474,0.6638523547
0.050,0.417,0.2103612019,0.4176263057,0.1052210761,0.6724564730,1.7468,0.6642496776
0.050,0.418,0.2108744489,0.4186301162,0.1054713886,0.6723658942,1.7462,0.6646335340
0.050,0.419,0.2113877601,0.4196339419,0.1057216894,0.6722749702,1.7456,0.6650038409
0.050,0.420,0.2119011356,0.4206377829,0.1059719785,0.6721837048,1.7450,0.6653605211
0.050,0.421,0.2124145757,0.4216416391,0.1062222559,0.6720920898,1.7444,0.6657034863
0.050,0.422,0.2129280805,0.4226455107,0.1064725217,0.6720001255,1.7438,0.6660326543
0.050,0.423,0.2134416501,0.4236493975,0.1067227759,0.6719078181,1.7432,0.6663479470
0.050,0.424,0.2139552847,0.4246532997,0.1069730183,0.6718151605,1.7426,0.6666492762
0.050,0.425,0.2144689845,0.4256572172,0.1072232492,0.6717221507,1.7420,0.6669365520
0.050,0.426,0.2149827496,0.4266611501,0.1074734684,0.6716287927,1.7414,0.6672096954
0.050,0.427,0.2154965803,0.4276650984,0.1077236759,0.6715350849,1.7407,0.6674686167
0.050,0.428,0.2160104767,0.4286690621,0.1079738719,0.6714410215,1.7401,0.6677132229
0.050,0.429,0.2165244389,0.4296730413,0.1082240562,0.6713466029,1.7395,0.6679434246
0.050,0.430,0.2170384671,0.4306770358,0.108474229,0.6712518372,1.7389,0.6681591413
0.050,0.431,0.2175525616,0.4316810459,0.1087243902,0.6711567120,1.7383,0.6683602696
0.050,0.432,0.2180667223,0.4326850714,0.1089745397,0.6710612332,1.7377,0.6685467236
0.050,0.433,0.2185809497,0.4336891124,0.1092246778,0.6709653933,1.7370,0.6687184028
0.050,0.434,0.2190952437,0.434693169,0.1094748042,0.6708691983,1.7364,0.6688752186
0.050,0.435,0.2196096046,0.4356972411,0.1097249191,0.6707726421,1.7358,0.6690170711
0.050,0.436,0.2201240325,0.4367013287,0.1099750225,0.6706757332,1.7352,0.6691438721
0.050,0.437,0.2206385276,0.437705432,0.1102251143,0.6705784623,1.7345,0.6692555145
0.050,0.438,0.2211530901,0.4387095508,0.1104751947,0.6704808245,1.7339,0.6693518955
0.050,0.439,0.2216677201,0.4397136852,0.1107252635,0.6703828276,1.7333,0.6694329229
0.050,0.440,0.2221824178,0.4407178353,0.1109753209,0.6702844674,1.7326,0.6694984918
0.050,0.441,0.2226971834,0.441722001,0.1112253667,0.6701857475,1.7320,0.6695485037
0.050,0.442,0.2232120171,0.4427261824,0.1114754011,0.6700866597,1.7314,0.6695828465
0.050,0.443,0.2237269189,0.4437303795,0.1117254241,0.6699872085,1.7307,0.6696014208
0.050,0.444,0.2242418892,0.4447345923,0.1119754356,0.6698873884,1.7301,0.6696041146
0.050,0.445,0.224756928,0.4457388207,0.1122254357,0.6697872018,1.7294,0.6695908234
0.050,0.446,0.2252720355,0.446743065,0.1124754243,0.6696866467,1.7288,0.6695614366
0.050,0.447,0.2257872119,0.4477473249,0.1127254016,0.6695857221,1.7281,0.6695158431
0.050,0.448,0.2263024574,0.4487516007,0.1129753675,0.6694844304,1.7275,0.6694539339
0.050,0.449,0.2268177721,0.4497558922,0.113225322,0.6693827638,1.7268,0.6693755885
0.050,0.450,0.2273331562,0.4507601995,0.1134752652,0.6692807224,1.7262,0.6692806929
0.050,0.451,0.2278486099,0.4517645227,0.1137251971,0.6691783145,1.7255,0.6691691396
0.050,0.452,0.2283641334,0.4527688617,0.1139751176,0.6690755333,1.7249,0.6690408045
0.050,0.453,0.2288797267,0.4537732165,0.1142250268,0.6689723727,1.7242,0.6688955628
0.050,0.454,0.2293953902,0.4547775872,0.1144749247,0.6688688384,1.7235,0.6687333003
0.050,0.455,0.2299111238,0.4557819738,0.1147248113,0.6687649318,1.7229,0.6685538960
0.050,0.456,0.230426928,0.4567863763,0.1149746867,0.6686606459,1.7222,0.6683572194
0.050,0.457,0.2309428027,0.4577907947,0.1152245509,0.6685559750,1.7215,0.6681431400
0.050,0.458,0.2314587482,0.4587952291,0.1154744038,0.6684509302,1.7209,0.6679115418
0.050,0.459,0.2319747646,0.4597996793,0.1157242455,0.6683455125,1.7202,0.6676622971
0.050,0.460,0.2324908521,0.4608041456,0.1159740761,0.6682396975,1.7195,0.6673952515
0.050,0.461,0.2330070109,0.4618086278,0.1162238954,0.6681335101,1.7188,0.6671102972
0.050,0.462,0.2335232412,0.462813126,0.1164737036,0.6680269397,1.7181,0.6668072903
0.050,0.463,0.2340395431,0.4638176402,0.1167235007,0.6679199899,1.7175,0.6664860977
0.050,0.464,0.2345559167,0.4648221705,0.1169732867,0.6678126477,1.7168,0.6661465694
0.050,0.465,0.2350723624,0.4658267167,0.1172230616,0.6677049275,1.7161,0.6657885797
0.050,0.466,0.2355888802,0.4668312791,0.1174728254,0.6675968135,1.7154,0.6654119709
0.050,0.467,0.2361054703,0.4678358574,0.1177225781,0.6674883144,1.7147,0.6650166082
0.050,0.468,0.2366221329,0.4688404519,0.1179723198,0.6673794300,1.7140,0.6646023451
0.050,0.469,0.2371388681,0.4698450625,0.1182220506,0.6672701526,1.7133,0.6641690264
0.050,0.470,0.2376556762,0.4708496891,0.1184717703,0.6671604835,1.7126,0.6637165033
0.050,0.471,0.2381725573,0.4718543319,0.118721479,0.6670504238,1.7119,0.6632446239
0.050,0.472,0.2386895115,0.4728589909,0.1189711768,0.6669399723,1.7112,0.6627532330
0.050,0.473,0.2392065391,0.4738636659,0.1192208637,0.6668291319,1.7105,0.6622421754
0.050,0.474,0.2397236402,0.4748683572,0.1194705397,0.6667178956,1.7098,0.6617112854
0.050,0.475,0.240240815,0.4758730646,0.1197202047,0.6666062688,1.7091,0.6611604070
0.050,0.476,0.2407580637,0.4768777882,0.119969859,0.6664942405,1.7084,0.6605893635
0.050,0.477,0.2412753864,0.477882528,0.1202195024,0.6663818116,1.7077,0.6599979895
0.050,0.478,0.2417927833,0.478887284,0.120469135,0.6662689957,1.7070,0.6593861303
0.050,0.479,0.2423102546,0.4798920563,0.1207187567,0.6661557728,1.7063,0.6587535919
0.050,0.480,0.2428278005,0.4808968447,0.1209683678,0.6660421521,1.7056,0.6581002093
0.050,0.481,0.2433454211,0.4819016495,0.1212179681,0.6659281328,1.7049,0.6574258046
0.050,0.482,0.2438631166,0.4829064705,0.1214675576,0.6658137068,1.7041,0.6567301871
0.050,0.483,0.2443808872,0.4839113078,0.1217171365,0.6656988875,1.7034,0.6560131885
0.050,0.484,0.244898733,0.4849161613,0.1219667048,0.6655836568,1.7027,0.6552746030
0.050,0.485,0.2454166543,0.4859210312,0.1222162623,0.6654680271,1.7020,0.6545142542
0.050,0.486,0.2459346512,0.4869259174,0.1224658093,0.6653519879,1.7012,0.6537319372
0.050,0.487,0.2464527238,0.4879308199,0.1227153457,0.6652355436,1.7005,0.6529274610
0.050,0.488,0.2469708724,0.4889357388,0.1229648715,0.6651186973,1.6998,0.6521006291
0.050,0.489,0.2474890972,0.489940674,0.1232143868,0.6650014353,1.6990,0.6512512243
0.050,0.490,0.2480073982,0.4909456255,0.1234638916,0.6648837696,1.6983,0.6503790545
0.050,0.491,0.2485257758,0.4919505935,0.1237133859,0.6647656978,1.6976,0.6494839051
0.050,0.492,0.2490442299,0.4929555778,0.1239628698,0.6646471996,1.6968,0.6485655401
0.050,0.493,0.2495627609,0.4939605785,0.1242123433,0.6645283024,1.6961,0.6476237726
0.050,0.494,0.2500813689,0.4949655956,0.1244618063,0.6644089962,1.6953,0.6466583704
0.050,0.495,0.2506000541,0.4959706292,0.124711259,0.6642892632,1.6946,0.6456690893
0.050,0.496,0.2511188167,0.4969756791,0.1249607014,0.6641691297,1.6938,0.6446557244
0.050,0.497,0.2516376567,0.4979807455,0.1252101334,0.6640485640,1.6931,0.6436180126
0.050,0.498,0.2521565745,0.4989858283,0.1254595552,0.6639275906,1.6923,0.6425557394
0.050,0.499,0.2526755702,0.4999909276,0.1257089667,0.6638061973,1.6916,0.6414686499
0.050,0.500,0.2531946439,0.5009960434,0.1259583681,0.6636843892,1.6908,0.6403564994
0.050,0.501,0.2537137959,0.5020011756,0.1262077592,0.6635621641,1.6901,0.6392190376
0.050,0.502,0.2542330263,0.5030063244,0.1264571402,0.6634395142,1.6893,0.6380559949
0.050,0.503,0.2547523352,0.5040114896,0.1267065111,0.6633164421,1.6885,0.6368671149
0.050,0.504,0.255271723,0.5050166713,0.1269558719,0.6631929446,1.6878,0.6356521264
0.050,0.505,0.2557911896,0.5060218695,0.1272052226,0.6630690311,1.6870,0.6344107661
0.050,0.506,0.2563107354,0.5070270843,0.1274545633,0.6629446945,1.6862,0.6331427473
0.050,0.507,0.2568303605,0.5080323156,0.127703894,0.6628199221,1.6855,0.6318477726
0.050,0.508,0.2573500651,0.5090375634,0.1279532148,0.6626947366,1.6847,0.6305255803
0.050,0.509,0.2578698493,0.5100428278,0.1282025257,0.6625691122,1.6839,0.6291758417
0.050,0.510,0.2583897134,0.5110481088,0.1284518266,0.6624430652,1.6831,0.6277982745
0.050,0.511,0.2589096574,0.5120534063,0.1287011177,0.6623165860,1.6823,0.6263925631
0.050,0.512,0.2594296817,0.5130587204,0.128950399,0.6621896821,1.6816,0.6249583964
0.050,0.513,0.2599497863,0.514064051,0.1291996706,0.6620623425,1.6808,0.6234954409
0.050,0.514,0.2604699714,0.5150693983,0.1294489323,0.6619345764,1.6800,0.6220033771
0.050,0.515,0.2609902373,0.5160747621,0.1296981844,0.6618063659,1.6792,0.6204818533
0.050,0.516,0.261510584,0.5170801426,0.1299474268,0.6616777297,1.6784,0.6189305452
0.050,0.517,0.2620310119,0.5180855397,0.1301966595,0.6615486633,1.6776,0.6173490933
0.050,0.518,0.262551521,0.5190909534,0.1304458827,0.6614191522,1.6768,0.6157371230
0.050,0.519,0.2630721115,0.5200963837,0.1306950963,0.6612892001,1.6760,0.6140942678
0.050,0.520,0.2635927837,0.5211018307,0.1309443003,0.6611588237,1.6752,0.6124201749
0.050,0.521,0.2641135376,0.5221072943,0.1311934949,0.6610280013,1.6744,0.6107144337
0.050,0.522,0.2646343735,0.5231127746,0.13144268,0.6608967442,1.6736,0.6089766530
0.050,0.523,0.2651552916,0.5241182715,0.1316918557,0.6607650331,1.6728,0.6072064182
0.050,0.524,0.265676292,0.5251237851,0.1319410221,0.6606328859,1.6720,0.6054033294
0.050,0.525,0.2661973749,0.5261293154,0.1321901791,0.6605003043,1.6712,0.6035669660
0.050,0.526,0.2667185405,0.5271348623,0.1324393268,0.6603672772,1.6704,0.6016968786
0.050,0.527,0.267239789,0.5281404259,0.1326884653,0.6602337930,1.6696,0.5997926051
0.050,0.528,0.2677611205,0.5291460062,0.1329375945,0.6600998750,1.6688,0.5978537156
0.050,0.529,0.2682825353,0.5301516032,0.1331867146,0.6599655016,1.6680,0.5958797189
0.050,0.530,0.2688040335,0.5311572169,0.1334358256,0.6598306847,1.6671,0.5938701385
0.050,0.531,0.2693256152,0.5321628473,0.1336849275,0.6596954233,1.6663,0.5918244832
0.050,0.532,0.2698472808,0.5331684944,0.1339340203,0.6595597077,1.6655,0.5897422314
0.050,0.533,0.2703690303,0.5341741583,0.1341831041,0.6594235446,1.6647,0.5876228702
0.050,0.534,0.2708908639,0.5351798388,0.134432179,0.6592869322,1.6638,0.5854658525
0.050,0.535,0.2714127818,0.5361855361,0.1346812449,0.6591498674,1.6630,0.5832706294
0.050,0.536,0.2719347843,0.5371912501,0.134930302,0.6590123412,1.6622,0.5810366161
0.050,0.537,0.2724568714,0.5381969809,0.1351793503,0.6588743608,1.6613,0.5787632457
0.050,0.538,0.2729790434,0.5392027284,0.1354283898,0.6587359285,1.6605,0.5764499045
0.050,0.539,0.2735013004,0.5402084926,0.1356774205,0.6585970375,1.6597,0.5740959734
0.050,0.540,0.2740236427,0.5412142736,0.1359264425,0.6584576954,1.6588,0.5717008180
0.050,0.541,0.2745460704,0.5422200713,0.1361754559,0.6583178872,1.6580,0.5692637647
0.050,0.542,0.2750685836,0.5432258858,0.1364244607,0.6581776266,1.6571,0.5667841494
0.050,0.543,0.2755911826,0.5442317171,0.1366734569,0.6580368961,1.6563,0.5642612479
0.050,0.544,0.2761138676,0.5452375651,0.1369224447,0.6578957046,1.6554,0.5616943557
0.050,0.545,0.2766366387,0.5462434299,0.1371714239,0.6577540643,1.6546,0.5590827271
0.050,0.546,0.2771594962,0.5472493114,0.1374203948,0.6576119467,1.6537,0.5564255661
0.050,0.547,0.2776824401,0.5482552098,0.1376693572,0.6574693776,1.6529,0.5537221089
0.050,0.548,0.2782054708,0.5492611249,0.1379183114,0.6573263337,1.6520,0.5509714945
0.050,0.549,0.2787285883,0.5502670568,0.1381672573,0.6571828199,1.6512,0.5481728739
0.050,0.550,0.2792517928,0.5512730054,0.138416195,0.6570388417,1.6503,0.5453253799
0.050,0.551,0.2797750846,0.5522789709,0.1386651244,0.6568944004,1.6494,0.5424280991
0.050,0.552,0.2802984639,0.5532849531,0.1389140458,0.6567494823,1.6486,0.5394800572
0.050,0.553,0.2808219307,0.5542909522,0.1391629591,0.6566041006,1.6477,0.5364802920
0.050,0.554,0.2813454853,0.555296968,0.1394118644,0.6564582439,1.6468,0.5334277771
0.050,0.555,0.2818691279,0.5563030006,0.1396607617,0.6563119133,1.6460,0.5303214431
0.050,0.556,0.2823928587,0.55730905,0.1399096511,0.6561651033,1.6451,0.5271601904
0.050,0.557,0.2829166778,0.5583151162,0.1401585326,0.6560178320,1.6442,0.5239428948
0.050,0.558,0.2834405854,0.5593211993,0.1404074063,0.6558700750,1.6433,0.5206683336
0.050,0.559,0.2839645817,0.5603272991,0.1406562723,0.6557218498,1.6425,0.5173353058
0.050,0.560,0.284488667,0.5613334157,0.1409051305,0.6555731450,1.6416,0.5139424823
0.050,0.561,0.2850128413,0.5623395491,0.1411539811,0.6554239639,1.6407,0.5104885397
0.050,0.562,0.2855371049,0.5633456993,0.141402824,0.6552742927,1.6398,0.5069720565
0.050,0.563,0.2860614579,0.5643518663,0.1416516595,0.6551241423,1.6389,0.5033915695
0.050,0.564,0.2865859006,0.5653580502,0.1419004874,0.6549735144,1.6380,0.4997455639
0.050,0.565,0.2871104331,0.5663642508,0.1421493079,0.6548224202,1.6371,0.4960324459
0.050,0.566,0.2876350556,0.5673704682,0.142398121,0.6546708211,1.6362,0.4922504810
0.050,0.567,0.2881597684,0.5683767025,0.1426469268,0.6545187515,1.6353,0.4883979625
0.050,0.568,0.2886845715,0.5693829535,0.1428957253,0.6543661774,1.6344,0.4844730047
0.050,0.569,0.2892094652,0.5703892214,0.1431445166,0.6542131237,1.6335,0.4804736983
0.050,0.570,0.2897344496,0.571395506,0.1433933007,0.6540595889,1.6326,0.4763979999
0.050,0.571,0.290259525,0.5724018075,0.1436420777,0.6539055714,1.6317,0.4722437841
0.050,0.572,0.2907846915,0.5734081257,0.1438908477,0.6537510635,1.6308,0.4680087789
0.050,0.573,0.2913099494,0.5744144608,0.1441396107,0.6535960506,1.6299,0.4636905707
0.050,0.574,0.2918352988,0.5754208126,0.1443883668,0.6534405520,1.6290,0.4592866834
0.050,0.575,0.2923607398,0.5764271813,0.144637116,0.6532845656,1.6281,0.4547944446
0.050,0.576,0.2928862727,0.5774335667,0.1448858584,0.6531280826,1.6272,0.4502110340
0.050,0.577,0.2934118978,0.578439969,0.1451345941,0.6529711009,1.6263,0.4455334587
0.050,0.578,0.293937615,0.579446388,0.1453833231,0.6528136346,1.6253,0.4407585801
0.050,0.579,0.2944634247,0.5804528239,0.1456320454,0.6526556626,1.6244,0.4358829724
0.050,0.580,0.2949893271,0.5814592765,0.1458807612,0.6524971911,1.6235,0.4309030558
0.050,0.581,0.2955153223,0.5824657459,0.1461294705,0.6523382311,1.6226,0.4258150236
0.050,0.582,0.2960414105,0.5834722321,0.1463781733,0.6521787667,1.6216,0.4206147242
0.050,0.583,0.2965675919,0.5844787351,0.1466268698,0.6520187984,1.6207,0.4152977672
0.050,0.584,0.2970938667,0.5854852549,0.14687556,0.6518583410,1.6198,0.4098594487
0.050,0.585,0.2976202351,0.5864917914,0.1471242439,0.6516973671,1.6188,0.4042946226
0.050,0.586,0.2981466972,0.5874983448,0.1473729216,0.6515358875,1.6179,0.3985978561
0.050,0.587,0.2986732533,0.5885049149,0.1476215931,0.6513739080,1.6170,0.3927632032
0.050,0.588,0.2991999036,0.5895115017,0.1478702587,0.6512114272,1.6160,0.3867842149
0.050,0.589,0.2997266482,0.5905181053,0.1481189182,0.6510484406,1.6151,0.3806539009
0.050,0.590,0.3002534873,0.5915247257,0.1483675718,0.6508849405,1.6141,0.3743645940
0.050,0.591,0.3007804212,0.5925313629,0.1486162196,0.6507209352,1.6132,0.3679079707
0.050,0.592,0.30130745,0.5935380168,0.1488648615,0.6505564144,1.6122,0.3612748216
0.050,0.593,0.3018345738,0.5945446874,0.1491134977,0.6503913895,1.6113,0.3544550621
0.050,0.594,0.302361793,0.5955513748,0.1493621283,0.6502258480,1.6103,0.3474374393
0.050,0.595,0.3028891077,0.5965580789,0.1496107532,0.6500597990,1.6094,0.3402095313
0.050,0.596,0.303416518,0.5975647998,0.1498593727,0.6498932280,1.6084,0.3327573554
0.050,0.597,0.3039440242,0.5985715374,0.1501079867,0.6497261500,1.6075,0.3250653354
0.050,0.598,0.3044716265,0.5995782917,0.1503565953,0.6495585585,1.6065,0.3171157378
0.050,0.599,0.304999325,0.6005850628,0.1506051985,0.6493904400,1.6055,0.3088883929
0.050,0.600,0.30552712,0.6015918505,0.1508537966,0.6492218063,1.6046,0.3003603054
0.050,0.601,0.3060550116,0.602598655,0.1511023894,0.6490526629,1.6036,0.2915047943
0.050,0.602,0.306583,0.6036054762,0.1513509772,0.6488829863,1.6026,0.2822907654
0.050,0.603,0.3071110855,0.604612314,0.1515995599,0.6487128027,1.6017,0.2726816636
0.050,0.604,0.3076392682,0.6056191686,0.1518481376,0.6485420882,1.6007,0.2626337583
0.050,0.605,0.3081675483,0.6066260399,0.1520967105,0.6483708507,1.5997,0.2520943790
0.050,0.606,0.3086959259,0.6076329278,0.1523452785,0.6481991006,1.5987,0.2409987244
0.050,0.607,0.3092244014,0.6086398324,0.1525938418,0.6480268088,1.5978,0.2292656856
0.050,0.608,0.3097529749,0.6096467537,0.1528424004,0.6478540051,1.5968,0.2167915085
0.050,0.609,0.3102816465,0.6106536916,0.1530909544,0.6476806558,1.5958,0.2034395047
0.050,0.610,0.3108104166,0.6116606462,0.1533395039,0.6475067890,1.5948,0.1890234145
0.050,0.611,0.3113392852,0.6126676174,0.153588049,0.6473324055,1.5938,0.1732774765
0.050,0.612,0.3118682525,0.6136746053,0.1538365897,0.6471574928,1.5928,0.1557984756
0.050,0.613,0.3123973189,0.6146816098,0.1540851261,0.6469820379,1.5918,0.1359188650
0.050,0.614,0.3129264843,0.6156886309,0.1543336582,0.6468060510,1.5908,0.1123711157
0.050,0.615,0.3134557492,0.6166956686,0.1545821862,0.6466295279,1.5899,0.0820550081
0.050,0.616,0.3139851135,0.617702723,0.1548307102,0.6464524701,1.5889,0.0281256605
0.050,0.617,0.3145145777,0.6187097939,0.1550792302,0.7223871474,2.1315,0.0000000000
0.050,0.618,0.3150441417,0.6197168814,0.1553277462,0.7607377643,2.5347,0.0000000000
0.050,0.619,0.3155738059,0.6207239855,0.1555762584,0.7908064733,2.9533,0.0000000000
0.050,0.620,0.3161035704,0.6217311062,0.1558247669,0.8168096754,3.4255,0.0000000000
0.050,0.621,0.3166334354,0.6227382435,0.1560732717,0.8402829946,3.9832,0.0000000000
0.050,0.622,0.3171634012,0.6237453973,0.1563217729,0.8619916427,4.6674,0.0000000000
0.050,0.623,0.3176934679,0.6247525676,0.1565702707,0.8823824092,5.5394,0.0000000000
0.050,0.624,0.3182236356,0.6257597545,0.1568187649,0.9017426782,6.7019,0.0000000000
0.050,0.625,0.3187539047,0.6267669579,0.1570672559,0.9202702901,8.3423,0.0000000000
0.050,0.626,0.3192842753,0.6277741778,0.1573157435,0.9381082442,10.8491,0.0000000000
0.050,0.627,0.3198147476,0.6287814142,0.157564228,0.9553636868,15.1796,0.0000000000
0.050,0.628,0.3203453218,0.6297886672,0.1578127094,0.9721194383,24.5131,0.0000000000
0.050,0.629,0.3208759982,0.6307959366,0.1580611877,0.9884410696,59.6191,0.0000000000
0.050,0.630,0.3214067768,0.6318032225,0.1583096632,1.0043814721,nan,0.0000000000
0.050,0.631,0.3219376579,0.6328105248,0.1585581358,1.0199840565,nan,0.0000000000
0.050,0.632,0.3224686417,0.6338178436,0.1588066056,1.0352849922,nan,0.0000000000
0.050,0.633,0.3229997283,0.6348251789,0.1590550727,1.0503147139,nan,0.0000000000
0.050,0.634,0.3235309181,0.6358325306,0.1593035373,1.0650991764,nan,0.0000000000
0.050,0.635,0.3240622112,0.6368398987,0.1595519993,1.0796606475,nan,0.0000000000
0.050,0.636,0.3245936077,0.6378472832,0.159800459,1.0940185370,nan,0.0000000000
0.050,0.637,0.325125108,0.6388546841,0.1600489163,1.1081897222,nan,0.0000000000
0.050,0.638,0.3256567121,0.6398621014,0.1602973714,1.1221890384,nan,0.0000000000
0.050,0.639,0.3261884203,0.640869535,0.1605458243,1.1360296174,nan,0.0000000000
0.050,0.640,0.3267202329,0.641876985,0.1607942751,1.1497232141,nan,0.0000000000
0.050,0.641,0.3272521499,0.6428844514,0.161042724,1.1632802806,nan,0.0000000000
0.050,0.642,0.3277841716,0.6438919341,0.161291171,1.1767102006,nan,0.0000000000
0.050,0.643,0.3283162981,0.6448994332,0.1615396162,1.1900214049,nan,0.0000000000
0.050,0.644,0.3288485298,0.6459069485,0.1617880597,1.2032215859,nan,0.0000000000
0.050,0.645,0.3293808668,0.6469144801,0.1620365016,1.2163177436,nan,0.0000000000
0.050,0.646,0.3299133092,0.647922028,0.1622849419,1.2293162414,nan,0.0000000000
0.050,0.647,0.3304458574,0.6489295922,0.1625333809,1.2422228884,nan,0.0000000000
0.050,0.648,0.3309785114,0.6499371727,0.1627818185,1.2550429800,nan,0.0000000000
0.050,0.649,0.3315112716,0.6509447694,0.1630302549,1.2677814021,nan,0.0000000000
0.050,0.650,0.332044138,0.6519523823,0.1632786901,1.2804427399,nan,0.0000000000
0.050,0.651,0.3325771109,0.6529600114,0.1635271243,1.2930311545,nan,0.0000000000
0.050,0.652,0.3331101906,0.6539676567,0.1637755575,1.3055504929,nan,0.0000000000
0.050,0.653,0.3336433771,0.6549753182,0.1640239898,1.3180043777,nan,0.0000000000
0.050,0.654,0.3341766708,0.6559829959,0.1642724214,1.3303961156,nan,0.0000000000
0.050,0.655,0.3347100718,0.6569906898,0.1645208524,1.3427288451,nan,0.0000000000
0.050,0.656,0.3352435803,0.6579983997,0.1647692827,1.3550054579,nan,0.0000000000
0.050,0.657,0.3357771965,0.6590061258,0.1650177126,1.3672286539,nan,0.0000000000
0.050,0.658,0.3363109207,0.660013868,0.1652661421,1.3794010068,nan,0.0000000000
0.050,0.659,0.3368447529,0.6610216263,0.1655145714,1.3915248480,nan,0.0000000000
0.050,0.660,0.3373786935,0.6620294007,0.1657630005,1.4036024573,nan,0.0000000000
0.050,0.661,0.3379127427,0.6630371911,0.1660114295,1.4156359403,nan,0.0000000000
0.050,0.662,0.3384469006,0.6640449976,0.1662598585,1.4276272564,nan,0.0000000000
0.050,0.663,0.3389811674,0.6650528201,0.1665082876,1.4395782736,nan,0.0000000000
0.050,0.664,0.3395155434,0.6660606586,0.166756717,1.4514907629,nan,0.0000000000
0.050,0.665,0.3400500287,0.6670685131,0.1670051467,1.4633664020,nan,0.0000000000
0.050,0.666,0.3405846237,0.6680763836,0.1672535769,1.4752067310,nan,0.0000000000
0.050,0.667,0.3411193283,0.66908427,0.1675020075,1.4870132650,nan,0.0000000000
0.050,0.668,0.341654143,0.6700921724,0.1677504389,1.4987873846,nan,0.0000000000
0.050,0.669,0.3421890678,0.6711000907,0.1679988709,1.5105304550,nan,0.0000000000
0.050,0.670,0.3427241031,0.6721080249,0.1682473038,1.5222437704,nan,0.0000000000
0.050,0.671,0.3432592489,0.6731159751,0.1684957377,1.5339284663,nan,0.0000000000
0.050,0.672,0.3437945055,0.674123941,0.1687441726,1.5455857313,nan,0.0000000000
0.050,0.673,0.3443298731,0.6751319229,0.1689926087,1.5572166635,nan,0.0000000000
0.050,0.674,0.344865352,0.6761399205,0.1692410461,1.5688222968,nan,0.0000000000
0.050,0.675,0.3454009423,0.677147934,0.1694894848,1.5804036140,nan,0.0000000000
0.050,0.676,0.3459366442,0.6781559633,0.169737925,1.5919615892,nan,0.0000000000
0.050,0.677,0.3464724579,0.6791640083,0.1699863669,1.6034970806,nan,0.0000000000
0.050,0.678,0.3470083838,0.6801720691,0.1702348104,1.6150109344,nan,0.0000000000
0.050,0.679,0.3475444218,0.6811801456,0.1704832558,1.6265040654,nan,0.0000000000
0.050,0.680,0.3480805723,0.6821882379,0.1707317031,1.6379771573,nan,0.0000000000
0.050,0.681,0.3486168356,0.6831963459,0.1709801524,1.6494310022,nan,0.0000000000
0.050,0.682,0.3491532116,0.6842044695,0.1712286039,1.6608663400,nan,0.0000000000
0.050,0.683,0.3496897008,0.6852126088,0.1714770576,1.6722837733,nan,0.0000000000
0.050,0.684,0.3502263033,0.6862207637,0.1717255137,1.6836840827,nan,0.0000000000
0.050,0.685,0.3507630193,0.6872289342,0.1719739723,1.6950678128,nan,0.0000000000
0.050,0.686,0.3512998491,0.6882371204,0.1722224335,1.7064355742,nan,0.0000000000
0.050,0.687,0.3518367928,0.6892453221,0.1724708974,1.7177879832,nan,0.0000000000
0.050,0.688,0.3523738506,0.6902535394,0.1727193641,1.7291255691,nan,0.0000000000
0.050,0.689,0.3529110228,0.6912617722,0.1729678338,1.7404488731,nan,0.0000000000
0.050,0.690,0.3534483095,0.6922700205,0.1732163065,1.7517584120,nan,0.0000000000
0.050,0.691,0.353985711,0.6932782843,0.1734647825,1.7630546699,nan,0.0000000000
0.050,0.692,0.3545232276,0.6942865635,0.1737132617,1.7743380916,nan,0.0000000000
0.050,0.693,0.3550608593,0.6952948582,0.1739617443,1.7856092129,nan,0.0000000000
0.050,0.694,0.3555986065,0.6963031683,0.1742102304,1.7968683717,nan,0.0000000000
0.050,0.695,0.3561364692,0.6973114939,0.1744587203,1.8081160461,nan,0.0000000000
0.050,0.696,0.3566744479,0.6983198348,0.1747072138,1.8193526198,nan,0.0000000000
0.050,0.697,0.3572125425,0.699328191,0.1749557113,1.8305785034,nan,0.0000000000
0.050,0.698,0.3577507535,0.7003365626,0.1752042128,1.8417940224,nan,0.0000000000
0.050,0.699,0.3582890809,0.7013449495,0.1754527184,1.8529995675,nan,0.0000000000
0.050,0.700,0.3588275251,0.7023533516,0.1757012282,1.8641954754,nan,0.0000000000
0.050,0.701,0.3593660861,0.7033617691,0.1759497425,1.8753820862,nan,0.0000000000
0.050,0.702,0.3599047643,0.7043702017,0.1761982612,1.8865597055,nan,0.0000000000
0.050,0.703,0.3604435598,0.7053786496,0.1764467845,1.8977286803,nan,0.0000000000
0.050,0.704,0.3609824729,0.7063871127,0.1766953126,1.9088892638,nan,0.0000000000
0.050,0.705,0.3615215037,0.7073955909,0.1769438456,1.9200417241,nan,0.0000000000
0.050,0.706,0.3620606525,0.7084040842,0.1771923835,1.9311863871,nan,0.0000000000
0.050,0.707,0.3625999195,0.7094125927,0.1774409266,1.9423234985,nan,0.0000000000
0.050,0.708,0.363139305,0.7104211162,0.177689475,1.9534533124,nan,0.0000000000
0.050,0.709,0.363678809,0.7114296549,0.1779380287,1.9645760692,nan,0.0000000000
0.050,0.710,0.364218432,0.7124382085,0.1781865879,1.9756919908,nan,0.0000000000
0.050,0.711,0.3647581739,0.7134467772,0.1784351527,1.9868013406,nan,0.0000000000
0.050,0.712,0.3652980352,0.7144553608,0.1786837233,1.9979043186,nan,0.0000000000
0.050,0.713,0.365838016,0.7154639594,0.1789322998,2.0090011136,nan,0.0000000000
0.050,0.714,0.3663781165,0.7164725729,0.1791808823,2.0200919764,nan,0.0000000000
0.050,0.715,0.3669183369,0.7174812013,0.179429471,2.0311770504,nan,0.0000000000
0.050,0.716,0.3674586775,0.7184898447,0.1796780659,2.0422565521,nan,0.0000000000
0.050,0.717,0.3679991384,0.7194985028,0.1799266673,2.0533306867,nan,0.0000000000
0.050,0.718,0.36853972,0.7205071758,0.1801752752,2.0643995741,nan,0.0000000000
0.050,0.719,0.3690804223,0.7215158636,0.1804238897,2.0754634282,nan,0.0000000000
0.050,0.720,0.3696212457,0.7225245661,0.1806725111,2.0865223638,nan,0.0000000000
0.050,0.721,0.3701621903,0.7235332834,0.1809211395,2.0975765890,nan,0.0000000000
0.050,0.722,0.3707032564,0.7245420154,0.1811697749,2.1086262139,nan,0.0000000000
0.050,0.723,0.3712444442,0.725550762,0.1814184176,2.1196714013,nan,0.0000000000
0.050,0.724,0.3717857539,0.7265595234,0.1816670676,2.1307122966,nan,0.0000000000
0.050,0.725,0.3723271857,0.7275682993,0.1819157251,2.1417490088,nan,0.0000000000
0.050,0.726,0.3728687399,0.7285770899,0.1821643902,2.1527816725,nan,0.0000000000
0.050,0.727,0.3734104166,0.729585895,0.1824130631,2.1638104198,nan,0.0000000000
0.050,0.728,0.3739522161,0.7305947147,0.1826617439,2.1748353599,nan,0.0000000000
0.050,0.729,0.3744941387,0.7316035488,0.1829104327,2.1858566014,nan,0.0000000000
0.050,0.730,0.3750361844,0.7326123975,0.1831591298,2.1968742527,nan,0.0000000000
0.050,0.731,0.3755783537,0.7336212606,0.1834078351,2.2078884251,nan,0.0000000000
0.050,0.732,0.3761206466,0.7346301381,0.183656549,2.2188992278,nan,0.0000000000
0.050,0.733,0.3766630634,0.73563903,0.1839052714,2.2299067244,nan,0.0000000000
0.050,0.734,0.3772056043,0.7366479362,0.1841540026,2.2409110309,nan,0.0000000000
0.050,0.735,0.3777482696,0.7376568568,0.1844027427,2.2519122116,nan,0.0000000000
0.050,0.736,0.3782910594,0.7386657917,0.1846514919,2.2629103654,nan,0.0000000000
0.050,0.737,0.378833974,0.7396747409,0.1849002502,2.2739055875,nan,0.0000000000
0.050,0.738,0.3793770137,0.7406837043,0.1851490178,2.2848979301,nan,0.0000000000
0.050,0.739,0.3799201786,0.7416926819,0.185397795,2.2958874412,nan,0.0000000000
0.050,0.740,0.380463469,0.7427016736,0.1856465817,2.3068742394,nan,0.0000000000
0.050,0.741,0.381006885,0.7437106795,0.1858953783,2.3178583416,nan,0.0000000000
0.050,0.742,0.381550427,0.7447196995,0.1861441847,2.3288398589,nan,0.0000000000
0.050,0.743,0.3820940951,0.7457287336,0.1863930012,2.3398187988,nan,0.0000000000
0.050,0.744,0.3826378896,0.7467377817,0.186641828,2.3507952384,nan,0.0000000000
0.050,0.745,0.3831818107,0.7477468438,0.1868906651,2.3617692441,nan,0.0000000000
0.050,0.746,0.3837258586,0.7487559199,0.1871395127,2.3727408616,nan,0.0000000000
0.050,0.747,0.3842700336,0.74976501,0.187388371,2.3837100967,nan,0.0000000000
0.050,0.748,0.3848143358,0.7507741139,0.1876372401,2.3946770271,nan,0.0000000000
0.050,0.749,0.3853587655,0.7517832318,0.1878861202,2.4056416743,nan,0.0000000000
0.050,0.750,0.385903323,0.7527923634,0.1881350114,2.4166040919,nan,0.0000000000
0.050,0.751,0.3864480084,0.7538015089,0.1883839139,2.4275643162,nan,0.0000000000
0.050,0.752,0.386992822,0.7548106682,0.1886328279,2.4385223584,nan,0.0000000000
0.050,0.753,0.387537764,0.7558198412,0.1888817534,2.4494782710,nan,0.0000000000
0.050,0.754,0.3880828347,0.7568290278,0.1891306907,2.4604320408,nan,0.0000000000
0.050,0.755,0.3886280342,0.7578382282,0.1893796399,2.4713837554,nan,0.0000000000
0.050,0.756,0.3891733628,0.7588474422,0.1896286011,2.4823333984,nan,0.0000000000
0.050,0.757,0.3897188208,0.7598566698,0.1898775745,2.4932809453,nan,0.0000000000
0.050,0.758,0.3902644083,0.7608659109,0.1901265604,2.5042264735,nan,0.0000000000
0.050,0.759,0.3908101256,0.7618751656,0.1903755588,2.5151700119,nan,0.0000000000
0.050,0.760,0.3913559729,0.7628844338,0.1906245698,2.5261115189,nan,0.0000000000
0.050,0.761,0.3919019505,0.7638937154,0.1908735938,2.5370510373,nan,0.0000000000
0.050,0.762,0.3924480586,0.7649030104,0.1911226307,2.5479885649,nan,0.0000000000
0.050,0.763,0.3929942974,0.7659123188,0.1913716808,2.5589241012,nan,0.0000000000
0.050,0.764,0.3935406671,0.7669216406,0.1916207443,2.5698576620,nan,0.0000000000
0.050,0.765,0.394087168,0.7679309756,0.1918698213,2.5807892436,nan,0.0000000000
0.050,0.766,0.3946338003,0.768940324,0.192118912,2.5917188384,nan,0.0000000000
0.050,0.767,0.3951805643,0.7699496855,0.1923680164,2.6026464722,nan,0.0000000000
0.050,0.768,0.3957274601,0.7709590603,0.1926171349,2.6135720811,nan,0.0000000000
0.050,0.769,0.3962744881,0.7719684482,0.1928662676,2.6244957213,nan,0.0000000000
0.050,0.770,0.3968216484,0.7729778492,0.1931154146,2.6354173694,nan,0.0000000000
0.050,0.771,0.3973689413,0.7739872633,0.1933645761,2.6463369931,nan,0.0000000000
0.050,0.772,0.397916367,0.7749966905,0.1936137523,2.6572545964,nan,0.0000000000
0.050,0.773,0.3984639257,0.7760061306,0.1938629433,2.6681701847,nan,0.0000000000
0.050,0.774,0.3990116177,0.7770155837,0.1941121494,2.6790837075,nan,0.0000000000
0.050,0.775,0.3995594432,0.7780250497,0.1943613706,2.6899951485,nan,0.0000000000
0.050,0.776,0.4001074025,0.7790345287,0.1946106071,2.7009045260,nan,0.0000000000
0.050,0.777,0.4006554958,0.7800440204,0.1948598592,2.7118117926,nan,0.0000000000
0.050,0.778,0.4012037233,0.781053525,0.195109127,2.7227169121,nan,0.0000000000
0.050,0.779,0.4017520852,0.7820630423,0.1953584107,2.7336198911,nan,0.0000000000
0.050,0.780,0.4023005819,0.7830725723,0.1956077104,2.7445206983,nan,0.0000000000
0.050,0.781,0.4028492135,0.784082115,0.1958570264,2.7554192855,nan,0.0000000000
0.050,0.782,0.4033979802,0.7850916704,0.1961063587,2.7663156813,nan,0.0000000000
0.050,0.783,0.4039468824,0.7861012383,0.1963557076,2.7772097896,nan,0.0000000000
0.050,0.784,0.4044959202,0.7871108188,0.1966050733,2.7881015818,nan,0.0000000000
0.050,0.785,0.405045094,0.7881204119,0.1968544559,2.7989910503,nan,0.0000000000
0.050,0.786,0.4055944038,0.7891300174,0.1971038555,2.8098781942,nan,0.0000000000
0.050,0.787,0.40614385,0.7901396353,0.1973532725,2.8207629445,nan,0.0000000000
0.050,0.788,0.4066934328,0.7911492656,0.197602707,2.8316452384,nan,0.0000000000
0.050,0.789,0.4072431525,0.7921589083,0.1978521591,2.8425250790,nan,0.0000000000
0.050,0.790,0.4077930092,0.7931685633,0.198101629,2.8534023874,nan,0.0000000000
0.050,0.791,0.4083430033,0.7941782305,0.1983511169,2.8642771576,nan,0.0000000000
0.050,0.792,0.4088931349,0.7951879099,0.1986006231,2.8751493324,nan,0.0000000000
0.050,0.793,0.4094434043,0.7961976016,0.1988501476,2.8860188565,nan,0.0000000000
0.050,0.794,0.4099938118,0.7972073053,0.1990996907,2.8968857122,nan,0.0000000000
0.050,0.795,0.4105443576,0.7982170212,0.1993492525,2.9077498299,nan,0.0000000000
0.050,0.796,0.4110950419,0.799226749,0.1995988332,2.9186111715,nan,0.0000000000
0.050,0.797,0.411645865,0.8002364889,0.1998484331,2.9294697022,nan,0.0000000000
0.050,0.798,0.4121968271,0.8012462408,0.2000980523,2.9403253182,nan,0.0000000000
0.050,0.799,0.4127479285,0.8022560045,0.200347691,2.9511780253,nan,0.0000000000
0.050,0.800,0.4132991693,0.8032657801,0.2005973494,2.9620277419,nan,0.0000000000
0.100,0.010,0.005014735244,0.01002942845,0.002449743176,0.9984387632,443.6265,0.0000000000
0.100,0.011,0.005516214119,0.01103237229,0.002694715273,0.9981103849,366.4726,0.0000000000
0.100,0.012,0.006017694642,0.01203531664,0.002939686794,0.9977505158,307.7893,0.0000000000
0.100,0.013,0.006519176954,0.01303826155,0.003184657682,0.9973590992,262.1195,0.0000000000
0.100,0.014,0.007020661202,0.01404120706,0.003429627884,0.9969360707,225.8814,0.0000000000
0.100,0.015,0.007522147529,0.01504415318,0.003674597344,0.9964813595,196.6461,0.0000000000
0.100,0.016,0.008023636083,0.01604709998,0.003919566007,0.9959948916,172.7190,0.0000000000
0.100,0.017,0.008525127009,0.01705004749,0.004164533822,0.9954765853,152.8885,0.0000000000
0.100,0.018,0.009026620455,0.01805299575,0.004409500732,0.9949263542,136.2703,0.0000000000
0.100,0.019,0.009528116567,0.0190559448,0.004654466686,0.9943441017,122.2061,0.0000000000
0.100,0.020,0.01002961549,0.02005889469,0.004899431629,0.9937297331,110.1981,0.0000000000
0.100,0.021,0.01053111738,0.02106184545,0.005144395508,0.9930831411,99.8643,0.0000000000
0.100,0.022,0.01103262238,0.02206479714,0.005389358269,0.9924042152,90.9072,0.0000000000
0.100,0.023,0.01153413063,0.02306774979,0.005634319859,0.9916928356,83.0926,0.0000000000
0.100,0.024,0.01203564229,0.02407070344,0.005879280226,0.9909488782,76.2343,0.0000000000
0.100,0.025,0.01253715616,0.02507365546,0.006124238658,0.9901722146,70.1822,0.0000000000
0.100,0.026,0.01303867508,0.02607661128,0.006369196422,0.9893626979,64.8147,0.0000000000
0.100,0.027,0.01354019785,0.02707956824,0.006614152803,0.9885201874,60.0324,0.0000000000
0.100,0.028,0.01404172462,0.02808252638,0.006859107745,0.9876445269,55.7531,0.0000000000
0.100,0.029,0.01454325553,0.02908548573,0.007104061197,0.9867355578,51.9087,0.0000000000
0.100,0.030,0.01504479073,0.03008844636,0.007349013106,0.9857931094,48.4421,0.0000000000
0.100,0.031,0.01554633036,0.03109140829,0.007593963417,0.9848170026,45.3054,0.0000000000
0.100,0.032,0.01604787459,0.03209437157,0.007838912079,0.9838070558,42.4580,0.0000000000
0.100,0.033,0.01654942355,0.03309733625,0.008083859037,0.9827630660,39.8653,0.0000000000
0.100,0.034,0.01705097739,0.03410030236,0.00832880424,0.9816848380,37.4979,0.0000000000
0.100,0.035,0.01755253626,0.03510326996,0.008573747634,0.9805721577,35.3303,0.0000000000
0.100,0.036,0.01805410031,0.03610623908,0.008818689165,0.9794247928,33.3407,0.0000000000
0.100,0.037,0.01855566969,0.03710920977,0.009063628782,0.9782425162,31.5100,0.0000000000
0.100,0.038,0.01905724455,0.03811218208,0.009308566431,0.9770250841,29.8218,0.0000000000
0.100,0.039,0.01955882502,0.03911515604,0.009553502059,0.9757722407,28.2616,0.0000000000
0.100,0.040,0.02006041127,0.0401181317,0.009798435613,0.9744837138,26.8168,0.0000000000
0.100,0.041,0.02056200344,0.0411211091,0.01004336704,0.9731592315,25.4763,0.0000000000
0.100,0.042,0.02106360167,0.04212408829,0.01028829629,0.9717984987,24.2302,0.0000000000
0.100,0.043,0.02156520612,0.0431270693,0.0105332233,0.9704012125,23.0698,0.0000000000
0.100,0.044,0.02206681694,0.04413005219,0.01077814803,0.9689670533,21.9875,0.0000000000
0.100,0.045,0.02256843426,0.045133037,0.01102307043,0.9674956875,20.9763,0.0000000000
0.100,0.046,0.02307005825,0.04613602376,0.01126799043,0.9659867682,20.0302,0.0000000000
0.100,0.047,0.02357168904,0.04713901253,0.01151290798,0.9644399293,19.1436,0.0000000000
0.100,0.048,0.02407332679,0.04814200335,0.01175782304,0.9628547911,18.3117,0.0000000000
0.100,0.049,0.02457497164,0.04914499625,0.01200273556,0.9612309559,17.5300,0.0000000000
0.100,0.050,0.02507662375,0.05014799129,0.01224764547,0.9595680072,16.7946,0.0000000000
0.100,0.051,0.02557828325,0.0511509885,0.01249255272,0.9578655089,16.1018,0.0000000000
0.100,0.052,0.02607995031,0.05215398793,0.01273745727,0.9561229995,15.4483,0.0000000000
0.100,0.053,0.02658162506,0.05315698963,0.01298235906,0.9543400100,14.8314,0.0000000000
0.100,0.054,0.02708330765,0.05415999363,0.01322725803,0.9525160299,14.2481,0.0000000000
0.100,0.055,0.02758499824,0.05516299998,0.01347215415,0.9506505370,13.6962,0.0000000000
0.100,0.056,0.02808669697,0.05616600872,0.01371704734,0.9487429815,13.1734,0.0000000000
0.100,0.057,0.02858840399,0.0571690199,0.01396193756,0.9467927807,12.6776,0.0000000000
0.100,0.058,0.02909011945,0.05817203356,0.01420682477,0.9447993268,12.2070,0.0000000000
0.100,0.059,0.02959184326,0.05917504927,0.01445170878,0.9427619890,11.7599,0.0000000000
0.100,0.060,0.03009357604,0.06017806802,0.01469658978,0.9406800802,11.3348,0.0000000000
0.100,0.061,0.03059531771,0.06118108937,0.0149414676,0.9385529043,10.9302,0.0000000000
0.100,0.062,0.0310970684,0.06218411338,0.01518634219,0.9363797082,10.5447,0.0000000000
0.100,0.063,0.03159882827,0.06318714007,0.01543121349,0.9341597159,10.1772,0.0000000000
0.100,0.064,0.03210059747,0.06419016951,0.01567608146,0.9318921030,9.8265,0.0000000000
0.100,0.065,0.03260237615,0.06519320173,0.01592094604,0.9295759752,9.4917,0.0000000000
0.100,0.066,0.03310416445,0.06619623677,0.01616580717,0.9272104263,9.1717,0.0000000000
0.100,0.067,0.03360596252,0.06719927468,0.01641066482,0.9247944748,8.8656,0.0000000000
0.100,0.068,0.03410777052,0.0682023155,0.01665551892,0.9223270757,8.5727,0.0000000000
0.100,0.069,0.03460958858,0.06920535927,0.01690036942,0.9198071488,8.2921,0.0000000000
0.100,0.070,0.03511141686,0.07020840603,0.01714521627,0.9172335195,8.0232,0.0000000000
0.100,0.071,0.03561325551,0.07121145584,0.01739005942,0.9146049493,7.7652,0.0000000000
0.100,0.072,0.03611510468,0.07221450872,0.01763489882,0.9119201187,7.5176,0.0000000000
0.100,0.073,0.0366169645,0.07321756473,0.01787973441,0.9091776291,7.2798,0.0000000000
0.100,0.074,0.03711883514,0.07422062391,0.01812456614,0.9063759753,7.0513,0.0000000000
0.100,0.075,0.03762071674,0.0752236863,0.01836939396,0.9035135509,6.8314,0.0000000000
0.100,0.076,0.03812260945,0.07622675195,0.01861421782,0.9005886491,6.6199,0.0000000000
0.100,0.077,0.03862451341,0.07722982088,0.01885903767,0.8975994294,6.4162,0.0000000000
0.100,0.078,0.03912642878,0.07823289316,0.01910385346,0.8945439115,6.2198,0.0000000000
0.100,0.079,0.0396283557,0.07923596882,0.01934866513,0.8914199585,6.0305,0.0000000000
0.100,0.080,0.04013029433,0.08023904791,0.01959347263,0.8882252748,5.8479,0.0000000000
0.100,0.081,0.04063224481,0.08124213046,0.01983827591,0.8849573756,5.6715,0.0000000000
0.100,0.082,0.04113420728,0.08224521652,0.02008307491,0.8816135699,5.5011,0.0000000000
0.100,0.083,0.04163618191,0.08324830614,0.0203278696,0.8781909053,5.3364,0.0000000000
0.100,0.084,0.04213816883,0.08425139935,0.02057265991,0.8746861892,5.1770,0.0000000000
0.100,0.085,0.0426401682,0.08525449619,0.02081744579,0.8710959377,5.0227,0.0000000000
0.100,0.086,0.04314218016,0.08625759672,0.0210622272,0.8674163144,4.8732,0.0000000000
0.100,0.087,0.04364420487,0.08726070098,0.02130700408,0.8636430852,4.7283,0.0000000000
0.100,0.088,0.04414624247,0.088263809,0.02155177637,0.8597715631,4.5877,0.0000000000
0.100,0.089,0.04464829311,0.08926692082,0.02179654404,0.8557966100,4.4512,0.0000000000
0.100,0.090,0.04515035693,0.0902700365,0.02204130702,0.8517124000,4.3185,0.0000000000
0.100,0.091,0.0456524341,0.09127315608,0.02228606527,0.8475124993,4.1895,0.0000000000
0.100,0.092,0.04615452475,0.09227627959,0.02253081874,0.8431896055,4.0639,0.0000000000
0.100,0.093,0.04665662904,0.09327940707,0.02277556736,0.8387354293,3.9415,0.0000000000
0.100,0.094,0.04715874711,0.09428253858,0.0230203111,0.8341405841,3.8221,0.0000000000
0.100,0.095,0.04766087912,0.09528567416,0.0232650499,0.8293942098,3.7055,0.0000000000
0.100,0.096,0.0481630252,0.09628881384,0.02350978372,0.8244837818,3.5915,0.0000000000
0.100,0.097,0.04866518552,0.09729195766,0.02375451249,0.8193945807,3.4798,0.0000000000
0.100,0.098,0.04916736022,0.09829510568,0.02399923617,0.8141092767,3.3703,0.0000000000
0.100,0.099,0.04966954944,0.09929825793,0.02424395471,0.8086070931,3.2628,0.0000000000
0.100,0.100,0.05017175334,0.1003014145,0.02448866806,0.8028628677,3.1568,0.0000000000
0.100,0.101,0.05067397207,0.1013045753,0.02473337616,0.7968454670,3.0522,0.0000000000
0.100,0.102,0.05117620578,0.1023077405,0.02497807897,0.7905158196,2.9487,0.0000000000
0.100,0.103,0.05167845461,0.1033109101,0.02522277643,0.7838235125,2.8458,0.0000000000
0.100,0.104,0.05218071871,0.1043140842,0.0254674685,0.7767017394,2.7430,0.0000000000
0.100,0.105,0.05268299823,0.1053172627,0.02571215512,0.7690585090,2.6397,0.0000000000
0.100,0.106,0.05318529333,0.1063204458,0.02595683625,0.7607609823,2.5350,0.0000000000
0.100,0.107,0.05368760415,0.1073236334,0.02620151183,0.7516042825,2.4275,0.0000000000
0.100,0.108,0.05418993083,0.1083268257,0.02644618182,0.7412405392,2.3149,0.0000000000
0.100,0.109,0.05469227354,0.1093300226,0.02669084615,0.7289812328,2.1928,0.0000000000
0.100,0.110,0.05519463241,0.1103332242,0.02693550479,0.7129836357,2.0489,0.0000000000
0.100,0.111,0.0556970076,0.1113364305,0.02718015768,0.6782365919,1.7853,0.0104548889
0.100,0.112,0.05619939925,0.1123396416,0.02742480478,0.6782206834,1.7852,0.0371009756
0.100,0.113,0.05670180752,0.1133428576,0.02766944603,0.6782046179,1.7851,0.0515098493
0.100,0.114,0.05720423256,0.1143460784,0.02791408137,0.6781884018,1.7849,0.0627663242
0.100,0.115,0.05770667451,0.1153493041,0.02815871078,0.6781720320,1.7848,0.0723566058
0.100,0.116,0.05820913352,0.1163525348,0.02840333418,0.6781555049,1.7847,0.0808752164
0.100,0.117,0.05871160974,0.1173557704,0.02864795154,0.6781388248,1.7846,0.0886315123
0.100,0.118,0.05921410333,0.1183590111,0.0288925628,0.6781219888,1.7845,0.0958105172
0.100,0.119,0.05971661442,0.1193622569,0.02913716791,0.6781049983,1.7844,0.1025333181
0.100,0.120,0.06021914318,0.1203655078,0.02938176683,0.6780878502,1.7843,0.1088842322
0.100,0.121,0.06072168974,0.1213687638,0.0296263595,0.6780705476,1.7841,0.1149247041
0.100,0.122,0.06122425427,0.122372025,0.02987094588,0.6780530887,1.7840,0.1207011394
0.100,0.123,0.0617268369,0.1233752915,0.03011552591,0.6780354731,1.7839,0.1262495810
0.100,0.124,0.06222943779,0.1243785632,0.03036009955,0.6780177021,1.7838,0.1315986868
0.100,0.125,0.06273205709,0.1253818403,0.03060466675,0.6779997716,1.7837,0.1367716278
0.100,0.126,0.06323469495,0.1263851228,0.03084922745,0.6779816858,1.7835,0.1417875278
0.100,0.127,0.06373735151,0.1273884106,0.03109378161,0.6779634386,1.7834,0.1466622950
0.100,0.128,0.06424002693,0.1283917039,0.03133832918,0.6779450362,1.7833,0.1514094021
0.100,0.129,0.06474272135,0.1293950027,0.03158287011,0.6779264747,1.7832,0.1560403160
0.100,0.130,0.06524543493,0.130398307,0.03182740435,0.6779077524,1.7830,0.1605649174
0.100,0.131,0.06574816782,0.1314016169,0.03207193186,0.6778888754,1.7829,0.1649918148
0.100,0.132,0.06625092016,0.1324049324,0.03231645258,0.6778698349,1.7828,0.1693284743
0.100,0.133,0.0667536921,0.1334082536,0.03256096646,0.6778506358,1.7827,0.1735815127
0.100,0.134,0.0672564838,0.1344115804,0.03280547346,0.6778312729,1.7825,0.1777567507
0.100,0.135,0.06775929536,0.1354149129,0.03304997351,0.6778117565,1.7824,0.1818594490
0.100,0.136,0.06826212701,0.1364182513,0.03329446659,0.6777920708,1.7823,0.1858941821
0.100,0.137,0.06876497887,0.1374215955,0.03353895265,0.6777722294,1.7821,0.1898651829
0.100,0.138,0.06926785108,0.1384249455,0.03378343163,0.6777522257,1.7820,0.1937762077
0.100,0.139,0.06977074379,0.1394283015,0.03402790348,0.6777320578,1.7819,0.1976306604
0.100,0.140,0.07027365716,0.1404316634,0.03427236816,0.6777117304,1.7817,0.2014316586
0.100,0.141,0.07077659133,0.1414350313,0.03451682561,0.6776912399,1.7816,0.2051819951
0.100,0.142,0.07127954645,0.1424384052,0.0347612758,0.6776705863,1.7814,0.2088842967
0.100,0.143,0.07178252268,0.1434417851,0.03500571867,0.6776497689,1.7813,0.2125408986
0.100,0.144,0.07228552016,0.1444451712,0.03525015417,0.6776287886,1.7812,0.2161539922
0.100,0.145,0.07278853904,0.1454485634,0.03549458225,0.6776076424,1.7810,0.2197255781
0.100,0.146,0.07329157947,0.1464519618,0.03573900288,0.6775863320,1.7809,0.2232575175
0.100,0.147,0.07379464161,0.1474553664,0.03598341599,0.6775648555,1.7807,0.2267515251
0.100,0.148,0.0742977256,0.1484587774,0.03622782155,0.6775432157,1.7806,0.2302091858
0.100,0.149,0.07480083159,0.1494621946,0.0364722195,0.6775214093,1.7804,0.2336319805
0.100,0.150,0.07530395974,0.1504656181,0.0367166098,0.6774994358,1.7803,0.2370212835
0.100,0.151,0.07580711019,0.1514690481,0.0369609924,0.6774772993,1.7801,0.2403783936
0.100,0.152,0.0763102831,0.1524724845,0.03720536725,0.6774549916,1.7800,0.2437044791
0.100,0.153,0.07681347861,0.1534759273,0.03744973431,0.6774325193,1.7798,0.2470006897
0.100,0.154,0.07731669687,0.1544793767,0.03769409352,0.6774098800,1.7797,0.2502680554
0.100,0.155,0.07781993804,0.1554828326,0.03793844485,0.6773870723,1.7795,0.2535075823
0.100,0.156,0.07832320227,0.1564862951,0.03818278824,0.6773640959,1.7794,0.2567201745
0.100,0.157,0.0788264897,0.1574897643,0.03842712365,0.6773409496,1.7792,0.2599067088
0.100,0.158,0.07932980048,0.1584932401,0.03867145103,0.6773176375,1.7791,0.2630680072
0.100,0.159,0.07983313477,0.1594967226,0.03891577033,0.6772941544,1.7789,0.2662048425
0.100,0.160,0.08033649273,0.1605002119,0.03916008151,0.6772704967,1.7787,0.2693179257
0.100,0.161,0.08083987448,0.161503708,0.03940438452,0.6772466729,1.7786,0.2724079592
0.100,0.162,0.0813432802,0.1625072109,0.03964867932,0.6772226754,1.7784,0.2754755961
0.100,0.163,0.08184671002,0.1635107207,0.03989296585,0.6771985119,1.7783,0.2785214529
0.100,0.164,0.08235016411,0.1645142374,0.04013724407,0.6771741720,1.7781,0.2815461012
0.100,0.165,0.0828536426,0.1655177611,0.04038151394,0.6771496634,1.7779,0.2845500949
0.100,0.166,0.08335714566,0.1665212917,0.04062577541,0.6771249812,1.7778,0.2875339607
0.100,0.167,0.08386067343,0.1675248294,0.04087002843,0.6771001217,1.7776,0.2904981871
0.100,0.168,0.08436422606,0.1685283742,0.04111427296,0.6770750927,1.7774,0.2934432708
0.100,0.169,0.0848678037,0.1695319261,0.04135850895,0.6770498897,1.7773,0.2963696336
0.100,0.170,0.08537140651,0.1705354851,0.04160273636,0.6770245091,1.7771,0.2992777046
0.100,0.171,0.08587503463,0.1715390513,0.04184695513,0.6769989570,1.7769,0.3021679137
0.100,0.172,0.08637868822,0.1725426248,0.04209116523,0.6769732328,1.7767,0.3050406280
0.100,0.173,0.08688236743,0.1735462055,0.04233536661,0.6769473328,1.7766,0.3078962285
0.100,0.174,0.0873860724,0.1745497936,0.04257955922,0.6769212552,1.7764,0.3107350477
0.100,0.175,0.0878898033,0.1755533889,0.04282374302,0.6768949990,1.7762,0.3135574291
0.100,0.176,0.08839356026,0.1765569917,0.04306791796,0.6768685645,1.7760,0.3163636954
0.100,0.177,0.08889734345,0.1775606019,0.04331208401,0.6768419557,1.7759,0.3191541546
0.100,0.178,0.089401153,0.1785642196,0.0435562411,0.6768151675,1.7757,0.3219290944
0.100,0.179,0.08990498908,0.1795678448,0.0438003892,0.6767882036,1.7755,0.3246887962
0.100,0.180,0.09040885184,0.1805714776,0.04404452826,0.6767610573,1.7753,0.3274335173
0.100,0.181,0.09091274142,0.1815751179,0.04428865825,0.6767337357,1.7751,0.3301635336
0.100,0.182,0.09141665798,0.1825787658,0.0445327791,0.6767062364,1.7749,0.3328790747
0.100,0.183,0.09192060167,0.1835824215,0.04477689079,0.6766785503,1.7748,0.3355803625
0.100,0.184,0.09242457263,0.1845860848,0.04502099325,0.6766506875,1.7746,0.3382676369
0.100,0.185,0.09292857103,0.1855897559,0.04526508646,0.6766226432,1.7744,0.3409411125
0.100,0.186,0.09343259701,0.1865934347,0.04550917037,0.6765944202,1.7742,0.3436009895
0.100,0.187,0.09393665073,0.1875971214,0.04575324493,0.6765660145,1.7740,0.3462474667
0.100,0.188,0.09444073233,0.1886008159,0.04599731009,0.6765374188,1.7738,0.3488807045
0.100,0.189,0.09494484197,0.1896045184,0.04624136582,0.6765086474,1.7736,0.3515009326
0.100,0.190,0.0954489798,0.1906082287,0.04648541207,0.6764796893,1.7734,0.3541082842
0.100,0.191,0.09595314597,0.1916119471,0.0467294488,0.6764505497,1.7732,0.3567029481
0.100,0.192,0.09645734063,0.1926156734,0.04697347595,0.6764212258,1.7730,0.3592850675
0.100,0.193,0.09696156394,0.1936194079,0.0472174935,0.6763917177,1.7728,0.3618548044
0.100,0.194,0.09746581604,0.1946231504,0.04746150139,0.6763620228,1.7726,0.3644123000
0.100,0.195,0.09797009709,0.195626901,0.04770549959,0.6763321421,1.7724,0.3669576970
0.100,0.196,0.09847440724,0.1966306598,0.04794948804,0.6763020708,1.7722,0.3694911186
0.100,0.197,0.09897874664,0.1976344268,0.04819346671,0.6762718188,1.7720,0.3720127130
0.100,0.198,0.09948311545,0.1986382021,0.04843743556,0.6762413838,1.7718,0.3745226026
0.100,0.199,0.09998751381,0.1996419857,0.04868139453,0.6762107496,1.7716,0.3770208733
0.100,0.200,0.1004919419,0.2006457775,0.04892534359,0.6761799324,1.7714,0.3795076748
0.100,0.201,0.1009963998,0.2016495778,0.0491692827,0.6761489286,1.7712,0.3819831033
0.100,0.202,0.1015008877,0.2026533864,0.04941321181,0.6761177308,1.7710,0.3844472626
0.100,0.203,0.1020054058,0.2036572035,0.04965713088,0.6760863466,1.7708,0.3869002539
0.100,0.204,0.1025099543,0.204661029,0.04990103986,0.6760547692,1.7706,0.3893421707
0.100,0.205,0.1030145332,0.2056648631,0.05014493872,0.6760230047,1.7704,0.3917731136
0.100,0.206,0.1035191427,0.2066687057,0.05038882742,0.6759910440,1.7701,0.3941931563
0.100,0.207,0.1040237829,0.2076725569,0.0506327059,0.6759588951,1.7699,0.3966024015
0.100,0.208,0.1045284542,0.2086764167,0.05087657414,0.6759265492,1.7697,0.3990009053
0.100,0.209,0.1050331564,0.2096802852,0.05112043208,0.6758940168,1.7695,0.4013887798
0.100,0.210,0.1055378899,0.2106841624,0.05136427968,0.6758612882,1.7693,0.4037660659
0.100,0.211,0.1060426548,0.2116880483,0.05160811692,0.6758283643,1.7691,0.4061328575
0.100,0.212,0.1065474513,0.212691943,0.05185194373,0.6757952444,1.7688,0.4084892043
0.100,0.213,0.1070522794,0.2136958466,0.05209576008,0.6757619347,1.7686,0.4108351931
0.100,0.214,0.1075571394,0.2146997589,0.05233956594,0.6757284244,1.7684,0.4131708653
0.100,0.215,0.1080620313,0.2157036802,0.05258336125,0.6756947195,1.7682,0.4154962900
0.100,0.216,0.1085669554,0.2167076104,0.05282714599,0.6756608184,1.7679,0.4178115270
0.100,0.217,0.1090719118,0.2177115495,0.0530709201,0.6756267180,1.7677,0.4201166221
0.100,0.218,0.1095769007,0.2187154977,0.05331468354,0.6755924230,1.7675,0.4224116327
0.100,0.219,0.1100819221,0.2197194549,0.05355843629,0.6755579304,1.7673,0.4246966092
0.100,0.220,0.1105869763,0.2207234212,0.05380217828,0.6755232342,1.7670,0.4269715886
0.100,0.221,0.1110920634,0.2217273966,0.0540459095,0.6754883356,1.7668,0.4292366184
0.100,0.222,0.1115971836,0.2227313811,0.05428962988,0.6754532447,1.7666,0.4314917569
0.100,0.223,0.112102337,0.2237353748,0.05453333941,0.6754179528,1.7663,0.4337370324
0.100,0.224,0.1126075238,0.2247393778,0.05477703802,0.6753824561,1.7661,0.4359724830
0.100,0.225,0.1131127441,0.22574339,0.05502072569,0.6753467570,1.7658,0.4381981322
0.100,0.226,0.1136179981,0.2267474115,0.05526440238,0.6753108581,1.7656,0.4404140337
0.100,0.227,0.1141232859,0.2277514423,0.05550806804,0.6752747554,1.7654,0.4426202121
0.100,0.228,0.1146286076,0.2287554825,0.05575172264,0.6752384453,1.7651,0.4448166966
0.100,0.229,0.1151339635,0.2297595321,0.05599536614,0.6752019367,1.7649,0.4470035202
0.100,0.230,0.1156393538,0.2307635912,0.05623899849,0.6751652219,1.7646,0.4491807053
0.100,0.231,0.1161447784,0.2317676597,0.05648261966,0.6751283031,1.7644,0.4513482796
0.100,0.232,0.1166502376,0.2327717377,0.05672622961,0.6750911793,1.7641,0.4535062659
0.100,0.233,0.1171557316,0.2337758253,0.05696982829,0.6750538451,1.7639,0.4556546812
0.100,0.234,0.1176612605,0.2347799225,0.05721341568,0.6750163031,1.7637,0.4577935488
0.100,0.235,0.1181668245,0.2357840293,0.05745699174,0.6749785576,1.7634,0.4599228903
0.100,0.236,0.1186724236,0.2367881458,0.05770055641,0.6749406017,1.7631,0.4620427211
0.100,0.237,0.1191780582,0.237792272,0.05794410968,0.6749024359,1.7629,0.4641530527
0.100,0.238,0.1196837282,0.2387964079,0.05818765149,0.6748640618,1.7626,0.4662539051
0.100,0.239,0.1201894339,0.2398005536,0.05843118181,0.6748254781,1.7624,0.4683452884
0.100,0.240,0.1206951755,0.240804709,0.0586747006,0.6747866859,1.7621,0.4704272196
0.100,0.241,0.121200953,0.2418088744,0.05891820783,0.6747476832,1.7619,0.4724997062
0.100,0.242,0.1217067667,0.2428130496,0.05916170345,0.6747084631,1.7616,0.4745627427
0.100,0.243,0.1222126166,0.2438172347,0.05940518743,0.6746690343,1.7613,0.4766163609
0.100,0.244,0.122718503,0.2448214297,0.05964865973,0.6746293916,1.7611,0.4786605469
0.100,0.245,0.123224426,0.2458256347,0.05989212032,0.6745895356,1.7608,0.4806953187
0.100,0.246,0.1237303857,0.2468298498,0.06013556915,0.6745494668,1.7606,0.4827206768
0.100,0.247,0.1242363823,0.2478340749,0.06037900619,0.6745091804,1.7603,0.4847366176
0.100,0.248,0.124742416,0.2488383101,0.06062243141,0.6744686809,1.7600,0.4867431556
0.100,0.249,0.1252484869,0.2498425554,0.06086584476,0.6744279693,1.7597,0.4887402847
0.100,0.250,0.1257545952,0.2508468109,0.06110924621,0.6743870351,1.7595,0.4907279980
0.100,0.251,0.126260741,0.2518510765,0.06135263572,0.6743458799,1.7592,0.4927062974
0.100,0.252,0.1267669245,0.2528553524,0.06159601326,0.6743045149,1.7589,0.4946751885
0.100,0.253,0.1272731458,0.2538596386,0.06183937879,0.6742629238,1.7587,0.4966346516
0.100,0.254,0.1277794051,0.2548639351,0.06208273228,0.6742211180,1.7584,0.4985846988
0.100,0.255,0.1282857025,0.2558682419,0.06232607368,0.6741790947,1.7581,0.5005253227
0.100,0.256,0.1287920383,0.256872559,0.06256940297,0.6741368482,1.7578,0.5024565049
0.100,0.257,0.1292984125,0.2578768866,0.0628127201,0.6740943779,1.7575,0.5043782409
0.100,0.258,0.1298048252,0.2588812246,0.06305602505,0.6740516879,1.7573,0.5062905316
0.100,0.259,0.1303112768,0.2598855731,0.06329931777,0.6740087772,1.7570,0.5081933637
0.100,0.260,0.1308177673,0.2608899321,0.06354259823,0.6739656418,1.7567,0.5100867203
0.100,0.261,0.1313242968,0.2618943016,0.0637858664,0.6739222818,1.7564,0.5119705940
0.100,0.262,0.1318308655,0.2628986817,0.06402912224,0.6738786984,1.7561,0.5138449736
0.100,0.263,0.1323374737,0.2639030724,0.06427236571,0.6738348905,1.7558,0.5157098441
0.100,0.264,0.1328441214,0.2649074737,0.06451559679,0.6737908573,1.7555,0.5175651969
0.100,0.265,0.1333508087,0.2659118858,0.06475881543,0.6737465929,1.7552,0.5194110027
0.100,0.266,0.1338575359,0.2669163085,0.06500202161,0.6737021125,1.7549,0.5212472748
0.100,0.267,0.1343643032,0.267920742,0.06524521529,0.6736573913,1.7547,0.5230739595
0.100,0.268,0.1348711105,0.2689251863,0.06548839643,0.6736124491,1.7544,0.5248910667
0.100,0.269,0.1353779582,0.2699296414,0.065731565,0.6735672728,1.7541,0.5266985656
0.100,0.270,0.1358848464,0.2709341073,0.06597472097,0.6735218744,1.7538,0.5284964537
0.100,0.271,0.1363917751,0.2719385841,0.06621786431,0.6734762437,1.7535,0.5302846919
0.100,0.272,0.1368987447,0.2729430718,0.06646099497,0.6734303753,1.7532,0.5320632618
0.100,0.273,0.1374057552,0.2739475705,0.06670411293,0.6733842819,1.7529,0.5338321525
0.100,0.274,0.1379128068,0.2749520802,0.06694721816,0.6733379515,1.7525,0.5355913375
0.100,0.275,0.1384198996,0.2759566008,0.06719031062,0.6732913871,1.7522,0.5373407886
0.100,0.276,0.1389270339,0.2769611326,0.06743339027,0.6732445949,1.7519,0.5390804946
0.100,0.277,0.1394342096,0.2779656754,0.06767645709,0.6731975711,1.7516,0.5408104344
0.100,0.278,0.1399414272,0.2789702293,0.06791951105,0.6731503014,1.7513,0.5425305514
0.100,0.279,0.1404486865,0.2799747943,0.0681625521,0.6731028025,1.7510,0.5442408566
0.100,0.280,0.140955988,0.2809793706,0.06840558023,0.6730550580,1.7507,0.5459412956
0.100,0.281,0.1414633315,0.2819839581,0.06864859539,0.6730070899,1.7504,0.5476318678
0.100,0.282,0.1419707175,0.2829885568,0.06889159755,0.6729588791,1.7501,0.5493125321
0.100,0.283,0.1424781459,0.2839931667,0.06913458669,0.6729104288,1.7497,0.5509832542
0.100,0.284,0.142985617,0.284997788,0.06937756277,0.6728617336,1.7494,0.5526440075
0.100,0.285,0.1434931309,0.2860024207,0.06962052577,0.6728128025,1.7491,0.5542947730
0.100,0.286,0.1440006877,0.2870070647,0.06986347564,0.6727636358,1.7488,0.5559355122
0.100,0.287,0.1445082877,0.2880117201,0.07010641236,0.6727142191,1.7485,0.5575661911
0.100,0.288,0.145015931,0.289016387,0.07034933589,0.6726645650,1.7481,0.5591867817
0.100,0.289,0.1455236177,0.2900210654,0.07059224622,0.6726146745,1.7478,0.5607972627
0.100,0.290,0.146031348,0.2910257552,0.07083514329,0.6725645216,1.7475,0.5623975682
0.100,0.291,0.146539122,0.2920304566,0.0710780271,0.6725141433,1.7471,0.5639877048
0.100,0.292,0.14704694,0.2930351696,0.0713208976,0.6724635131,1.7468,0.5655676099
0.100,0.293,0.147554802,0.2940398941,0.07156375477,0.6724126331,1.7465,0.5671372538
0.100,0.294,0.1480627082,0.2950446303,0.07180659857,0.6723615115,1.7461,0.5686966108
0.100,0.295,0.1485706588,0.2960493782,0.07204942898,0.6723101428,1.7458,0.5702456355
0.100,0.296,0.149078654,0.2970541378,0.07229224596,0.6722585257,1.7455,0.5717842926
0.100,0.297,0.1495866938,0.2980589091,0.07253504949,0.6722066525,1.7451,0.5733125356
0.100,0.298,0.1500947785,0.2990636921,0.07277783954,0.6721545402,1.7448,0.5748303494
0.100,0.299,0.1506029082,0.300068487,0.07302061608,0.6721021717,1.7444,0.5763376718
0.100,0.300,0.1511110831,0.3010732936,0.07326337908,0.6720495543,1.7441,0.5778344720
0.100,0.301,0.1516193033,0.3020781122,0.0735061285,0.6719966837,1.7438,0.5793207096
0.100,0.302,0.1521275689,0.3030829426,0.07374886433,0.6719435701,1.7434,0.5807963510
0.100,0.303,0.1526358802,0.3040877849,0.07399158654,0.6718901868,1.7431,0.5822613289
0.100,0.304,0.1531442373,0.3050926392,0.07423429509,0.6718365578,1.7427,0.5837156297
0.100,0.305,0.1536526404,0.3060975055,0.07447698997,0.6717826734,1.7424,0.5851591969
0.100,0.306,0.1541610895,0.3071023837,0.07471967113,0.6717285341,1.7420,0.5865919892
0.100,0.307,0.154669585,0.308107274,0.07496233855,0.6716741435,1.7417,0.5880139684
0.100,0.308,0.1551781268,0.3091121764,0.07520499221,0.6716194924,1.7413,0.5894250791
0.100,0.309,0.1556867153,0.3101170909,0.07544763208,0.6715645781,1.7409,0.5908252737
0.100,0.310,0.1561953505,0.3111220176,0.07569025813,0.6715094158,1.7406,0.5922145213
0.100,0.311,0.1567040326,0.3121269564,0.07593287034,0.6714539877,1.7402,0.5935927625
0.100,0.312,0.1572127617,0.3131319073,0.07617546867,0.6713982961,1.7399,0.5949599433
0.100,0.313,0.1577215381,0.3141368706,0.0764180531,0.6713423506,1.7395,0.5963160387
0.100,0.314,0.1582303619,0.315141846,0.07666062361,0.6712861412,1.7391,0.5976609792
0.100,0.315,0.1587392331,0.3161468338,0.07690318016,0.6712296698,1.7388,0.5989947249
0.100,0.316,0.1592481521,0.3171518338,0.07714572274,0.6711729332,1.7384,0.6003172205
0.100,0.317,0.159757119,0.3181568463,0.07738825131,0.6711159449,1.7380,0.6016284296
0.100,0.318,0.1602661338,0.3191618711,0.07763076586,0.6710586783,1.7377,0.6029282741
0.100,0.319,0.1607751968,0.3201669083,0.07787326635,0.6710011496,1.7373,0.6042167197
0.100,0.320,0.1612843082,0.3211719579,0.07811575276,0.6709433562,1.7369,0.6054937114
0.100,0.321,0.161793468,0.32217702,0.07835822506,0.6708853002,1.7365,0.6067591972
0.100,0.322,0.1623026765,0.3231820946,0.07860068324,0.6708269637,1.7361,0.6080131078
0.100,0.323,0.1628119338,0.3241871817,0.07884312726,0.6707683629,1.7358,0.6092554062
0.100,0.324,0.16332124,0.3251922814,0.0790855571,0.6707094949,1.7354,0.6104860317
0.100,0.325,0.1638305954,0.3261973936,0.07932797274,0.6706503586,1.7350,0.6117049300
0.100,0.326,0.1643400001,0.3272025185,0.07957037415,0.6705909502,1.7346,0.6129120373
0.100,0.327,0.1648494542,0.328207656,0.07981276131,0.6705312665,1.7342,0.6141072974
0.100,0.328,0.1653589579,0.3292128062,0.08005513419,0.6704713180,1.7338,0.6152906627
0.100,0.329,0.1658685114,0.330217969,0.08029749278,0.6704110963,1.7335,0.6164620660
0.100,0.330,0.1663781148,0.3312231446,0.08053983704,0.6703505968,1.7331,0.6176214430
0.100,0.331,0.1668877683,0.332228333,0.08078216696,0.6702898199,1.7327,0.6187687335
0.100,0.332,0.167397472,0.3332335341,0.0810244825,0.6702287688,1.7323,0.6199038813
0.100,0.333,0.1679072261,0.3342387481,0.08126678366,0.6701674453,1.7319,0.6210268255
0.100,0.334,0.1684170308,0.3352439749,0.0815090704,0.6701058445,1.7315,0.6221375042
0.100,0.335,0.1689268862,0.3362492145,0.08175134271,0.6700439572,1.7311,0.6232358408
0.100,0.336,0.1694367925,0.3372544671,0.08199360056,0.6699818022,1.7307,0.6243217921
0.100,0.337,0.1699467499,0.3382597326,0.08223584393,0.6699193479,1.7303,0.6253952615
0.100,0.338,0.1704567584,0.3392650111,0.08247807279,0.6698566294,1.7299,0.6264562214
0.100,0.339,0.1709668183,0.3402703025,0.08272028713,0.6697936344,1.7295,0.6275045911
0.100,0.340,0.1714769297,0.3412756069,0.08296248693,0.6697303489,1.7291,0.6285402910
0.100,0.341,0.1719870928,0.3422809244,0.08320467216,0.6696667795,1.7287,0.6295632613
0.100,0.342,0.1724973078,0.343286255,0.0834468428,0.6696029225,1.7282,0.6305734273
0.100,0.343,0.1730075748,0.3442915986,0.08368899883,0.6695387848,1.7278,0.6315707312
0.100,0.344,0.1735178939,0.3452969554,0.08393114024,0.6694743627,1.7274,0.6325550975
0.100,0.345,0.1740282653,0.3463023253,0.08417326699,0.6694096558,1.7270,0.6335264563
0.100,0.346,0.1745386893,0.3473077084,0.08441537908,0.6693446622,1.7266,0.6344847326
0.100,0.347,0.1750491659,0.3483131047,0.08465747647,0.6692793762,1.7262,0.6354298479
0.100,0.348,0.1755596953,0.3493185142,0.08489955916,0.6692138024,1.7257,0.6363617384
0.100,0.349,0.1760702777,0.350323937,0.08514162711,0.6691479421,1.7253,0.6372803286
0.100,0.350,0.1765809132,0.3513293731,0.08538368032,0.6690817807,1.7249,0.6381855260
0.100,0.351,0.177091602,0.3523348224,0.08562571876,0.6690153400,1.7245,0.6390772837
0.100,0.352,0.1776023442,0.3533402852,0.08586774242,0.6689486103,1.7240,0.6399555118
0.100,0.353,0.1781131401,0.3543457612,0.08610975127,0.6688815711,1.7236,0.6408201126
0.100,0.354,0.1786239897,0.3553512507,0.08635174529,0.6688142487,1.7232,0.6416710336
0.100,0.355,0.1791348933,0.3563567536,0.08659372447,0.6687466358,1.7227,0.6425081914
0.100,0.356,0.179645851,0.35736227,0.0868356888,0.6686787203,1.7223,0.6433314881
0.100,0.357,0.180156863,0.3583677998,0.08707763824,0.6686105065,1.7219,0.6441408511
0.100,0.358,0.1806679294,0.3593733431,0.08731957279,0.6685419956,1.7214,0.6449362002
0.100,0.359,0.1811790503,0.3603788999,0.08756149242,0.6684731840,1.7210,0.6457174495
0.100,0.360,0.1816902261,0.3613844703,0.08780339713,0.6684040828,1.7206,0.6464845240
0.100,0.361,0.1822014567,0.3623900543,0.08804528688,0.6683346780,1.7201,0.6472373241
0.100,0.362,0.1827127424,0.3633956518,0.08828716167,0.6682649687,1.7197,0.6479757658
0.100,0.363,0.1832240833,0.364401263,0.08852902148,0.6681949615,1.7192,0.6486997662
0.100,0.364,0.1837354797,0.3654068879,0.08877086629,0.6681246419,1.7188,0.6494092249
0.100,0.365,0.1842469316,0.3664125264,0.08901269609,0.6680540290,1.7183,0.6501040741
0.100,0.366,0.1847584392,0.3674181786,0.08925451086,0.6679831137,1.7179,0.6507842092
0.100,0.367,0.1852700027,0.3684238446,0.08949631059,0.6679118851,1.7174,0.6514495349
0.100,0.368,0.1857816223,0.3694295243,0.08973809525,0.6678403543,1.7170,0.6520999643
0.100,0.369,0.186293298,0.3704352177,0.08997986483,0.6677685136,1.7165,0.6527353997
0.100,0.370,0.1868050302,0.371440925,0.09022161933,0.6676963670,1.7160,0.6533557507
0.100,0.371,0.1873168189,0.3724466462,0.09046335872,0.6676239129,1.7156,0.6539609199
0.100,0.372,0.1878286643,0.3734523811,0.09070508298,0.6675511521,1.7151,0.6545508110
0.100,0.373,0.1883405665,0.37445813,0.09094679211,0.6674780725,1.7147,0.6551253147
0.100,0.374,0.1888525258,0.3754638927,0.0911884861,0.6674046887,1.7142,0.6556843475
0.100,0.375,0.1893645423,0.3764696694,0.09143016492,0.6673309873,1.7137,0.6562277953
0.100,0.376,0.1898766161,0.3774754601,0.09167182856,0.6672569757,1.7133,0.6567555632
0.100,0.377,0.1903887475,0.3784812647,0.09191347701,0.6671826462,1.7128,0.6572675427
0.100,0.378,0.1909009365,0.3794870833,0.09215511025,0.6671080024,1.7123,0.6577636333
0.100,0.379,0.1914131834,0.3804929159,0.09239672828,0.6670330474,1.7118,0.6582437310
0.100,0.380,0.1919254882,0.3814987626,0.09263833108,0.6669577743,1.7114,0.6587077258
0.100,0.381,0.1924378513,0.3825046234,0.09287991864,0.6668821789,1.7109,0.6591555031
0.100,0.382,0.1929502727,0.3835104983,0.09312149094,0.6668062682,1.7104,0.6595869625
0.100,0.383,0.1934627526,0.3845163872,0.09336304798,0.6667300423,1.7099,0.6600019925
0.100,0.384,0.1939752912,0.3855222904,0.09360458973,0.6666534888,1.7094,0.6604004706
0.100,0.385,0.1944878886,0.3865282077,0.0938461162,0.6665766126,1.7089,0.6607822867
0.100,0.386,0.1950005449,0.3875341391,0.09408762737,0.6664994162,1.7085,0.6611473300
0.100,0.387,0.1955132605,0.3885400848,0.09432912322,0.6664219043,1.7080,0.6614954880
0.100,0.388,0.1960260354,0.3895460448,0.09457060374,0.6663440537,1.7075,0.6618266224
0.100,0.389,0.1965388697,0.390552019,0.09481206894,0.6662658893,1.7070,0.6621406361
0.100,0.390,0.1970517637,0.3915580075,0.09505351878,0.6661873937,1.7065,0.6624373926
0.100,0.391,0.1975647176,0.3925640102,0.09529495327,0.6661085743,1.7060,0.6627167778
0.100,0.392,0.1980777314,0.3935700274,0.0955363724,0.6660294253,1.7055,0.6629786603
0.100,0.393,0.1985908054,0.3945760588,0.09577777615,0.6659499529,1.7050,0.6632229223
0.100,0.394,0.1991039396,0.3955821047,0.09601916452,0.6658701409,1.7045,0.6634494202
0.100,0.395,0.1996171344,0.3965881649,0.09626053749,0.6657900016,1.7040,0.6636580378
0.100,0.396,0.2001303898,0.3975942396,0.09650189506,0.6657095373,1.7035,0.6638486465
0.100,0.397,0.200643706,0.3986003287,0.09674323721,0.6656287276,1.7030,0.6640210944
0.100,0.398,0.2011570832,0.3996064322,0.09698456395,0.6655475920,1.7025,0.6641752667
0.100,0.399,0.2016705215,0.4006125503,0.09722587526,0.6654661242,1.7019,0.6643110218
0.100,0.400,0.2021840212,0.4016186828,0.09746717113,0.6653843147,1.7014,0.6644282121
0.100,0.401,0.2026975823,0.4026248299,0.09770845155,0.6653021804,1.7009,0.6645267153
0.100,0.402,0.203211205,0.4036309915,0.09794971653,0.6652197070,1.7004,0.6646063754
0.100,0.403,0.2037248896,0.4046371677,0.09819096604,0.6651368822,1.6999,0.6646670371
0.100,0.404,0.2042386361,0.4056433585,0.09843220009,0.6650537290,1.6994,0.6647085777
0.100,0.405,0.2047524447,0.4066495639,0.09867341867,0.6649702341,1.6988,0.6647308370
0.100,0.406,0.2052663157,0.407655784,0.09891462176,0.6648863903,1.6983,0.6647336579
0.100,0.407,0.2057802491,0.4086620187,0.09915580937,0.6648022061,1.6978,0.6647168972
0.100,0.408,0.2062942452,0.4096682681,0.09939698149,0.6647176865,1.6973,0.6646804066
0.100,0.409,0.2068083041,0.4106745322,0.09963813811,0.6646328202,1.6967,0.6646240184
0.100,0.410,0.2073224259,0.411680811,0.09987927922,0.6645476102,1.6962,0.6645475776
0.100,0.411,0.2078366109,0.4126871045,0.1001204048,0.6644620495,1.6957,0.6644509164
0.100,0.412,0.2083508592,0.4136934128,0.1003615149,0.6643761455,1.6951,0.6643338795
0.100,0.413,0.2088651709,0.4146997359,0.1006026095,0.6642898925,1.6946,0.6641962958
0.100,0.414,0.2093795463,0.4157060738,0.1008436885,0.6642032943,1.6940,0.6640380010
0.100,0.415,0.2098939855,0.4167124265,0.1010847521,0.6641163410,1.6935,0.6638588154
0.100,0.416,0.2104084887,0.4177187941,0.1013258001,0.6640290446,1.6930,0.6636585777
0.100,0.417,0.210923056,0.4187251765,0.1015668325,0.6639413879,1.6924,0.6634370953
0.100,0.418,0.2114376876,0.4197315738,0.1018078494,0.6638533840,1.6919,0.6631942031
0.100,0.419,0.2119523837,0.420737986,0.1020488508,0.6637650265,1.6913,0.6629297136
0.100,0.420,0.2124671445,0.4217444131,0.1022898366,0.6636763139,1.6908,0.6626434419
0.100,0.421,0.21298197,0.4227508551,0.1025308069,0.6635872489,1.6902,0.6623352037
0.100,0.422,0.2134968606,0.4237573122,0.1027717617,0.6634978187,1.6897,0.6620047964
0.100,0.423,0.2140118162,0.4247637842,0.1030127008,0.6634080340,1.6891,0.6616520380
0.100,0.424,0.2145268372,0.4257702712,0.1032536245,0.6633178928,1.6885,0.6612767315
0.100,0.425,0.2150419237,0.4267767732,0.1034945325,0.6632273854,1.6880,0.6608786676
0.100,0.426,0.2155570758,0.4277832902,0.1037354251,0.6631365270,1.6874,0.6604576598
0.100,0.427,0.2160722938,0.4287898223,0.103976302,0.6630453059,1.6869,0.6600134901
0.100,0.428,0.2165875777,0.4297963695,0.1042171634,0.6629537229,1.6863,0.6595459511
0.100,0.429,0.2171029278,0.4308029318,0.1044580093,0.6628617704,1.6857,0.6590548234
0.100,0.430,0.2176183443,0.4318095092,0.1046988395,0.6627694626,1.6851,0.6585399041
0.100,0.431,0.2181338272,0.4328161017,0.1049396542,0.6626767823,1.6846,0.6580009564
0.100,0.432,0.2186493768,0.4338227094,0.1051804534,0.6625837370,1.6840,0.6574377656
0.100,0.433,0.2191649932,0.4348293322,0.105421237,0.6624903204,1.6834,0.6568500972
0.100,0.434,0.2196806766,0.4358359702,0.105662005,0.6623965386,1.6828,0.6562377266
0.100,0.435,0.2201964272,0.4368426234,0.1059027575,0.6623023881,1.6823,0.6556004144
0.100,0.436,0.2207122452,0.4378492919,0.1061434945,0.6622078672,1.6817,0.6549379200
0.100,0.437,0.2212281307,0.4388559755,0.1063842158,0.6621129821,1.6811,0.6542500050
0.100,0.438,0.2217440838,0.4398626745,0.1066249217,0.6620177050,1.6805,0.6535363949
0.100,0.439,0.2222601048,0.4408693887,0.1068656119,0.6619220726,1.6799,0.6527968736
0.100,0.440,0.2227761938,0.4418761182,0.1071062867,0.6618260508,1.6793,0.6520311480
0.100,0.441,0.223292351,0.442882863,0.1073469458,0.6617296666,1.6787,0.6512389852
0.100,0.442,0.2238085766,0.4438896231,0.1075875895,0.6616328919,1.6781,0.6504200894
0.100,0.443,0.2243248707,0.4448963985,0.1078282176,0.6615357610,1.6775,0.6495742222
0.100,0.444,0.2248412335,0.4459031894,0.1080688301,0.6614382355,1.6769,0.6487010685
0.100,0.445,0.2253576652,0.4469099956,0.1083094272,0.6613403351,1.6763,0.6478003659
0.100,0.446,0.2258741659,0.4479168171,0.1085500087,0.6612420553,1.6757,0.6468718226
0.100,0.447,0.2263907359,0.4489236541,0.1087905747,0.6611433951,1.6751,0.6459151417
0.100,0.448,0.2269073752,0.4499305065,0.1090311251,0.6610443464,1.6745,0.6449300174
0.100,0.449,0.2274240841,0.4509373744,0.1092716601,0.6609449202,1.6739,0.6439161556
0.100,0.450,0.2279408627,0.4519442577,0.1095121795,0.6608450978,1.6733,0.6428732232
0.100,0.451,0.2284577112,0.4529511565,0.1097526835,0.6607448952,1.6727,0.6418009197
0.100,0.452,0.2289746298,0.4539580708,0.1099931719,0.6606443133,1.6721,0.6406989235
0.100,0.453,0.2294916187,0.4549650005,0.1102336449,0.6605433321,1.6715,0.6395668801
0.100,0.454,0.2300086779,0.4559719458,0.1104741024,0.6604419780,1.6709,0.6384044817
0.100,0.455,0.2305258078,0.4569789067,0.1107145444,0.6603402225,1.6702,0.6372113510
0.100,0.456,0.2310430083,0.457985883,0.1109549709,0.6602380809,1.6696,0.6359871504
0.100,0.457,0.2315602799,0.458992875,0.111195382,0.6601355424,1.6690,0.6347315086
0.100,0.458,0.2320776225,0.4599998825,0.1114357776,0.6600326117,1.6684,0.6334440622
0.100,0.459,0.2325950364,0.4610069056,0.1116761578,0.6599292918,1.6677,0.6321244415
0.100,0.460,0.2331125218,0.4620139444,0.1119165225,0.6598255779,1.6671,0.6307722494
0.100,0.461,0.2336300787,0.4630209987,0.1121568718,0.6597214577,1.6665,0.6293870827
0.100,0.462,0.2341477075,0.4640280687,0.1123972057,0.6596169476,1.6658,0.6279685576
0.100,0.463,0.2346654082,0.4650351543,0.1126375241,0.6595120378,1.6652,0.6265162477
0.100,0.464,0.2351831811,0.4660422557,0.1128778272,0.6594067247,1.6646,0.6250297309
0.100,0.465,0.2357010263,0.4670493727,0.1131181149,0.6593010206,1.6639,0.6235085862
0.100,0.466,0.2362189439,0.4680565054,0.1133583872,0.6591949061,1.6633,0.6219523517
0.100,0.467,0.2367369342,0.4690636538,0.1135986441,0.6590884019,1.6626,0.6203605971
0.100,0.468,0.2372549974,0.4700708179,0.1138388857,0.6589814779,1.6620,0.6187328244
0.100,0.469,0.2377731335,0.4710779977,0.1140791119,0.6588741531,1.6613,0.6170685774
0.100,0.470,0.2382913429,0.4720851934,0.1143193227,0.6587664348,1.6607,0.6153673766
0.100,0.471,0.2388096255,0.4730924047,0.1145595183,0.6586582975,1.6600,0.6136286997
0.100,0.472,0.2393279817,0.4740996319,0.1147996985,0.6585497583,1.6594,0.6118520468
0.100,0.473,0.2398464116,0.4751068748,0.1150398634,0.6584408144,1.6587,0.6100368874
0.100,0.474,0.2403649154,0.4761141336,0.1152800131,0.6583314436,1.6581,0.6081826594
0.100,0.475,0.2408834932,0.4771214082,0.1155201474,0.6582216806,1.6574,0.6062888482
0.100,0.476,0.2414021453,0.4781286986,0.1157602665,0.6581114930,1.6567,0.6043548448
0.100,0.477,0.2419208717,0.4791360048,0.1160003704,0.6580009044,1.6561,0.6023800885
0.100,0.478,0.2424396727,0.4801433269,0.116240459,0.6578898986,1.6554,0.6003639619
0.100,0.479,0.2429585485,0.4811506649,0.1164805324,0.6577784662,1.6547,0.5983058357
0.100,0.480,0.2434774992,0.4821580187,0.1167205905,0.6576666340,1.6541,0.5962051016
0.100,0.481,0.243996525,0.4831653885,0.1169606335,0.6575543788,1.6534,0.5940610805
0.100,0.482,0.244515626,0.4841727741,0.1172006613,0.6574416998,1.6527,0.5918730925
0.100,0.483,0.2450348025,0.4851801757,0.1174406739,0.6573285965,1.6520,0.5896404441
0.100,0.484,0.2455540546,0.4861875932,0.1176806714,0.6572150899,1.6514,0.5873624490
0.100,0.485,0.2460733825,0.4871950266,0.1179206538,0.6571011483,1.6507,0.5850383266
0.100,0.486,0.2465927864,0.488202476,0.118160621,0.6569867916,1.6500,0.5826673434
0.100,0.487,0.2471122664,0.4892099413,0.1184005732,0.6568720045,1.6493,0.5802486957
0.100,0.488,0.2476318228,0.4902174226,0.1186405102,0.6567567967,1.6486,0.5777815806
0.100,0.489,0.2481514556,0.4912249199,0.1188804322,0.6566411601,1.6479,0.5752651586
0.100,0.490,0.2486711651,0.4922324332,0.1191203392,0.6565251082,1.6472,0.5726985745
0.100,0.491,0.2491909515,0.4932399625,0.1193602311,0.6564086159,1.6465,0.5700809142
0.100,0.492,0.2497108149,0.4942475078,0.119600108,0.6562916907,1.6458,0.5674112590
0.100,0.493,0.2502307555,0.4952550691,0.1198399699,0.6561743476,1.6451,0.5646886683
0.100,0.494,0.2507507735,0.4962626465,0.1200798169,0.6560565570,1.6444,0.5619121189
0.100,0.495,0.2512708691,0.49727024,0.1203196489,0.6559383491,1.6437,0.5590806227
0.100,0.496,0.2517910424,0.4982778494,0.1205594659,0.6558197029,1.6430,0.5561930942
0.100,0.497,0.2523112936,0.499285475,0.1207992681,0.6557006203,1.6423,0.5532484316
0.100,0.498,0.2528316229,0.5002931166,0.1210390553,0.6555811072,1.6416,0.5502454957
0.100,0.499,0.2533520304,0.5013007743,0.1212788277,0.6554611540,1.6409,0.5471830932
0.100,0.500,0.2538725164,0.5023084482,0.1215185852,0.6553407618,1.6402,0.5440599905
0.100,0.501,0.2543930811,0.5033161381,0.1217583279,0.6552199232,1.6395,0.5408748952
0.100,0.502,0.2549137245,0.5043238441,0.1219980558,0.6550986599,1.6388,0.5376265047
0.100,0.503,0.2554344469,0.5053315663,0.1222377688,0.6549769498,1.6380,0.5343133917
0.100,0.504,0.2559552485,0.5063393046,0.1224774672,0.6548547958,1.6373,0.5309341200
0.100,0.505,0.2564761294,0.507347059,0.1227171508,0.6547321894,1.6366,0.5274871678
0.100,0.506,0.2569970898,0.5083548296,0.1229568196,0.6546091515,1.6359,0.5239709840
0.100,0.507,0.2575181299,0.5093626164,0.1231964738,0.6544856642,1.6351,0.5203838929
0.100,0.508,0.2580392499,0.5103704193,0.1234361133,0.6543617395,1.6344,0.5167242116
0.100,0.509,0.2585604499,0.5113782384,0.1236757381,0.6542373473,1.6337,0.5129900723
0.100,0.510,0.2590817301,0.5123860737,0.1239153483,0.6541125247,1.6329,0.5091796583
0.100,0.511,0.2596030908,0.5133939252,0.124154944,0.6539872404,1.6322,0.5052909351
0.100,0.512,0.2601245321,0.5144017929,0.124394525,0.6538615028,1.6315,0.5013218565
0.100,0.513,0.2606460541,0.5154096768,0.1246340915,0.6537353209,1.6307,0.4972702380
0.100,0.514,0.261167657,0.5164175769,0.1248736435,0.6536086825,1.6300,0.4931337749
0.100,0.515,0.2616893411,0.5174254932,0.125113181,0.6534815843,1.6292,0.4889100499
0.100,0.516,0.2622111065,0.5184334258,0.125352704,0.6533540415,1.6285,0.4845965443
0.100,0.517,0.2627329534,0.5194413746,0.1255922125,0.6532260363,1.6277,0.4801905400
0.100,0.518,0.2632548819,0.5204493396,0.1258317067,0.6530975699,1.6270,0.4756891993
0.100,0.519,0.2637768923,0.5214573209,0.1260711864,0.6529686534,1.6262,0.4710895306
0.100,0.520,0.2642989847,0.5224653185,0.1263106518,0.6528392685,1.6255,0.4663883278
0.100,0.521,0.2648211593,0.5234733323,0.1265501029,0.6527094313,1.6247,0.4615822469
0.100,0.522,0.2653434163,0.5244813624,0.1267895396,0.6525791240,1.6240,0.4566676380
0.100,0.523,0.2658657559,0.5254894088,0.1270289621,0.6524483535,1.6232,0.4516406961
0.100,0.524,0.2663881782,0.5264974715,0.1272683704,0.6523171093,1.6224,0.4464973313
0.100,0.525,0.2669106835,0.5275055505,0.1275077644,0.6521854205,1.6217,0.4412332197
0.100,0.526,0.2674332718,0.5285136457,0.1277471442,0.6520532550,1.6209,0.4358436364
0.100,0.527,0.2679559435,0.5295217573,0.1279865099,0.6519206224,1.6201,0.4303235786
0.100,0.528,0.2684786986,0.5305298852,0.1282258614,0.6517875211,1.6194,0.4246676665
0.100,0.529,0.2690015374,0.5315380293,0.1284651989,0.6516539438,1.6186,0.4188700432
0.100,0.530,0.26952446,0.5325461899,0.1287045223,0.6515198926,1.6178,0.4129244634
0.100,0.531,0.2700474666,0.5335543667,0.1289438316,0.6513853675,1.6170,0.4068240953
0.100,0.532,0.2705705575,0.5345625599,0.129183127,0.6512503812,1.6163,0.4005615820
0.100,0.533,0.2710937327,0.5355707694,0.1294224084,0.6511149146,1.6155,0.3941288163
0.100,0.534,0.2716169925,0.5365789952,0.1296616759,0.6509789803,1.6147,0.3875169962
0.100,0.535,0.272140337,0.5375872374,0.1299009294,0.6508425538,1.6139,0.3807164349
0.100,0.536,0.2726637665,0.5385954959,0.1301401691,0.6507056577,1.6131,0.3737165020
0.100,0.537,0.2731872811,0.5396037708,0.130379395,0.6505682915,1.6123,0.3665054307
0.100,0.538,0.273710881,0.5406120621,0.130618607,0.6504304353,1.6115,0.3590700695
0.100,0.539,0.2742345663,0.5416203697,0.1308578054,0.6502920923,1.6107,0.3513958393
0.100,0.540,0.2747583374,0.5426286937,0.1310969899,0.6501532668,1.6099,0.3434663389
0.100,0.541,0.2752821943,0.543637034,0.1313361608,0.6500139693,1.6091,0.3352630904
0.100,0.542,0.2758061372,0.5446453907,0.131575318,0.6498741775,1.6083,0.3267650473
0.100,0.543,0.2763301663,0.5456537638,0.1318144617,0.6497338959,1.6075,0.3179481564
0.100,0.544,0.2768542818,0.5466621533,0.1320535917,0.6495931374,1.6067,0.3087846983
0.100,0.545,0.2773784839,0.5476705592,0.1322927082,0.6494518872,1.6059,0.2992423747
0.100,0.546,0.2779027728,0.5486789814,0.1325318111,0.6493101352,1.6051,0.2892832033
0.100,0.547,0.2784271487,0.54968742,0.1327709006,0.6491679042,1.6043,0.2788620925
0.100,0.548,0.2789516116,0.5506958751,0.1330099767,0.6490251869,1.6035,0.2679247022
0.100,0.549,0.2794761619,0.5517043465,0.1332490394,0.6488819649,1.6026,0.2564043521
0.100,0.550,0.2800007997,0.5527128343,0.1334880887,0.6487382527,1.6018,0.2442180567
0.100,0.551,0.2805255252,0.5537213385,0.1337271247,0.6485940424,1.6010,0.2312599770
0.100,0.552,0.2810503386,0.5547298591,0.1339661475,0.6484493395,1.6002,0.2173915626
0.100,0.553,0.28157524,0.5557383962,0.134205157,0.6483041333,1.5993,0.2024250903
0.100,0.554,0.2821002297,0.5567469496,0.1344441533,0.6481584383,1.5985,0.1860951639
0.100,0.555,0.2826253079,0.5577555194,0.1346831364,0.6480122365,1.5977,0.1680038233
0.100,0.556,0.2831504746,0.5587641057,0.1349221065,0.6478655392,1.5968,0.1475035296
0.100,0.557,0.2836757302,0.5597727083,0.1351610635,0.6477183411,1.5960,0.1233983527
0.100,0.558,0.2842010747,0.5607813274,0.1354000074,0.6475706159,1.5952,0.0929223726
0.100,0.559,0.2847265084,0.5617899628,0.1356389384,0.6474224140,1.5943,0.0444897288
0.100,0.560,0.2852520315,0.5627986147,0.1358778564,0.7197634448,2.1079,0.0000000000
0.100,0.561,0.2857776442,0.563807283,0.1361167615,0.7632977522,2.5662,0.0000000000
0.100,0.562,0.2863033466,0.5648159677,0.1363556538,0.7965336095,3.0470,0.0000000000
0.100,0.563,0.2868291389,0.5658246689,0.1365945333,0.8250523007,3.6044,0.0000000000
0.100,0.564,0.2873550213,0.5668333864,0.1368333999,0.8507164468,4.2873,0.0000000000
0.100,0.565,0.2878809941,0.5678421204,0.1370722539,0.8744214468,5.1653,0.0000000000
0.100,0.566,0.2884070573,0.5688508707,0.1373110952,0.8966793180,6.3558,0.0000000000
0.100,0.567,0.2889332112,0.5698596375,0.1375499239,0.9178149018,8.0824,0.0000000000
0.100,0.568,0.289459456,0.5708684207,0.13778874,0.9380497021,10.8385,0.0000000000
0.100,0.569,0.2899857918,0.5718772203,0.1380275435,0.9575425663,15.9766,0.0000000000
0.100,0.570,0.2905122189,0.5728860363,0.1382663346,0.9764119294,29.0375,0.0000000000
0.100,0.571,0.2910387374,0.5738948688,0.1385051132,0.9947489239,131.6541,0.0000000000
0.100,0.572,0.2915653475,0.5749037176,0.1387438794,1.0126252676,nan,0.0000000000
0.100,0.573,0.2920920494,0.5759125829,0.1389826333,1.0300988086,nan,0.0000000000
0.100,0.574,0.2926188434,0.5769214646,0.1392213749,1.0472167911,nan,0.0000000000
0.100,0.575,0.2931457295,0.5779303626,0.1394601042,1.0640184781,nan,0.0000000000
0.100,0.576,0.293672708,0.5789392771,0.1396988214,1.0805368348,nan,0.0000000000
0.100,0.577,0.2941997791,0.579948208,0.1399375264,1.0968000387,nan,0.0000000000
0.100,0.578,0.2947269429,0.5809571553,0.1401762193,1.1128321543,nan,0.0000000000
0.100,0.579,0.2952541996,0.581966119,0.1404149001,1.1286539137,nan,0.0000000000
0.100,0.580,0.2957815495,0.5829750991,0.140653569,1.1442837370,nan,0.0000000000
0.100,0.581,0.2963089928,0.5839840955,0.1408922259,1.1597375148,nan,0.0000000000
0.100,0.582,0.2968365295,0.5849931084,0.1411308709,1.1750293226,nan,0.0000000000
0.100,0.583,0.29736416,0.5860021377,0.1413695041,1.1901718082,nan,0.0000000000
0.100,0.584,0.2978918843,0.5870111833,0.1416081254,1.2051761768,nan,0.0000000000
0.100,0.585,0.2984197028,0.5880202454,0.1418467351,1.2200524475,nan,0.0000000000
0.100,0.586,0.2989476155,0.5890293238,0.1420853331,1.2348097103,nan,0.0000000000
0.100,0.587,0.2994756227,0.5900384186,0.1423239194,1.2494562219,nan,0.0000000000
0.100,0.588,0.3000037246,0.5910475297,0.1425624942,1.2639994383,nan,0.0000000000
0.100,0.589,0.3005319213,0.5920566573,0.1428010575,1.2784461209,nan,0.0000000000
0.100,0.590,0.301060213,0.5930658012,0.1430396093,1.2928024914,nan,0.0000000000
0.100,0.591,0.3015886,0.5940749614,0.1432781497,1.3070742398,nan,0.0000000000
0.100,0.592,0.3021170825,0.595084138,0.1435166788,1.3212666193,nan,0.0000000000
0.100,0.593,0.3026456605,0.596093331,0.1437551965,1.3353844635,nan,0.0000000000
0.100,0.594,0.3031743344,0.5971025404,0.1439937031,1.3494322055,nan,0.0000000000
0.100,0.595,0.3037031043,0.598111766,0.1442321984,1.3634139875,nan,0.0000000000
0.100,0.596,0.3042319704,0.599121008,0.1444706827,1.3773336540,nan,0.0000000000
0.100,0.597,0.3047609329,0.6001302664,0.1447091559,1.3911947681,nan,0.0000000000
0.100,0.598,0.305289992,0.6011395411,0.1449476181,1.4050005864,nan,0.0000000000
0.100,0.599,0.3058191478,0.6021488321,0.1451860693,1.4187542512,nan,0.0000000000
0.100,0.600,0.3063484007,0.6031581394,0.1454245097,1.4324586962,nan,0.0000000000
0.100,0.601,0.3068777507,0.604167463,0.1456629392,1.4461165757,nan,0.0000000000
0.100,0.602,0.3074071981,0.605176803,0.145901358,1.4597304529,nan,0.0000000000
0.100,0.603,0.307936743,0.6061861592,0.1461397661,1.4733026782,nan,0.0000000000
0.100,0.604,0.3084663857,0.6071955317,0.1463781636,1.4868355473,nan,0.0000000000
0.100,0.605,0.3089961263,0.6082049206,0.1466165505,1.5003311180,nan,0.0000000000
0.100,0.606,0.3095259651,0.6092143257,0.1468549269,1.5137914797,nan,0.0000000000
0.100,0.607,0.3100559022,0.6102237471,0.1470932928,1.5272183666,nan,0.0000000000
0.100,0.608,0.3105859379,0.6112331847,0.1473316483,1.5406136489,nan,0.0000000000
0.100,0.609,0.3111160723,0.6122426386,0.1475699936,1.5539790242,nan,0.0000000000
0.100,0.610,0.3116463056,0.6132521088,0.1478083285,1.5673160238,nan,0.0000000000
0.100,0.611,0.312176638,0.6142615952,0.1480466533,1.5806261943,nan,0.0000000000
0.100,0.612,0.3127070698,0.6152710979,0.148284968,1.5939109346,nan,0.0000000000
0.100,0.613,0.313237601,0.6162806168,0.1485232726,1.6071716304,nan,0.0000000000
0.100,0.614,0.313768232,0.6172901519,0.1487615672,1.6204095741,nan,0.0000000000
0.100,0.615,0.3142989629,0.6182997032,0.1489998519,1.6336259630,nan,0.0000000000
0.100,0.616,0.3148297939,0.6193092708,0.1492381267,1.6468219916,nan,0.0000000000
0.100,0.617,0.3153607252,0.6203188545,0.1494763917,1.6599987848,nan,0.0000000000
0.100,0.618,0.315891757,0.6213284545,0.1497146471,1.6731573824,nan,0.0000000000
0.100,0.619,0.3164228895,0.6223380706,0.1499528927,1.6862987677,nan,0.0000000000
0.100,0.620,0.3169541228,0.6233477029,0.1501911288,1.6994240231,nan,0.0000000000
0.100,0.621,0.3174854573,0.6243573513,0.1504293554,1.7125339250,nan,0.0000000000
0.100,0.622,0.3180168931,0.6253670159,0.1506675725,1.7256294628,nan,0.0000000000
0.100,0.623,0.3185484303,0.6263766967,0.1509057802,1.7387114244,nan,0.0000000000
0.100,0.624,0.3190800693,0.6273863936,0.1511439787,1.7517806422,nan,0.0000000000
0.100,0.625,0.3196118101,0.6283961066,0.1513821679,1.7648378899,nan,0.0000000000
0.100,0.626,0.320143653,0.6294058358,0.1516203479,1.7778839195,nan,0.0000000000
0.100,0.627,0.3206755982,0.630415581,0.1518585189,1.7909194233,nan,0.0000000000
0.100,0.628,0.3212076459,0.6314253424,0.1520966809,1.8039451157,nan,0.0000000000
0.100,0.629,0.3217397962,0.6324351198,0.1523348339,1.8169616089,nan,0.0000000000
0.100,0.630,0.3222720495,0.6334449133,0.152572978,1.8299695236,nan,0.0000000000
0.100,0.631,0.3228044058,0.6344547229,0.1528111134,1.8429695436,nan,0.0000000000
0.100,0.632,0.3233368654,0.6354645485,0.15304924,1.8559621576,nan,0.0000000000
0.100,0.633,0.3238694285,0.6364743902,0.153287358,1.8689479647,nan,0.0000000000
0.100,0.634,0.3244020953,0.6374842479,0.1535254675,1.8819275585,nan,0.0000000000
0.100,0.635,0.3249348659,0.6384941217,0.1537635684,1.8949013294,nan,0.0000000000
0.100,0.636,0.3254677407,0.6395040114,0.1540016609,1.9078698670,nan,0.0000000000
0.100,0.637,0.3260007197,0.6405139171,0.1542397451,1.9208336463,nan,0.0000000000
0.100,0.638,0.3265338032,0.6415238389,0.1544778211,1.9337930631,nan,0.0000000000
0.100,0.639,0.3270669914,0.6425337766,0.1547158889,1.9467486240,nan,0.0000000000
0.100,0.640,0.3276002845,0.6435437302,0.1549539485,1.9597007537,nan,0.0000000000
0.100,0.641,0.3281336827,0.6445536998,0.1551920002,1.9726498379,nan,0.0000000000
0.100,0.642,0.3286671862,0.6455636854,0.1554300439,1.9855962543,nan,0.0000000000
0.100,0.643,0.3292007952,0.6465736868,0.1556680797,1.9985404245,nan,0.0000000000
0.100,0.644,0.3297345099,0.6475837042,0.1559061078,2.0114827362,nan,0.0000000000
0.100,0.645,0.3302683305,0.6485937375,0.1561441282,2.0244234945,nan,0.0000000000
0.100,0.646,0.3308022572,0.6496037867,0.1563821409,2.0373630521,nan,0.0000000000
0.100,0.647,0.3313362902,0.6506138517,0.1566201462,2.0503017752,nan,0.0000000000
0.100,0.648,0.3318704298,0.6516239326,0.1568581439,2.0632399410,nan,0.0000000000
0.100,0.649,0.332404676,0.6526340293,0.1570961344,2.0761779187,nan,0.0000000000
0.100,0.650,0.3329390292,0.6536441419,0.1573341175,2.0891159565,nan,0.0000000000
0.100,0.651,0.3334734895,0.6546542702,0.1575720934,2.1020543505,nan,0.0000000000
0.100,0.652,0.3340080571,0.6556644144,0.1578100622,2.1149933762,nan,0.0000000000
0.100,0.653,0.3345427323,0.6566745743,0.158048024,2.1279333272,nan,0.0000000000
0.100,0.654,0.3350775152,0.6576847501,0.1582859789,2.1408744085,nan,0.0000000000
0.100,0.655,0.335612406,0.6586949415,0.1585239269,2.1538169873,nan,0.0000000000
0.100,0.656,0.3361474051,0.6597051488,0.1587618681,2.1667611786,nan,0.0000000000
0.100,0.657,0.3366825124,0.6607153717,0.1589998027,2.1797072916,nan,0.0000000000
0.100,0.658,0.3372177284,0.6617256104,0.1592377306,2.1926555379,nan,0.0000000000
0.100,0.659,0.3377530531,0.6627358647,0.1594756521,2.2056061174,nan,0.0000000000
0.100,0.660,0.3382884867,0.6637461347,0.1597135671,2.2185592685,nan,0.0000000000
0.100,0.661,0.3388240296,0.6647564204,0.1599514759,2.2315151675,nan,0.0000000000
0.100,0.662,0.3393596818,0.6657667217,0.1601893784,2.2444740674,nan,0.0000000000
0.100,0.663,0.3398954437,0.6667770387,0.1604272747,2.2574361014,nan,0.0000000000
0.100,0.664,0.3404313153,0.6677873713,0.160665165,2.2704014718,nan,0.0000000000
0.100,0.665,0.340967297,0.6687977194,0.1609030493,2.2833703604,nan,0.0000000000
0.100,0.666,0.3415033889,0.6698080832,0.1611409278,2.2963429831,nan,0.0000000000
0.100,0.667,0.3420395912,0.6708184625,0.1613788005,2.3093194199,nan,0.0000000000
0.100,0.668,0.3425759041,0.6718288573,0.1616166675,2.3222999054,nan,0.0000000000
0.100,0.669,0.3431123279,0.6728392677,0.1618545289,2.3352846152,nan,0.0000000000
0.100,0.670,0.3436488627,0.6738496936,0.1620923848,2.3482735946,nan,0.0000000000
0.100,0.671,0.3441855088,0.674860135,0.1623302354,2.3612670878,nan,0.0000000000
0.100,0.672,0.3447222664,0.6758705918,0.1625680806,2.3742652008,nan,0.0000000000
0.100,0.673,0.3452591356,0.6768810641,0.1628059206,2.3872680735,nan,0.0000000000
0.100,0.674,0.3457961167,0.6778915518,0.1630437556,2.4002758362,nan,0.0000000000
0.100,0.675,0.34633321,0.678902055,0.1632815855,2.4132886060,nan,0.0000000000
0.100,0.676,0.3468704155,0.6799125735,0.1635194105,2.4263065044,nan,0.0000000000
0.100,0.677,0.3474077336,0.6809231074,0.1637572306,2.4393297131,nan,0.0000000000
0.100,0.678,0.3479451644,0.6819336567,0.1639950461,2.4523582434,nan,0.0000000000
0.100,0.679,0.3484827081,0.6829442214,0.164232857,2.4653922894,nan,0.0000000000
0.100,0.680,0.349020365,0.6839548013,0.1644706633,2.4784319301,nan,0.0000000000
0.100,0.681,0.3495581352,0.6849653965,0.1647084652,2.4914772366,nan,0.0000000000
0.100,0.682,0.350096019,0.6859760071,0.1649462628,2.5045283902,nan,0.0000000000
0.100,0.683,0.3506340166,0.6869866329,0.1651840562,2.5175854026,nan,0.0000000000
0.100,0.684,0.3511721282,0.6879972739,0.1654218454,2.5306483820,nan,0.0000000000
0.100,0.685,0.3517103541,0.6890079301,0.1656596307,2.5437174580,nan,0.0000000000
0.100,0.686,0.3522486943,0.6900186016,0.1658974121,2.5567926753,nan,0.0000000000
0.100,0.687,0.3527871492,0.6910292882,0.1661351896,2.5698741580,nan,0.0000000000
0.100,0.688,0.3533257189,0.69203999,0.1663729635,2.5829619548,nan,0.0000000000
0.100,0.689,0.3538644037,0.6930507069,0.1666107338,2.5960561267,nan,0.0000000000
0.100,0.690,0.3544032037,0.6940614389,0.1668485006,2.6091567665,nan,0.0000000000
0.100,0.691,0.3549421193,0.695072186,0.167086264,2.6222639671,nan,0.0000000000
0.100,0.692,0.3554811505,0.6960829482,0.1673240241,2.6353777708,nan,0.0000000000
0.100,0.693,0.3560202977,0.6970937254,0.1675617811,2.6484982201,nan,0.0000000000
0.100,0.694,0.356559561,0.6981045177,0.167799535,2.6616254166,nan,0.0000000000
0.100,0.695,0.3570989407,0.699115325,0.1680372859,2.6747593917,nan,0.0000000000
0.100,0.696,0.3576384369,0.7001261472,0.1682750341,2.6879002275,nan,0.0000000000
0.100,0.697,0.3581780499,0.7011369844,0.1685127794,2.7010479635,nan,0.0000000000
0.100,0.698,0.3587177799,0.7021478365,0.1687505222,2.7142026383,nan,0.0000000000
0.100,0.699,0.3592576271,0.7031587036,0.1689882625,2.7273643149,nan,0.0000000000
0.100,0.700,0.3597975917,0.7041695855,0.1692260004,2.7405330426,nan,0.0000000000
0.100,0.701,0.360337674,0.7051804823,0.1694637359,2.7537088677,nan,0.0000000000
0.100,0.702,0.3608778741,0.706191394,0.1697014693,2.7668918055,nan,0.0000000000
0.100,0.703,0.3614181923,0.7072023204,0.1699392007,2.7800819224,nan,0.0000000000
0.100,0.704,0.3619586288,0.7082132617,0.1701769301,2.7932792488,nan,0.0000000000
0.100,0.705,0.3624991838,0.7092242177,0.1704146577,2.8064838217,nan,0.0000000000
0.100,0.706,0.3630398575,0.7102351884,0.1706523835,2.8196956979,nan,0.0000000000
0.100,0.707,0.3635806501,0.7112461739,0.1708901078,2.8329148504,nan,0.0000000000
0.100,0.708,0.364121562,0.7122571741,0.1711278306,2.8461413110,nan,0.0000000000
0.100,0.709,0.3646625932,0.7132681889,0.171365552,2.8593751699,nan,0.0000000000
0.100,0.710,0.365203744,0.7142792184,0.1716032721,2.8726164206,nan,0.0000000000
0.100,0.711,0.3657450146,0.7152902625,0.1718409912,2.8858650930,nan,0.0000000000
0.100,0.712,0.3662864053,0.7163013212,0.1720787092,2.8991211748,nan,0.0000000000
0.100,0.713,0.3668279163,0.7173123944,0.1723164263,2.9123847106,nan,0.0000000000
0.100,0.714,0.3673695477,0.7183234822,0.1725541426,2.9256557132,nan,0.0000000000
0.100,0.715,0.3679112998,0.7193345845,0.1727918583,2.9389342118,nan,0.0000000000
0.100,0.716,0.3684531728,0.7203457013,0.1730295735,2.9522201999,nan,0.0000000000
0.100,0.717,0.368995167,0.7213568325,0.1732672882,2.9655137058,nan,0.0000000000
0.100,0.718,0.3695372825,0.7223679782,0.1735050027,2.9788147230,nan,0.0000000000
0.100,0.719,0.3700795196,0.7233791383,0.173742717,2.9921232773,nan,0.0000000000
0.100,0.720,0.3706218785,0.7243903127,0.1739804312,3.0054393630,nan,0.0000000000
0.100,0.721,0.3711643595,0.7254015015,0.1742181456,3.0187629909,nan,0.0000000000
0.100,0.722,0.3717069626,0.7264127046,0.1744558601,3.0320941673,nan,0.0000000000
0.100,0.723,0.3722496883,0.7274239221,0.174693575,3.0454328719,nan,0.0000000000
0.100,0.724,0.3727925366,0.7284351537,0.1749312903,3.0587791533,nan,0.0000000000
0.100,0.725,0.3733355079,0.7294463997,0.1751690062,3.0721329901,nan,0.0000000000
0.100,0.726,0.3738786023,0.7304576598,0.1754067228,3.0854943427,nan,0.0000000000
0.100,0.727,0.37442182,0.7314689341,0.1756444403,3.0988632472,nan,0.0000000000
0.100,0.728,0.3749651614,0.7324802225,0.1758821587,3.1122397029,nan,0.0000000000
0.100,0.729,0.3755086265,0.7334915251,0.1761198783,3.1256236765,nan,0.0000000000
0.100,0.730,0.3760522157,0.7345028418,0.176357599,3.1390151712,nan,0.0000000000
0.100,0.731,0.3765959292,0.7355141725,0.1765953211,3.1524141714,nan,0.0000000000
0.100,0.732,0.3771397671,0.7365255173,0.1768330447,3.1658207013,nan,0.0000000000
0.100,0.733,0.3776837297,0.737536876,0.17707077,3.1792346905,nan,0.0000000000
0.100,0.734,0.3782278173,0.7385482488,0.1773084969,3.1926561613,nan,0.0000000000
0.100,0.735,0.37877203,0.7395596354,0.1775462258,3.2060850936,nan,0.0000000000
0.100,0.736,0.3793163681,0.740571036,0.1777839567,3.2195214636,nan,0.0000000000
0.100,0.737,0.3798608318,0.7415824505,0.1780216897,3.2329652719,nan,0.0000000000
0.100,0.738,0.3804054214,0.7425938788,0.1782594251,3.2464164906,nan,0.0000000000
0.100,0.739,0.380950137,0.7436053209,0.1784971628,3.2598750708,nan,0.0000000000
0.100,0.740,0.3814949789,0.7446167768,0.1787349031,3.2733410303,nan,0.0000000000
0.100,0.741,0.3820399473,0.7456282465,0.1789726461,3.2868143602,nan,0.0000000000
0.100,0.742,0.3825850425,0.7466397299,0.179210392,3.3002949626,nan,0.0000000000
0.100,0.743,0.3831302646,0.747651227,0.1794481408,3.3137828880,nan,0.0000000000
0.100,0.744,0.383675614,0.7486627377,0.1796858927,3.3272780637,nan,0.0000000000
0.100,0.745,0.3842210908,0.7496742621,0.1799236479,3.3407804653,nan,0.0000000000
0.100,0.746,0.3847666952,0.7506858,0.1801614065,3.3542900981,nan,0.0000000000
0.100,0.747,0.3853124275,0.7516973515,0.1803991686,3.3678069028,nan,0.0000000000
0.100,0.748,0.385858288,0.7527089165,0.1806369343,3.3813308722,nan,0.0000000000
0.100,0.749,0.3864042768,0.7537204951,0.1808747039,3.3948619427,nan,0.0000000000
0.100,0.750,0.3869503942,0.7547320871,0.1811124775,3.4084000996,nan,0.0000000000
0.100,0.751,0.3874966403,0.7557436925,0.1813502551,3.4219453210,nan,0.0000000000
0.100,0.752,0.3880430156,0.7567553113,0.181588037,3.4354975339,nan,0.0000000000
0.100,0.753,0.3885895201,0.7577669434,0.1818258233,3.4490567471,nan,0.0000000000
0.100,0.754,0.3891361541,0.7587785889,0.1820636142,3.4626228998,nan,0.0000000000
0.100,0.755,0.3896829178,0.7597902477,0.1823014097,3.4761958999,nan,0.0000000000
0.100,0.756,0.3902298115,0.7608019197,0.18253921,3.4897758077,nan,0.0000000000
0.100,0.757,0.3907768354,0.7618136049,0.1827770153,3.5033625357,nan,0.0000000000
0.100,0.758,0.3913239898,0.7628253033,0.1830148258,3.5169560249,nan,0.0000000000
0.100,0.759,0.3918712748,0.7638370149,0.1832526415,3.5305562430,nan,0.0000000000
0.100,0.760,0.3924186907,0.7648487396,0.1834904627,3.5441631509,nan,0.0000000000
0.100,0.761,0.3929662377,0.7658604773,0.1837282894,3.5577767001,nan,0.0000000000
0.100,0.762,0.3935139161,0.7668722281,0.1839661218,3.5713968454,nan,0.0000000000
0.100,0.763,0.3940617261,0.7678839919,0.1842039601,3.5850235518,nan,0.0000000000
0.100,0.764,0.3946096679,0.7688957686,0.1844418045,3.5986567529,nan,0.0000000000
0.100,0.765,0.3951577418,0.7699075583,0.184679655,3.6122964040,nan,0.0000000000
0.100,0.766,0.395705948,0.7709193609,0.1849175119,3.6259424596,nan,0.0000000000
0.100,0.767,0.3962542867,0.7719311763,0.1851553753,3.6395948714,nan,0.0000000000
0.100,0.768,0.3968027583,0.7729430046,0.1853932453,3.6532535642,nan,0.0000000000
0.100,0.769,0.3973513628,0.7739548456,0.1856311221,3.6669185046,nan,0.0000000000
0.100,0.770,0.3979001005,0.7749666993,0.1858690059,3.6805896405,nan,0.0000000000
0.100,0.771,0.3984489718,0.7759785658,0.1861068968,3.6942669013,nan,0.0000000000
0.100,0.772,0.3989979768,0.7769904449,0.1863447949,3.7079502505,nan,0.0000000000
0.100,0.773,0.3995471157,0.7780023367,0.1865827005,3.7216396050,nan,0.0000000000
0.100,0.774,0.4000963889,0.779014241,0.1868206137,3.7353349177,nan,0.0000000000
0.100,0.775,0.4006457964,0.7800261579,0.1870585346,3.7490361385,nan,0.0000000000
0.100,0.776,0.4011953387,0.7810380873,0.1872964635,3.7627432098,nan,0.0000000000
0.100,0.777,0.4017450158,0.7820500292,0.1875344004,3.7764560511,nan,0.0000000000
0.100,0.778,0.4022948281,0.7830619835,0.1877723456,3.7901746071,nan,0.0000000000
0.100,0.779,0.4028447758,0.7840739502,0.1880102992,3.8038988122,nan,0.0000000000
0.100,0.780,0.4033948591,0.7850859292,0.1882482613,3.8176286028,nan,0.0000000000
0.100,0.781,0.4039450783,0.7860979206,0.1884862321,3.8313639588,nan,0.0000000000
0.100,0.782,0.4044954336,0.7871099242,0.1887242119,3.8451047403,nan,0.0000000000
0.100,0.783,0.4050459253,0.78812194,0.1889622007,3.8588509190,nan,0.0000000000
0.100,0.784,0.4055965536,0.7891339681,0.1892001987,3.8726024118,nan,0.0000000000
0.100,0.785,0.4061473186,0.7901460082,0.1894382062,3.8863591699,nan,0.0000000000
0.100,0.786,0.4066982208,0.7911580605,0.1896762232,3.9001211091,nan,0.0000000000
0.100,0.787,0.4072492603,0.7921701249,0.1899142499,3.9138881611,nan,0.0000000000
0.100,0.788,0.4078004373,0.7931822012,0.1901522865,3.9276602627,nan,0.0000000000
0.100,0.789,0.4083517521,0.7941942896,0.1903903332,3.9414373237,nan,0.0000000000
0.100,0.790,0.408903205,0.7952063899,0.1906283901,3.9552193030,nan,0.0000000000
0.100,0.791,0.4094547962,0.796218502,0.1908664575,3.9690060839,nan,0.0000000000
0.100,0.792,0.4100065259,0.7972306261,0.1911045354,3.9827976168,nan,0.0000000000
0.100,0.793,0.4105583944,0.7982427619,0.1913426241,3.9965938224,nan,0.0000000000
0.100,0.794,0.4111104019,0.7992549095,0.1915807237,4.0103946074,nan,0.0000000000
0.100,0.795,0.4116625487,0.8002670688,0.1918188345,4.0241999308,nan,0.0000000000
0.100,0.796,0.412214835,0.8012792398,0.1920569565,4.0380096816,nan,0.0000000000
0.100,0.797,0.412767261,0.8022914224,0.1922950899,4.0518237919,nan,0.0000000000
0.100,0.798,0.4133198271,0.8033036167,0.192533235,4.0656421817,nan,0.0000000000
0.100,0.799,0.4138725334,0.8043158224,0.192771392,4.0794647534,nan,0.0000000000
0.100,0.800,0.4144253801,0.8053280397,0.1930095609,4.0932914613,nan,0.0000000000
