q,alpha_p,P,alpha_h,s,v,T,cos2alpha_h,lam_max,recovery_margin,N_half,lam1_re,lam1_im,lam2_re,lam2_im,eig_type,stable
0.010,0.005000020834,2.600043334e-05,0.004940378232,0.00988071627,0.002860190215,3.454566,0.9999511857,0.99917734,0.00082266,842.2246,0.99917734,0.00000000,0.52257225,0.00000000,real,1
0.011,0.00550002773,3.146063446e-05,0.005434421262,0.01086878903,0.003146208569,3.454567,0.9999409347,0.99900441,0.00099559,695.8704,0.99900441,0.00000000,0.52266014,0.00000000,real,1
0.012,0.006000036001,3.744089859e-05,0.005928465896,0.01185686234,0.0034322268,3.454568,0.9999297074,0.99881493,0.00118507,584.5549,0.99881493,0.00000000,0.52275647,0.00000000,real,1
0.013,0.006500045772,4.394123769e-05,0.006422512273,0.01284493624,0.003718244892,3.454570,0.9999175038,0.99860889,0.00139111,497.9242,0.99860889,0.00000000,0.52286127,0.00000000,real,1
0.014,0.007000057168,5.096166476e-05,0.006916560533,0.01383301077,0.004004262832,3.454571,0.9999043239,0.99838627,0.00161373,429.1849,0.99838627,0.00000000,0.52297456,0.00000000,real,1
0.015,0.007500070314,5.850219385e-05,0.007410610817,0.01482108598,0.004290280605,3.454573,0.9998901677,0.99814704,0.00185296,373.7293,0.99814704,0.00000000,0.52309635,0.00000000,real,1
0.016,0.008000085336,6.656284004e-05,0.007904663269,0.0158091619,0.004576298198,3.454574,0.9998750352,0.99789118,0.00210882,328.3426,0.99789118,0.00000000,0.52322668,0.00000000,real,1
0.017,0.008500102357,7.514361945e-05,0.008398718031,0.01679723859,0.004862315599,3.454576,0.9998589264,0.99761866,0.00238134,290.7272,0.99761866,0.00000000,0.52336557,0.00000000,real,1
0.018,0.009000121504,8.424454925e-05,0.008892775246,0.01778531607,0.005148332795,3.454578,0.9998418413,0.99732944,0.00267056,259.2047,0.99732944,0.00000000,0.52351305,0.00000000,real,1
0.019,0.009500142902,9.386564765e-05,0.009386835057,0.01877339441,0.005434349772,3.454580,0.9998237798,0.99702351,0.00297649,232.5273,0.99702351,0.00000000,0.52366915,0.00000000,real,1
0.020,0.01000016667,0.0001040069339,0.009880897607,0.01976147365,0.005720366519,3.454582,0.9998047421,0.99670083,0.00329917,209.7505,0.99670083,0.00000000,0.52383391,0.00000000,real,1
0.021,0.01050019295,0.0001146684283,0.01037496304,0.02074955383,0.006006383023,3.454584,0.999784728,0.99636135,0.00363865,190.1491,0.99636135,0.00000000,0.52400735,0.00000000,real,1
0.022,0.01100022185,0.0001258501521,0.0108690315,0.021737635,0.006292399272,3.454586,0.9997637376,0.99600506,0.00399494,173.1594,0.99600506,0.00000000,0.52418953,0.00000000,real,1
0.023,0.01150025349,0.0001375521277,0.01136310313,0.0227257172,0.006578415253,3.454588,0.9997417709,0.99563190,0.00436810,158.3370,0.99563190,0.00000000,0.52438047,0.00000000,real,1
0.024,0.01200028802,0.0001497743786,0.01185717808,0.02371380048,0.006864430954,3.454591,0.9997188278,0.99524183,0.00475817,145.3285,0.99524183,0.00000000,0.52458022,0.00000000,real,1
0.025,0.01250032554,0.0001625169292,0.01235125515,0.02470188224,0.007150445596,3.454593,0.9996949085,0.99483483,0.00516517,133.8494,0.99483483,0.00000000,0.52478882,0.00000000,real,1
0.026,0.01300036619,0.000175779805,0.01284533717,0.02568996784,0.007436460708,3.454596,0.9996700128,0.99441082,0.00558918,123.6691,0.99441082,0.00000000,0.52500631,0.00000000,real,1
0.027,0.0135004101,0.0001895630325,0.01333942293,0.02667805467,0.007722475502,3.454599,0.9996441407,0.99396978,0.00603022,114.5987,0.99396978,0.00000000,0.52523275,0.00000000,real,1
0.028,0.01400045737,0.0002038666393,0.01383351258,0.02766614275,0.008008489967,3.454602,0.9996172923,0.99351166,0.00648834,106.4826,0.99351166,0.00000000,0.52546817,0.00000000,real,1
0.029,0.01450050815,0.000218690654,0.01432760627,0.02865423215,0.008294504091,3.454605,0.9995894675,0.99303639,0.00696361,99.1914,0.99303639,0.00000000,0.52571264,0.00000000,real,1
0.030,0.01500056256,0.0002340351063,0.01482170413,0.02964232291,0.008580517862,3.454608,0.9995606663,0.99254392,0.00745608,92.6170,0.99254392,0.00000000,0.52596622,0.00000000,real,1
0.031,0.01550062071,0.0002499000269,0.01531580631,0.03063041507,0.008866531267,3.454611,0.9995308888,0.99203421,0.00796579,86.6684,0.99203421,0.00000000,0.52622894,0.00000000,real,1
0.032,0.01600068275,0.0002662854476,0.01580991296,0.03161850869,0.009152544295,3.454614,0.999500135,0.99150719,0.00849281,81.2687,0.99150719,0.00000000,0.52650088,0.00000000,real,1
0.033,0.01650074878,0.0002831914011,0.01630402421,0.0326066038,0.009438556933,3.454617,0.9994684047,0.99096280,0.00903720,76.3522,0.99096280,0.00000000,0.52678210,0.00000000,real,1
0.034,0.01700081894,0.0003006179213,0.01679814022,0.03359470045,0.00972456917,3.454621,0.9994356981,0.99040097,0.00959903,71.8630,0.99040097,0.00000000,0.52707265,0.00000000,real,1
0.035,0.01750089335,0.000318565043,0.01729226113,0.0345827987,0.01001058099,3.454625,0.999402015,0.98982165,0.01017835,67.7530,0.98982165,0.00000000,0.52737261,0.00000000,real,1
0.036,0.01800097214,0.0003370328022,0.01778638708,0.03557089858,0.01029659239,3.454628,0.9993673556,0.98922475,0.01077525,63.9805,0.98922475,0.00000000,0.52768204,0.00000000,real,1
0.037,0.01850105543,0.0003560212359,0.01828051822,0.03655900015,0.01058260335,3.454632,0.9993317198,0.98861022,0.01138978,60.5097,0.98861022,0.00000000,0.52800102,0.00000000,real,1
0.038,0.01900114335,0.000375530382,0.01877465468,0.03754710345,0.01086861386,3.454636,0.9992951075,0.98797798,0.01202202,57.3092,0.98797798,0.00000000,0.52832962,0.00000000,real,1
0.039,0.01950123602,0.0003955602796,0.01926879662,0.03853520853,0.01115462391,3.454640,0.9992575189,0.98732794,0.01267206,54.3515,0.98732794,0.00000000,0.52866792,0.00000000,real,1
0.040,0.02000133357,0.0004161109688,0.01976294417,0.03952331543,0.01144063349,3.454644,0.9992189538,0.98666003,0.01333997,51.6128,0.98666003,0.00000000,0.52901599,0.00000000,real,1
0.041,0.02050143613,0.0004371824908,0.02025709749,0.04051142421,0.01172664258,3.454648,0.9991794123,0.98597418,0.01402582,49.0720,0.98597418,0.00000000,0.52937393,0.00000000,real,1
0.042,0.02100154381,0.0004587748877,0.02075125672,0.0414995349,0.01201265118,3.454652,0.9991388943,0.98527028,0.01472972,46.7103,0.98527028,0.00000000,0.52974181,0.00000000,real,1
0.043,0.02150165674,0.0004808882029,0.02124542199,0.04248764755,0.01229865927,3.454657,0.9990973999,0.98454825,0.01545175,44.5113,0.98454825,0.00000000,0.53011974,0.00000000,real,1
0.044,0.02200177505,0.0005035224804,0.02173959346,0.04347576222,0.01258466684,3.454661,0.999054929,0.98380801,0.01619199,42.4605,0.98380801,0.00000000,0.53050778,0.00000000,real,1
0.045,0.02250189887,0.0005266777657,0.02223377127,0.04446387894,0.01287067387,3.454666,0.9990114817,0.98304944,0.01695056,40.5447,0.98304944,0.00000000,0.53090605,0.00000000,real,1
0.046,0.02300202832,0.0005503541052,0.02272795556,0.04545199777,0.01315668036,3.454671,0.9989670579,0.98227247,0.01772753,38.7524,0.98227247,0.00000000,0.53131466,0.00000000,real,1
0.047,0.02350216352,0.0005745515463,0.02322214648,0.04644011875,0.0134426863,3.454675,0.9989216577,0.98147697,0.01852303,37.0732,0.98147697,0.00000000,0.53173369,0.00000000,real,1
0.048,0.0240023046,0.0005992701374,0.02371634417,0.04742824193,0.01372869167,3.454680,0.9988752809,0.98066285,0.01933715,35.4977,0.98066285,0.00000000,0.53216325,0.00000000,real,1
0.049,0.02450245168,0.0006245099281,0.02421054878,0.04841636735,0.01401469646,3.454685,0.9988279277,0.97983000,0.02017000,34.0175,0.97983000,0.00000000,0.53260346,0.00000000,real,1
0.050,0.0250026049,0.0006502709688,0.02470476044,0.04940449506,0.01430070066,3.454691,0.9987795979,0.97897830,0.02102170,32.6251,0.97897830,0.00000000,0.53305442,0.00000000,real,1
0.051,0.02550276437,0.0006765533113,0.02519897931,0.0503926251,0.01458670426,3.454696,0.9987302917,0.97810764,0.02189236,31.3137,0.97810764,0.00000000,0.53351627,0.00000000,real,1
0.052,0.02600293022,0.0007033570081,0.02569320553,0.05138075753,0.01487270725,3.454701,0.9986800089,0.97721788,0.02278212,30.0771,0.97721788,0.00000000,0.53398911,0.00000000,real,1
0.053,0.02650310258,0.0007306821131,0.02618743924,0.05236889239,0.01515870961,3.454706,0.9986287496,0.97630892,0.02369108,28.9098,0.97630892,0.00000000,0.53447308,0.00000000,real,1
0.054,0.02700328158,0.0007585286808,0.02668168059,0.05335702973,0.01544471133,3.454712,0.9985765137,0.97538060,0.02461940,27.8065,0.97538060,0.00000000,0.53496832,0.00000000,real,1
0.055,0.02750346733,0.0007868967671,0.02717592971,0.05434516958,0.01573071241,3.454718,0.9985233013,0.97443281,0.02556719,26.7627,0.97443281,0.00000000,0.53547494,0.00000000,real,1
0.056,0.02800365996,0.000815786429,0.02767018677,0.05533331201,0.01601671282,3.454723,0.9984691123,0.97346540,0.02653460,25.7743,0.97346540,0.00000000,0.53599310,0.00000000,real,1
0.057,0.0285038596,0.0008451977242,0.02816445189,0.05632145705,0.01630271257,3.454729,0.9984139467,0.97247822,0.02752178,24.8372,0.97247822,0.00000000,0.53652294,0.00000000,real,1
0.058,0.02900406637,0.0008751307117,0.02865872523,0.05730960476,0.01658871163,3.454735,0.9983578046,0.97147112,0.02852888,23.9481,0.97147112,0.00000000,0.53706461,0.00000000,real,1
0.059,0.02950428041,0.0009055854515,0.02915300669,0.05829775471,0.01687470987,3.454741,0.9983006859,0.97044396,0.02955604,23.1037,0.97044396,0.00000000,0.53761827,0.00000000,real,1
0.060,0.03000450182,0.0009365620047,0.02964729689,0.05928590788,0.01716070753,3.454747,0.9982425906,0.96939655,0.03060345,22.3009,0.96939655,0.00000000,0.53818409,0.00000000,real,1
0.061,0.03050473075,0.0009680604333,0.03014159573,0.06027406385,0.01744670448,3.454754,0.9981835186,0.96832875,0.03167125,21.5373,0.96832875,0.00000000,0.53876222,0.00000000,real,1
0.062,0.03100496732,0.001000080801,0.03063590337,0.06126222266,0.0177327007,3.454760,0.99812347,0.96724037,0.03275963,20.8101,0.96724037,0.00000000,0.53935284,0.00000000,real,1
0.063,0.03150521164,0.001032623171,0.03113021994,0.06225038437,0.01801869618,3.454766,0.9980624448,0.96613124,0.03386876,20.1171,0.96613124,0.00000000,0.53995613,0.00000000,real,1
0.064,0.03200546385,0.001065687609,0.03162454559,0.06323854902,0.01830469091,3.454773,0.998000443,0.96500117,0.03499883,19.4562,0.96500117,0.00000000,0.54057230,0.00000000,real,1
0.065,0.03250572408,0.001099274181,0.03211888047,0.06422671665,0.01859068488,3.454779,0.9979374644,0.96384996,0.03615004,18.8255,0.96384996,0.00000000,0.54120151,0.00000000,real,1
0.066,0.03300599244,0.001133382956,0.03261322471,0.06521488732,0.01887667808,3.454786,0.9978735092,0.96267742,0.03732258,18.2230,0.96267742,0.00000000,0.54184397,0.00000000,real,1
0.067,0.03350626906,0.001168014,0.03310757847,0.06620306107,0.01916267049,3.454793,0.9978085774,0.96148333,0.03851667,17.6472,0.96148333,0.00000000,0.54249990,0.00000000,real,1
0.068,0.03400655408,0.001203167384,0.03360194188,0.06719123794,0.01944866211,3.454800,0.9977426688,0.96026750,0.03973250,17.0964,0.96026750,0.00000000,0.54316950,0.00000000,real,1
0.069,0.03450684761,0.001238843178,0.0340963151,0.06817941798,0.01973465293,3.454807,0.9976757835,0.95902968,0.04097032,16.5693,0.95902968,0.00000000,0.54385301,0.00000000,real,1
0.070,0.03500714978,0.001275041454,0.03459069826,0.06916760124,0.02002064293,3.454814,0.9976079215,0.95776965,0.04223035,16.0644,0.95776965,0.00000000,0.54455066,0.00000000,real,1
0.071,0.03550746071,0.001311762284,0.03508509151,0.07015578776,0.02030663209,3.454821,0.9975390827,0.95648716,0.04351284,15.5806,0.95648716,0.00000000,0.54526267,0.00000000,real,1
0.072,0.03600778054,0.001349005742,0.035579495,0.07114397759,0.02059262043,3.454829,0.9974692672,0.95518197,0.04481803,15.1166,0.95518197,0.00000000,0.54598932,0.00000000,real,1
0.073,0.03650810938,0.001386771904,0.03607390887,0.07213217078,0.02087860791,3.454836,0.997398475,0.95385382,0.04614618,14.6714,0.95385382,0.00000000,0.54673086,0.00000000,real,1
0.074,0.03700844737,0.001425060843,0.03656833326,0.07312036737,0.02116459453,3.454844,0.9973267059,0.95250243,0.04749757,14.2439,0.95250243,0.00000000,0.54748755,0.00000000,real,1
0.075,0.03750879463,0.001463872638,0.03706276832,0.0741085674,0.02145058028,3.454851,0.9972539601,0.95112753,0.04887247,13.8333,0.95112753,0.00000000,0.54825969,0.00000000,real,1
0.076,0.03800915128,0.001503207366,0.0375572142,0.07509677094,0.02173656515,3.454859,0.9971802375,0.94972881,0.05027119,13.4386,0.94972881,0.00000000,0.54904757,0.00000000,real,1
0.077,0.03850951745,0.001543065107,0.03805167103,0.07608497801,0.02202254913,3.454867,0.9971055381,0.94830598,0.05169402,13.0590,0.94830598,0.00000000,0.54985150,0.00000000,real,1
0.078,0.03900989327,0.00158344594,0.03854613896,0.07707318866,0.0223085322,3.454875,0.9970298618,0.94685872,0.05314128,12.6938,0.94685872,0.00000000,0.55067177,0.00000000,real,1
0.079,0.03951027886,0.001624349946,0.03904061814,0.07806140295,0.02259451436,3.454883,0.9969532087,0.94538670,0.05461330,12.3421,0.94538670,0.00000000,0.55150874,0.00000000,real,1
0.080,0.04001067435,0.001665777208,0.03953510871,0.07904962092,0.0228804956,3.454891,0.9968755787,0.94388957,0.05611043,12.0034,0.94388957,0.00000000,0.55236274,0.00000000,real,1
0.081,0.04051107987,0.001707727809,0.04002961082,0.08003784261,0.0231664759,3.454899,0.9967969719,0.94236696,0.05763304,11.6769,0.94236696,0.00000000,0.55323416,0.00000000,real,1
0.082,0.04101149553,0.001750201833,0.04052412461,0.08102606807,0.02345245525,3.454908,0.9967173881,0.94081852,0.05918148,11.3621,0.94081852,0.00000000,0.55412334,0.00000000,real,1
0.083,0.04151192147,0.001793199365,0.04101865022,0.08201429735,0.02373843365,3.454916,0.9966368275,0.93924385,0.06075615,11.0585,0.93924385,0.00000000,0.55503068,0.00000000,real,1
0.084,0.04201235781,0.001836720492,0.04151318781,0.08300253049,0.02402441109,3.454925,0.99655529,0.93764253,0.06235747,10.7654,0.93764253,0.00000000,0.55595660,0.00000000,real,1
0.085,0.04251280468,0.001880765301,0.0420077375,0.08399076753,0.02431038754,3.454933,0.9964727755,0.93601414,0.06398586,10.4824,0.93601414,0.00000000,0.55690153,0.00000000,real,1
0.086,0.0430132622,0.001925333881,0.04250229946,0.08497900853,0.02459636301,3.454942,0.9963892841,0.93435823,0.06564177,10.2090,0.93435823,0.00000000,0.55786593,0.00000000,real,1
0.087,0.04351373051,0.001970426321,0.04299687382,0.08596725353,0.02488233749,3.454951,0.9963048157,0.93267433,0.06732567,9.9448,0.93267433,0.00000000,0.55885022,0.00000000,real,1
0.088,0.04401420972,0.002016042711,0.04349146073,0.08695550258,0.02516831095,3.454960,0.9962193703,0.93096195,0.06903805,9.6894,0.93096195,0.00000000,0.55985495,0.00000000,real,1
0.089,0.04451469996,0.002062183145,0.04398606033,0.08794375571,0.0254542834,3.454969,0.9961329479,0.92922057,0.07077943,9.4422,0.92922057,0.00000000,0.56088061,0.00000000,real,1
0.090,0.04501520136,0.002108847714,0.04448067277,0.08893201299,0.02574025482,3.454978,0.9960455485,0.92744967,0.07255033,9.2031,0.92744967,0.00000000,0.56192774,0.00000000,real,1
0.091,0.04551571404,0.002156036512,0.04497529819,0.08992027444,0.0260262252,3.454987,0.9959571721,0.92564865,0.07435135,8.9716,0.92564865,0.00000000,0.56299691,0.00000000,real,1
0.092,0.04601623813,0.002203749634,0.04546993674,0.09090854012,0.02631219453,3.454997,0.9958678187,0.92381694,0.07618306,8.7473,0.92381694,0.00000000,0.56408872,0.00000000,real,1
0.093,0.04651677376,0.002251987176,0.04596458856,0.09189681008,0.02659816281,3.455006,0.9957774881,0.92195389,0.07804611,8.5300,0.92195389,0.00000000,0.56520381,0.00000000,real,1
0.094,0.04701732106,0.002300749236,0.0464592538,0.09288508435,0.02688413002,3.455015,0.9956861806,0.92005885,0.07994115,8.3193,0.92005885,0.00000000,0.56634283,0.00000000,real,1
0.095,0.04751788014,0.00235003591,0.0469539326,0.09387336299,0.02717009615,3.455025,0.9955938959,0.91813114,0.08186886,8.1150,0.91813114,0.00000000,0.56750646,0.00000000,real,1
0.096,0.04801845114,0.002399847299,0.0474486251,0.09486164605,0.02745606119,3.455035,0.9955006341,0.91617000,0.08383000,7.9169,0.91617000,0.00000000,0.56869547,0.00000000,real,1
0.097,0.04851903418,0.002450183503,0.04794333146,0.09584993355,0.02774202513,3.455045,0.9954063951,0.91417467,0.08582533,7.7245,0.91417467,0.00000000,0.56991062,0.00000000,real,1
0.098,0.04901962938,0.002501044622,0.04843805181,0.09683822556,0.02802798797,3.455054,0.995311179,0.91214431,0.08785569,7.5377,0.91214431,0.00000000,0.57115273,0.00000000,real,1
0.099,0.04952023688,0.002552430759,0.04893278631,0.09782652212,0.02831394969,3.455064,0.9952149858,0.91007807,0.08992193,7.3563,0.91007807,0.00000000,0.57242268,0.00000000,real,1
0.100,0.05002085681,0.002604342019,0.04942753509,0.09881482327,0.02859991029,3.455075,0.9951178154,0.90797501,0.09202499,7.1800,0.90797501,0.00000000,0.57372139,0.00000000,real,1
0.101,0.05052148927,0.002656778504,0.0499222983,0.09980312906,0.02888586975,3.455085,0.9950196677,0.90583416,0.09416584,7.0086,0.90583416,0.00000000,0.57504984,0.00000000,real,1
0.102,0.05102213442,0.002709740321,0.05041707609,0.1007914395,0.02917182806,3.455095,0.9949205429,0.90365449,0.09634551,6.8420,0.90365449,0.00000000,0.57640905,0.00000000,real,1
0.103,0.05152279236,0.002763227577,0.0509118686,0.1017797547,0.02945778522,3.455105,0.9948204408,0.90143488,0.09856512,6.6798,0.90143488,0.00000000,0.57780016,0.00000000,real,1
0.104,0.05202346323,0.002817240379,0.05140667597,0.1027680747,0.02974374122,3.455116,0.9947193614,0.89917415,0.10082585,6.5220,0.89917415,0.00000000,0.57922434,0.00000000,real,1
0.105,0.05252414715,0.002871778835,0.05190149835,0.1037563995,0.03002969604,3.455127,0.9946173048,0.89687103,0.10312897,6.3683,0.89687103,0.00000000,0.58068286,0.00000000,real,1
0.106,0.05302484425,0.002926843057,0.05239633589,0.1047447292,0.03031564967,3.455137,0.9945142709,0.89452420,0.10547580,6.2186,0.89452420,0.00000000,0.58217706,0.00000000,real,1
0.107,0.05352555466,0.002982433154,0.05289118873,0.1057330637,0.03060160212,3.455148,0.9944102596,0.89213218,0.10786782,6.0727,0.89213218,0.00000000,0.58370838,0.00000000,real,1
0.108,0.0540262785,0.00303854924,0.05338605702,0.1067214032,0.03088755336,3.455159,0.994305271,0.88969343,0.11030657,5.9305,0.88969343,0.00000000,0.58527840,0.00000000,real,1
0.109,0.0545270159,0.003095191426,0.0538809409,0.1077097478,0.0311735034,3.455170,0.9941993051,0.88720629,0.11279371,5.7918,0.88720629,0.00000000,0.58688876,0.00000000,real,1
0.110,0.05502776698,0.003152359827,0.05437584051,0.1086980973,0.03145945221,3.455181,0.9940923618,0.88466893,0.11533107,5.6564,0.88466893,0.00000000,0.58854130,0.00000000,real,1
0.111,0.05552853188,0.003210054558,0.05487075601,0.109686452,0.0317453998,3.455192,0.9939844411,0.88207943,0.11792057,5.5243,0.88207943,0.00000000,0.59023795,0.00000000,real,1
0.112,0.05602931072,0.003268275736,0.05536568753,0.1106748118,0.03203134615,3.455203,0.993875543,0.87943567,0.12056433,5.3952,0.87943567,0.00000000,0.59198080,0.00000000,real,1
0.113,0.05653010362,0.003327023479,0.05586063522,0.1116631768,0.03231729125,3.455215,0.9937656675,0.87673535,0.12326465,5.2691,0.87673535,0.00000000,0.59377217,0.00000000,real,1
0.114,0.05703091071,0.003386297904,0.05635559923,0.112651547,0.03260323509,3.455226,0.9936548145,0.87397598,0.12602402,5.1458,0.87397598,0.00000000,0.59561457,0.00000000,real,1
0.115,0.05753173213,0.003446099131,0.0568505797,0.1136399225,0.03288917768,3.455238,0.993542984,0.87115481,0.12884519,5.0252,0.87115481,0.00000000,0.59751073,0.00000000,real,1
0.116,0.05803256799,0.00350642728,0.05734557677,0.1146283033,0.03317511899,3.455249,0.993430176,0.86826887,0.13173113,4.9071,0.86826887,0.00000000,0.59946363,0.00000000,real,1
0.117,0.05853341843,0.003567282475,0.0578405906,0.1156166894,0.03346105901,3.455261,0.9933163906,0.86531484,0.13468516,4.7915,0.86531484,0.00000000,0.60147657,0.00000000,real,1
0.118,0.05903428356,0.003628664836,0.05833562133,0.116605081,0.03374699775,3.455273,0.9932016275,0.86228910,0.13771090,4.6782,0.86228910,0.00000000,0.60355320,0.00000000,real,1
0.119,0.05953516353,0.003690574489,0.05883066909,0.117593478,0.03403293519,3.455285,0.993085887,0.85918760,0.14081240,4.5671,0.85918760,0.00000000,0.60569755,0.00000000,real,1
0.120,0.06003605845,0.003753011559,0.05932573405,0.1185818805,0.03431887133,3.455297,0.9929691688,0.85600584,0.14399416,4.4582,0.85600584,0.00000000,0.60791413,0.00000000,real,1
0.121,0.06053696844,0.00381597617,0.05982081634,0.1195702886,0.03460480615,3.455309,0.992851473,0.85273879,0.14726121,4.3512,0.85273879,0.00000000,0.61020797,0.00000000,real,1
0.122,0.06103789365,0.003879468451,0.06031591611,0.1205587022,0.03489073964,3.455321,0.9927327997,0.84938078,0.15061922,4.2460,0.84938078,0.00000000,0.61258474,0.00000000,real,1
0.123,0.0615388342,0.00394348853,0.0608110335,0.1215471215,0.0351766718,3.455333,0.9926131486,0.84592537,0.15407463,4.1425,0.84592537,0.00000000,0.61505090,0.00000000,real,1
0.124,0.0620397902,0.004008036536,0.06130616866,0.1225355464,0.03546260263,3.455346,0.9924925199,0.84236526,0.15763474,4.0407,0.84236526,0.00000000,0.61761372,0.00000000,real,1
0.125,0.0625407618,0.004073112599,0.06180132174,0.1235239771,0.0357485321,3.455358,0.9923709135,0.83869201,0.16130799,3.9403,0.83869201,0.00000000,0.62028167,0.00000000,real,1
0.126,0.06304174911,0.004138716851,0.06229649287,0.1245124135,0.03603446022,3.455371,0.9922483294,0.83489595,0.16510405,3.8413,0.83489595,0.00000000,0.62306439,0.00000000,real,1
0.127,0.06354275227,0.004204849425,0.06279168221,0.1255008558,0.03632038698,3.455383,0.9921247676,0.83096566,0.16903434,3.7434,0.83096566,0.00000000,0.62597330,0.00000000,real,1
0.128,0.06404377139,0.004271510454,0.06328688991,0.1264893039,0.03660631236,3.455396,0.992000228,0.82688770,0.17311230,3.6465,0.82688770,0.00000000,0.62902188,0.00000000,real,1
0.129,0.06454480662,0.004338700073,0.0637821161,0.1274777579,0.03689223636,3.455409,0.9918747106,0.82264603,0.17735397,3.5504,0.82264603,0.00000000,0.63222617,0.00000000,real,1
0.130,0.06504585807,0.004406418418,0.06427736093,0.1284662178,0.03717815898,3.455422,0.9917482154,0.81822119,0.18177881,3.4550,0.81822119,0.00000000,0.63560559,0.00000000,real,1
0.131,0.06554692588,0.004474665626,0.06477262455,0.1294546837,0.0374640802,3.455435,0.9916207424,0.81358919,0.18641081,3.3599,0.81358919,0.00000000,0.63918416,0.00000000,real,1
0.132,0.06604801017,0.004543441834,0.0652679071,0.1304431557,0.03775000002,3.455448,0.9914922916,0.80871998,0.19128002,3.2649,0.80871998,0.00000000,0.64299193,0.00000000,real,1
0.133,0.06654911107,0.004612747183,0.06576320873,0.1314316337,0.03803591843,3.455461,0.9913628628,0.80357485,0.19642515,3.1696,0.80357485,0.00000000,0.64706760,0.00000000,real,1
0.134,0.0670502287,0.004682581812,0.06625852958,0.1324201179,0.03832183542,3.455474,0.9912324562,0.79810259,0.20189741,3.0736,0.79810259,0.00000000,0.65146240,0.00000000,real,1
0.135,0.06755136319,0.004752945863,0.06675386977,0.1334086081,0.03860775096,3.455488,0.9911010716,0.79223303,0.20776697,2.9762,0.79223303,0.00000000,0.65624647,0.00000000,real,1
0.136,0.06805251468,0.004823839477,0.06724922951,0.1343971046,0.03889366509,3.455501,0.9909687091,0.78586528,0.21413472,2.8765,0.78586528,0.00000000,0.66152074,0.00000000,real,1
0.137,0.06855368328,0.0048952628,0.06774460891,0.1353856074,0.03917957779,3.455515,0.9908353687,0.77884478,0.22115522,2.7732,0.77884478,0.00000000,0.66743974,0.00000000,real,1
0.138,0.06905486914,0.004967215974,0.06824000812,0.1363741165,0.03946548903,3.455528,0.9907010502,0.77091173,0.22908827,2.6641,0.77091173,0.00000000,0.67426328,0.00000000,real,1
0.139,0.06955607236,0.005039699147,0.06873542728,0.1373626319,0.03975139882,3.455542,0.9905657537,0.76156089,0.23843911,2.5447,0.76156089,0.00000000,0.68249662,0.00000000,real,1
0.140,0.07005729309,0.005112712465,0.06923086654,0.1383511537,0.04003730715,3.455556,0.9904294791,0.74949213,0.25050787,2.4038,0.74949213,0.00000000,0.69343986,0.00000000,real,1
0.141,0.07055853144,0.005186256075,0.06972632605,0.139339682,0.04032321402,3.455570,0.9902922265,0.72270683,0.27729317,2.1344,0.72270683,0.00000000,0.71909165,0.00000000,real,1
0.142,0.07105978756,0.005260330127,0.07022180594,0.1403282167,0.04060911941,3.455584,0.9901539958,0.72087232,0.27912768,2.1178,0.72032848,0.02799603,0.72032848,-0.02799603,complex,1
0.143,0.07156106156,0.005334934771,0.07071730637,0.1413167579,0.04089502331,3.455598,0.990014787,0.72084748,0.27915252,2.1176,0.71975372,0.03969472,0.71975372,-0.03969472,complex,1
0.144,0.07206235357,0.005410070158,0.07121282749,0.1423053057,0.04118092573,3.455612,0.9898746,0.72082247,0.27917753,2.1174,0.71917497,0.04870720,0.71917497,-0.04870720,complex,1
0.145,0.07256366372,0.005485736441,0.07170836943,0.1432938602,0.04146682665,3.455626,0.9897334348,0.72079727,0.27920273,2.1171,0.71859222,0.05633757,0.71859222,-0.05633757,complex,1
0.146,0.07306499214,0.005561933772,0.07220393234,0.1442824212,0.04175272608,3.455641,0.9895912915,0.72077187,0.27922813,2.1169,0.71800546,0.06308912,0.71800546,-0.06308912,complex,1
0.147,0.07356633896,0.005638662308,0.07269951638,0.145270989,0.04203862399,3.455655,0.9894481699,0.72074630,0.27925370,2.1167,0.71741472,0.06921952,0.71741472,-0.06921952,complex,1
0.148,0.0740677043,0.005715922202,0.07319512168,0.1462595635,0.04232452039,3.455670,0.98930407,0.72072054,0.27927946,2.1165,0.71681999,0.07488129,0.71681999,-0.07488129,complex,1
0.149,0.0745690883,0.005793713613,0.07369074839,0.1472481447,0.04261041527,3.455684,0.9891589919,0.72069460,0.27930540,2.1162,0.71622125,0.08017370,0.71622125,-0.08017370,complex,1
0.150,0.07507049108,0.005872036697,0.07418639666,0.1482367328,0.04289630862,3.455699,0.9890129355,0.72066846,0.27933154,2.1160,0.71561852,0.08516550,0.71561852,-0.08516550,complex,1
0.151,0.07557191276,0.005950891614,0.07468206664,0.1492253278,0.04318220044,3.455714,0.9888659008,0.72064214,0.27935786,2.1158,0.71501179,0.08990675,0.71501179,-0.08990675,complex,1
0.152,0.07607335349,0.006030278525,0.07517775846,0.1502139297,0.04346809072,3.455729,0.9887178877,0.72061563,0.27938437,2.1155,0.71440108,0.09443508,0.71440108,-0.09443508,complex,1
0.153,0.07657481338,0.006110197589,0.07567347228,0.1512025385,0.04375397945,3.455744,0.9885688962,0.72058893,0.27941107,2.1153,0.71378637,0.09877970,0.71378637,-0.09877970,complex,1
0.154,0.07707629256,0.006190648971,0.07616920824,0.1521911544,0.04403986664,3.455759,0.9884189263,0.72056205,0.27943795,2.1150,0.71316767,0.10296379,0.71316767,-0.10296379,complex,1
0.155,0.07757779117,0.006271632832,0.0766649665,0.1531797772,0.04432575226,3.455774,0.9882679779,0.72053499,0.27946501,2.1148,0.71254499,0.10700609,0.71254499,-0.10700609,complex,1
0.156,0.07807930933,0.006353149338,0.07716074718,0.1541684072,0.04461163633,3.455789,0.9881160511,0.72050773,0.27949227,2.1145,0.71191831,0.11092206,0.71191831,-0.11092206,complex,1
0.157,0.07858084716,0.006435198654,0.07765655045,0.1551570443,0.04489751882,3.455804,0.9879631458,0.72048028,0.27951972,2.1143,0.71128765,0.11472453,0.71128765,-0.11472453,complex,1
0.158,0.07908240481,0.006517780947,0.07815237644,0.1561456886,0.04518339974,3.455820,0.987809262,0.72045265,0.27954735,2.1141,0.71065300,0.11842439,0.71065300,-0.11842439,complex,1
0.159,0.07958398239,0.006600896386,0.07864822531,0.1571343401,0.04546927909,3.455835,0.9876543996,0.72042483,0.27957517,2.1138,0.71001437,0.12203089,0.71001437,-0.12203089,complex,1
0.160,0.08008558003,0.006684545138,0.0791440972,0.1581229989,0.04575515685,3.455851,0.9874985586,0.72039682,0.27960318,2.1136,0.70937175,0.12555203,0.70937175,-0.12555203,complex,1
0.161,0.08058719787,0.006768727375,0.07963999225,0.1591116649,0.04604103301,3.455867,0.987341739,0.72036863,0.27963137,2.1133,0.70872514,0.12899472,0.70872514,-0.12899472,complex,1
0.162,0.08108883603,0.006853443267,0.08013591061,0.1601003383,0.04632690759,3.455882,0.9871839408,0.72034024,0.27965976,2.1130,0.70807455,0.13236500,0.70807455,-0.13236500,complex,1
0.163,0.08159049465,0.006938692987,0.08063185244,0.1610890191,0.04661278056,3.455898,0.987025164,0.72031167,0.27968833,2.1128,0.70741998,0.13566822,0.70741998,-0.13566822,complex,1
0.164,0.08209217384,0.007024476709,0.08112781787,0.1620777074,0.04689865193,3.455914,0.9868654084,0.72028290,0.27971710,2.1125,0.70676143,0.13890911,0.70676143,-0.13890911,complex,1
0.165,0.08259387374,0.007110794607,0.08162380705,0.1630664031,0.04718452169,3.455930,0.9867046741,0.72025394,0.27974606,2.1123,0.70609889,0.14209186,0.70609889,-0.14209186,complex,1
0.166,0.08309559448,0.007197646856,0.08211982013,0.1640551063,0.04747038983,3.455946,0.986542961,0.72022480,0.27977520,2.1120,0.70543238,0.14522022,0.70543238,-0.14522022,complex,1
0.167,0.08359733618,0.007285033635,0.08261585725,0.1650438171,0.04775625635,3.455962,0.9863802692,0.72019546,0.27980454,2.1118,0.70476189,0.14829760,0.70476189,-0.14829760,complex,1
0.168,0.08409909898,0.00737295512,0.08311191857,0.1660325355,0.04804212125,3.455978,0.9862165986,0.72016594,0.27983406,2.1115,0.70408743,0.15132706,0.70408743,-0.15132706,complex,1
0.169,0.08460088301,0.007461411492,0.08360800422,0.1670212616,0.04832798452,3.455995,0.9860519491,0.72013623,0.27986377,2.1112,0.70340898,0.15431134,0.70340898,-0.15431134,complex,1
0.170,0.08510268838,0.007550402929,0.08410411436,0.1680099953,0.04861384616,3.456011,0.9858863207,0.72010631,0.27989369,2.1110,0.70272655,0.15725294,0.70272655,-0.15725294,complex,1
0.171,0.08560451524,0.007639929615,0.08460024913,0.1689987368,0.04889970616,3.456028,0.9857197135,0.72007621,0.27992379,2.1107,0.70204016,0.16015419,0.70204016,-0.16015419,complex,1
0.172,0.08610636371,0.007729991731,0.08509640868,0.169987486,0.04918556451,3.456044,0.9855521273,0.72004590,0.27995410,2.1104,0.70134978,0.16301716,0.70134978,-0.16301716,complex,1
0.173,0.08660823393,0.007820589461,0.08559259316,0.1709762431,0.04947142122,3.456061,0.9853835621,0.72001544,0.27998456,2.1101,0.70065544,0.16584383,0.70065544,-0.16584383,complex,1
0.174,0.08711012601,0.00791172299,0.0860888027,0.1719650081,0.04975727628,3.456078,0.985214018,0.71998475,0.28001525,2.1099,0.69995712,0.16863589,0.69995712,-0.16863589,complex,1
0.175,0.08761204009,0.008003392504,0.08658503746,0.1729537809,0.05004312969,3.456094,0.9850434948,0.71995390,0.28004610,2.1096,0.69925485,0.17139508,0.69925485,-0.17139508,complex,1
0.176,0.0881139763,0.008095598189,0.08708129759,0.1739425617,0.05032898143,3.456111,0.9848719926,0.71992284,0.28007716,2.1093,0.69854859,0.17412283,0.69854859,-0.17412283,complex,1
0.177,0.08861593477,0.008188340235,0.08757758323,0.1749313505,0.05061483152,3.456128,0.9846995113,0.71989157,0.28010843,2.1090,0.69783836,0.17682053,0.69783836,-0.17682053,complex,1
0.178,0.08911791562,0.008281618831,0.08807389453,0.1759201473,0.05090067994,3.456145,0.9845260509,0.71986014,0.28013986,2.1088,0.69712418,0.17948956,0.69712418,-0.17948956,complex,1
0.179,0.089619919,0.008375434167,0.08857023164,0.1769089522,0.05118652669,3.456162,0.9843516113,0.71982850,0.28017150,2.1085,0.69640602,0.18213106,0.69640602,-0.18213106,complex,1
0.180,0.09012194501,0.008469786434,0.08906659469,0.1778977652,0.05147237177,3.456180,0.9841761926,0.71979666,0.28020334,2.1082,0.69568389,0.18474618,0.69568389,-0.18474618,complex,1
0.181,0.09062399381,0.008564675826,0.08956298385,0.1788865864,0.05175821517,3.456197,0.9839997946,0.71976463,0.28023537,2.1079,0.69495780,0.18733600,0.69495780,-0.18733600,complex,1
0.182,0.09112606551,0.008660102537,0.09005939926,0.1798754158,0.05204405689,3.456214,0.9838224174,0.71973241,0.28026759,2.1076,0.69422776,0.18990148,0.69422776,-0.18990148,complex,1
0.183,0.09162816025,0.008756066761,0.09055584106,0.1808642534,0.05232989693,3.456232,0.9836440609,0.71969999,0.28030001,2.1073,0.69349374,0.19244353,0.69349374,-0.19244353,complex,1
0.184,0.09213027815,0.008852568695,0.0910523094,0.1818530993,0.05261573528,3.456249,0.9834647251,0.71966738,0.28033262,2.1070,0.69275576,0.19496304,0.69275576,-0.19496304,complex,1
0.185,0.09263241935,0.008949608537,0.09154880442,0.1828419536,0.05290157195,3.456267,0.98328441,0.71963457,0.28036543,2.1068,0.69201382,0.19746084,0.69201382,-0.19746084,complex,1
0.186,0.09313458397,0.009047186484,0.09204532629,0.1838308162,0.05318740692,3.456285,0.9831031155,0.71960157,0.28039843,2.1065,0.69126793,0.19993765,0.69126793,-0.19993765,complex,1
0.187,0.09363677215,0.009145302737,0.09254187513,0.1848196872,0.0534732402,3.456302,0.9829208416,0.71956837,0.28043163,2.1062,0.69051808,0.20239422,0.69051808,-0.20239422,complex,1
0.188,0.09413898401,0.009243957497,0.09303845111,0.1858085667,0.05375907178,3.456320,0.9827375883,0.71953498,0.28046502,2.1059,0.68976427,0.20483124,0.68976427,-0.20483124,complex,1
0.189,0.09464121968,0.009343150965,0.09353505436,0.1867974547,0.05404490166,3.456338,0.9825533555,0.71950139,0.28049861,2.1056,0.68900651,0.20724931,0.68900651,-0.20724931,complex,1
0.190,0.09514347931,0.009442883344,0.09403168504,0.1877863512,0.05433072984,3.456356,0.9823681432,0.71946760,0.28053240,2.1053,0.68824479,0.20964909,0.68824479,-0.20964909,complex,1
0.191,0.095645763,0.009543154839,0.09452834328,0.1887752563,0.05461655631,3.456374,0.9821819513,0.71943362,0.28056638,2.1050,0.68747912,0.21203111,0.68747912,-0.21203111,complex,1
0.192,0.09614807091,0.009643965656,0.09502502925,0.18976417,0.05490238108,3.456392,0.9819947799,0.71939944,0.28060056,2.1047,0.68670949,0.21439595,0.68670949,-0.21439595,complex,1
0.193,0.09665040314,0.009745316,0.09552174309,0.1907530924,0.05518820414,3.456411,0.9818066289,0.71936506,0.28063494,2.1044,0.68593591,0.21674411,0.68593591,-0.21674411,complex,1
0.194,0.09715275985,0.009847206081,0.09601848493,0.1917420235,0.05547402549,3.456429,0.9816174982,0.71933048,0.28066952,2.1041,0.68515839,0.21907606,0.68515839,-0.21907606,complex,1
0.195,0.09765514115,0.009949636106,0.09651525494,0.1927309633,0.05575984512,3.456447,0.9814273879,0.71929571,0.28070429,2.1037,0.68437692,0.22139230,0.68437692,-0.22139230,complex,1
0.196,0.09815754718,0.01005260629,0.09701205326,0.1937199119,0.05604566304,3.456466,0.9812362979,0.71926074,0.28073926,2.1034,0.68359150,0.22369326,0.68359150,-0.22369326,complex,1
0.197,0.09865997806,0.01015611683,0.09750888004,0.1947088694,0.05633147925,3.456484,0.9810442281,0.71922557,0.28077443,2.1031,0.68280213,0.22597935,0.68280213,-0.22597935,complex,1
0.198,0.09916243393,0.01026016796,0.09800573542,0.1956978357,0.05661729373,3.456503,0.9808511785,0.71919020,0.28080980,2.1028,0.68200882,0.22825098,0.68200882,-0.22825098,complex,1
0.199,0.09966491492,0.01036475987,0.09850261955,0.196686811,0.0569031065,3.456521,0.9806571492,0.71915463,0.28084537,2.1025,0.68121156,0.23050853,0.68121156,-0.23050853,complex,1
0.200,0.1001674212,0.0104698928,0.09899953258,0.1976757952,0.05718891754,3.456540,0.98046214,0.71911886,0.28088114,2.1022,0.68041037,0.23275238,0.68041037,-0.23275238,complex,1
0.201,0.1006699528,0.01057556694,0.09949647465,0.1986647884,0.05747472686,3.456559,0.9802661509,0.71908289,0.28091711,2.1019,0.67960523,0.23498285,0.67960523,-0.23498285,complex,1
0.202,0.1011725099,0.01068178253,0.09999344593,0.1996537906,0.05776053446,3.456578,0.9800691819,0.71904672,0.28095328,2.1015,0.67879615,0.23720029,0.67879615,-0.23720029,complex,1
0.203,0.1016750927,0.01078853977,0.1004904465,0.2006428019,0.05804634034,3.456597,0.979871233,0.71901035,0.28098965,2.1012,0.67798313,0.23940502,0.67798313,-0.23940502,complex,1
0.204,0.1021777012,0.0108958389,0.1009874766,0.2016318224,0.05833214448,3.456616,0.9796723041,0.71897379,0.28102621,2.1009,0.67716618,0.24159734,0.67716618,-0.24159734,complex,1
0.205,0.1026803357,0.01100368012,0.1014845364,0.202620852,0.05861794691,3.456635,0.9794723952,0.71893702,0.28106298,2.1006,0.67634529,0.24377754,0.67634529,-0.24377754,complex,1
0.206,0.1031829962,0.01111206366,0.1019816259,0.2036098908,0.0589037476,3.456654,0.9792715062,0.71890004,0.28109996,2.1002,0.67552046,0.24594589,0.67552046,-0.24594589,complex,1
0.207,0.1036856828,0.01122098974,0.1024787454,0.2045989388,0.05918954657,3.456674,0.9790696371,0.71886287,0.28113713,2.0999,0.67469170,0.24810268,0.67469170,-0.24810268,complex,1
0.208,0.1041883957,0.01133045859,0.1029758949,0.2055879961,0.05947534381,3.456693,0.9788667879,0.71882550,0.28117450,2.0996,0.67385901,0.25024813,0.67385901,-0.25024813,complex,1
0.209,0.1046911351,0.01144047044,0.1034730747,0.2065770628,0.05976113932,3.456712,0.9786629586,0.71878792,0.28121208,2.0992,0.67302239,0.25238252,0.67302239,-0.25238252,complex,1
0.210,0.105193901,0.0115510255,0.1039702849,0.2075661388,0.0600469331,3.456732,0.978458149,0.71875014,0.28124986,2.0989,0.67218184,0.25450606,0.67218184,-0.25450606,complex,1
0.211,0.1056966937,0.01166212401,0.1044675256,0.2085552242,0.06033272516,3.456751,0.9782523592,0.71871216,0.28128784,2.0986,0.67133736,0.25661900,0.67133736,-0.25661900,complex,1
0.212,0.1061995131,0.0117737662,0.1049647969,0.2095443191,0.06061851548,3.456771,0.9780455892,0.71867397,0.28132603,2.0982,0.67048896,0.25872155,0.67048896,-0.25872155,complex,1
0.213,0.1067023595,0.01188595229,0.1054620991,0.2105334235,0.06090430408,3.456791,0.9778378388,0.71863558,0.28136442,2.0979,0.66963663,0.26081390,0.66963663,-0.26081390,complex,1
0.214,0.107205233,0.01199868251,0.1059594322,0.2115225373,0.06119009095,3.456810,0.9776291081,0.71859699,0.28140301,2.0976,0.66878037,0.26289627,0.66878037,-0.26289627,complex,1
0.215,0.1077081337,0.01211195711,0.1064567965,0.2125116608,0.06147587609,3.456830,0.977419397,0.71855819,0.28144181,2.0972,0.66792020,0.26496884,0.66792020,-0.26496884,complex,1
0.216,0.1082110617,0.01222577631,0.106954192,0.2135007939,0.0617616595,3.456850,0.9772087055,0.71851919,0.28148081,2.0969,0.66705610,0.26703181,0.66705610,-0.26703181,complex,1
0.217,0.1087140172,0.01234014035,0.107451619,0.2144899366,0.06204744119,3.456870,0.9769970336,0.71847998,0.28152002,2.0965,0.66618808,0.26908535,0.66618808,-0.26908535,complex,1
0.218,0.1092170004,0.01245504946,0.1079490775,0.215479089,0.06233322115,3.456890,0.9767843811,0.71844057,0.28155943,2.0962,0.66531615,0.27112964,0.66531615,-0.27112964,complex,1
0.219,0.1097200112,0.01257050389,0.1084465677,0.2164682511,0.06261899938,3.456910,0.9765707481,0.71840096,0.28159904,2.0958,0.66444030,0.27316484,0.66444030,-0.27316484,complex,1
0.220,0.11022305,0.01268650386,0.1089440898,0.217457423,0.06290477589,3.456930,0.9763561346,0.71836113,0.28163887,2.0955,0.66356053,0.27519111,0.66356053,-0.27519111,complex,1
0.221,0.1107261167,0.01280304962,0.1094416439,0.2184466047,0.06319055068,3.456950,0.9761405404,0.71832111,0.28167889,2.0951,0.66267685,0.27720860,0.66267685,-0.27720860,complex,1
0.222,0.1112292116,0.01292014142,0.1099392302,0.2194357963,0.06347632374,3.456971,0.9759239657,0.71828087,0.28171913,2.0948,0.66178925,0.27921747,0.66178925,-0.27921747,complex,1
0.223,0.1117323348,0.01303777948,0.1104368488,0.2204249977,0.06376209509,3.456991,0.9757064102,0.71824043,0.28175957,2.0944,0.66089775,0.28121784,0.66089775,-0.28121784,complex,1
0.224,0.1122354864,0.01315596406,0.1109344998,0.2214142091,0.06404786471,3.457012,0.975487874,0.71819978,0.28180022,2.0941,0.66000234,0.28320988,0.66000234,-0.28320988,complex,1
0.225,0.1127386665,0.0132746954,0.1114321834,0.2224034304,0.06433363262,3.457032,0.9752683571,0.71815893,0.28184107,2.0937,0.65910302,0.28519372,0.65910302,-0.28519372,complex,1
0.226,0.1132418753,0.01339397374,0.1119298998,0.2233926618,0.06461939881,3.457053,0.9750478593,0.71811786,0.28188214,2.0933,0.65819979,0.28716946,0.65819979,-0.28716946,complex,1
0.227,0.1137451128,0.01351379934,0.1124276491,0.2243819032,0.06490516329,3.457073,0.9748263808,0.71807659,0.28192341,2.0930,0.65729266,0.28913725,0.65729266,-0.28913725,complex,1
0.228,0.1142483793,0.01363417244,0.1129254314,0.2253711547,0.06519092605,3.457094,0.9746039213,0.71803511,0.28196489,2.0926,0.65638162,0.29109721,0.65638162,-0.29109721,complex,1
0.229,0.1147516749,0.01375509328,0.113423247,0.2263604163,0.06547668711,3.457115,0.974380481,0.71799342,0.28200658,2.0922,0.65546669,0.29304944,0.65546669,-0.29304944,complex,1
0.230,0.1152549997,0.01387656213,0.1139210958,0.2273496881,0.06576244645,3.457135,0.9741560597,0.71795152,0.28204848,2.0919,0.65454785,0.29499407,0.65454785,-0.29499407,complex,1
0.231,0.1157583538,0.01399857922,0.1144189782,0.2283389701,0.06604820409,3.457156,0.9739306574,0.71790941,0.28209059,2.0915,0.65362512,0.29693119,0.65362512,-0.29693119,complex,1
0.232,0.1162617373,0.01412114483,0.1149168942,0.2293282623,0.06633396003,3.457177,0.973704274,0.71786710,0.28213290,2.0911,0.65269848,0.29886094,0.65269848,-0.29886094,complex,1
0.233,0.1167651505,0.01424425918,0.1154148441,0.2303175649,0.06661971427,3.457198,0.9734769097,0.71782457,0.28217543,2.0908,0.65176796,0.30078338,0.65176796,-0.30078338,complex,1
0.234,0.1172685934,0.01436792256,0.1159128278,0.2313068777,0.06690546681,3.457219,0.9732485642,0.71778183,0.28221817,2.0904,0.65083354,0.30269863,0.65083354,-0.30269863,complex,1
0.235,0.1177720661,0.0144921352,0.1164108457,0.2322962009,0.06719121766,3.457241,0.9730192375,0.71773888,0.28226112,2.0900,0.64989522,0.30460680,0.64989522,-0.30460680,complex,1
0.236,0.1182755688,0.01461689737,0.1169088978,0.2332855346,0.06747696682,3.457262,0.9727889297,0.71769572,0.28230428,2.0896,0.64895302,0.30650796,0.64895302,-0.30650796,complex,1
0.237,0.1187791017,0.01474220933,0.1174069843,0.2342748786,0.06776271428,3.457283,0.9725576406,0.71765235,0.28234765,2.0892,0.64800693,0.30840220,0.64800693,-0.30840220,complex,1
0.238,0.1192826648,0.01486807134,0.1179051053,0.2352642332,0.06804846006,3.457304,0.9723253703,0.71760877,0.28239123,2.0889,0.64705695,0.31028962,0.64705695,-0.31028962,complex,1
0.239,0.1197862583,0.01499448365,0.118403261,0.2362535982,0.06833420416,3.457326,0.9720921187,0.71756497,0.28243503,2.0885,0.64610308,0.31217030,0.64610308,-0.31217030,complex,1
0.240,0.1202898824,0.01512144653,0.1189014516,0.2372429739,0.06861994659,3.457347,0.9718578857,0.71752096,0.28247904,2.0881,0.64514534,0.31404431,0.64514534,-0.31404431,complex,1
0.241,0.1207935371,0.01524896025,0.1193996772,0.2382323601,0.06890568733,3.457369,0.9716226713,0.71747675,0.28252325,2.0877,0.64418371,0.31591174,0.64418371,-0.31591174,complex,1
0.242,0.1212972226,0.01537702507,0.1198979379,0.239221757,0.06919142641,3.457390,0.9713864755,0.71743231,0.28256769,2.0873,0.64321820,0.31777267,0.64321820,-0.31777267,complex,1
0.243,0.121800939,0.01550564126,0.1203962338,0.2402111645,0.06947716382,3.457412,0.9711492982,0.71738767,0.28261233,2.0869,0.64224881,0.31962717,0.64224881,-0.31962717,complex,1
0.244,0.1223046865,0.01563480908,0.1208945653,0.2412005828,0.06976289957,3.457433,0.9709111394,0.71734280,0.28265720,2.0865,0.64127554,0.32147531,0.64127554,-0.32147531,complex,1
0.245,0.1228084652,0.0157645288,0.1213929323,0.2421900118,0.07004863366,3.457455,0.9706719991,0.71729773,0.28270227,2.0861,0.64029840,0.32331716,0.64029840,-0.32331716,complex,1
0.246,0.1233122752,0.0158948007,0.121891335,0.2431794516,0.0703343661,3.457477,0.9704318772,0.71725244,0.28274756,2.0857,0.63931739,0.32515278,0.63931739,-0.32515278,complex,1
0.247,0.1238161167,0.01602562504,0.1223897736,0.2441689022,0.07062009689,3.457499,0.9701907736,0.71720693,0.28279307,2.0853,0.63833251,0.32698226,0.63833251,-0.32698226,complex,1
0.248,0.1243199897,0.0161570021,0.1228882483,0.2451583637,0.07090582603,3.457521,0.9699486884,0.71716121,0.28283879,2.0849,0.63734375,0.32880563,0.63734375,-0.32880563,complex,1
0.249,0.1248238945,0.01628893214,0.1233867592,0.2461478361,0.07119155353,3.457543,0.9697056214,0.71711528,0.28288472,2.0845,0.63635113,0.33062298,0.63635113,-0.33062298,complex,1
0.250,0.1253278312,0.01642141546,0.1238853064,0.2471373195,0.0714772794,3.457565,0.9694615727,0.71706912,0.28293088,2.0841,0.63535464,0.33243437,0.63535464,-0.33243437,complex,1
0.251,0.1258317998,0.01655445231,0.12438389,0.2481268138,0.07176300364,3.457587,0.9692165421,0.71702275,0.28297725,2.0837,0.63435429,0.33423983,0.63435429,-0.33423983,complex,1
0.252,0.1263358006,0.01668804298,0.1248825104,0.2491163191,0.07204872626,3.457609,0.9689705298,0.71697616,0.28302384,2.0833,0.63335007,0.33603944,0.63335007,-0.33603944,complex,1
0.253,0.1268398337,0.01682218776,0.1253811675,0.2501058356,0.07233444725,3.457631,0.9687235355,0.71692936,0.28307064,2.0829,0.63234200,0.33783325,0.63234200,-0.33783325,complex,1
0.254,0.1273438991,0.0169568869,0.1258798615,0.2510953631,0.07262016664,3.457653,0.9684755593,0.71688234,0.28311766,2.0825,0.63133006,0.33962132,0.63133006,-0.33962132,complex,1
0.255,0.1278479971,0.01709214071,0.1263785926,0.2520849017,0.07290588441,3.457676,0.9682266012,0.71683510,0.28316490,2.0821,0.63031428,0.34140369,0.63031428,-0.34140369,complex,1
0.256,0.1283521277,0.01722794946,0.126877361,0.2530744515,0.07319160059,3.457698,0.967976661,0.71678765,0.28321235,2.0817,0.62929463,0.34318042,0.62929463,-0.34318042,complex,1
0.257,0.1288562912,0.01736431344,0.1273761667,0.2540640126,0.07347731516,3.457720,0.9677257388,0.71673997,0.28326003,2.0813,0.62827113,0.34495154,0.62827113,-0.34495154,complex,1
0.258,0.1293604876,0.01750123293,0.12787501,0.2550535848,0.07376302815,3.457743,0.9674738344,0.71669207,0.28330793,2.0808,0.62724378,0.34671713,0.62724378,-0.34671713,complex,1
0.259,0.129864717,0.01763870821,0.128373891,0.2560431684,0.07404873956,3.457765,0.967220948,0.71664396,0.28335604,2.0804,0.62621258,0.34847721,0.62621258,-0.34847721,complex,1
0.260,0.1303689797,0.01777673958,0.1288728098,0.2570327633,0.07433444939,3.457788,0.9669670793,0.71659562,0.28340438,2.0800,0.62517754,0.35023183,0.62517754,-0.35023183,complex,1
0.261,0.1308732757,0.01791532732,0.1293717666,0.2580223695,0.07462015764,3.457811,0.9667122284,0.71654706,0.28345294,2.0796,0.62413864,0.35198103,0.62413864,-0.35198103,complex,1
0.262,0.1313776052,0.01805447172,0.1298707615,0.2590119872,0.07490586434,3.457833,0.9664563953,0.71649830,0.28350170,2.0792,0.62309591,0.35372488,0.62309591,-0.35372488,complex,1
0.263,0.1318819683,0.01819417308,0.1303697947,0.2600016162,0.07519156948,3.457856,0.9661995798,0.71644929,0.28355071,2.0787,0.62204933,0.35546338,0.62204933,-0.35546338,complex,1
0.264,0.1323863651,0.01833443169,0.1308688664,0.2609912568,0.07547727306,3.457879,0.9659417819,0.71640009,0.28359991,2.0783,0.62099893,0.35719661,0.62099893,-0.35719661,complex,1
0.265,0.1328907959,0.01847524783,0.1313679767,0.2619809088,0.07576297511,3.457902,0.9656830017,0.71635064,0.28364936,2.0779,0.61994467,0.35892457,0.61994467,-0.35892457,complex,1
0.266,0.1333952606,0.01861662182,0.1318671256,0.2629705724,0.07604867562,3.457924,0.965423239,0.71630099,0.28369901,2.0774,0.61888659,0.36064732,0.61888659,-0.36064732,complex,1
0.267,0.1338997595,0.01875855393,0.1323663135,0.2639602476,0.0763343746,3.457947,0.9651624938,0.71625111,0.28374889,2.0770,0.61782468,0.36236490,0.61782468,-0.36236490,complex,1
0.268,0.1344042927,0.01890104448,0.1328655405,0.2649499344,0.07662007207,3.457970,0.9649007661,0.71620100,0.28379900,2.0766,0.61675893,0.36407732,0.61675893,-0.36407732,complex,1
0.269,0.1349088603,0.01904409375,0.1333648066,0.2659396329,0.07690576802,3.457993,0.9646380558,0.71615063,0.28384937,2.0761,0.61568932,0.36578462,0.61568932,-0.36578462,complex,1
0.270,0.1354134625,0.01918770206,0.133864112,0.2669293431,0.07719146246,3.458016,0.9643743629,0.71610010,0.28389990,2.0757,0.61461593,0.36748689,0.61461593,-0.36748689,complex,1
0.271,0.1359180993,0.0193318697,0.134363457,0.2679190649,0.07747715542,3.458040,0.9641096873,0.71604932,0.28395068,2.0753,0.61353870,0.36918409,0.61353870,-0.36918409,complex,1
0.272,0.136422771,0.01947659697,0.1348628416,0.2689087986,0.07776284688,3.458063,0.963844029,0.71599832,0.28400168,2.0748,0.61245765,0.37087629,0.61245765,-0.37087629,complex,1
0.273,0.1369274777,0.01962188418,0.135362266,0.2698985441,0.07804853686,3.458086,0.963577388,0.71594711,0.28405289,2.0744,0.61137278,0.37256352,0.61137278,-0.37256352,complex,1
0.274,0.1374322194,0.01976773163,0.1358617304,0.2708883014,0.07833422538,3.458109,0.9633097641,0.71589567,0.28410433,2.0739,0.61028410,0.37424580,0.61028410,-0.37424580,complex,1
0.275,0.1379369964,0.01991413963,0.1363612348,0.2718780705,0.07861991243,3.458132,0.9630411574,0.71584396,0.28415604,2.0735,0.60919158,0.37592313,0.60919158,-0.37592313,complex,1
0.276,0.1384418088,0.02006110849,0.1368607795,0.2728678516,0.07890559803,3.458156,0.9627715678,0.71579207,0.28420793,2.0730,0.60809526,0.37759561,0.60809526,-0.37759561,complex,1
0.277,0.1389466567,0.02020863852,0.1373603646,0.2738576447,0.07919128218,3.458179,0.9625009952,0.71573993,0.28426007,2.0726,0.60699512,0.37926319,0.60699512,-0.37926319,complex,1
0.278,0.1394515402,0.02035673003,0.1378599902,0.2748474497,0.0794769649,3.458203,0.9622294397,0.71568756,0.28431244,2.0721,0.60589117,0.38092593,0.60589117,-0.38092593,complex,1
0.279,0.1399564595,0.02050538332,0.1383596566,0.2758372667,0.07976264619,3.458226,0.9619569011,0.71563498,0.28436502,2.0717,0.60478343,0.38258389,0.60478343,-0.38258389,complex,1
0.280,0.1404614147,0.02065459872,0.1388593638,0.2768270958,0.08004832607,3.458250,0.9616833795,0.71558218,0.28441782,2.0712,0.60367188,0.38423706,0.60367188,-0.38423706,complex,1
0.281,0.140966406,0.02080437654,0.139359112,0.277816937,0.08033400454,3.458273,0.9614088748,0.71552913,0.28447087,2.0707,0.60255652,0.38588545,0.60255652,-0.38588545,complex,1
0.282,0.1414714335,0.02095471709,0.1398589014,0.2788067903,0.08061968162,3.458297,0.9611333868,0.71547586,0.28452414,2.0703,0.60143736,0.38752911,0.60143736,-0.38752911,complex,1
0.283,0.1419764973,0.0211056207,0.1403587321,0.2797966558,0.08090535731,3.458321,0.9608569157,0.71542236,0.28457764,2.0698,0.60031440,0.38916805,0.60031440,-0.38916805,complex,1
0.284,0.1424815975,0.02125708767,0.1408586042,0.2807865335,0.08119103162,3.458344,0.9605794613,0.71536862,0.28463138,2.0694,0.59918764,0.39080229,0.59918764,-0.39080229,complex,1
0.285,0.1429867344,0.02140911833,0.141358518,0.2817764234,0.08147670457,3.458368,0.9603010236,0.71531468,0.28468532,2.0689,0.59805711,0.39243188,0.59805711,-0.39243188,complex,1
0.286,0.143491908,0.021561713,0.1418584735,0.2827663256,0.08176237616,3.458392,0.9600216025,0.71526050,0.28473950,2.0684,0.59692277,0.39405682,0.59692277,-0.39405682,complex,1
0.287,0.1439971185,0.021714872,0.142358471,0.2837562401,0.08204804641,3.458416,0.9597411981,0.71520607,0.28479393,2.0680,0.59578464,0.39567712,0.59578464,-0.39567712,complex,1
0.288,0.1445023659,0.02186859566,0.1428585105,0.284746167,0.08233371533,3.458439,0.9594598102,0.71515142,0.28484858,2.0675,0.59464273,0.39729281,0.59464273,-0.39729281,complex,1
0.289,0.1450076506,0.0220228843,0.1433585922,0.2857361062,0.08261938292,3.458463,0.9591774388,0.71509654,0.28490346,2.0670,0.59349704,0.39890391,0.59349704,-0.39890391,complex,1
0.290,0.1455129725,0.02217773824,0.1438587163,0.2867260578,0.08290504921,3.458487,0.9588940839,0.71504143,0.28495857,2.0665,0.59234756,0.40051045,0.59234756,-0.40051045,complex,1
0.291,0.1460183319,0.02233315782,0.1443588829,0.2877160219,0.08319071419,3.458511,0.9586097454,0.71498609,0.28501391,2.0661,0.59119430,0.40211242,0.59119430,-0.40211242,complex,1
0.292,0.1465237288,0.02248914337,0.1448590922,0.2887059985,0.08347637788,3.458535,0.9583244232,0.71493051,0.28506949,2.0656,0.59003727,0.40370986,0.59003727,-0.40370986,complex,1
0.293,0.1470291634,0.02264569521,0.1453593444,0.2896959875,0.0837620403,3.458559,0.9580381174,0.71487470,0.28512530,2.0651,0.58887646,0.40530279,0.58887646,-0.40530279,complex,1
0.294,0.1475346358,0.02280281367,0.1458596395,0.2906859892,0.08404770145,3.458583,0.9577508279,0.71481866,0.28518134,2.0646,0.58771188,0.40689121,0.58771188,-0.40689121,complex,1
0.295,0.1480401462,0.02296049909,0.1463599778,0.2916760034,0.08433336135,3.458608,0.9574625545,0.71476238,0.28523762,2.0641,0.58654354,0.40847514,0.58654354,-0.40847514,complex,1
0.296,0.1485456948,0.02311875181,0.1468603593,0.2926660302,0.08461902001,3.458632,0.9571732974,0.71470587,0.28529413,2.0636,0.58537142,0.41005461,0.58537142,-0.41005461,complex,1
0.297,0.1490512816,0.02327757215,0.1473607843,0.2936560697,0.08490467745,3.458656,0.9568830564,0.71464913,0.28535087,2.0632,0.58419554,0.41162962,0.58419554,-0.41162962,complex,1
0.298,0.1495569067,0.02343696046,0.1478612528,0.2946461219,0.08519033367,3.458680,0.9565918314,0.71459214,0.28540786,2.0627,0.58301590,0.41320018,0.58301590,-0.41320018,complex,1
0.299,0.1500625704,0.02359691708,0.1483617651,0.2956361868,0.08547598868,3.458705,0.9562996225,0.71453493,0.28546507,2.0622,0.58183250,0.41476632,0.58183250,-0.41476632,complex,1
0.300,0.1505682728,0.02375744233,0.1488623213,0.2966262645,0.08576164251,3.458729,0.9560064296,0.71447748,0.28552252,2.0617,0.58064535,0.41632805,0.58064535,-0.41632805,complex,1
0.301,0.1510740139,0.02391853658,0.1493629216,0.297616355,0.08604729516,3.458753,0.9557122526,0.71441979,0.28558021,2.0612,0.57945443,0.41788538,0.57945443,-0.41788538,complex,1
0.302,0.151579794,0.02408020015,0.149863566,0.2986064583,0.08633294664,3.458778,0.9554170915,0.71436186,0.28563814,2.0607,0.57825977,0.41943833,0.57825977,-0.41943833,complex,1
0.303,0.1520856132,0.02424243338,0.1503642548,0.2995965744,0.08661859697,3.458802,0.9551209463,0.71430369,0.28569631,2.0602,0.57706136,0.42098689,0.57706136,-0.42098689,complex,1
0.304,0.1525914716,0.02440523664,0.1508649881,0.3005867034,0.08690424618,3.458826,0.9548238169,0.71424530,0.28575470,2.0597,0.57585920,0.42253110,0.57585920,-0.42253110,complex,1
0.305,0.1530973694,0.02456861025,0.1513657661,0.3015768454,0.08718989425,3.458851,0.9545257031,0.71418666,0.28581334,2.0592,0.57465330,0.42407095,0.57465330,-0.42407095,complex,1
0.306,0.1536033066,0.02473255458,0.1518665889,0.3025670004,0.08747554122,3.458875,0.9542266051,0.71412780,0.28587220,2.0587,0.57344367,0.42560647,0.57344367,-0.42560647,complex,1
0.307,0.1541092835,0.02489706997,0.1523674567,0.3035571683,0.0877611871,3.458900,0.9539265228,0.71406870,0.28593130,2.0582,0.57223030,0.42713767,0.57223030,-0.42713767,complex,1
0.308,0.1546153002,0.02506215676,0.1528683695,0.3045473493,0.0880468319,3.458925,0.953625456,0.71400932,0.28599068,2.0577,0.57101318,0.42866451,0.57101318,-0.42866451,complex,1
0.309,0.1551213567,0.02522781531,0.1533693277,0.3055375434,0.08833247563,3.458949,0.9533234048,0.71394972,0.28605028,2.0572,0.56979232,0.43018707,0.56979232,-0.43018707,complex,1
0.310,0.1556274533,0.02539404598,0.1538703312,0.3065277505,0.08861811831,3.458974,0.9530203691,0.71388989,0.28611011,2.0567,0.56856774,0.43170533,0.56856774,-0.43170533,complex,1
0.311,0.1561335902,0.02556084912,0.1543713804,0.3075179708,0.08890375996,3.458998,0.9527163488,0.71382978,0.28617022,2.0561,0.56733942,0.43321927,0.56733942,-0.43321927,complex,1
0.312,0.1566397673,0.02572822509,0.1548724752,0.3085082042,0.08918940059,3.459023,0.952411344,0.71376946,0.28623054,2.0556,0.56610738,0.43472896,0.56610738,-0.43472896,complex,1
0.313,0.1571459849,0.02589617423,0.155373616,0.3094984508,0.08947504021,3.459048,0.9521053545,0.71370891,0.28629109,2.0551,0.56487164,0.43623438,0.56487164,-0.43623438,complex,1
0.314,0.1576522431,0.02606469692,0.1558748028,0.3104887107,0.08976067884,3.459073,0.9517983803,0.71364814,0.28635186,2.0546,0.56363220,0.43773555,0.56363220,-0.43773555,complex,1
0.315,0.1581585421,0.0262337935,0.1563760358,0.3114789839,0.0900463165,3.459097,0.9514904213,0.71358710,0.28641290,2.0541,0.56238902,0.43923244,0.56238902,-0.43923244,complex,1
0.316,0.1586648819,0.02640346435,0.1568773151,0.3124692703,0.09033195321,3.459122,0.9511814776,0.71352580,0.28647420,2.0535,0.56114210,0.44072509,0.56114210,-0.44072509,complex,1
0.317,0.1591712628,0.02657370983,0.157378641,0.3134595701,0.09061758897,3.459147,0.950871549,0.71346427,0.28653573,2.0530,0.55989150,0.44221350,0.55989150,-0.44221350,complex,1
0.318,0.1596776848,0.02674453029,0.1578800134,0.3144498832,0.0909032238,3.459172,0.9505606355,0.71340251,0.28659749,2.0525,0.55863719,0.44369768,0.55863719,-0.44369768,complex,1
0.319,0.1601841482,0.02691592611,0.1583814327,0.3154402097,0.09118885773,3.459197,0.950248737,0.71334048,0.28665952,2.0520,0.55737916,0.44517761,0.55737916,-0.44517761,complex,1
0.320,0.160690653,0.02708789765,0.158882899,0.3164305497,0.09147449076,3.459222,0.9499358536,0.71327821,0.28672179,2.0514,0.55611744,0.44665333,0.55611744,-0.44665333,complex,1
0.321,0.1611971993,0.02726044528,0.1593844123,0.3174209031,0.09176012292,3.459247,0.9496219851,0.71321571,0.28678429,2.0509,0.55485203,0.44812484,0.55485203,-0.44812484,complex,1
0.322,0.1617037874,0.02743356937,0.159885973,0.31841127,0.09204575421,3.459272,0.9493071316,0.71315295,0.28684705,2.0504,0.55358291,0.44959215,0.55358291,-0.44959215,complex,1
0.323,0.1622104174,0.02760727029,0.160387581,0.3194016504,0.09233138467,3.459297,0.9489912929,0.71308995,0.28691005,2.0498,0.55231010,0.45105525,0.55231010,-0.45105525,complex,1
0.324,0.1627170894,0.02778154842,0.1608892367,0.3203920444,0.0926170143,3.459322,0.9486744689,0.71302671,0.28697329,2.0493,0.55103361,0.45251415,0.55103361,-0.45251415,complex,1
0.325,0.1632238035,0.02795640412,0.16139094,0.321382452,0.09290264313,3.459347,0.9483566598,0.71296322,0.28703678,2.0488,0.54975342,0.45396886,0.54975342,-0.45396886,complex,1
0.326,0.1637305599,0.02813183778,0.1618926913,0.3223728732,0.09318827117,3.459372,0.9480378653,0.71289948,0.28710052,2.0482,0.54846956,0.45541938,0.54846956,-0.45541938,complex,1
0.327,0.1642373588,0.02830784976,0.1623944906,0.3233633081,0.09347389844,3.459397,0.9477180855,0.71283549,0.28716451,2.0477,0.54718201,0.45686572,0.54718201,-0.45686572,complex,1
0.328,0.1647442002,0.02848444046,0.162896338,0.3243537566,0.09375952495,3.459422,0.9473973203,0.71277126,0.28722874,2.0471,0.54589079,0.45830788,0.54589079,-0.45830788,complex,1
0.329,0.1652510843,0.02866161024,0.1633982339,0.3253442189,0.09404515073,3.459447,0.9470755696,0.71270677,0.28729323,2.0466,0.54459589,0.45974586,0.54459589,-0.45974586,complex,1
0.330,0.1657580113,0.02883935949,0.1639001782,0.3263346949,0.09433077579,3.459472,0.9467528334,0.71264204,0.28735796,2.0460,0.54329733,0.46117967,0.54329733,-0.46117967,complex,1
0.331,0.1662649813,0.0290176886,0.1644021712,0.3273251847,0.09461640016,3.459497,0.9464291117,0.71257706,0.28742294,2.0455,0.54199509,0.46260932,0.54199509,-0.46260932,complex,1
0.332,0.1667719944,0.02919659793,0.164904213,0.3283156883,0.09490202385,3.459523,0.9461044044,0.71251183,0.28748817,2.0449,0.54068921,0.46403480,0.54068921,-0.46403480,complex,1
0.333,0.1672790508,0.02937608789,0.1654063038,0.3293062058,0.09518764688,3.459548,0.9457787114,0.71244634,0.28755366,2.0444,0.53937963,0.46545612,0.53937963,-0.46545612,complex,1
0.334,0.1677861506,0.02955615886,0.1659084436,0.3302967371,0.09547326927,3.459573,0.9454520327,0.71238060,0.28761940,2.0438,0.53806642,0.46687327,0.53806642,-0.46687327,complex,1
0.335,0.168293294,0.02973681122,0.1664106328,0.3312872824,0.09575889104,3.459598,0.9451243683,0.71231462,0.28768538,2.0433,0.53674955,0.46828628,0.53674955,-0.46828628,complex,1
0.336,0.168800481,0.02991804536,0.1669128714,0.3322778416,0.09604451222,3.459623,0.944795718,0.71224837,0.28775163,2.0427,0.53542902,0.46969513,0.53542902,-0.46969513,complex,1
0.337,0.1693077119,0.03009986169,0.1674151596,0.3332684147,0.09633013281,3.459649,0.9444660819,0.71218189,0.28781811,2.0421,0.53410484,0.47109984,0.53410484,-0.47109984,complex,1
0.338,0.1698149868,0.03028226057,0.1679174975,0.3342590019,0.09661575284,3.459674,0.9441354598,0.71211515,0.28788485,2.0416,0.53277704,0.47250039,0.53277704,-0.47250039,complex,1
0.339,0.1703223058,0.03046524243,0.1684198853,0.3352496031,0.09690137233,3.459699,0.9438038518,0.71204815,0.28795185,2.0410,0.53144557,0.47389679,0.53144557,-0.47389679,complex,1
0.340,0.1708296691,0.03064880764,0.1689223232,0.3362402183,0.0971869913,3.459725,0.9434712578,0.71198091,0.28801909,2.0404,0.53011048,0.47528906,0.53011048,-0.47528906,complex,1
0.341,0.1713370768,0.0308329566,0.1694248112,0.3372308477,0.09747260977,3.459750,0.9431376777,0.71191342,0.28808658,2.0399,0.52877176,0.47667718,0.52877176,-0.47667718,complex,1
0.342,0.1718445291,0.03101768971,0.1699273497,0.3382214911,0.09775822777,3.459775,0.9428031115,0.71184562,0.28815438,2.0393,0.52742937,0.47806114,0.52742937,-0.47806114,complex,1
0.343,0.172352026,0.03120300738,0.1704299386,0.3392121487,0.09804384531,3.459801,0.9424675591,0.71177761,0.28822239,2.0387,0.52608338,0.47944098,0.52608338,-0.47944098,complex,1
0.344,0.1728595678,0.03138891,0.1709325782,0.3402028206,0.09832946242,3.459826,0.9421310204,0.71170936,0.28829064,2.0382,0.52473377,0.48081668,0.52473377,-0.48081668,complex,1
0.345,0.1733671546,0.03157539798,0.1714352687,0.3411935066,0.09861507911,3.459851,0.9417934955,0.71164081,0.28835919,2.0376,0.52338052,0.48218822,0.52338052,-0.48218822,complex,1
0.346,0.1738747865,0.03176247171,0.1719380101,0.3421842068,0.09890069541,3.459877,0.9414549843,0.71157203,0.28842797,2.0370,0.52202367,0.48355563,0.52202367,-0.48355563,complex,1
0.347,0.1743824636,0.03195013161,0.1724408027,0.3431749214,0.09918631134,3.459902,0.9411154867,0.71150299,0.28849701,2.0364,0.52066320,0.48491890,0.52066320,-0.48491890,complex,1
0.348,0.1748901862,0.03213837809,0.1729436466,0.3441656502,0.09947192692,3.459927,0.9407750026,0.71143369,0.28856631,2.0358,0.51929912,0.48627802,0.51929912,-0.48627802,complex,1
0.349,0.1753979543,0.03232721154,0.1734465419,0.3451563934,0.09975754218,3.459953,0.940433532,0.71136413,0.28863587,2.0353,0.51793143,0.48763302,0.51793143,-0.48763302,complex,1
0.350,0.1759057682,0.03251663238,0.1739494888,0.346147151,0.1000431571,3.459978,0.9400910749,0.71129432,0.28870568,2.0347,0.51656014,0.48898388,0.51656014,-0.48898388,complex,1
0.351,0.1764136278,0.03270664103,0.1744524875,0.3471379229,0.1003287718,3.460004,0.9397476312,0.71122424,0.28877576,2.0341,0.51518525,0.49033059,0.51518525,-0.49033059,complex,1
0.352,0.1769215335,0.03289723789,0.1749555381,0.3481287093,0.1006143862,3.460029,0.9394032009,0.71115391,0.28884609,2.0335,0.51380676,0.49167316,0.51380676,-0.49167316,complex,1
0.353,0.1774294852,0.03308842338,0.1754586408,0.3491195101,0.1009000004,3.460055,0.9390577838,0.71108331,0.28891669,2.0329,0.51242468,0.49301159,0.51242468,-0.49301159,complex,1
0.354,0.1779374833,0.03328019791,0.1759617957,0.3501103254,0.1011856144,3.460080,0.93871138,0.71101246,0.28898754,2.0323,0.51103901,0.49434588,0.51103901,-0.49434588,complex,1
0.355,0.1784455277,0.03347256191,0.176465003,0.3511011552,0.1014712282,3.460106,0.9383639894,0.71094135,0.28905865,2.0317,0.50964976,0.49567603,0.50964976,-0.49567603,complex,1
0.356,0.1789536187,0.03366551578,0.1769682629,0.3520919996,0.1017568418,3.460131,0.9380156119,0.71086998,0.28913002,2.0311,0.50825693,0.49700204,0.50825693,-0.49700204,complex,1
0.357,0.1794617565,0.03385905996,0.1774715754,0.3530828585,0.1020424553,3.460156,0.9376662475,0.71079835,0.28920165,2.0305,0.50686052,0.49832390,0.50686052,-0.49832390,complex,1
0.358,0.179969941,0.03405319486,0.1779749408,0.354073732,0.1023280687,3.460182,0.9373158961,0.71072641,0.28927359,2.0299,0.50546050,0.49964158,0.50546050,-0.49964158,complex,1
0.359,0.1804781726,0.0342479209,0.1784783593,0.3550646202,0.102613682,3.460207,0.9369645577,0.71065426,0.28934574,2.0293,0.50405696,0.50095515,0.50405696,-0.50095515,complex,1
0.360,0.1809864512,0.03444323851,0.1789818308,0.356055523,0.1028992952,3.460233,0.9366122323,0.71058183,0.28941817,2.0287,0.50264983,0.50226456,0.50264983,-0.50226456,complex,1
0.361,0.1814947772,0.03463914813,0.1794853558,0.3570464405,0.1031849084,3.460258,0.9362589197,0.71050918,0.28949082,2.0281,0.50123917,0.50356984,0.50123917,-0.50356984,complex,1
0.362,0.1820031506,0.03483565016,0.1799889342,0.3580373727,0.1034705216,3.460284,0.9359046199,0.71043619,0.28956381,2.0275,0.49982490,0.50487093,0.49982490,-0.50487093,complex,1
0.363,0.1825115716,0.03503274505,0.1804925662,0.3590283197,0.1037561348,3.460309,0.9355493328,0.71036299,0.28963701,2.0269,0.49840711,0.50616789,0.49840711,-0.50616789,complex,1
0.364,0.1830200402,0.03523043322,0.180996252,0.3600192814,0.104041748,3.460335,0.9351930585,0.71028947,0.28971053,2.0263,0.49698573,0.50746065,0.49698573,-0.50746065,complex,1
0.365,0.1835285567,0.03542871511,0.1814999918,0.3610102579,0.1043273613,3.460360,0.9348357968,0.71021571,0.28978429,2.0256,0.49556083,0.50874927,0.49556083,-0.50874927,complex,1
0.366,0.1840371213,0.03562759115,0.1820037857,0.3620012493,0.1046129747,3.460386,0.9344775477,0.71014172,0.28985828,2.0250,0.49413239,0.51003376,0.49413239,-0.51003376,complex,1
0.367,0.184545734,0.03582706177,0.1825076339,0.3629922555,0.1048985882,3.460411,0.9341183112,0.71006743,0.28993257,2.0244,0.49270041,0.51131404,0.49270041,-0.51131404,complex,1
0.368,0.1850543949,0.03602712742,0.1830115365,0.3639832766,0.1051842018,3.460437,0.9337580872,0.70999288,0.29000712,2.0238,0.49126490,0.51259017,0.49126490,-0.51259017,complex,1
0.369,0.1855631043,0.03622778852,0.1835154937,0.3649743127,0.1054698157,3.460462,0.9333968756,0.70991806,0.29008194,2.0232,0.48982584,0.51386213,0.48982584,-0.51386213,complex,1
0.370,0.1860718623,0.03642904553,0.1840195056,0.3659653636,0.1057554297,3.460488,0.9330346763,0.70984297,0.29015703,2.0225,0.48838327,0.51512991,0.48838327,-0.51512991,complex,1
0.371,0.1865806691,0.03663089888,0.1845235725,0.3669564295,0.1060410439,3.460513,0.9326714894,0.70976761,0.29023239,2.0219,0.48693717,0.51639351,0.48693717,-0.51639351,complex,1
0.372,0.1870895247,0.03683334901,0.1850276943,0.3679475105,0.1063266584,3.460539,0.9323073148,0.70969199,0.29030801,2.0213,0.48548755,0.51765293,0.48548755,-0.51765293,complex,1
0.373,0.1875984293,0.03703639637,0.1855318714,0.3689386064,0.1066122731,3.460564,0.9319421523,0.70961609,0.29038391,2.0207,0.48403441,0.51890816,0.48403441,-0.51890816,complex,1
0.374,0.1881073831,0.0372400414,0.1860361039,0.3699297174,0.1068978882,3.460590,0.9315760021,0.70953992,0.29046008,2.0200,0.48257777,0.52015920,0.48257777,-0.52015920,complex,1
0.375,0.1886163862,0.03744428456,0.1865403919,0.3709208435,0.1071835036,3.460615,0.9312088639,0.70946349,0.29053651,2.0194,0.48111762,0.52140605,0.48111762,-0.52140605,complex,1
0.376,0.1891254387,0.03764912629,0.1870447356,0.3719119847,0.1074691194,3.460640,0.9308407378,0.70938678,0.29061322,2.0188,0.47965397,0.52264871,0.47965397,-0.52264871,complex,1
0.377,0.1896345409,0.03785456704,0.1875491351,0.372903141,0.1077547355,3.460666,0.9304716237,0.70930980,0.29069020,2.0181,0.47818681,0.52388716,0.47818681,-0.52388716,complex,1
0.378,0.1901436928,0.03806060727,0.1880535907,0.3738943125,0.1080403521,3.460691,0.9301015216,0.70923255,0.29076745,2.0175,0.47671617,0.52512142,0.47671617,-0.52512142,complex,1
0.379,0.1906528947,0.03826724742,0.1885581024,0.3748854991,0.1083259692,3.460717,0.9297304313,0.70915500,0.29084500,2.0168,0.47524202,0.52635144,0.47524202,-0.52635144,complex,1
0.380,0.1911621465,0.03847448795,0.1890626704,0.375876701,0.1086115867,3.460742,0.9293583528,0.70907722,0.29092278,2.0162,0.47376441,0.52757728,0.47376441,-0.52757728,complex,1
0.381,0.1916714486,0.03868232933,0.1895672949,0.3768679181,0.1088972047,3.460768,0.9289852862,0.70899915,0.29100085,2.0155,0.47228331,0.52879889,0.47228331,-0.52879889,complex,1
0.382,0.192180801,0.038890772,0.190071976,0.3778591505,0.1091828233,3.460793,0.9286112312,0.70892080,0.29107920,2.0149,0.47079873,0.53001628,0.47079873,-0.53001628,complex,1
0.383,0.1926902039,0.03909981643,0.1905767139,0.3788503981,0.1094684424,3.460818,0.9282361879,0.70884219,0.29115781,2.0142,0.46931068,0.53122945,0.46931068,-0.53122945,complex,1
0.384,0.1931996574,0.03930946308,0.1910815088,0.3798416611,0.1097540621,3.460844,0.9278601562,0.70876327,0.29123673,2.0136,0.46781915,0.53243836,0.46781915,-0.53243836,complex,1
0.385,0.1937091617,0.03951971241,0.1915863608,0.3808329395,0.1100396825,3.460869,0.9274831361,0.70868410,0.29131590,2.0129,0.46632417,0.53364306,0.46632417,-0.53364306,complex,1
0.386,0.194218717,0.03973056489,0.1920912701,0.3818242332,0.1103253035,3.460894,0.9271051275,0.70860464,0.29139536,2.0123,0.46482572,0.53484351,0.46482572,-0.53484351,complex,1
0.387,0.1947283233,0.03994202098,0.1925962368,0.3828155423,0.1106109252,3.460920,0.9267261303,0.70852494,0.29147506,2.0116,0.46332384,0.53603974,0.46332384,-0.53603974,complex,1
0.388,0.1952379808,0.04015408115,0.1931012611,0.3838068668,0.1108965477,3.460945,0.9263461445,0.70844493,0.29155507,2.0110,0.46181850,0.53723170,0.46181850,-0.53723170,complex,1
0.389,0.1957476897,0.04036674588,0.1936063431,0.3847982068,0.1111821708,3.460970,0.92596517,0.70836465,0.29163535,2.0103,0.46030970,0.53841940,0.46030970,-0.53841940,complex,1
0.390,0.1962574502,0.04058001562,0.1941114831,0.3857895622,0.1114677948,3.460996,0.9255832068,0.70828410,0.29171590,2.0096,0.45879747,0.53960285,0.45879747,-0.53960285,complex,1
0.391,0.1967672623,0.04079389086,0.1946166811,0.3867809332,0.1117534196,3.461021,0.9252002549,0.70820325,0.29179675,2.0090,0.45728180,0.54078203,0.45728180,-0.54078203,complex,1
0.392,0.1972771262,0.04100837207,0.1951219373,0.3877723197,0.1120390453,3.461046,0.9248163141,0.70812214,0.29187786,2.0083,0.45576270,0.54195693,0.45576270,-0.54195693,complex,1
0.393,0.1977870421,0.04122345972,0.1956272519,0.3887637217,0.1123246718,3.461072,0.9244313844,0.70804074,0.29195926,2.0076,0.45424017,0.54312757,0.45424017,-0.54312757,complex,1
0.394,0.1982970101,0.04143915429,0.1961326251,0.3897551393,0.1126102993,3.461097,0.9240454657,0.70795906,0.29204094,2.0070,0.45271423,0.54429391,0.45271423,-0.54429391,complex,1
0.395,0.1988070303,0.04165545626,0.196638057,0.3907465725,0.1128959276,3.461122,0.923658558,0.70787710,0.29212290,2.0063,0.45118486,0.54545597,0.45118486,-0.54545597,complex,1
0.396,0.199317103,0.04187236612,0.1971435477,0.3917380213,0.113181557,3.461147,0.9232706613,0.70779486,0.29220514,2.0056,0.44965208,0.54661373,0.44965208,-0.54661373,complex,1
0.397,0.1998272282,0.04208988433,0.1976490974,0.3927294858,0.1134671874,3.461172,0.9228817755,0.70771234,0.29228766,2.0050,0.44811589,0.54776720,0.44811589,-0.54776720,complex,1
0.398,0.2003374062,0.0423080114,0.1981547064,0.393720966,0.1137528189,3.461197,0.9224919005,0.70762954,0.29237046,2.0043,0.44657630,0.54891636,0.44657630,-0.54891636,complex,1
0.399,0.200847637,0.04252674779,0.1986603747,0.3947124618,0.1140384514,3.461223,0.9221010362,0.70754644,0.29245356,2.0036,0.44503331,0.55006120,0.44503331,-0.55006120,complex,1
0.400,0.2013579208,0.04274609401,0.1991661025,0.3957039734,0.114324085,3.461248,0.9217091827,0.70746305,0.29253695,2.0029,0.44348692,0.55120171,0.44348692,-0.55120171,complex,1
0.401,0.2018682578,0.04296605053,0.1996718899,0.3966955007,0.1146097198,3.461273,0.9213163399,0.70737946,0.29262054,2.0022,0.44193719,0.55233796,0.44193719,-0.55233796,complex,1
0.402,0.202378648,0.04318661785,0.2001777372,0.3976870438,0.1148953558,3.461298,0.9209225076,0.70729550,0.29270450,2.0015,0.44038402,0.55346982,0.44038402,-0.55346982,complex,1
0.403,0.2028890918,0.04340779646,0.2006836444,0.3986786027,0.115180993,3.461323,0.9205276859,0.70721123,0.29278877,2.0009,0.43882745,0.55459733,0.43882745,-0.55459733,complex,1
0.404,0.2033995891,0.04362958685,0.2011896118,0.3996701775,0.1154666315,3.461348,0.9201318746,0.70712674,0.29287326,2.0002,0.43726756,0.55572053,0.43726756,-0.55572053,complex,1
0.405,0.2039101402,0.04385198952,0.2016956395,0.4006617681,0.1157522713,3.461373,0.9197350738,0.70704198,0.29295802,1.9995,0.43570432,0.55683940,0.43570432,-0.55683940,complex,1
0.406,0.2044207452,0.04407500497,0.2022017277,0.4016533745,0.1160379123,3.461398,0.9193372834,0.70695684,0.29304316,1.9988,0.43413763,0.55795385,0.43413763,-0.55795385,complex,1
0.407,0.2049314042,0.04429863369,0.2027078765,0.4026449968,0.1163235548,3.461423,0.9189385033,0.70687144,0.29312856,1.9981,0.43256761,0.55906395,0.43256761,-0.55906395,complex,1
0.408,0.2054421175,0.04452287619,0.2032140861,0.4036366351,0.1166091986,3.461448,0.9185387334,0.70678583,0.29321417,1.9974,0.43099429,0.56016974,0.43099429,-0.56016974,complex,1
0.409,0.2059528851,0.04474773296,0.2037203566,0.4046282893,0.1168948439,3.461473,0.9181379737,0.70669988,0.29330012,1.9967,0.42941759,0.56127111,0.42941759,-0.56127111,complex,1
0.410,0.2064637073,0.04497320452,0.2042266882,0.4056199595,0.1171804907,3.461497,0.9177362242,0.70661365,0.29338635,1.9960,0.42783755,0.56236810,0.42783755,-0.56236810,complex,1
0.411,0.206974584,0.04519929135,0.2047330811,0.4066116456,0.117466139,3.461522,0.9173334848,0.70652712,0.29347288,1.9953,0.42625416,0.56346071,0.42625416,-0.56346071,complex,1
0.412,0.2074855156,0.04542599398,0.2052395355,0.4076033478,0.1177517888,3.461547,0.9169297554,0.70644031,0.29355969,1.9946,0.42466744,0.56454891,0.42466744,-0.56454891,complex,1
0.413,0.2079965022,0.04565331291,0.2057460514,0.408595066,0.1180374402,3.461572,0.916525036,0.70635320,0.29364680,1.9939,0.42307740,0.56563271,0.42307740,-0.56563271,complex,1
0.414,0.2085075439,0.04588124864,0.2062526291,0.4095868002,0.1183230932,3.461596,0.9161193265,0.70626580,0.29373420,1.9932,0.42148403,0.56671209,0.42148403,-0.56671209,complex,1
0.415,0.2090186408,0.0461098017,0.2067592687,0.4105785506,0.1186087479,3.461621,0.9157126269,0.70617812,0.29382188,1.9924,0.41988735,0.56778706,0.41988735,-0.56778706,complex,1
0.416,0.2095297932,0.0463389726,0.2072659703,0.411570317,0.1188944043,3.461646,0.9153049371,0.70609014,0.29390986,1.9917,0.41828735,0.56885760,0.41828735,-0.56885760,complex,1
0.417,0.2100410011,0.04656876184,0.2077727342,0.4125620996,0.1191800625,3.461670,0.914896257,0.70600187,0.29399813,1.9910,0.41668405,0.56992371,0.41668405,-0.56992371,complex,1
0.418,0.2105522647,0.04679916995,0.2082795605,0.4135538983,0.1194657224,3.461695,0.9144865866,0.70591330,0.29408670,1.9903,0.41507745,0.57098537,0.41507745,-0.57098537,complex,1
0.419,0.2110635842,0.04703019745,0.2087864494,0.4145457132,0.1197513841,3.461720,0.9140759258,0.70582444,0.29417556,1.9896,0.41346755,0.57204259,0.41346755,-0.57204259,complex,1
0.420,0.2115749598,0.04726184485,0.2092934009,0.4155375443,0.1200370477,3.461744,0.9136642746,0.70573529,0.29426471,1.9889,0.41185436,0.57309535,0.41185436,-0.57309535,complex,1
0.421,0.2120863915,0.04749411268,0.2098004154,0.4165293916,0.1203227132,3.461769,0.913251633,0.70564580,0.29435420,1.9881,0.41023786,0.57414362,0.41023786,-0.57414362,complex,1
0.422,0.2125978795,0.04772700146,0.2103074929,0.4175212551,0.1206083806,3.461793,0.9128380008,0.70555610,0.29444390,1.9874,0.40861814,0.57518747,0.40861814,-0.57518747,complex,1
0.423,0.213109424,0.04796051172,0.2108146336,0.4185131349,0.12089405,3.461817,0.912423378,0.70546602,0.29453398,1.9867,0.40699509,0.57622679,0.40699509,-0.57622679,complex,1
0.424,0.2136210251,0.04819464398,0.2113218377,0.419505031,0.1211797214,3.461842,0.9120077645,0.70537570,0.29462430,1.9860,0.40536881,0.57726165,0.40536881,-0.57726165,complex,1
0.425,0.2141326831,0.04842939877,0.2118291053,0.4204969433,0.1214653949,3.461866,0.9115911603,0.70528509,0.29471491,1.9852,0.40373926,0.57829202,0.40373926,-0.57829202,complex,1
0.426,0.2146443979,0.04866477663,0.2123364366,0.421488872,0.1217510704,3.461890,0.9111735654,0.70519416,0.29480584,1.9845,0.40210645,0.57931788,0.40210645,-0.57931788,complex,1
0.427,0.2151561699,0.04890077808,0.2128438318,0.4224808171,0.1220367481,3.461915,0.9107549796,0.70510293,0.29489707,1.9838,0.40047039,0.58033922,0.40047039,-0.58033922,complex,1
0.428,0.2156679991,0.04913740366,0.213351291,0.4234727785,0.122322428,3.461939,0.9103354029,0.70501140,0.29498860,1.9830,0.39883108,0.58135604,0.39883108,-0.58135604,complex,1
0.429,0.2161798857,0.04937465391,0.2138588143,0.4244647563,0.1226081101,3.461963,0.9099148353,0.70491958,0.29508042,1.9823,0.39718854,0.58236834,0.39718854,-0.58236834,complex,1
0.430,0.2166918298,0.04961252935,0.214366402,0.4254567505,0.1228937945,3.461987,0.9094932767,0.70482746,0.29517254,1.9815,0.39554275,0.58337611,0.39554275,-0.58337611,complex,1
0.431,0.2172038317,0.04985103054,0.2148740542,0.4264487612,0.1231794812,3.462011,0.9090707271,0.70473504,0.29526496,1.9808,0.39389375,0.58437932,0.39389375,-0.58437932,complex,1
0.432,0.2177158914,0.05009015801,0.2153817711,0.4274407883,0.1234651702,3.462035,0.9086471863,0.70464232,0.29535768,1.9801,0.39224152,0.58537799,0.39224152,-0.58537799,complex,1
0.433,0.2182280091,0.0503299123,0.2158895528,0.4284328318,0.1237508617,3.462059,0.9082226543,0.70454929,0.29545071,1.9793,0.39058607,0.58637209,0.39058607,-0.58637209,complex,1
0.434,0.218740185,0.05057029396,0.2163973996,0.4294248919,0.1240365555,3.462083,0.9077971311,0.70445596,0.29554404,1.9786,0.38892741,0.58736162,0.38892741,-0.58736162,complex,1
0.435,0.2192524192,0.05081130353,0.2169053114,0.4304169684,0.1243222519,3.462107,0.9073706166,0.70436233,0.29563767,1.9778,0.38726555,0.58834657,0.38726555,-0.58834657,complex,1
0.436,0.2197647119,0.05105294157,0.2174132886,0.4314090615,0.1246079508,3.462131,0.9069431108,0.70426840,0.29573160,1.9771,0.38560049,0.58932694,0.38560049,-0.58932694,complex,1
0.437,0.2202770632,0.05129520862,0.2179213313,0.4324011712,0.1248936522,3.462155,0.9065146136,0.70417416,0.29582584,1.9763,0.38393225,0.59030270,0.38393225,-0.59030270,complex,1
0.438,0.2207894733,0.05153810523,0.2184294396,0.4333932974,0.1251793563,3.462179,0.9060851249,0.70407962,0.29592038,1.9755,0.38226081,0.59127387,0.38226081,-0.59127387,complex,1
0.439,0.2213019424,0.05178163196,0.2189376138,0.4343854403,0.125465063,3.462202,0.9056546446,0.70398478,0.29601522,1.9748,0.38058619,0.59224043,0.38058619,-0.59224043,complex,1
0.440,0.2218144705,0.05202578936,0.2194458539,0.4353775997,0.1257507724,3.462226,0.9052231728,0.70388963,0.29611037,1.9740,0.37890840,0.59320236,0.37890840,-0.59320236,complex,1
0.441,0.2223270579,0.05227057798,0.2199541602,0.4363697758,0.1260364845,3.462250,0.9047907094,0.70379416,0.29620584,1.9733,0.37722743,0.59415964,0.37722743,-0.59415964,complex,1
0.442,0.2228397047,0.05251599839,0.2204625327,0.4373619685,0.1263221995,3.462273,0.9043572543,0.70369840,0.29630160,1.9725,0.37554331,0.59511230,0.37554331,-0.59511230,complex,1
0.443,0.223352411,0.05276205115,0.2209709718,0.4383541779,0.1266079173,3.462297,0.9039228074,0.70360232,0.29639768,1.9717,0.37385603,0.59606031,0.37385603,-0.59606031,complex,1
0.444,0.2238651771,0.05300873682,0.2214794774,0.439346404,0.126893638,3.462320,0.9034873687,0.70350596,0.29649404,1.9710,0.37216562,0.59700368,0.37216562,-0.59700368,complex,1
0.445,0.224378003,0.05325605596,0.2219880499,0.4403386468,0.1271793616,3.462344,0.9030509381,0.70340931,0.29659069,1.9702,0.37047208,0.59794239,0.37047208,-0.59794239,complex,1
0.446,0.224890889,0.05350400913,0.2224966893,0.4413309063,0.1274650882,3.462367,0.9026135156,0.70331228,0.29668772,1.9694,0.36877535,0.59887637,0.36877535,-0.59887637,complex,1
0.447,0.2254038351,0.05375259692,0.2230053959,0.4423231826,0.1277508178,3.462390,0.9021751011,0.70321502,0.29678498,1.9687,0.36707555,0.59980572,0.36707555,-0.59980572,complex,1
0.448,0.2259168416,0.05400181987,0.2235141697,0.4433154756,0.1280365505,3.462413,0.9017356945,0.70311742,0.29688258,1.9679,0.36537260,0.60073036,0.36537260,-0.60073036,complex,1
0.449,0.2264299086,0.05425167857,0.224023011,0.4443077855,0.1283222863,3.462437,0.9012952959,0.70301948,0.29698052,1.9671,0.36366651,0.60165028,0.36366651,-0.60165028,complex,1
0.450,0.2269430362,0.05450217359,0.22453192,0.4453001121,0.1286080253,3.462460,0.9008539051,0.70292125,0.29707875,1.9663,0.36195733,0.60256550,0.36195733,-0.60256550,complex,1
0.451,0.2274562246,0.0547533055,0.2250408967,0.4462924556,0.1288937675,3.462483,0.9004115221,0.70282272,0.29717728,1.9655,0.36024504,0.60347600,0.36024504,-0.60347600,complex,1
0.452,0.227969474,0.05500507488,0.2255499413,0.4472848159,0.1291795129,3.462506,0.8999681467,0.70272386,0.29727614,1.9648,0.35852966,0.60438175,0.35852966,-0.60438175,complex,1
0.453,0.2284827845,0.0552574823,0.2260590541,0.448277193,0.1294652617,3.462529,0.8995237791,0.70262470,0.29737530,1.9640,0.35681119,0.60528277,0.35681119,-0.60528277,complex,1
0.454,0.2289961563,0.05551052836,0.2265682351,0.4492695871,0.1297510138,3.462552,0.8990784191,0.70252522,0.29747478,1.9632,0.35508964,0.60617904,0.35508964,-0.60617904,complex,1
0.455,0.2295095896,0.05576421362,0.2270774846,0.450261998,0.1300367694,3.462574,0.8986320666,0.70242543,0.29757457,1.9624,0.35336500,0.60707056,0.35336500,-0.60707056,complex,1
0.456,0.2300230844,0.05601853867,0.2275868028,0.4512544259,0.1303225284,3.462597,0.8981847216,0.70232533,0.29767467,1.9616,0.35163731,0.60795729,0.35163731,-0.60795729,complex,1
0.457,0.230536641,0.05627350411,0.2280961896,0.4522468707,0.1306082909,3.462620,0.897736384,0.70222491,0.29777509,1.9608,0.34990654,0.60883926,0.34990654,-0.60883926,complex,1
0.458,0.2310502595,0.0565291105,0.2286056455,0.4532393324,0.130894057,3.462643,0.8972870538,0.70212418,0.29787582,1.9600,0.34817272,0.60971642,0.34817272,-0.60971642,complex,1
0.459,0.2315639401,0.05678535846,0.2291151704,0.4542318111,0.1311798266,3.462665,0.8968367309,0.70202313,0.29797687,1.9592,0.34643584,0.61058880,0.34643584,-0.61058880,complex,1
0.460,0.2320776829,0.05704224856,0.2296247646,0.4552243068,0.1314656,3.462688,0.8963854153,0.70192177,0.29807823,1.9584,0.34469592,0.61145637,0.34469592,-0.61145637,complex,1
0.461,0.232591488,0.05729978139,0.2301344282,0.4562168195,0.1317513771,3.462710,0.8959331068,0.70182009,0.29817991,1.9576,0.34295297,0.61231911,0.34295297,-0.61231911,complex,1
0.462,0.2331053558,0.05755795757,0.2306441615,0.4572093492,0.1320371579,3.462732,0.8954798055,0.70171809,0.29828191,1.9568,0.34120699,0.61317703,0.34120699,-0.61317703,complex,1
0.463,0.2336192862,0.05781677767,0.2311539645,0.4582018959,0.1323229425,3.462755,0.8950255113,0.70161575,0.29838425,1.9560,0.33945797,0.61403009,0.33945797,-0.61403009,complex,1
0.464,0.2341332795,0.0580762423,0.2316638375,0.4591944597,0.1326087311,3.462777,0.8945702241,0.70151313,0.29848687,1.9552,0.33770596,0.61487833,0.33770596,-0.61487833,complex,1
0.465,0.2346473358,0.05833635206,0.2321737806,0.4601870406,0.1328945235,3.462799,0.8941139438,0.70141017,0.29858983,1.9544,0.33595093,0.61572169,0.33595093,-0.61572169,complex,1
0.466,0.2351614552,0.05859710755,0.2326837939,0.4611796386,0.1331803199,3.462821,0.8936566705,0.70130694,0.29869306,1.9536,0.33419293,0.61656022,0.33419293,-0.61656022,complex,1
0.467,0.235675638,0.05885850938,0.2331938777,0.4621722536,0.1334661204,3.462843,0.893198404,0.70120333,0.29879667,1.9528,0.33243189,0.61739383,0.33243189,-0.61739383,complex,1
0.468,0.2361898843,0.05912055815,0.233704032,0.4631648858,0.1337519249,3.462865,0.8927391443,0.70109946,0.29890054,1.9519,0.33066791,0.61822260,0.33066791,-0.61822260,complex,1
0.469,0.2367041943,0.05938325447,0.2342142572,0.4641575351,0.1340377335,3.462887,0.8922788913,0.70099519,0.29900481,1.9511,0.32890090,0.61904640,0.32890090,-0.61904640,complex,1
0.470,0.2372185681,0.05964659896,0.2347245533,0.4651502016,0.1343235464,3.462909,0.891817645,0.70089063,0.29910937,1.9503,0.32713094,0.61986532,0.32713094,-0.61986532,complex,1
0.471,0.2377330059,0.05991059221,0.2352349205,0.4661428852,0.1346093635,3.462931,0.8913554053,0.70078575,0.29921425,1.9495,0.32535801,0.62067933,0.32535801,-0.62067933,complex,1
0.472,0.2382475077,0.06017523485,0.2357453589,0.467135586,0.1348951849,3.462952,0.8908921721,0.70068055,0.29931945,1.9487,0.32358213,0.62148840,0.32358213,-0.62148840,complex,1
0.473,0.2387620739,0.06044052749,0.2362558688,0.4681283041,0.1351810106,3.462974,0.8904279455,0.70057502,0.29942498,1.9478,0.32180331,0.62229253,0.32180331,-0.62229253,complex,1
0.474,0.2392767046,0.06070647074,0.2367664503,0.4691210393,0.1354668407,3.462995,0.8899627253,0.70046918,0.29953082,1.9470,0.32002153,0.62309172,0.32002153,-0.62309172,complex,1
0.475,0.2397913998,0.06097306524,0.2372771036,0.4701137917,0.1357526754,3.463017,0.8894965114,0.70036301,0.29963699,1.9462,0.31823682,0.62388594,0.31823682,-0.62388594,complex,1
0.476,0.2403061599,0.0612403116,0.2377878289,0.4711065614,0.1360385145,3.463038,0.8890293039,0.70025651,0.29974349,1.9454,0.31644919,0.62467519,0.31644919,-0.62467519,complex,1
0.477,0.2408209849,0.06150821044,0.2382986262,0.4720993484,0.1363243582,3.463059,0.8885611026,0.70014969,0.29985031,1.9445,0.31465863,0.62545945,0.31465863,-0.62545945,complex,1
0.478,0.2413358749,0.06177676238,0.2388094958,0.4730921526,0.1366102065,3.463081,0.8880919076,0.70004253,0.29995747,1.9437,0.31286517,0.62623872,0.31286517,-0.62623872,complex,1
0.479,0.2418508303,0.06204596806,0.2393204379,0.4740849742,0.1368960595,3.463102,0.8876217186,0.69993506,0.30006494,1.9429,0.31106880,0.62701300,0.31106880,-0.62701300,complex,1
0.480,0.242365851,0.06231582811,0.2398314525,0.475077813,0.1371819173,3.463123,0.8871505358,0.69982726,0.30017274,1.9420,0.30926953,0.62778225,0.30926953,-0.62778225,complex,1
0.481,0.2428809374,0.06258634315,0.24034254,0.4760706691,0.1374677799,3.463144,0.886678359,0.69971913,0.30028087,1.9412,0.30746737,0.62854648,0.30746737,-0.62854648,complex,1
0.482,0.2433960895,0.06285751382,0.2408537004,0.4770635426,0.1377536473,3.463165,0.8862051882,0.69961067,0.30038933,1.9403,0.30566233,0.62930567,0.30566233,-0.62930567,complex,1
0.483,0.2439113075,0.06312934075,0.2413649339,0.4780564335,0.1380395196,3.463185,0.8857310232,0.69950188,0.30049812,1.9395,0.30385442,0.63005982,0.30385442,-0.63005982,complex,1
0.484,0.2444265915,0.06340182459,0.2418762407,0.4790493416,0.1383253969,3.463206,0.8852558641,0.69939277,0.30060723,1.9386,0.30204364,0.63080891,0.30204364,-0.63080891,complex,1
0.485,0.2449419418,0.06367496596,0.242387621,0.4800422672,0.1386112793,3.463227,0.8847797108,0.69928331,0.30071669,1.9378,0.30023000,0.63155292,0.30023000,-0.63155292,complex,1
0.486,0.2454573585,0.06394876551,0.2428990749,0.4810352102,0.1388971667,3.463247,0.8843025633,0.69917354,0.30082646,1.9369,0.29841352,0.63229187,0.29841352,-0.63229187,complex,1
0.487,0.2459728418,0.06422322389,0.2434106025,0.4820281705,0.1391830594,3.463268,0.8838244214,0.69906344,0.30093656,1.9361,0.29659421,0.63302572,0.29659421,-0.63302572,complex,1
0.488,0.2464883918,0.06449834173,0.2439222042,0.4830211483,0.1394689572,3.463288,0.8833452851,0.69895301,0.30104699,1.9352,0.29477206,0.63375449,0.29477206,-0.63375449,complex,1
0.489,0.2470040086,0.06477411969,0.24443388,0.4840141435,0.1397548603,3.463308,0.8828651544,0.69884224,0.30115776,1.9344,0.29294707,0.63447812,0.29294707,-0.63447812,complex,1
0.490,0.2475196925,0.06505055841,0.24494563,0.4850071562,0.1400407687,3.463328,0.8823840292,0.69873109,0.30126891,1.9335,0.29111924,0.63519660,0.29111924,-0.63519660,complex,1
0.491,0.2480354436,0.06532765855,0.2454574546,0.4860001863,0.1403266825,3.463348,0.8819019095,0.69861969,0.30138031,1.9327,0.28928865,0.63591001,0.28928865,-0.63591001,complex,1
0.492,0.2485512621,0.06560542075,0.2459693537,0.4869932339,0.1406126018,3.463368,0.8814187951,0.69850790,0.30149210,1.9318,0.28745523,0.63661823,0.28745523,-0.63661823,complex,1
0.493,0.2490671482,0.06588384567,0.2464813277,0.4879862989,0.1408985266,3.463388,0.880934686,0.69839578,0.30160422,1.9309,0.28561902,0.63732131,0.28561902,-0.63732131,complex,1
0.494,0.2495831019,0.06616293398,0.2469933767,0.4889793815,0.1411844569,3.463408,0.8804495822,0.69828334,0.30171666,1.9301,0.28378003,0.63801921,0.28378003,-0.63801921,complex,1
0.495,0.2500991235,0.06644268632,0.2475055008,0.4899724816,0.1414703929,3.463428,0.8799634837,0.69817056,0.30182944,1.9292,0.28193827,0.63871194,0.28193827,-0.63871194,complex,1
0.496,0.2506152131,0.06672310336,0.2480177003,0.4909655992,0.1417563346,3.463447,0.8794763902,0.69805745,0.30194255,1.9283,0.28009374,0.63939948,0.28009374,-0.63939948,complex,1
0.497,0.2511313709,0.06700418576,0.2485299752,0.4919587343,0.1420422821,3.463467,0.8789883019,0.69794398,0.30205602,1.9275,0.27824645,0.64008181,0.27824645,-0.64008181,complex,1
0.498,0.2516475971,0.06728593419,0.2490423258,0.492951887,0.1423282354,3.463486,0.8784992186,0.69783020,0.30216980,1.9266,0.27639640,0.64075893,0.27639640,-0.64075893,complex,1
0.499,0.2521638918,0.06756834931,0.2495547522,0.4939450572,0.1426141946,3.463506,0.8780091402,0.69771607,0.30228393,1.9257,0.27454362,0.64143083,0.27454362,-0.64143083,complex,1
0.500,0.2526802551,0.06785143179,0.2500672546,0.494938245,0.1429001598,3.463525,0.8775180668,0.69760159,0.30239841,1.9248,0.27268810,0.64209749,0.27268810,-0.64209749,complex,1
0.501,0.2531966874,0.06813518231,0.2505798332,0.4959314504,0.143186131,3.463544,0.8770259983,0.69748679,0.30251321,1.9240,0.27082987,0.64275890,0.27082987,-0.64275890,complex,1
0.502,0.2537131886,0.06841960153,0.2510924881,0.4969246733,0.1434721082,3.463563,0.8765329345,0.69737164,0.30262836,1.9231,0.26896891,0.64341505,0.26896891,-0.64341505,complex,1
0.503,0.2542297591,0.06870469014,0.2516052195,0.4979179139,0.1437580916,3.463582,0.8760388755,0.69725615,0.30274385,1.9222,0.26710524,0.64406593,0.26710524,-0.64406593,complex,1
0.504,0.2547463988,0.0689904488,0.2521180276,0.4989111721,0.1440440812,3.463601,0.8755438212,0.69714033,0.30285967,1.9213,0.26523888,0.64471154,0.26523888,-0.64471154,complex,1
0.505,0.2552631081,0.0692768782,0.2526309126,0.499904448,0.1443300771,3.463619,0.8750477715,0.69702420,0.30297580,1.9204,0.26336986,0.64535188,0.26336986,-0.64535188,complex,1
0.506,0.2557798871,0.06956397902,0.2531438746,0.5008977414,0.1446160794,3.463638,0.8745507263,0.69690764,0.30309236,1.9195,0.26149809,0.64598685,0.26149809,-0.64598685,complex,1
0.507,0.256296736,0.06985175195,0.2536569138,0.5018910525,0.144902088,3.463656,0.8740526857,0.69679076,0.30320924,1.9186,0.25962367,0.64661651,0.25962367,-0.64661651,complex,1
0.508,0.2568136548,0.07014019766,0.2541700303,0.5028843813,0.1451881032,3.463675,0.8735536495,0.69667358,0.30332642,1.9177,0.25774661,0.64724088,0.25774661,-0.64724088,complex,1
0.509,0.2573306438,0.07042931685,0.2546832244,0.5038777278,0.1454741249,3.463693,0.8730536177,0.69655603,0.30344397,1.9169,0.25586689,0.64785989,0.25586689,-0.64785989,complex,1
0.510,0.2578477032,0.07071911021,0.2551964962,0.5048710919,0.1457601531,3.463711,0.8725525903,0.69643815,0.30356185,1.9160,0.25398452,0.64847356,0.25398452,-0.64847356,complex,1
0.511,0.2583648331,0.07100957842,0.2557098459,0.5058644737,0.1460461881,3.463729,0.8720505671,0.69631992,0.30368008,1.9151,0.25209953,0.64908185,0.25209953,-0.64908185,complex,1
0.512,0.2588820337,0.07130072218,0.2562232736,0.5068578732,0.1463322298,3.463747,0.8715475482,0.69620138,0.30379862,1.9142,0.25021193,0.64968481,0.25021193,-0.64968481,complex,1
0.513,0.2593993051,0.0715925422,0.2567367796,0.5078512905,0.1466182784,3.463765,0.8710435334,0.69608241,0.30391759,1.9133,0.24832165,0.65028231,0.24832165,-0.65028231,complex,1
0.514,0.2599166475,0.07188503915,0.257250364,0.5088447254,0.1469043338,3.463783,0.8705385227,0.69596313,0.30403687,1.9123,0.24642880,0.65087444,0.24642880,-0.65087444,complex,1
0.515,0.2604340611,0.07217821376,0.2577640269,0.5098381781,0.1471903962,3.463801,0.8700325161,0.69584352,0.30415648,1.9114,0.24453335,0.65146116,0.24453335,-0.65146116,complex,1
0.516,0.2609515461,0.07247206671,0.2582777686,0.5108316486,0.1474764656,3.463818,0.8695255134,0.69572355,0.30427645,1.9105,0.24263531,0.65204245,0.24263531,-0.65204245,complex,1
0.517,0.2614691026,0.07276659872,0.2587915892,0.5118251367,0.147762542,3.463835,0.8690175147,0.69560323,0.30439677,1.9096,0.24073469,0.65261832,0.24073469,-0.65261832,complex,1
0.518,0.2619867308,0.07306181048,0.2593054889,0.5128186427,0.1480486257,3.463853,0.8685085199,0.69548257,0.30451743,1.9087,0.23883150,0.65318873,0.23883150,-0.65318873,complex,1
0.519,0.2625044308,0.07335770272,0.2598194678,0.5138121664,0.1483347166,3.463870,0.8679985288,0.69536155,0.30463845,1.9078,0.23692575,0.65375368,0.23692575,-0.65375368,complex,1
0.520,0.2630222029,0.07365427613,0.2603335262,0.5148057079,0.1486208148,3.463887,0.8674875415,0.69524019,0.30475981,1.9069,0.23501744,0.65431317,0.23501744,-0.65431317,complex,1
0.521,0.2635400472,0.07395153144,0.2608476642,0.5157992672,0.1489069203,3.463904,0.866975558,0.69511847,0.30488153,1.9060,0.23310660,0.65486716,0.23310660,-0.65486716,complex,1
0.522,0.2640579638,0.07424946935,0.261361882,0.5167928443,0.1491930333,3.463921,0.866462578,0.69499640,0.30500360,1.9050,0.23119322,0.65541566,0.23119322,-0.65541566,complex,1
0.523,0.264575953,0.07454809059,0.2618761797,0.5177864392,0.1494791538,3.463937,0.8659486017,0.69487398,0.30512602,1.9041,0.22927733,0.65595865,0.22927733,-0.65595865,complex,1
0.524,0.2650940148,0.07484739588,0.2623905575,0.5187800519,0.149765282,3.463954,0.8654336289,0.69475121,0.30524879,1.9032,0.22735891,0.65649613,0.22735891,-0.65649613,complex,1
0.525,0.2656121496,0.07514738593,0.2629050157,0.5197736824,0.1500514177,3.463970,0.8649176595,0.69462808,0.30537192,1.9023,0.22543800,0.65702807,0.22543800,-0.65702807,complex,1
0.526,0.2661303574,0.07544806147,0.2634195543,0.5207673308,0.1503375612,3.463987,0.8644006936,0.69450460,0.30549540,1.9013,0.22351460,0.65755446,0.22351460,-0.65755446,complex,1
0.527,0.2666486383,0.07574942323,0.2639341736,0.521760997,0.1506237126,3.464003,0.863882731,0.69438073,0.30561927,1.9004,0.22158869,0.65807526,0.22158869,-0.65807526,complex,1
0.528,0.2671669927,0.07605147194,0.2644488737,0.522754681,0.1509098718,3.464019,0.8633637717,0.69425657,0.30574343,1.8995,0.21966035,0.65859056,0.21966035,-0.65859056,complex,1
0.529,0.2676854207,0.07635420832,0.2649636548,0.5237483829,0.1511960389,3.464035,0.8628438157,0.69413203,0.30586797,1.8985,0.21772952,0.65910025,0.21772952,-0.65910025,complex,1
0.530,0.2682039223,0.07665763311,0.265478517,0.5247421027,0.1514822141,3.464051,0.8623228628,0.69400710,0.30599290,1.8976,0.21579623,0.65960431,0.21579623,-0.65960431,complex,1
0.531,0.2687224979,0.07696174704,0.2659934607,0.5257358404,0.1517683974,3.464067,0.8618009131,0.69388184,0.30611816,1.8967,0.21386052,0.66010279,0.21386052,-0.66010279,complex,1
0.532,0.2692411475,0.07726655086,0.2665084858,0.5267295959,0.1520545889,3.464082,0.8612779664,0.69375626,0.30624374,1.8957,0.21192239,0.66059568,0.21192239,-0.66059568,complex,1
0.533,0.2697598714,0.07757204529,0.2670235926,0.5277233693,0.1523407886,3.464098,0.8607540228,0.69363029,0.30636971,1.8948,0.20998182,0.66108291,0.20998182,-0.66108291,complex,1
0.534,0.2702786696,0.07787823108,0.2675387813,0.5287171606,0.1526269967,3.464113,0.8602290821,0.69350395,0.30649605,1.8939,0.20803883,0.66156449,0.20803883,-0.66156449,complex,1
0.535,0.2707975425,0.07818510899,0.2680540521,0.5297109698,0.1529132132,3.464128,0.8597031443,0.69337726,0.30662274,1.8929,0.20609345,0.66204042,0.20609345,-0.66204042,complex,1
0.536,0.2713164901,0.07849267974,0.268569405,0.5307047969,0.1531994381,3.464143,0.8591762093,0.69325021,0.30674979,1.8920,0.20414568,0.66251067,0.20414568,-0.66251067,complex,1
0.537,0.2718355126,0.07880094409,0.2690848404,0.5316986419,0.1534856716,3.464158,0.8586482771,0.69312280,0.30687720,1.8910,0.20219553,0.66297525,0.20219553,-0.66297525,complex,1
0.538,0.2723546102,0.0791099028,0.2696003583,0.5326925048,0.1537719138,3.464173,0.8581193477,0.69299502,0.30700498,1.8901,0.20024300,0.66343413,0.20024300,-0.66343413,complex,1
0.539,0.2728737831,0.0794195566,0.270115959,0.5336863857,0.1540581647,3.464188,0.8575894209,0.69286689,0.30713311,1.8891,0.19828812,0.66388730,0.19828812,-0.66388730,complex,1
0.540,0.2733930315,0.07972990627,0.2706316426,0.5346802844,0.1543444244,3.464202,0.8570584967,0.69273840,0.30726160,1.8882,0.19633089,0.66433475,0.19633089,-0.66433475,complex,1
0.541,0.2739123554,0.08004095255,0.2711474093,0.5356742012,0.1546306929,3.464217,0.8565265751,0.69260954,0.30739046,1.8872,0.19437133,0.66477647,0.19437133,-0.66477647,complex,1
0.542,0.2744317552,0.08035269621,0.2716632593,0.5366681358,0.1549169704,3.464231,0.855993656,0.69248032,0.30751968,1.8862,0.19240943,0.66521245,0.19240943,-0.66521245,complex,1
0.543,0.2749512309,0.080665138,0.2721791927,0.5376620884,0.1552032569,3.464245,0.8554597393,0.69235073,0.30764927,1.8853,0.19044522,0.66564266,0.19044522,-0.66564266,complex,1
0.544,0.2754707827,0.0809782787,0.2726952098,0.538656059,0.1554895526,3.464259,0.854924825,0.69222077,0.30777923,1.8843,0.18847871,0.66606710,0.18847871,-0.66606710,complex,1
0.545,0.2759904109,0.08129211907,0.2732113106,0.5396500475,0.1557758574,3.464273,0.8543889131,0.69209046,0.30790954,1.8834,0.18650990,0.66648576,0.18650990,-0.66648576,complex,1
0.546,0.2765101155,0.08160665987,0.2737274955,0.540644054,0.1560621716,3.464286,0.8538520034,0.69195978,0.30804022,1.8824,0.18453880,0.66689862,0.18453880,-0.66689862,complex,1
0.547,0.2770298968,0.08192190188,0.2742437645,0.5416380785,0.156348495,3.464300,0.853314096,0.69182871,0.30817129,1.8814,0.18256543,0.66730565,0.18256543,-0.66730565,complex,1
0.548,0.2775497549,0.08223784588,0.2747601178,0.5426321209,0.1566348279,3.464313,0.8527751907,0.69169734,0.30830266,1.8805,0.18058982,0.66770692,0.18058982,-0.66770692,complex,1
0.549,0.2780696901,0.08255449263,0.2752765556,0.5436261814,0.1569211703,3.464327,0.8522352875,0.69156554,0.30843446,1.8795,0.17861195,0.66810229,0.17861195,-0.66810229,complex,1
0.550,0.2785897024,0.08287184292,0.2757930782,0.5446202598,0.1572075224,3.464340,0.8516943863,0.69143337,0.30856663,1.8785,0.17663181,0.66849181,0.17663181,-0.66849181,complex,1
0.551,0.2791097921,0.08318989752,0.2763096855,0.5456143562,0.1574938841,3.464353,0.8511524872,0.69130093,0.30869907,1.8775,0.17464953,0.66887556,0.17464953,-0.66887556,complex,1
0.552,0.2796299593,0.08350865723,0.276826378,0.5466084705,0.1577802555,3.464365,0.85060959,0.69116800,0.30883200,1.8766,0.17266494,0.66925333,0.17266494,-0.66925333,complex,1
0.553,0.2801502042,0.08382812281,0.2773431556,0.5476026029,0.1580666368,3.464378,0.8500656946,0.69103479,0.30896521,1.8756,0.17067821,0.66962529,0.17067821,-0.66962529,complex,1
0.554,0.280670527,0.08414829507,0.2778600187,0.5485967533,0.1583530281,3.464391,0.8495208011,0.69090110,0.30909890,1.8746,0.16868921,0.66999126,0.16868921,-0.66999126,complex,1
0.555,0.2811909278,0.08446917479,0.2783769673,0.5495909217,0.1586394294,3.464403,0.8489749094,0.69076710,0.30923290,1.8736,0.16669808,0.67035136,0.16669808,-0.67035136,complex,1
0.556,0.2817114069,0.08479076277,0.2788940017,0.5505851081,0.1589258407,3.464415,0.8484280194,0.69063274,0.30936726,1.8726,0.16470477,0.67070554,0.16470477,-0.67070554,complex,1
0.557,0.2822319644,0.08511305979,0.279411122,0.5515793125,0.1592122623,3.464427,0.847880131,0.69049800,0.30950200,1.8716,0.16270931,0.67105377,0.16270931,-0.67105377,complex,1
0.558,0.2827526005,0.08543606666,0.2799283284,0.5525735349,0.1594986941,3.464439,0.8473312443,0.69036288,0.30963712,1.8707,0.16071170,0.67139605,0.16071170,-0.67139605,complex,1
0.559,0.2832733154,0.08575978417,0.2804456211,0.5535677754,0.1597851362,3.464451,0.846781359,0.69022739,0.30977261,1.8697,0.15871195,0.67173236,0.15871195,-0.67173236,complex,1
0.560,0.2837941092,0.08608421313,0.2809630003,0.5545620338,0.1600715889,3.464463,0.8462304753,0.69009153,0.30990847,1.8687,0.15671009,0.67206270,0.15671009,-0.67206270,complex,1
0.561,0.2843149821,0.08640935434,0.2814804661,0.5555563103,0.160358052,3.464474,0.845678593,0.68995529,0.31004471,1.8677,0.15470611,0.67238703,0.15470611,-0.67238703,complex,1
0.562,0.2848359344,0.0867352086,0.2819980187,0.5565506048,0.1606445257,3.464485,0.8451257121,0.68981869,0.31018131,1.8667,0.15270003,0.67270537,0.15270003,-0.67270537,complex,1
0.563,0.285356966,0.08706177673,0.2825156584,0.5575449174,0.1609310102,3.464496,0.8445718325,0.68968170,0.31031830,1.8657,0.15069187,0.67301769,0.15069187,-0.67301769,complex,1
0.564,0.2858780774,0.08738905954,0.2830333852,0.558539248,0.1612175055,3.464507,0.8440169542,0.68954434,0.31045566,1.8647,0.14868162,0.67332397,0.14868162,-0.67332397,complex,1
0.565,0.2863992686,0.08771705784,0.2835511994,0.5595335966,0.1615040116,3.464518,0.8434610771,0.68940660,0.31059340,1.8637,0.14666932,0.67362420,0.14666932,-0.67362420,complex,1
0.566,0.2869205398,0.08804577244,0.2840691011,0.5605279633,0.1617905287,3.464529,0.8429042012,0.68926848,0.31073152,1.8627,0.14465497,0.67391837,0.14465497,-0.67391837,complex,1
0.567,0.2874418911,0.08837520418,0.2845870906,0.561522348,0.1620770568,3.464539,0.8423463264,0.68912999,0.31087001,1.8617,0.14263858,0.67420648,0.14263858,-0.67420648,complex,1
0.568,0.2879633229,0.08870535385,0.2851051679,0.5625167507,0.1623635961,3.464550,0.8417874526,0.68899111,0.31100889,1.8607,0.14062015,0.67448849,0.14062015,-0.67448849,complex,1
0.569,0.2884848352,0.0890362223,0.2856233333,0.5635111715,0.1626501466,3.464560,0.8412275798,0.68885190,0.31114810,1.8597,0.13859976,0.67476444,0.13859976,-0.67476444,complex,1
0.570,0.2890064282,0.08936781035,0.286141587,0.5645056103,0.1629367085,3.464570,0.840666708,0.68871220,0.31128780,1.8586,0.13657727,0.67503418,0.13657727,-0.67503418,complex,1
0.571,0.2895281021,0.08970011881,0.2866599292,0.5655000672,0.1632232818,3.464580,0.840104837,0.68857222,0.31142778,1.8576,0.13455288,0.67529788,0.13455288,-0.67529788,complex,1
0.572,0.2900498571,0.09003314854,0.2871783599,0.5664945421,0.1635098665,3.464589,0.8395419669,0.68843180,0.31156820,1.8566,0.13252647,0.67555539,0.13252647,-0.67555539,complex,1
0.573,0.2905716934,0.09036690035,0.2876968795,0.567489035,0.1637964629,3.464599,0.8389780976,0.68829101,0.31170899,1.8556,0.13049808,0.67580675,0.13049808,-0.67580675,complex,1
0.574,0.2910936111,0.09070137509,0.288215488,0.568483546,0.164083071,3.464608,0.8384132289,0.68814986,0.31185014,1.8546,0.12846778,0.67605197,0.12846778,-0.67605197,complex,1
0.575,0.2916156104,0.09103657359,0.2887341857,0.5694780751,0.1643696908,3.464617,0.837847361,0.68800835,0.31199165,1.8536,0.12643555,0.67629102,0.12643555,-0.67629102,complex,1
0.576,0.2921376915,0.09137249669,0.2892529728,0.5704726222,0.1646563225,3.464626,0.8372804937,0.68786643,0.31213357,1.8525,0.12440138,0.67652385,0.12440138,-0.67652385,complex,1
0.577,0.2926598547,0.09170914524,0.2897718493,0.5714671874,0.1649429662,3.464635,0.8367126269,0.68772412,0.31227588,1.8515,0.12236529,0.67675047,0.12236529,-0.67675047,complex,1
0.578,0.2931820999,0.09204652009,0.2902908156,0.5724617706,0.165229622,3.464644,0.8361437606,0.68758143,0.31241857,1.8505,0.12032731,0.67697087,0.12032731,-0.67697087,complex,1
0.579,0.2937044276,0.09238462207,0.2908098718,0.5734563718,0.1655162899,3.464652,0.8355738948,0.68743835,0.31256165,1.8495,0.11828744,0.67718504,0.11828744,-0.67718504,complex,1
0.580,0.2942268377,0.09272345205,0.291329018,0.5744509911,0.16580297,3.464660,0.8350030294,0.68729489,0.31270511,1.8484,0.11624569,0.67739294,0.11624569,-0.67739294,complex,1
0.581,0.2947493306,0.09306301087,0.2918482545,0.5754456285,0.1660896625,3.464669,0.8344311643,0.68715104,0.31284896,1.8474,0.11420209,0.67759460,0.11420209,-0.67759460,complex,1
0.582,0.2952719064,0.0934032994,0.2923675814,0.5764402839,0.1663763674,3.464676,0.8338582995,0.68700681,0.31299319,1.8464,0.11215663,0.67778997,0.11215663,-0.67778997,complex,1
0.583,0.2957945652,0.09374431848,0.292886999,0.5774349574,0.1666630849,3.464684,0.833284435,0.68686218,0.31313782,1.8453,0.11010935,0.67797905,0.11010935,-0.67797905,complex,1
0.584,0.2963173074,0.09408606899,0.2934065073,0.5784296489,0.166949815,3.464692,0.8327095706,0.68671718,0.31328282,1.8443,0.10806024,0.67816183,0.10806024,-0.67816183,complex,1
0.585,0.2968401329,0.09442855178,0.2939261067,0.5794243584,0.1672365578,3.464699,0.8321337064,0.68657177,0.31342823,1.8433,0.10600933,0.67833828,0.10600933,-0.67833828,complex,1
0.586,0.2973630421,0.09477176772,0.2944457971,0.580419086,0.1675233135,3.464706,0.8315568423,0.68642599,0.31357401,1.8422,0.10395663,0.67850841,0.10395663,-0.67850841,complex,1
0.587,0.2978860351,0.09511571768,0.294965579,0.5814138317,0.1678100821,3.464713,0.8309789782,0.68627980,0.31372020,1.8412,0.10190214,0.67867218,0.10190214,-0.67867218,complex,1
0.588,0.298409112,0.09546040253,0.2954854523,0.5824085954,0.1680968637,3.464720,0.830400114,0.68613324,0.31386676,1.8401,0.09984590,0.67882959,0.09984590,-0.67882959,complex,1
0.589,0.2989322732,0.09580582315,0.2960054174,0.5834033771,0.1683836584,3.464727,0.8298202498,0.68598632,0.31401368,1.8391,0.09778792,0.67898067,0.09778792,-0.67898067,complex,1
0.590,0.2994555187,0.09615198041,0.2965254744,0.5843981769,0.1686704663,3.464733,0.8292393854,0.68583894,0.31416106,1.8380,0.09572816,0.67912530,0.09572816,-0.67912530,complex,1
0.591,0.2999788487,0.09649887519,0.2970456234,0.5853929947,0.1689572876,3.464740,0.8286575209,0.68569119,0.31430881,1.8370,0.09366669,0.67926354,0.09366669,-0.67926354,complex,1
0.592,0.3005022635,0.09684650837,0.2975658648,0.5863878305,0.1692441222,3.464746,0.8280746561,0.68554303,0.31445697,1.8359,0.09160350,0.67939536,0.09160350,-0.67939536,complex,1
0.593,0.3010257632,0.09719488084,0.2980861985,0.5873826844,0.1695309704,3.464752,0.827490791,0.68539452,0.31460548,1.8349,0.08953864,0.67952077,0.08953864,-0.67952077,complex,1
0.594,0.3015493479,0.09754399348,0.2986066249,0.5883775563,0.1698178322,3.464757,0.8269059256,0.68524559,0.31475441,1.8338,0.08747209,0.67963972,0.08747209,-0.67963972,complex,1
0.595,0.302073018,0.09789384719,0.2991271441,0.5893724462,0.1701047077,3.464763,0.8263200598,0.68509627,0.31490373,1.8328,0.08540385,0.67975222,0.08540385,-0.67975222,complex,1
0.596,0.3025967735,0.09824444285,0.2996477563,0.5903673542,0.170391597,3.464768,0.8257331935,0.68494656,0.31505344,1.8317,0.08333399,0.67985825,0.08333399,-0.67985825,complex,1
0.597,0.3031206147,0.09859578136,0.3001684617,0.5913622802,0.1706785003,3.464773,0.8251453268,0.68479644,0.31520356,1.8307,0.08126247,0.67995778,0.08126247,-0.67995778,complex,1
0.598,0.3036445417,0.09894786362,0.3006892605,0.5923572242,0.1709654176,3.464778,0.8245564595,0.68464595,0.31535405,1.8296,0.07918933,0.68005083,0.07918933,-0.68005083,complex,1
0.599,0.3041685548,0.09930069053,0.3012101528,0.5933521862,0.171252349,3.464783,0.8239665916,0.68449504,0.31550496,1.8285,0.07711458,0.68013734,0.07711458,-0.68013734,complex,1
0.600,0.304692654,0.09965426299,0.3017311388,0.5943471663,0.1715392946,3.464787,0.823375723,0.68434374,0.31565626,1.8275,0.07503823,0.68021733,0.07503823,-0.68021733,complex,1
0.601,0.3052168397,0.1000085819,0.3022522188,0.5953421643,0.1718262546,3.464792,0.8227838537,0.68419205,0.31580795,1.8264,0.07296030,0.68029079,0.07296030,-0.68029079,complex,1
0.602,0.3057411119,0.1003636482,0.3027733929,0.5963371804,0.172113229,3.464796,0.8221909837,0.68403995,0.31596005,1.8253,0.07088080,0.68035767,0.07088080,-0.68035767,complex,1
0.603,0.3062654709,0.1007194627,0.3032946613,0.5973322144,0.1724002179,3.464800,0.8215971128,0.68388745,0.31611255,1.8243,0.06879975,0.68041799,0.06879975,-0.68041799,complex,1
0.604,0.3067899169,0.1010760265,0.3038160241,0.5983272665,0.1726872215,3.464803,0.8210022411,0.68373455,0.31626545,1.8232,0.06671716,0.68047172,0.06671716,-0.68047172,complex,1
0.605,0.30731445,0.1014333403,0.3043374817,0.5993223365,0.1729742398,3.464807,0.8204063685,0.68358126,0.31641874,1.8221,0.06463305,0.68051885,0.06463305,-0.68051885,complex,1
0.606,0.3078390704,0.1017914052,0.304859034,0.6003174246,0.173261273,3.464810,0.8198094949,0.68342756,0.31657244,1.8210,0.06254743,0.68055936,0.06254743,-0.68055936,complex,1
0.607,0.3083637784,0.102150222,0.3053806815,0.6013125306,0.1735483212,3.464813,0.8192116203,0.68327346,0.31672654,1.8200,0.06046032,0.68059325,0.06046032,-0.68059325,complex,1
0.608,0.308888574,0.1025097917,0.3059024241,0.6023076546,0.1738353844,3.464816,0.8186127446,0.68311896,0.31688104,1.8189,0.05837173,0.68062049,0.05837173,-0.68062049,complex,1
0.609,0.3094134576,0.1028701152,0.3064242621,0.6033027966,0.1741224628,3.464819,0.8180128678,0.68296405,0.31703595,1.8178,0.05628168,0.68064107,0.05628168,-0.68064107,complex,1
0.610,0.3099384293,0.1032311935,0.3069461958,0.6042979565,0.1744095565,3.464821,0.8174119899,0.68280872,0.31719128,1.8167,0.05419017,0.68065496,0.05419017,-0.68065496,complex,1
0.611,0.3104634892,0.1035930274,0.3074682252,0.6052931344,0.1746966656,3.464824,0.8168101107,0.68265298,0.31734702,1.8156,0.05209721,0.68066216,0.05209721,-0.68066216,complex,1
0.612,0.3109886376,0.1039556178,0.3079903506,0.6062883303,0.1749837901,3.464826,0.8162072303,0.68249691,0.31750309,1.8145,0.05000290,0.68066272,0.05000290,-0.68066272,complex,1
0.613,0.3115138747,0.1043189659,0.3085125722,0.6072835441,0.1752709303,3.464828,0.8156033485,0.68234042,0.31765958,1.8134,0.04790716,0.68065656,0.04790716,-0.68065656,complex,1
0.614,0.3120392006,0.1046830723,0.3090348901,0.6082787759,0.1755580863,3.464829,0.8149984654,0.68218349,0.31781651,1.8124,0.04581002,0.68064363,0.04581002,-0.68064363,complex,1
0.615,0.3125646155,0.1050479383,0.3095573045,0.6092740256,0.175845258,3.464831,0.8143925809,0.68202618,0.31797382,1.8113,0.04371154,0.68062399,0.04371154,-0.68062399,complex,1
0.616,0.3130901197,0.1054135645,0.3100798157,0.6102692932,0.1761324457,3.464832,0.8137856949,0.68186839,0.31813161,1.8102,0.04161164,0.68059751,0.04161164,-0.68059751,complex,1
0.617,0.3136157133,0.1057799522,0.3106024237,0.6112645788,0.1764196494,3.464833,0.8131778073,0.68171024,0.31828976,1.8091,0.03951044,0.68056431,0.03951044,-0.68056431,complex,1
0.618,0.3141413965,0.106147102,0.3111251289,0.6122598823,0.1767068694,3.464834,0.8125689183,0.68155168,0.31844832,1.8080,0.03740792,0.68052432,0.03740792,-0.68052432,complex,1
0.619,0.3146671695,0.1065150151,0.3116479314,0.6132552037,0.1769941055,3.464834,0.8119590276,0.68139271,0.31860729,1.8069,0.03530410,0.68047752,0.03530410,-0.68047752,complex,1
0.620,0.3151930324,0.1068836924,0.3121708313,0.6142505431,0.1772813581,3.464834,0.8113481352,0.68123334,0.31876666,1.8058,0.03319898,0.68042391,0.03319898,-0.68042391,complex,1
0.621,0.3157189856,0.1072531348,0.3126938289,0.6152459003,0.1775686272,3.464834,0.8107362411,0.68107355,0.31892645,1.8047,0.03109258,0.68036346,0.03109258,-0.68036346,complex,1
0.622,0.3162450291,0.1076233433,0.3132169243,0.6162412754,0.1778559129,3.464834,0.8101233452,0.68091336,0.31908664,1.8036,0.02898493,0.68029617,0.02898493,-0.68029617,complex,1
0.623,0.3167711632,0.1079943189,0.3137401178,0.6172366684,0.1781432153,3.464834,0.8095094476,0.68075275,0.31924725,1.8025,0.02687603,0.68022201,0.02687603,-0.68022201,complex,1
0.624,0.3172973881,0.1083660626,0.3142634095,0.6182320793,0.1784305345,3.464833,0.8088945481,0.68059174,0.31940826,1.8014,0.02476592,0.68014099,0.02476592,-0.68014099,complex,1
0.625,0.3178237039,0.1087385752,0.3147867996,0.6192275081,0.1787178708,3.464833,0.8082786466,0.68043030,0.31956970,1.8002,0.02265458,0.68005306,0.02265458,-0.68005306,complex,1
0.626,0.3183501109,0.1091118579,0.3153102884,0.6202229547,0.1790052241,3.464832,0.8076617432,0.68026846,0.31973154,1.7991,0.02054205,0.67995823,0.02054205,-0.67995823,complex,1
0.627,0.3188766092,0.1094859115,0.3158338759,0.6212184192,0.1792925945,3.464830,0.8070438378,0.68010620,0.31989380,1.7980,0.01842836,0.67985649,0.01842836,-0.67985649,complex,1
0.628,0.319403199,0.1098607371,0.3163575624,0.6222139015,0.1795799823,3.464829,0.8064249304,0.67994353,0.32005647,1.7969,0.01631350,0.67974781,0.01631350,-0.67974781,complex,1
0.629,0.3199298806,0.1102363356,0.3168813481,0.6232094017,0.1798673875,3.464827,0.8058050208,0.67978045,0.32021955,1.7958,0.01419749,0.67963217,0.01419749,-0.67963217,complex,1
0.630,0.320456654,0.110612708,0.3174052332,0.6242049197,0.1801548103,3.464825,0.8051841091,0.67961693,0.32038307,1.7947,0.01208036,0.67950956,0.01208036,-0.67950956,complex,1
0.631,0.3209835196,0.1109898553,0.3179292178,0.6252004555,0.1804422507,3.464823,0.8045621952,0.67945305,0.32054695,1.7935,0.00996215,0.67938001,0.00996215,-0.67938001,complex,1
0.632,0.3215104775,0.1113677786,0.3184533022,0.6261960092,0.1807297089,3.464821,0.803939279,0.67928867,0.32071133,1.7924,0.00784278,0.67924340,0.00784278,-0.67924340,complex,1
0.633,0.3220375279,0.1117464787,0.3189774865,0.6271915806,0.1810171849,3.464818,0.8033153606,0.67912389,0.32087611,1.7913,0.00572236,0.67909979,0.00572236,-0.67909979,complex,1
0.634,0.322564671,0.1121259567,0.319501771,0.6281871699,0.181304679,3.464815,0.8026904398,0.67895875,0.32104125,1.7902,0.00360091,0.67894920,0.00360091,-0.67894920,complex,1
0.635,0.323091907,0.1125062136,0.3200261557,0.6291827769,0.1815921912,3.464812,0.8020645166,0.67879318,0.32120682,1.7890,0.00147841,0.67879157,0.00147841,-0.67879157,complex,1
0.636,0.3236192361,0.1128872505,0.320550641,0.6301784017,0.1818797217,3.464808,0.801437591,0.67862720,0.32137280,1.7879,-0.00064510,0.67862689,-0.00064510,-0.67862689,complex,1
0.637,0.3241466585,0.1132690682,0.321075227,0.6311740443,0.1821672706,3.464805,0.8008096629,0.67846075,0.32153925,1.7868,-0.00276965,0.67845510,-0.00276965,-0.67845510,complex,1
0.638,0.3246741744,0.1136516678,0.3215999139,0.6321697046,0.1824548379,3.464801,0.8001807323,0.67829390,0.32170610,1.7857,-0.00489518,0.67827624,-0.00489518,-0.67827624,complex,1
0.639,0.3252017839,0.1140350504,0.3221247019,0.6331653827,0.1827424239,3.464797,0.7995507991,0.67812664,0.32187336,1.7845,-0.00702167,0.67809028,-0.00702167,-0.67809028,complex,1
0.640,0.3257294873,0.114419217,0.3226495911,0.6341610785,0.1830300286,3.464793,0.7989198633,0.67795895,0.32204105,1.7834,-0.00914913,0.67789721,-0.00914913,-0.67789721,complex,1
0.641,0.3262572848,0.1148041685,0.3231745819,0.635156792,0.1833176521,3.464788,0.7982879248,0.67779084,0.32220916,1.7823,-0.01127751,0.67769702,-0.01127751,-0.67769702,complex,1
0.642,0.3267851765,0.115189906,0.3236996743,0.6361525233,0.1836052947,3.464783,0.7976549836,0.67762231,0.32237769,1.7811,-0.01340681,0.67748967,-0.01340681,-0.67748967,complex,1
0.643,0.3273131628,0.1155764305,0.3242248685,0.6371482722,0.1838929563,3.464778,0.7970210396,0.67745335,0.32254665,1.7800,-0.01553702,0.67727516,-0.01553702,-0.67727516,complex,1
0.644,0.3278412436,0.1159637431,0.3247501649,0.6381440389,0.1841806372,3.464773,0.7963860928,0.67728397,0.32271603,1.7788,-0.01766810,0.67705348,-0.01766810,-0.67705348,complex,1
0.645,0.3283694194,0.1163518447,0.3252755634,0.6391398232,0.1844683375,3.464767,0.7957501432,0.67711417,0.32288583,1.7777,-0.01980005,0.67682462,-0.01980005,-0.67682462,complex,1
0.646,0.3288976902,0.1167407365,0.3258010644,0.6401356252,0.1847560572,3.464761,0.7951131907,0.67694395,0.32305605,1.7765,-0.02193285,0.67658854,-0.02193285,-0.67658854,complex,1
0.647,0.3294260563,0.1171304194,0.3263266681,0.6411314449,0.1850437965,3.464755,0.7944752352,0.67677329,0.32322671,1.7754,-0.02406647,0.67634525,-0.02406647,-0.67634525,complex,1
0.648,0.3299545178,0.1175208944,0.3268523745,0.6421272822,0.1853315556,3.464749,0.7938362767,0.67660221,0.32339779,1.7742,-0.02620091,0.67609472,-0.02620091,-0.67609472,complex,1
0.649,0.330483075,0.1179121628,0.327378184,0.6431231371,0.1856193345,3.464742,0.7931963152,0.67643071,0.32356929,1.7731,-0.02833613,0.67583694,-0.02833613,-0.67583694,complex,1
0.650,0.3310117281,0.1183042254,0.3279040967,0.6441190097,0.1859071335,3.464735,0.7925553507,0.67625877,0.32374123,1.7719,-0.03047212,0.67557189,-0.03047212,-0.67557189,complex,1
0.651,0.3315404772,0.1186970833,0.3284301128,0.6451148999,0.1861949525,3.464728,0.791913383,0.67608641,0.32391359,1.7708,-0.03260887,0.67529956,-0.03260887,-0.67529956,complex,1
0.652,0.3320693226,0.1190907376,0.3289562325,0.6461108077,0.1864827918,3.464721,0.7912704121,0.67591363,0.32408637,1.7696,-0.03474636,0.67501994,-0.03474636,-0.67501994,complex,1
0.653,0.3325982644,0.1194851894,0.329482456,0.647106733,0.1867706515,3.464713,0.790626438,0.67574041,0.32425959,1.7685,-0.03688456,0.67473301,-0.03688456,-0.67473301,complex,1
0.654,0.3331273029,0.1198804397,0.3300087835,0.648102676,0.1870585316,3.464705,0.7899814607,0.67556674,0.32443326,1.7673,-0.03902347,0.67443872,-0.03902347,-0.67443872,complex,1
0.655,0.3336564383,0.1202764895,0.3305352152,0.6490986364,0.1873464324,3.464697,0.7893354801,0.67539271,0.32460729,1.7662,-0.04116302,0.67413716,-0.04116302,-0.67413716,complex,1
0.656,0.3341856707,0.12067334,0.3310617513,0.6500946145,0.187634354,3.464689,0.7886884961,0.67521817,0.32478183,1.7650,-0.04330328,0.67382817,-0.04330328,-0.67382817,complex,1
0.657,0.3347150004,0.1210709921,0.3315883919,0.6510906101,0.1879222965,3.464680,0.7880405087,0.67504322,0.32495678,1.7638,-0.04544416,0.67351183,-0.04544416,-0.67351183,complex,1
0.658,0.3352444276,0.121469447,0.3321151374,0.6520866231,0.1882102599,3.464671,0.787391518,0.67486788,0.32513212,1.7627,-0.04758561,0.67318814,-0.04758561,-0.67318814,complex,1
0.659,0.3357739524,0.1218687058,0.3326419878,0.6530826537,0.1884982446,3.464662,0.7867415237,0.67469206,0.32530794,1.7615,-0.04972774,0.67285699,-0.04972774,-0.67285699,complex,1
0.660,0.3363035752,0.1222687695,0.3331689433,0.6540787018,0.1887862505,3.464652,0.7860905259,0.67451582,0.32548418,1.7603,-0.05187042,0.67251844,-0.05187042,-0.67251844,complex,1
0.661,0.3368332959,0.1226696392,0.3336960043,0.6550747674,0.1890742779,3.464642,0.7854385246,0.67433915,0.32566085,1.7592,-0.05401366,0.67217246,-0.05401366,-0.67217246,complex,1
0.662,0.337363115,0.123071316,0.3342231708,0.6560708504,0.1893623268,3.464632,0.7847855196,0.67416204,0.32583796,1.7580,-0.05615745,0.67181903,-0.05615745,-0.67181903,complex,1
0.663,0.3378930326,0.123473801,0.334750443,0.6570669509,0.1896503974,3.464622,0.784131511,0.67398451,0.32601549,1.7568,-0.05830176,0.67145813,-0.05830176,-0.67145813,complex,1
0.664,0.3384230488,0.1238770952,0.3352778212,0.6580630688,0.1899384899,3.464611,0.7834764987,0.67380653,0.32619347,1.7556,-0.06044657,0.67108975,-0.06044657,-0.67108975,complex,1
0.665,0.3389531639,0.1242811998,0.3358053056,0.6590592041,0.1902266043,3.464601,0.7828204827,0.67362812,0.32637188,1.7545,-0.06259186,0.67071387,-0.06259186,-0.67071387,complex,1
0.666,0.3394833782,0.1246861159,0.3363328963,0.6600553569,0.1905147408,3.464589,0.7821634629,0.67344927,0.32655073,1.7533,-0.06473763,0.67033049,-0.06473763,-0.67033049,complex,1
0.667,0.3400136917,0.1250918445,0.3368605935,0.661051527,0.1908028995,3.464578,0.7815054393,0.67326999,0.32673001,1.7521,-0.06688382,0.66993957,-0.06688382,-0.66993957,complex,1
0.668,0.3405441047,0.1254983868,0.3373883975,0.6620477145,0.1910910806,3.464566,0.7808464119,0.67309026,0.32690974,1.7509,-0.06903045,0.66954111,-0.06903045,-0.66954111,complex,1
0.669,0.3410746174,0.1259057438,0.3379163084,0.6630439193,0.1913792842,3.464554,0.7801863805,0.67291010,0.32708990,1.7497,-0.07117748,0.66913509,-0.07117748,-0.66913509,complex,1
0.670,0.3416052301,0.1263139168,0.3384443265,0.6640401415,0.1916675105,3.464542,0.7795253452,0.67272950,0.32727050,1.7486,-0.07332489,0.66872150,-0.07332489,-0.66872150,complex,1
0.671,0.3421359429,0.1267229067,0.3389724519,0.665036381,0.1919557595,3.464529,0.7788633059,0.67254846,0.32745154,1.7474,-0.07547266,0.66830032,-0.07547266,-0.66830032,complex,1
0.672,0.342666756,0.1271327148,0.3395006849,0.6660326379,0.1922440315,3.464517,0.7782002626,0.67236699,0.32763301,1.7462,-0.07762078,0.66787153,-0.07762078,-0.66787153,complex,1
0.673,0.3431976696,0.1275433421,0.3400290256,0.667028912,0.1925323265,3.464503,0.7775362153,0.67218507,0.32781493,1.7450,-0.07976921,0.66743512,-0.07976921,-0.66743512,complex,1
0.674,0.343728684,0.1279547898,0.3405574742,0.6680252034,0.1928206448,3.464490,0.7768711638,0.67200275,0.32799725,1.7438,-0.08191792,0.66699112,-0.08191792,-0.66699112,complex,1
0.675,0.3442597993,0.128367059,0.341086031,0.6690215121,0.1931089863,3.464476,0.7762051082,0.67181987,0.32818013,1.7426,-0.08406697,0.66653933,-0.08406697,-0.66653933,complex,1
0.676,0.3447910158,0.1287801507,0.3416146961,0.670017838,0.1933973514,3.464462,0.7755380484,0.67163665,0.32836335,1.7414,-0.08621624,0.66607999,-0.08621624,-0.66607999,complex,1
0.677,0.3453223337,0.1291940663,0.3421434697,0.6710141811,0.1936857401,3.464448,0.7748699844,0.67145294,0.32854706,1.7402,-0.08836576,0.66561291,-0.08836576,-0.66561291,complex,1
0.678,0.3458537531,0.1296088067,0.342672352,0.6720105414,0.1939741526,3.464433,0.7742009161,0.67126878,0.32873122,1.7390,-0.09051550,0.66513812,-0.09051550,-0.66513812,complex,1
0.679,0.3463852743,0.1300243732,0.3432013433,0.6730069189,0.1942625889,3.464419,0.7735308435,0.67108425,0.32891575,1.7378,-0.09266540,0.66465569,-0.09266540,-0.66465569,complex,1
0.680,0.3469168975,0.1304407668,0.3437304438,0.6740033136,0.1945510494,3.464403,0.7728597666,0.67089922,0.32910078,1.7366,-0.09481549,0.66416548,-0.09481549,-0.66416548,complex,1
0.681,0.3474486229,0.1308579888,0.3442596535,0.6749997255,0.194839534,3.464388,0.7721876853,0.67071376,0.32928624,1.7354,-0.09696574,0.66366753,-0.09696574,-0.66366753,complex,1
0.682,0.3479804507,0.1312760402,0.3447889728,0.6759961545,0.195128043,3.464372,0.7715145996,0.67052784,0.32947216,1.7342,-0.09911611,0.66316181,-0.09911611,-0.66316181,complex,1
0.683,0.3485123812,0.1316949223,0.3453184019,0.6769926006,0.1954165764,3.464356,0.7708405094,0.67034148,0.32965852,1.7330,-0.10126660,0.66264830,-0.10126660,-0.66264830,complex,1
0.684,0.3490444144,0.1321146362,0.3458479409,0.6779890638,0.1957051345,3.464340,0.7701654147,0.67015467,0.32984533,1.7318,-0.10341717,0.66212700,-0.10341717,-0.66212700,complex,1
0.685,0.3495765507,0.132535183,0.34637759,0.6789855441,0.1959937174,3.464323,0.7694893154,0.66996742,0.33003258,1.7306,-0.10556780,0.66159790,-0.10556780,-0.66159790,complex,1
0.686,0.3501087902,0.132956564,0.3469073495,0.6799820415,0.1962823252,3.464306,0.7688122116,0.66977971,0.33022029,1.7294,-0.10771848,0.66106096,-0.10771848,-0.66106096,complex,1
0.687,0.3506411332,0.1333787802,0.3474372195,0.6809785559,0.1965709581,3.464289,0.7681341032,0.66959156,0.33040844,1.7282,-0.10986919,0.66051618,-0.10986919,-0.66051618,complex,1
0.688,0.3511735799,0.1338018329,0.3479672002,0.6819750873,0.1968596162,3.464271,0.7674549901,0.66940295,0.33059705,1.7270,-0.11201989,0.65996353,-0.11201989,-0.65996353,complex,1
0.689,0.3517061305,0.1342257232,0.3484972919,0.6829716357,0.1971482997,3.464253,0.7667748724,0.66921390,0.33078610,1.7257,-0.11417056,0.65940301,-0.11417056,-0.65940301,complex,1
0.690,0.3522387851,0.1346504524,0.3490274948,0.6839682012,0.1974370086,3.464235,0.7660937499,0.66902440,0.33097560,1.7245,-0.11632120,0.65883459,-0.11632120,-0.65883459,complex,1
0.691,0.3527715441,0.1350760215,0.349557809,0.6849647835,0.1977257433,3.464217,0.7654116227,0.66883444,0.33116556,1.7233,-0.11847176,0.65825827,-0.11847176,-0.65825827,complex,1
0.692,0.3533044075,0.1355024318,0.3500882347,0.6859613829,0.1980145038,3.464198,0.7647284906,0.66864404,0.33135596,1.7221,-0.12062223,0.65767403,-0.12062223,-0.65767403,complex,1
0.693,0.3538373757,0.1359296845,0.3506187723,0.6869579991,0.1983032903,3.464179,0.7640443537,0.66845317,0.33154683,1.7209,-0.12277259,0.65708183,-0.12277259,-0.65708183,complex,1
0.694,0.3543704489,0.1363577807,0.3511494218,0.6879546323,0.1985921028,3.464159,0.763359212,0.66826186,0.33173814,1.7196,-0.12492281,0.65648168,-0.12492281,-0.65648168,complex,1
0.695,0.3549036272,0.1367867217,0.3516801834,0.6889512823,0.1988809417,3.464139,0.7626730653,0.66807007,0.33192993,1.7184,-0.12707289,0.65587353,-0.12707289,-0.65587353,complex,1
0.696,0.3554369109,0.1372165087,0.3522110575,0.6899479493,0.199169807,3.464119,0.7619859137,0.66787786,0.33212214,1.7172,-0.12922277,0.65525744,-0.12922277,-0.65525744,complex,1
0.697,0.3559703002,0.1376471428,0.3527420441,0.690944633,0.1994586989,3.464099,0.7612977571,0.66768513,0.33231487,1.7160,-0.13137247,0.65463326,-0.13137247,-0.65463326,complex,1
0.698,0.3565037952,0.1380786253,0.3532731434,0.6919413336,0.1997476175,3.464078,0.7606085954,0.66749202,0.33250798,1.7147,-0.13352190,0.65400114,-0.13352190,-0.65400114,complex,1
0.699,0.3570373963,0.1385109574,0.3538043558,0.692938051,0.2000365629,3.464057,0.7599184288,0.66729846,0.33270154,1.7135,-0.13567107,0.65336100,-0.13567107,-0.65336100,complex,1
0.700,0.3575711036,0.1389441403,0.3543356814,0.6939347851,0.2003255355,3.464036,0.759227257,0.66710448,0.33289552,1.7123,-0.13781995,0.65271283,-0.13781995,-0.65271283,complex,1
0.701,0.3581049174,0.1393781752,0.3548671203,0.694931536,0.2006145352,3.464014,0.7585350801,0.66690991,0.33309009,1.7111,-0.13996860,0.65205645,-0.13996860,-0.65205645,complex,1
0.702,0.3586388379,0.1398130634,0.3553986729,0.6959283037,0.2009035623,3.463992,0.7578418981,0.66671496,0.33328504,1.7098,-0.14211690,0.65139207,-0.14211690,-0.65139207,complex,1
0.703,0.3591728652,0.140248806,0.3559303393,0.6969250881,0.2011926169,3.463969,0.7571477108,0.66651953,0.33348047,1.7086,-0.14426486,0.65071955,-0.14426486,-0.65071955,complex,1
0.704,0.3597069996,0.1406854043,0.3564621196,0.6979218891,0.2014816992,3.463947,0.7564525183,0.66632366,0.33367634,1.7073,-0.14641243,0.65003894,-0.14641243,-0.65003894,complex,1
0.705,0.3602412413,0.1411228595,0.3569940142,0.6989187068,0.2017708093,3.463924,0.7557563206,0.66612731,0.33387269,1.7061,-0.14855962,0.64935016,-0.14855962,-0.64935016,complex,1
0.706,0.3607755906,0.1415611729,0.3575260233,0.6999155412,0.2020599473,3.463900,0.7550591176,0.66593052,0.33406948,1.7049,-0.15070638,0.64865325,-0.15070638,-0.64865325,complex,1
0.707,0.3613100476,0.1420003457,0.3580581469,0.7009123922,0.2023491136,3.463877,0.7543609092,0.66573325,0.33426675,1.7036,-0.15285271,0.64794816,-0.15285271,-0.64794816,complex,1
0.708,0.3618446126,0.1424403792,0.3585903854,0.7019092598,0.2026383081,3.463853,0.7536616955,0.66553553,0.33446447,1.7024,-0.15499856,0.64723488,-0.15499856,-0.64723488,complex,1
0.709,0.3623792857,0.1428812745,0.3591227389,0.702906144,0.2029275311,3.463828,0.7529614764,0.66533734,0.33466266,1.7011,-0.15714393,0.64651339,-0.15714393,-0.64651339,complex,1
0.710,0.3629140673,0.143323033,0.3596552077,0.7039030447,0.2032167827,3.463804,0.7522602518,0.66513870,0.33486130,1.6999,-0.15928877,0.64578369,-0.15928877,-0.64578369,complex,1
0.711,0.3634489575,0.1437656559,0.360187792,0.704899962,0.2035060631,3.463779,0.7515580218,0.66493959,0.33506041,1.6986,-0.16143309,0.64504574,-0.16143309,-0.64504574,complex,1
0.712,0.3639839565,0.1442091444,0.3607204919,0.7058968957,0.2037953725,3.463753,0.7508547863,0.66474001,0.33525999,1.6974,-0.16357682,0.64429955,-0.16357682,-0.64429955,complex,1
0.713,0.3645190646,0.1446534999,0.3612533077,0.706893846,0.2040847109,3.463728,0.7501505453,0.66453998,0.33546002,1.6961,-0.16571998,0.64354508,-0.16571998,-0.64354508,complex,1
0.714,0.3650542819,0.1450987236,0.3617862396,0.7078908127,0.2043740787,3.463702,0.7494452987,0.66433947,0.33566053,1.6949,-0.16786251,0.64278232,-0.16786251,-0.64278232,complex,1
0.715,0.3655896088,0.1455448167,0.3623192878,0.7088877958,0.2046634759,3.463675,0.7487390465,0.66413850,0.33586150,1.6936,-0.17000441,0.64201125,-0.17000441,-0.64201125,complex,1
0.716,0.3661250454,0.1459917806,0.3628524524,0.7098847954,0.2049529026,3.463648,0.7480317886,0.66393706,0.33606294,1.6924,-0.17214564,0.64123186,-0.17214564,-0.64123186,complex,1
0.717,0.3666605919,0.1464396165,0.3633857338,0.7108818113,0.2052423592,3.463621,0.7473235252,0.66373512,0.33626488,1.6911,-0.17428621,0.64044409,-0.17428621,-0.64044409,complex,1
0.718,0.3671962486,0.1468883257,0.3639191321,0.7118788436,0.2055318457,3.463594,0.746614256,0.66353278,0.33646722,1.6899,-0.17642601,0.63964804,-0.17642601,-0.63964804,complex,1
0.719,0.3677320157,0.1473379094,0.3644526476,0.7128758922,0.2058213623,3.463566,0.7459039811,0.66332991,0.33667009,1.6886,-0.17856511,0.63884355,-0.17856511,-0.63884355,complex,1
0.720,0.3682678934,0.1477883691,0.3649862803,0.7138729571,0.2061109091,3.463538,0.7451927005,0.66312661,0.33687339,1.6874,-0.18070340,0.63803071,-0.18070340,-0.63803071,complex,1
0.721,0.368803882,0.1482397059,0.3655200307,0.7148700384,0.2064004864,3.463509,0.7444804141,0.66292292,0.33707708,1.6861,-0.18284088,0.63720955,-0.18284088,-0.63720955,complex,1
0.722,0.3693399816,0.1486919211,0.3660538987,0.7158671358,0.2066900943,3.463481,0.7437671219,0.66271863,0.33728137,1.6848,-0.18497760,0.63637981,-0.18497760,-0.63637981,complex,1
0.723,0.3698761924,0.1491450162,0.3665878848,0.7168642495,0.206979733,3.463451,0.7430528239,0.66251390,0.33748610,1.6836,-0.18711346,0.63554168,-0.18711346,-0.63554168,complex,1
0.724,0.3704125148,0.1495989923,0.367121989,0.7178613794,0.2072694026,3.463422,0.74233752,0.66230871,0.33769129,1.6823,-0.18924844,0.63469509,-0.18924844,-0.63469509,complex,1
0.725,0.3709489489,0.1500538508,0.3676562117,0.7188585255,0.2075591033,3.463392,0.7416212101,0.66210305,0.33789695,1.6810,-0.19138252,0.63384003,-0.19138252,-0.63384003,complex,1
0.726,0.3714854949,0.1505095929,0.3681905529,0.7198556878,0.2078488353,3.463362,0.7409038944,0.66189692,0.33810308,1.6798,-0.19351568,0.63297647,-0.19351568,-0.63297647,complex,1
0.727,0.3720221531,0.1509662201,0.3687250129,0.7208528661,0.2081385987,3.463331,0.7401855727,0.66169031,0.33830969,1.6785,-0.19564789,0.63210440,-0.19564789,-0.63210440,complex,1
0.728,0.3725589237,0.1514237336,0.369259592,0.7218500606,0.2084283938,3.463300,0.739466245,0.66148324,0.33851676,1.6772,-0.19777912,0.63122381,-0.19777912,-0.63122381,complex,1
0.729,0.373095807,0.1518821348,0.3697942903,0.7228472711,0.2087182207,3.463269,0.7387459113,0.66127568,0.33872432,1.6760,-0.19990935,0.63033465,-0.19990935,-0.63033465,complex,1
0.730,0.3736328031,0.1523414249,0.3703291081,0.7238444977,0.2090080795,3.463237,0.7380245716,0.66106765,0.33893235,1.6747,-0.20203853,0.62943694,-0.20203853,-0.62943694,complex,1
0.731,0.3741699122,0.1528016054,0.3708640455,0.7248417402,0.2092979705,3.463205,0.7373022258,0.66085914,0.33914086,1.6734,-0.20416667,0.62853065,-0.20416667,-0.62853065,complex,1
0.732,0.3747071347,0.1532626775,0.3713991028,0.7258389988,0.2095878938,3.463172,0.7365788739,0.66065016,0.33934984,1.6721,-0.20629372,0.62761576,-0.20629372,-0.62761576,complex,1
0.733,0.3752444707,0.1537246427,0.3719342802,0.7268362733,0.2098778497,3.463140,0.7358545159,0.66044071,0.33955929,1.6708,-0.20841965,0.62669226,-0.20841965,-0.62669226,complex,1
0.734,0.3757819205,0.1541875021,0.3724695779,0.7278335638,0.2101678381,3.463106,0.7351291517,0.66023077,0.33976923,1.6696,-0.21054445,0.62576010,-0.21054445,-0.62576010,complex,1
0.735,0.3763194842,0.1546512573,0.3730049961,0.7288308702,0.2104578595,3.463073,0.7344027813,0.66002036,0.33997964,1.6683,-0.21266808,0.62481930,-0.21266808,-0.62481930,complex,1
0.736,0.3768571622,0.1551159095,0.373540535,0.7298281924,0.2107479138,3.463039,0.7336754048,0.65980947,0.34019053,1.6670,-0.21479050,0.62386984,-0.21479050,-0.62386984,complex,1
0.737,0.3773949546,0.1555814601,0.3740761949,0.7308255305,0.2110380014,3.463004,0.732947022,0.65959810,0.34040190,1.6657,-0.21691171,0.62291169,-0.21691171,-0.62291169,complex,1
0.738,0.3779328616,0.1560479105,0.374611976,0.7318228844,0.2113281223,3.462970,0.7322176329,0.65938625,0.34061375,1.6644,-0.21903167,0.62194482,-0.21903167,-0.62194482,complex,1
0.739,0.3784708836,0.1565152619,0.3751478784,0.7328202541,0.2116182768,3.462935,0.7314872376,0.65917393,0.34082607,1.6631,-0.22115034,0.62096925,-0.22115034,-0.62096925,complex,1
0.740,0.3790090207,0.1569835159,0.3756839024,0.7338176395,0.211908465,3.462899,0.730755836,0.65896117,0.34103883,1.6619,-0.22326768,0.61998497,-0.22326768,-0.61998497,complex,1
0.741,0.3795472732,0.1574526738,0.3762200482,0.7348150407,0.2121986872,3.462863,0.730023428,0.65874777,0.34125223,1.6606,-0.22538378,0.61899174,-0.22538378,-0.61899174,complex,1
0.742,0.3800856412,0.1579227369,0.376756316,0.7358124575,0.2124889434,3.462827,0.7292900137,0.65853399,0.34146601,1.6593,-0.22749845,0.61798986,-0.22749845,-0.61798986,complex,1
0.743,0.3806241251,0.1583937067,0.3772927061,0.7368098901,0.212779234,3.462790,0.7285555929,0.65831984,0.34168016,1.6580,-0.22961165,0.61697934,-0.22961165,-0.61697934,complex,1
0.744,0.381162725,0.1588655844,0.3778292186,0.7378073382,0.213069559,3.462753,0.7278201658,0.65810502,0.34189498,1.6567,-0.23172358,0.61595973,-0.23172358,-0.61595973,complex,1
0.745,0.3817014412,0.1593383716,0.3783658538,0.738804802,0.2133599186,3.462716,0.7270837323,0.65788982,0.34211018,1.6554,-0.23383396,0.61493145,-0.23383396,-0.61493145,complex,1
0.746,0.3822402739,0.1598120696,0.3789026118,0.7398022814,0.2136503131,3.462678,0.7263462922,0.65767412,0.34232588,1.6541,-0.23594288,0.61389429,-0.23594288,-0.61389429,complex,1
0.747,0.3827792233,0.1602866797,0.379439493,0.7407997763,0.2139407426,3.462640,0.7256078457,0.65745793,0.34254207,1.6528,-0.23805030,0.61284825,-0.23805030,-0.61284825,complex,1
0.748,0.3833182898,0.1607622035,0.3799764975,0.7417972867,0.2142312073,3.462601,0.7248683927,0.65724124,0.34275876,1.6515,-0.24015619,0.61179331,-0.24015619,-0.61179331,complex,1
0.749,0.3838574734,0.1612386423,0.3805136255,0.7427948126,0.2145217074,3.462562,0.7241279332,0.65702407,0.34297593,1.6502,-0.24226050,0.61072947,-0.24226050,-0.61072947,complex,1
0.750,0.3843967745,0.1617159976,0.3810508773,0.7437923539,0.214812243,3.462523,0.7233864671,0.65680642,0.34319358,1.6489,-0.24436323,0.60965669,-0.24436323,-0.60965669,complex,1
0.751,0.3849361933,0.1621942706,0.381588253,0.7447899107,0.2151028144,3.462483,0.7226439945,0.65658828,0.34341172,1.6476,-0.24646432,0.60857499,-0.24646432,-0.60857499,complex,1
0.752,0.3854757299,0.162673463,0.3821257529,0.7457874828,0.2153934218,3.462443,0.7219005152,0.65636965,0.34363035,1.6463,-0.24856376,0.60748430,-0.24856376,-0.60748430,complex,1
0.753,0.3860153848,0.163153576,0.3826633773,0.7467850704,0.2156840653,3.462403,0.7211560293,0.65615053,0.34384947,1.6450,-0.25066152,0.60638464,-0.25066152,-0.60638464,complex,1
0.754,0.386555158,0.1636346111,0.3832011262,0.7477826732,0.2159747451,3.462362,0.7204105368,0.65593092,0.34406908,1.6437,-0.25275756,0.60527596,-0.25275756,-0.60527596,complex,1
0.755,0.3870950498,0.1641165698,0.383739,0.7487802913,0.2162654614,3.462320,0.7196640377,0.65571083,0.34428917,1.6424,-0.25485184,0.60415828,-0.25485184,-0.60415828,complex,1
0.756,0.3876350605,0.1645994535,0.3842769989,0.7497779247,0.2165562145,3.462278,0.7189165318,0.65549024,0.34450976,1.6411,-0.25694437,0.60303155,-0.25694437,-0.60303155,complex,1
0.757,0.3881751903,0.1650832636,0.384815123,0.7507755733,0.2168470044,3.462236,0.7181680193,0.65526916,0.34473084,1.6398,-0.25903508,0.60189576,-0.25903508,-0.60189576,complex,1
0.758,0.3887154394,0.1655680016,0.3853533727,0.7517732371,0.2171378314,3.462194,0.7174185,0.65504759,0.34495241,1.6385,-0.26112396,0.60075088,-0.26112396,-0.60075088,complex,1
0.759,0.389255808,0.1660536689,0.3858917481,0.752770916,0.2174286957,3.462151,0.716667974,0.65482553,0.34517447,1.6372,-0.26321096,0.59959692,-0.26321096,-0.59959692,complex,1
0.760,0.3897962965,0.1665402669,0.3864302494,0.7537686101,0.2177195975,3.462107,0.7159164412,0.65460297,0.34539703,1.6358,-0.26529608,0.59843382,-0.26529608,-0.59843382,complex,1
0.761,0.390336905,0.1670277973,0.3869688769,0.7547663193,0.218010537,3.462063,0.7151639016,0.65437994,0.34562006,1.6345,-0.26737924,0.59726163,-0.26737924,-0.59726163,complex,1
0.762,0.3908776337,0.1675162613,0.3875076307,0.7557640435,0.2183015143,3.462019,0.7144103553,0.65415640,0.34584360,1.6332,-0.26946048,0.59608023,-0.26946048,-0.59608023,complex,1
0.763,0.391418483,0.1680056605,0.3880465112,0.7567617828,0.2185925296,3.461975,0.7136558021,0.65393233,0.34606767,1.6319,-0.27153974,0.59488961,-0.27153974,-0.59488961,complex,1
0.764,0.3919594531,0.1684959964,0.3885855185,0.757759537,0.2188835832,3.461930,0.712900242,0.65370776,0.34629224,1.6306,-0.27361695,0.59368982,-0.27361695,-0.59368982,complex,1
0.765,0.3925005441,0.1689872704,0.3891246529,0.7587573062,0.2191746753,3.461884,0.7121436751,0.65348278,0.34651722,1.6293,-0.27569208,0.59248091,-0.27569208,-0.59248091,complex,1
0.766,0.3930417564,0.169479484,0.3896639145,0.7597550903,0.219465806,3.461838,0.7113861014,0.65325725,0.34674275,1.6279,-0.27776517,0.59126267,-0.27776517,-0.59126267,complex,1
0.767,0.3935830901,0.1699726387,0.3902033036,0.7607528893,0.2197569755,3.461792,0.7106275207,0.65303120,0.34696880,1.6266,-0.27983613,0.59003516,-0.27983613,-0.59003516,complex,1
0.768,0.3941245456,0.170466736,0.3907428205,0.7617507031,0.2200481841,3.461745,0.7098679331,0.65280467,0.34719533,1.6253,-0.28190493,0.58879840,-0.28190493,-0.58879840,complex,1
0.769,0.394666123,0.1709617773,0.3912824653,0.7627485318,0.220339432,3.461698,0.7091073386,0.65257765,0.34742235,1.6240,-0.28397156,0.58755234,-0.28397156,-0.58755234,complex,1
0.770,0.3952078226,0.1714577643,0.3918222382,0.7637463752,0.2206307192,3.461650,0.7083457372,0.65235012,0.34764988,1.6226,-0.28603597,0.58629694,-0.28603597,-0.58629694,complex,1
0.771,0.3957496446,0.1719546983,0.3923621396,0.7647442334,0.2209220462,3.461602,0.7075831287,0.65212210,0.34787790,1.6213,-0.28809814,0.58503221,-0.28809814,-0.58503221,complex,1
0.772,0.3962915893,0.1724525809,0.3929021695,0.7657421063,0.2212134129,3.461554,0.7068195133,0.65189356,0.34810644,1.6200,-0.29015803,0.58375811,-0.29015803,-0.58375811,complex,1
0.773,0.3968336569,0.1729514137,0.3934423283,0.7667399938,0.2215048197,3.461505,0.7060548909,0.65166454,0.34833546,1.6187,-0.29221561,0.58247464,-0.29221561,-0.58247464,complex,1
0.774,0.3973758477,0.1734511981,0.3939826161,0.767737896,0.2217962668,3.461455,0.7052892615,0.65143501,0.34856499,1.6173,-0.29427085,0.58118176,-0.29427085,-0.58118176,complex,1
0.775,0.397918162,0.1739519356,0.3945230333,0.7687358128,0.2220877543,3.461406,0.7045226251,0.65120498,0.34879502,1.6160,-0.29632372,0.57987945,-0.29632372,-0.57987945,complex,1
0.776,0.3984605998,0.1744536278,0.3950635799,0.7697337441,0.2223792825,3.461355,0.7037549816,0.65097444,0.34902556,1.6147,-0.29837417,0.57856770,-0.29837417,-0.57856770,complex,1
0.777,0.3990031616,0.1749562762,0.3956042563,0.77073169,0.2226708515,3.461305,0.7029863311,0.65074340,0.34925660,1.6133,-0.30042218,0.57724646,-0.30042218,-0.57724646,complex,1
0.778,0.3995458475,0.1754598824,0.3961450626,0.7717296503,0.2229624616,3.461254,0.7022166734,0.65051185,0.34948815,1.6120,-0.30246771,0.57591575,-0.30246771,-0.57591575,complex,1
0.779,0.4000886578,0.1759644479,0.3966859991,0.7727276251,0.223254113,3.461202,0.7014460087,0.65027980,0.34972020,1.6106,-0.30451074,0.57457552,-0.30451074,-0.57457552,complex,1
0.780,0.4006315927,0.1764699742,0.3972270661,0.7737256143,0.2235458058,3.461150,0.7006743369,0.65004724,0.34995276,1.6093,-0.30655123,0.57322575,-0.30655123,-0.57322575,complex,1
0.781,0.4011746525,0.1769764629,0.3977682636,0.7747236178,0.2238375404,3.461098,0.699901658,0.64981419,0.35018581,1.6080,-0.30858913,0.57186644,-0.30858913,-0.57186644,complex,1
0.782,0.4017178374,0.1774839156,0.3983095921,0.7757216357,0.2241293168,3.461045,0.6991279719,0.64958061,0.35041939,1.6066,-0.31062443,0.57049753,-0.31062443,-0.57049753,complex,1
0.783,0.4022611477,0.1779923338,0.3988510516,0.7767196679,0.2244211354,3.460992,0.6983532787,0.64934657,0.35065343,1.6053,-0.31265706,0.56911909,-0.31265706,-0.56911909,complex,1
0.784,0.4028045836,0.1785017191,0.3993926425,0.7777177144,0.2247129962,3.460938,0.6975775784,0.64911189,0.35088811,1.6039,-0.31468709,0.56773081,-0.31468709,-0.56773081,complex,1
0.785,0.4033481454,0.179012073,0.3999343649,0.778715775,0.2250048996,3.460884,0.6968008709,0.64887679,0.35112321,1.6026,-0.31671436,0.56633303,-0.31671436,-0.56633303,complex,1
0.786,0.4038918333,0.1795233971,0.4004762191,0.7797138499,0.2252968458,3.460829,0.6960231562,0.64864121,0.35135879,1.6013,-0.31873887,0.56492561,-0.31873887,-0.56492561,complex,1
0.787,0.4044356476,0.180035693,0.4010182052,0.7807119388,0.2255888348,3.460774,0.6952444343,0.64840513,0.35159487,1.5999,-0.32076058,0.56350853,-0.32076058,-0.56350853,complex,1
0.788,0.4049795885,0.1805489624,0.4015603237,0.7817100419,0.2258808671,3.460718,0.6944647052,0.64816849,0.35183151,1.5986,-0.32277948,0.56208167,-0.32277948,-0.56208167,complex,1
0.789,0.4055236562,0.1810632067,0.4021025746,0.782708159,0.2261729427,3.460662,0.6936839689,0.64793132,0.35206868,1.5972,-0.32479558,0.56064501,-0.32479558,-0.56064501,complex,1
0.790,0.4060678511,0.1815784276,0.4026449581,0.7837062902,0.226465062,3.460606,0.6929022254,0.64769370,0.35230630,1.5959,-0.32680873,0.55919869,-0.32680873,-0.55919869,complex,1
0.791,0.4066121733,0.1820946267,0.4031874746,0.7847044353,0.226757225,3.460549,0.6921194746,0.64745552,0.35254448,1.5945,-0.32881900,0.55774252,-0.32881900,-0.55774252,complex,1
0.792,0.4071566231,0.1826118055,0.4037301243,0.7857025944,0.2270494321,3.460491,0.6913357166,0.64721685,0.35278315,1.5932,-0.33082629,0.55627657,-0.33082629,-0.55627657,complex,1
0.793,0.4077012008,0.1831299658,0.4042729074,0.7867007674,0.2273416834,3.460433,0.6905509513,0.64697766,0.35302234,1.5918,-0.33283059,0.55480077,-0.33283059,-0.55480077,complex,1
0.794,0.4082459066,0.1836491091,0.404815824,0.7876989542,0.2276339791,3.460375,0.6897651788,0.64673794,0.35326206,1.5905,-0.33483188,0.55331508,-0.33483188,-0.55331508,complex,1
0.795,0.4087907408,0.184169237,0.4053588745,0.7886971548,0.2279263196,3.460316,0.688978399,0.64649772,0.35350228,1.5891,-0.33683009,0.55181953,-0.33683009,-0.55181953,complex,1
0.796,0.4093357036,0.1846903511,0.4059020591,0.7896953692,0.2282187049,3.460257,0.6881906119,0.64625697,0.35374303,1.5878,-0.33882520,0.55031405,-0.33882520,-0.55031405,complex,1
0.797,0.4098807953,0.1852124531,0.406445378,0.7906935974,0.2285111353,3.460197,0.6874018175,0.64601572,0.35398428,1.5864,-0.34081717,0.54879865,-0.34081717,-0.54879865,complex,1
0.798,0.4104260161,0.1857355447,0.4069888314,0.7916918392,0.2288036111,3.460137,0.6866120158,0.64577393,0.35422607,1.5850,-0.34280598,0.54727327,-0.34280598,-0.54727327,complex,1
0.799,0.4109713662,0.1862596274,0.4075324196,0.7926900947,0.2290961325,3.460076,0.6858212069,0.64553164,0.35446836,1.5837,-0.34479157,0.54573792,-0.34479157,-0.54573792,complex,1
0.800,0.4115168461,0.1867847029,0.4080761428,0.7936883638,0.2293886996,3.460015,0.6850293906,0.64528882,0.35471118,1.5823,-0.34677392,0.54419253,-0.34677392,-0.54419253,complex,1
