s,v,T,P,alpha,cos2alpha,lam_max,recovery_margin,N_half,lam1_re,lam1_im,lam2_re,lam2_im,eig_type,stable
0.053752,0.015559,3.454711,0.000751574103599703,0.0268792365613926,0.998555361248,0.97561275,0.02438725,28.0745,0.97561275,0,0.53484438,0,real,1
0.054502,0.015776,3.454715,0.000772704267815725,0.0272543739702762,0.998514765998,0.97490702,0.02509298,27.2751,0.97490702,0,0.53522133,0,real,1
0.054877,0.015885,3.454717,0.000783379362240231,0.0274419441100778,0.9984942574355,0.97455003,0.02544997,26.8876,0.97455003,0,0.53541223,0,real,1
0.055253,0.015993,3.454719,0.000794156562777446,0.0276300154065164,0.9984735529955,0.97419028,0.02580972,26.508,0.97419028,0,0.53560474,0,real,1
0.055628,0.016102,3.454721,0.000804978546928478,0.0278175874869846,0.998452762808,0.97382776,0.02617224,26.136,0.97382776,0,0.53579889,0,real,1
0.056003,0.016211,3.454723,0.000815873882715226,0.0280051605464245,0.9984318319955,0.97346247,0.02653753,25.7714,0.97346247,0,0.53599467,0,real,1
0.056378,0.016319,3.454726,0.000826842573208378,0.0281927345914511,0.998410760558,0.97309439,0.02690561,25.414,0.97309439,0,0.53619209,0,real,1
0.056753,0.016428,3.454728,0.00083788462149938,0.0283803096286796,0.9983895484955,0.97272353,0.02727647,25.0637,0.97272353,0,0.53639117,0,real,1
0.057129,0.016536,3.45473,0.000849029769869821,0.0285683858688297,0.9983681386795,0.97234986,0.02765014,24.7203,0.97234986,0,0.53659192,0,real,1
0.057504,0.016645,3.454732,0.000860218738755572,0.0287559629129992,0.998346644992,0.97197339,0.02802661,24.3835,0.97197339,0,0.53679432,0,real,1
0.057879,0.016754,3.454734,0.00087148107484654,0.0289435409692359,0.9983250106795,0.97159411,0.02840589,24.0533,0.97159411,0,0.5369984,0,real,1
0.058254,0.016862,3.454737,0.000882816781317295,0.0291311200441564,0.998303235742,0.971212,0.028788,23.7294,0.971212,0,0.53720417,0,real,1
0.058629,0.016971,3.454739,0.000894225861363182,0.0293187001443776,0.9982813201795,0.97082707,0.02917293,23.4117,0.97082707,0,0.53741163,0,real,1
0.059005,0.017079,3.454741,0.00090573903618472,0.0295067814942543,0.9982592049875,0.97043929,0.02956071,23.0999,0.97043929,0,0.53762079,0,real,1
0.05938,0.017188,3.454743,0.000917295068734432,0.0296943636677068,0.9982370078,0.97004866,0.02995134,22.7941,0.97004866,0,0.53783167,0,real,1
0.059755,0.017296,3.454746,0.000928924484578693,0.02988194688633,0.9982146699875,0.96965518,0.0303448200000001,22.494,0.96965518,0,0.53804426,0,real,1
0.06013,0.017405,3.454748,0.000940627286996025,0.0300695311567421,0.99819219155,0.96925883,0.03074117,22.1995,0.96925883,0,0.53825858,0,real,1
0.060505,0.017514,3.45475,0.000952403479285737,0.0302571164855617,0.9981695724875,0.9688596,0.0311404,21.9104,0.9688596,0,0.53847464,0,real,1
0.06088,0.017622,3.454753,0.000964253064767929,0.0304447028794074,0.9981468128,0.9684575,0.0315425,21.6266,0.9684575,0,0.53869244,0,real,1
0.061256,0.017731,3.454755,0.000976207939528209,0.0306327905795785,0.998123851232,0.9680525,0.0319475,21.348,0.9680525,0,0.538912,0,real,1
0.061631,0.017839,3.454758,0.000988204517176404,0.0308203791262188,0.9981008099195,0.96764459,0.03235541,21.0744,0.96764459,0,0.53913333,0,real,1
0.062006,0.017948,3.45476,0.0010002744981112,0.0310079687577615,0.998077627982,0.96723378,0.03276622,20.8058,0.96723378,0,0.53935643,0,real,1
0.062381,0.018057,3.454762,0.00101241788573593,0.0311955594808269,0.9980543054195,0.96682004,0.03317996,20.542,0.96682004,0,0.53958131,0,real,1
0.062756,0.018165,3.454765,0.00102463468347476,0.0313831513020353,0.998030842232,0.96640337,0.03359663,20.2829,0.96640337,0,0.53980798,0,real,1
0.063132,0.018274,3.454767,0.00103695776681829,0.0315712444772933,0.998007175288,0.96598376,0.03401624,20.0284,0.96598376,0,0.54003647,0,real,1
0.063507,0.018382,3.45477,0.00104932159092436,0.0317588385176236,0.9979834304755,0.9655612,0.0344388,19.7783,0.9655612,0,0.54026676,0,real,1
0.063882,0.018491,3.454772,0.00106175883555116,0.0319464336759784,0.997959545038,0.96513568,0.0348643199999999,19.5327,0.96513568,0,0.54049888,0,real,1
0.054127,0.018552,2.917586,0.00076210251593142,0.0270668047895856,0.9985351339355,1.88341378,-0.88341378,-1.0949,1.88341378,0,0.98630928,0,real,0
0.064257,0.0186,3.454775,0.00107426950420614,0.0321340299589797,0.9979355189755,0.96470719,0.03529281,19.2912,0.96470719,0,0.54073283,0,real,1
0.064632,0.018708,3.454777,0.00108685360041755,0.0323216273732498,0.997911352288,0.96427571,0.03572429,19.054,0.96427571,0,0.54096863,0,real,1
0.065008,0.018817,3.45478,0.0010995449793131,0.0325097261897442,0.997886979968,0.96384124,0.03615876,18.8209,0.96384124,0,0.54120628,0,real,1
0.065383,0.018925,3.454782,0.00111227613713611,0.032697325889481,0.9978625316555,0.96340377,0.03659623,18.5917,0.96340377,0,0.5414458,0,real,1
0.065758,0.019034,3.454785,0.00112508073323492,0.0328849267403734,0.997837942718,0.96296329,0.03703671,18.3664,0.96296329,0,0.54168718,0,real,1
0.066133,0.019142,3.454787,0.00113795877122118,0.033072528749045,0.9978132131555,0.96251978,0.03748022,18.1449,0.96251978,0,0.54193047,0,real,1
0.066508,0.019251,3.45479,0.00115091025472735,0.03326013192212,0.997788342968,0.96207323,0.03792677,17.9271,0.96207323,0,0.54217566,0,real,1
0.066883,0.01936,3.454792,0.00116393518740674,0.0334477362662228,0.9977633321555,0.96162364,0.03837636,17.713,0.96162364,0,0.54242274,0,real,1
0.067259,0.019468,3.454795,0.00117706860016315,0.03363584207095,0.9977381134595,0.96117098,0.03882902,17.5024,0.96117098,0,0.54267176,0,real,1
0.067634,0.019577,3.454797,0.00119024063812132,0.0338234487801505,0.997712821022,0.96071526,0.03928474,17.2953,0.96071526,0,0.5429227,0,real,1
0.068009,0.019685,3.4548,0.00120348613634762,0.0340110566802722,0.9976873879595,0.96025645,0.03974355,17.0916,0.96025645,0,0.5431756,0,real,1
0.068384,0.019794,3.454803,0.00121680509857878,0.0341986657779411,0.997661814272,0.95979455,0.04020545,16.8912,0.95979455,0,0.54343044,0,real,1
0.068759,0.019903,3.454805,0.00123019752857242,0.0343862760797837,0.9976360999595,0.95932955,0.04067045,16.694,0.95932955,0,0.54368726,0,real,1
0.069135,0.020011,3.454808,0.0012436994374044,0.0345743878914182,0.9976101758875,0.95886142,0.04113858,16.5001,0.95886142,0,0.54394606,0,real,1
0.06951,0.02012,3.454811,0.00125723901021851,0.034762000624744,0.99758417995,0.95839016,0.04160984,16.3092,0.95839016,0,0.54420685,0,real,1
0.069885,0.020228,3.454813,0.00127085206220324,0.0349496145821423,0.9975580433875,0.95791576,0.04208424,16.1214,0.95791576,0,0.54446966,0,real,1
0.07026,0.020337,3.454816,0.00128453859719968,0.0351372297702413,0.9975317662,0.95743821,0.04256179,15.9366,0.95743821,0,0.54473447,0,real,1
0.070635,0.020445,3.454819,0.00129829861906979,0.0353248461956692,0.9975053483875,0.95695748,0.04304252,15.7547,0.95695748,0,0.54500133,0,real,1
0.071011,0.020554,3.454822,0.00131216911931588,0.0355129641805087,0.9974787189395,0.95647358,0.04352642,15.5756,0.95647358,0,0.54527023,0,real,1
0.071386,0.020663,3.454824,0.00132607632259374,0.0357005831038247,0.997452019502,0.95598646,0.04401354,15.3993,0.95598646,0,0.54554119,0,real,1
0.071761,0.020771,3.454827,0.0013400570244669,0.0358882032843744,0.9974251794395,0.95549615,0.04450385,15.2258,0.95549615,0,0.54581422,0,real,1
0.072136,0.02088,3.45483,0.00135411122888091,0.036075824728788,0.997398198752,0.95500261,0.04499739,15.0549,0.95500261,0,0.54608934,0,real,1
0.072511,0.020988,3.454833,0.00136823893980218,0.0362634474436956,0.9973710774395,0.95450584,0.04549416,14.8867,0.95450584,0,0.54636656,0,real,1
0.072886,0.021097,3.454835,0.00138244016121801,0.0364510714357279,0.997343815502,0.9540058,0.0459942,14.721,0.9540058,0,0.54664589,0,real,1
0.073262,0.021206,3.454838,0.00139675306138336,0.0366391970473069,0.997316339678,0.95350251,0.04649749,14.5579,0.95350251,0,0.54692736,0,real,1
0.073637,0.021314,3.454841,0.00141110151188863,0.0368268236169322,0.9972887961155,0.95299593,0.04700407,14.3972,0.95299593,0,0.54721097,0,real,1
0.074012,0.021423,3.454844,0.00142552348498657,0.0370144514835945,0.997261111928,0.95248606,0.04751394,14.2389,0.95248606,0,0.54749673,0,real,1
0.074387,0.021531,3.454847,0.00144001898474814,0.037202080653926,0.9972332871155,0.95197288,0.04802712,14.083,0.95197288,0,0.54778467,0,real,1
0.074762,0.02164,3.45485,0.0014545880152652,0.0373897111345596,0.997205321678,0.95145638,0.04854362,13.9294,0.95145638,0,0.5480748,0,real,1
0.075138,0.021748,3.454852,0.00146926972580316,0.037577843285355,0.997177140478,0.95093652,0.04906348,13.7781,0.95093652,0,0.54836714,0,real,1
0.075513,0.021857,3.454855,0.00148398602629995,0.0377654764100308,0.9971488934155,0.95041332,0.04958668,13.629,0.95041332,0,0.5486617,0,real,1
0.075888,0.021966,3.454858,0.00149877586996438,0.037953110864927,0.997120505728,0.94988674,0.05011326,13.4821,0.94988674,0,0.54895849,0,real,1
0.076263,0.022074,3.454861,0.00151363926097202,0.0381407466566781,0.9970919774155,0.94935677,0.05064323,13.3373,0.94935677,0,0.54925754,0,real,1
0.076638,0.022183,3.454864,0.00152857620351936,0.0383283837919189,0.997063308478,0.9488234,0.0511766,13.1946,0.9488234,0,0.54955885,0,real,1
0.077014,0.022291,3.454867,0.00154362682815897,0.0385165226483898,0.997034421902,0.9482866,0.0517134,13.054,0.9482866,0,0.54986246,0,real,1
0.077389,0.0224,3.45487,0.0015587110826246,0.0387041624941431,0.9970054713395,0.94774636,0.05225364,12.9154,0.94774636,0,0.55016837,0,real,1
0.077764,0.022508,3.454873,0.0015738689013564,0.0388918037033109,0.996976380152,0.94720266,0.05279734,12.7787,0.94720266,0,0.5504766,0,real,1
0.078139,0.022617,3.454876,0.00158910028863465,0.0390794462825298,0.9969471483395,0.94665549,0.05334451,12.644,0.94665549,0,0.55078716,0,real,1
0.078514,0.022726,3.454879,0.00160440524876056,0.0392670902384367,0.996917775902,0.94610483,0.05389517,12.5113,0.94610483,0,0.55110008,0,real,1
0.078889,0.022834,3.454882,0.00161978378605633,0.0394547355776691,0.9968882628395,0.94555066,0.05444934,12.3803,0.94555066,0,0.55141538,0,real,1
0.079265,0.022943,3.454885,0.00163527720888941,0.0396428827000069,0.9968585298875,0.94499296,0.05500704,12.2512,0.94499296,0,0.55173307,0,real,1
0.07964,0.023051,3.454888,0.00165080310981003,0.0398305308295375,0.9968287352,0.94443171,0.05556829,12.1239,0.94443171,0,0.55205317,0,real,1
0.080015,0.02316,3.454891,0.00166640260100444,0.0400181803623263,0.9967987998875,0.9438669,0.0561331,11.9984,0.9438669,0,0.5523757,0,real,1
0.08039,0.023268,3.454894,0.00168207568687869,0.0402058313050125,0.99676872395,0.9432985,0.0567015,11.8745,0.9432985,0,0.55270068,0,real,1
0.080765,0.023377,3.454897,0.00169782237185977,0.0403934836642357,0.9967385073875,0.9427265,0.0572735,11.7524,0.9427265,0,0.55302813,0,real,1
0.081141,0.023486,3.454901,0.00171368494623554,0.040581637858631,0.9967080690595,0.94215087,0.05784913,11.632,0.94215087,0,0.55335806,0,real,1
0.081516,0.023594,3.454904,0.00172957903908927,0.0407692930746708,0.996677570872,0.94157159,0.05842841,11.5131,0.94157159,0,0.55369052,0,real,1
0.081891,0.023703,3.454907,0.0017455467444687,0.040956949727187,0.9966469320595,0.94098865,0.05901135,11.3959,0.94098865,0,0.55402549,0,real,1
0.082266,0.023811,3.45491,0.00176158806688479,0.0411446078228212,0.996616152622,0.94040203,0.05959797,11.2803,0.94040203,0,0.55436302,0,real,1
0.082641,0.02392,3.454913,0.00177770301086947,0.0413322673682151,0.9965852325595,0.93981169,0.06018831,11.1662,0.93981169,0,0.55470312,0,real,1
0.083017,0.024029,3.454916,0.00179393484892998,0.0415204288013024,0.9965540888555,0.93921763,0.06078237,11.0536,0.93921763,0,0.55504582,0,real,1
0.083392,0.024137,3.454919,0.00181019724608629,0.041708091270054,0.996522887168,0.93861982,0.06138018,10.9425,0.93861982,0,0.55539113,0,real,1
0.083767,0.024246,3.454923,0.00182653327854524,0.0418957552085118,0.9964915448555,0.93801823,0.06198177,10.8328,0.93801823,0,0.55573908,0,real,1
0.084142,0.024354,3.454926,0.0018429429509228,0.0420834206233194,0.996460061918,0.93741284,0.06258716,10.7246,0.93741284,0,0.55608969,0,real,1
0.084517,0.024463,3.454929,0.00185942626785593,0.0422710875211213,0.9964284383555,0.93680364,0.06319636,10.6178,0.93680364,0,0.55644298,0,real,1
0.084892,0.024571,3.454932,0.00187598323400263,0.042458755908562,0.996396674168,0.93619059,0.06380941,10.5124,0.93619059,0,0.55679898,0,real,1
0.085268,0.02468,3.454936,0.00189265830083324,0.0426469262473164,0.996364684088,0.93557368,0.06442632,10.4083,0.93557368,0,0.55715771,0,real,1
0.085643,0.024789,3.454939,0.00190936277589424,0.0428345976379877,0.9963326382755,0.93495288,0.06504712,10.3056,0.93495288,0,0.55751919,0,real,1
0.086018,0.024897,3.454942,0.00192614091428144,0.0430222705382527,0.996300451838,0.93432815,0.06567185,10.2042,0.93432815,0,0.55788347,0,real,1
0.086393,0.025006,3.454945,0.00194299272073691,0.0432099449547579,0.9962681247755,0.93369949,0.06630051,10.1041,0.93369949,0,0.55825055,0,real,1
0.086768,0.025114,3.454949,0.0019599182000238,0.0433976208941506,0.996235657088,0.93306686,0.0669331399999999,10.0052,0.93306686,0,0.55862045,0,real,1
0.087144,0.025223,3.454952,0.00197696278651439,0.0435857988383796,0.996202961632,0.93243025,0.06756975,9.9076,0.93243025,0,0.55899321,0,real,1
0.087519,0.025331,3.454955,0.00199403582233049,0.0437734778475958,0.9961702123195,0.9317896,0.0682104,9.8112,0.9317896,0,0.55936886,0,real,1
0.087894,0.02544,3.454959,0.00201118254540647,0.0439611583996615,0.996137322382,0.93114492,0.06885508,9.7161,0.93114492,0,0.55974741,0,real,1
0.088269,0.025549,3.454962,0.00202840296058967,0.0441488405012256,0.9961042918195,0.93049616,0.06950384,9.6221,0.93049616,0,0.56012891,0,real,1
0.088644,0.025657,3.454966,0.00204569707274844,0.0443365241589379,0.996071120632,0.9298433,0.0701567,9.5292,0.9298433,0,0.56051337,0,real,1
0.08902,0.025766,3.454969,0.00206311129947853,0.0445247098754648,0.9960377198,0.92918631,0.07081369,9.4375,0.92918631,0,0.56090083,0,real,1
0.089395,0.025874,3.454972,0.00208055301683578,0.0447123966696179,0.9960042669875,0.92852516,0.07147484,9.3469,0.92852516,0,0.56129131,0,real,1
0.08977,0.025983,3.454976,0.00209806844591323,0.0449000850398885,0.99597067355,0.92785983,0.0721401699999999,9.2574,0.92785983,0,0.56168484,0,real,1
0.090145,0.026091,3.454979,0.00211565759166355,0.0450877749929281,0.9959369394875,0.92719027,0.07280973,9.169,0.92719027,0,0.56208147,0,real,1
0.09052,0.0262,3.454983,0.00213332045906046,0.0452754665353889,0.9959030648,0.92651647,0.07348353,9.0817,0.92651647,0,0.5624812,0,real,1
0.090895,0.026308,3.454986,0.00215105705309875,0.0454631596739233,0.9958690494875,0.92583838,0.07416162,8.9954,0.92583838,0,0.56288408,0,real,1
0.091271,0.026417,3.45499,0.00216891497157168,0.045651354936643,0.9958348022795,0.92515598,0.07484402,8.9102,0.92515598,0,0.56329013,0,real,1
0.091646,0.026526,3.454993,0.00218679923059939,0.045839051291585,0.995800505342,0.92446924,0.07553076,8.8259,0.92446924,0,0.5636994,0,real,1
0.092021,0.026634,3.454997,0.00220475723139287,0.0460267492625792,0.9957660677795,0.92377812,0.07622188,8.7427,0.92377812,0,0.56411191,0,real,1
0.092396,0.026743,3.455,0.0022227889790313,0.0462144488562802,0.995731489592,0.92308259,0.07691741,8.6604,0.92308259,0,0.56452769,0,real,1
0.092771,0.026851,3.455004,0.00224089447861497,0.0464021500793431,0.9956967707795,0.92238261,0.07761739,8.5791,0.92238261,0,0.5649468,0,real,1
0.093147,0.02696,3.455007,0.00225912231189257,0.0465903534815741,0.9956618181955,0.92167815,0.07832185,8.4987,0.92167815,0,0.56536925,0,real,1
0.093522,0.027068,3.455011,0.00227737552745806,0.0467780579877177,0.995626817758,0.92096917,0.07903083,8.4193,0.92096917,0,0.56579507,0,real,1
0.093897,0.027177,3.455014,0.00229570251041001,0.0469657641432093,0.9955916766955,0.92025565,0.07974435,8.3407,0.92025565,0,0.56622431,0,real,1
0.094272,0.027286,3.455018,0.00231410326593318,0.0471534719547064,0.995556395008,0.91953752,0.08046248,8.2631,0.91953752,0,0.56665704,0,real,1
0.094647,0.027394,3.455022,0.00233257779923344,0.0473411814288666,0.9955209726955,0.91881478,0.0811852199999999,8.1864,0.91881478,0,0.56709322,0,real,1
0.095023,0.027503,3.455025,0.00235117567635894,0.0475293931376351,0.9954853147355,0.91808737,0.08191263,8.1105,0.91808737,0,0.56753295,0,real,1
0.095398,0.027611,3.455029,0.00236979797769116,0.0477171059615751,0.995449610798,0.91735525,0.08264475,8.0355,0.91735525,0,0.56797625,0,real,1
0.095773,0.02772,3.455033,0.00238849407255889,0.0479048204681724,0.9954137662355,0.91661838,0.08338162,7.9613,0.91661838,0,0.56842316,0,real,1
0.096148,0.027828,3.455036,0.00240726396625253,0.0480925366640869,0.995377781048,0.91587673,0.08412327,7.888,0.91587673,0,0.56887373,0,real,1
0.096523,0.027937,3.45504,0.00242610766408368,0.0482802545559789,0.9953416552355,0.91513024,0.08486976,7.8155,0.91513024,0,0.569328,0,real,1
0.096898,0.028046,3.455044,0.00244502517138502,0.0484679741505096,0.995305388798,0.91437888,0.08562112,7.7438,0.91437888,0,0.569786,0,real,1
0.097274,0.028154,3.455047,0.0024640672357231,0.0486561960467748,0.995268884462,0.91362261,0.08637739,7.6728,0.91362261,0,0.57024779,0,real,1
0.097649,0.028263,3.455051,0.00248313257490863,0.0488439190711524,0.9952323363995,0.91286137,0.08713863,7.6027,0.91286137,0,0.5707134,0,real,1
0.098024,0.028371,3.455055,0.0025022717397038,0.0490316438181724,0.995195647712,0.91209512,0.08790488,7.5333,0.91209512,0,0.57118289,0,real,1
0.098399,0.02848,3.455058,0.00252148473552599,0.0492193702944979,0.9951588183995,0.91132382,0.08867618,7.4647,0.91132382,0,0.5716563,0,real,1
0.098774,0.028588,3.455062,0.00254077156781374,0.0494070985067927,0.995121848462,0.91054742,0.08945258,7.3968,0.91054742,0,0.57213368,0,real,1
0.09915,0.028697,3.455066,0.00256018396921467,0.0495953290772698,0.99508463875,0.90976587,0.09023413,7.3296,0.90976587,0,0.57261508,0,real,1
0.099525,0.028805,3.45507,0.00257961868776762,0.0497830607861702,0.9950473871875,0.90897911,0.09102089,7.2632,0.90897911,0,0.57310055,0,real,1
0.0999,0.028914,3.455074,0.00259912725924349,0.0499707942510519,0.995009995,0.90818711,0.09181289,7.1974,0.90818711,0,0.57359013,0,real,1
0.100275,0.029023,3.455077,0.0026187096891656,0.0501585294785809,0.9949724621875,0.9073898,0.0926102,7.1324,0.9073898,0,0.57408388,0,real,1
0.10065,0.029131,3.455081,0.00263836598307844,0.0503462664754238,0.99493478875,0.90658712,0.09341288,7.068,0.90658712,0,0.57458186,0,real,1
0.101026,0.02924,3.455085,0.00265814885907731,0.0505345058873553,0.994896873662,0.90577905,0.09422095,7.0043,0.90577905,0,0.57508411,0,real,1
0.101401,0.029348,3.455089,0.00267795309469773,0.0507222464475901,0.9948589185995,0.90496549,0.09503451,6.9413,0.90496549,0,0.57559072,0,real,1
0.101776,0.029457,3.455093,0.00269783121108453,0.0509099887971593,0.994820822912,0.90414642,0.09585358,6.8789,0.90414642,0,0.57610168,0,real,1
0.102151,0.029565,3.455097,0.00271778321386704,0.0510977329427316,0.9947825865995,0.90332175,0.09667825,6.8172,0.90332175,0,0.57661716,0,real,1
0.102526,0.029674,3.455101,0.00273780910869585,0.0512854788909764,0.994744209662,0.90249145,0.09750855,6.7561,0.90249145,0,0.57713708,0,real,1
0.102901,0.029782,3.455104,0.00275790890124272,0.0514732266485636,0.9947056920995,0.90165543,0.09834457,6.6956,0.90165543,0,0.57766161,0,real,1
0.103277,0.029891,3.455108,0.00277813649252896,0.0516614768901269,0.9946669306355,0.90081364,0.09918636,6.6357,0.90081364,0,0.57819078,0,real,1
0.103652,0.03,3.455112,0.00279838429471086,0.0518492282912801,0.994628131448,0.89996602,0.10003398,6.5765,0.89996602,0,0.57872465,0,real,1
0.104027,0.030108,3.455116,0.00281870601176885,0.0520369815218066,0.9945891916355,0.8991125,0.1008875,6.5178,0.8991125,0,0.57926329,0,real,1
0.104402,0.030217,3.45512,0.00283910164945967,0.0522247365883786,0.994550111198,0.898253,0.101747,6.4597,0.898253,0,0.57980676,0,real,1
0.104777,0.030325,3.455124,0.00285957121356133,0.0524124934976689,0.9945108901355,0.89738747,0.10261253,6.4022,0.89738747,0,0.58035514,0,real,1
0.105153,0.030434,3.455128,0.00288016959137424,0.0526007529488523,0.9944714232955,0.89651583,0.10348417,6.3452,0.89651583,0,0.5809085,0,real,1
0.105528,0.030542,3.455132,0.00290078722289242,0.0527885135685583,0.994431920608,0.895638,0.104362,6.2888,0.895638,0,0.58146691,0,real,1
0.105903,0.030651,3.455136,0.00292147879829853,0.0529762760510223,0.9943922772955,0.89475391,0.10524609,6.233,0.89475391,0,0.58203045,0,real,1
0.106278,0.030759,3.45514,0.00294224432345563,0.0531640404029194,0.994352493358,0.89386348,0.10613652,6.1777,0.89386348,0,0.58259919,0,real,1
0.106653,0.030868,3.455144,0.00296308380424805,0.0533518066309255,0.9943125687955,0.89296664,0.10703336,6.1229,0.89296664,0,0.58317321,0,real,1
0.107029,0.030977,3.455148,0.00298405311464461,0.0535400754592019,0.9942723965795,0.8920633,0.1079367,6.0686,0.8920633,0,0.58375261,0,real,1
0.107404,0.031085,3.455152,0.0030050407217003,0.0537278454645029,0.994232190392,0.89115337,0.10884663,6.0149,0.89115337,0,0.58433745,0,real,1
0.107779,0.031194,3.455156,0.00302610230218785,0.0539156173659615,0.9941918435795,0.89023677,0.10976323,5.9616,0.89023677,0,0.58492784,0,real,1
0.108154,0.031302,3.455161,0.00304723786207677,0.0541033911702559,0.994151356142,0.88931342,0.11068658,5.9089,0.88931342,0,0.58552385,0,real,1
0.108529,0.031411,3.455165,0.00306844740735785,0.0542911668840647,0.9941107280795,0.88838322,0.11161678,5.8567,0.88838322,0,0.58612557,0,real,1
0.108904,0.031519,3.455169,0.00308973094404319,0.0544789445140674,0.994069959392,0.88744607,0.11255393,5.8049,0.88744607,0,0.58673311,0,real,1
0.10928,0.031628,3.455173,0.00311114553052226,0.054667224814995,0.9940289408,0.88650188,0.11349812,5.7536,0.88650188,0,0.58734655,0,real,1
0.109655,0.031736,3.455177,0.00313257726548837,0.0548550063025805,0.9939878904875,0.88555055,0.11444945,5.7028,0.88555055,0,0.58796601,0,real,1
0.11003,0.031845,3.455181,0.00315408301003909,0.0550427897264195,0.99394669955,0.88459199,0.11540801,5.6524,0.88459199,0,0.58859157,0,real,1
0.110405,0.031953,3.455185,0.00317566277027179,0.0552305750931938,0.9939053679875,0.88362607,0.11637393,5.6025,0.88362607,0,0.58922335,0,real,1
0.11078,0.032062,3.45519,0.00319731655230519,0.055418362409586,0.9938638958,0.88265269,0.11734731,5.553,0.88265269,0,0.58986144,0,real,1
0.111156,0.032171,3.455194,0.00321910240207855,0.0556066524562942,0.993822171832,0.88167174,0.11832826,5.504,0.88167174,0,0.59050601,0,real,1
0.111531,0.032279,3.455198,0.00324090444358733,0.0557944436972153,0.9937804180195,0.88068311,0.11931689,5.4554,0.88068311,0,0.5911571,0,real,1
0.111906,0.032388,3.455202,0.00326278052539745,0.0559822369078233,0.993738523582,0.87968668,0.12031332,5.4072,0.87968668,0,0.59181487,0,real,1
0.112281,0.032496,3.455206,0.00328473065371301,0.0561700320948028,0.9936964885195,0.87868232,0.12131768,5.3594,0.87868232,0,0.59247942,0,real,1
0.112656,0.032605,3.455211,0.00330675483475948,0.0563578292648397,0.993654312832,0.8776699,0.1223301,5.3121,0.8776699,0,0.59315092,0,real,1
0.113032,0.032713,3.455215,0.00332891210243794,0.0565461292250456,0.993611883488,0.8766493,0.1233507,5.2651,0.8766493,0,0.59382947,0,real,1
0.113407,0.032822,3.455219,0.00335108460522374,0.0567339303865891,0.9935694261755,0.87562038,0.12437962,5.2186,0.87562038,0,0.59451518,0,real,1
0.113782,0.03293,3.455224,0.00337333117956177,0.0569217335512682,0.993526828238,0.87458299,0.12541701,5.1724,0.87458299,0,0.59520825,0,real,1
0.114157,0.033039,3.455228,0.003395651831763,0.0571095387257713,0.9934840896755,0.87353701,0.12646299,5.1266,0.87353701,0,0.59590877,0,real,1
0.114532,0.033147,3.455232,0.00341804656815976,0.0572973459167869,0.993441210488,0.87248225,0.12751775,5.0812,0.87248225,0,0.59661695,0,real,1
0.114907,0.033256,3.455237,0.00344051539510577,0.0574851551310045,0.9933981906755,0.87141857,0.12858143,5.0362,0.87141857,0,0.59733291,0,real,1
0.115283,0.033365,3.455241,0.00346311853250486,0.0576734672078182,0.9933549149555,0.87034583,0.12965417,4.9915,0.87034583,0,0.59805681,0,real,1
0.115658,0.033473,3.455245,0.00348573575731353,0.0578612804939506,0.993311613518,0.86926385,0.13073615,4.9472,0.86926385,0,0.59878881,0,real,1
0.116033,0.033582,3.45525,0.0035084270918781,0.0580490958233749,0.9932681714555,0.86817244,0.13182756,4.9032,0.86817244,0,0.59952911,0,real,1
0.116408,0.03369,3.455254,0.00353119254263793,0.0582369132027833,0.993224588768,0.86707145,0.13292855,4.8596,0.86707145,0,0.60027786,0,real,1
0.116783,0.033799,3.455258,0.00355403211605379,0.0584247326388684,0.9931808654555,0.86596066,0.13403934,4.8163,0.86596066,0,0.60103528,0,real,1
0.117159,0.033907,3.455263,0.00357700702092289,0.0586130549984198,0.9931368843595,0.8648399,0.1351601,4.7734,0.8648399,0,0.60180153,0,real,1
0.117534,0.034016,3.455267,0.00359999505682252,0.0588008785734681,0.993092879422,0.86370897,0.13629103,4.7308,0.86370897,0,0.60257683,0,real,1
0.117909,0.034124,3.455272,0.0036230572349064,0.0589887042252928,0.9930487338595,0.86256765,0.13743235,4.6884,0.86256765,0,0.60336139,0,real,1
0.118284,0.034233,3.455276,0.00364619356172106,0.0591765319605894,0.993004447672,0.86141572,0.13858428,4.6464,0.86141572,0,0.60415542,0,real,1
0.118659,0.034341,3.455281,0.00366940404383443,0.0593643617860537,0.9929600208595,0.86025297,0.13974703,4.6047,0.86025297,0,0.60495916,0,real,1
0.119035,0.03445,3.455285,0.00369275087937201,0.059552694596318,0.9929153343875,0.85907914,0.14092086,4.5634,0.85907914,0,0.60577283,0,real,1
0.11941,0.034559,3.45529,0.00371610988966395,0.0597405286278271,0.99287062595,0.857894,0.142106,4.5223,0.857894,0,0.60659668,0,real,1
0.119785,0.034667,3.455294,0.00373954307510484,0.0599283647696138,0.9928257768875,0.85669728,0.14330272,4.4814,0.85669728,0,0.60743098,0,real,1
0.12016,0.034776,3.455299,0.00376305044234849,0.0601162030283767,0.9927807872,0.85548873,0.14451127,4.4409,0.85548873,0,0.60827599,0,real,1
0.120535,0.034884,3.455303,0.00378663199807016,0.0603040434108153,0.9927356568875,0.85426804,0.14573196,4.4006,0.85426804,0,0.609132,0,real,1
0.12091,0.034993,3.455308,0.0038102877489666,0.0604918859236295,0.99269038595,0.85303496,0.14696504,4.3607,0.85303496,0,0.60999927,0,real,1
0.121286,0.035101,3.455312,0.00383408108083582,0.0606802314954495,0.992644853102,0.85178914,0.14821086,4.3209,0.85178914,0,0.61087815,0,real,1
0.121661,0.03521,3.455317,0.00385788544015664,0.0608680782948435,0.9925993005395,0.8505303,0.1494697,4.2815,0.8505303,0,0.61176894,0,real,1
0.122036,0.035318,3.455321,0.00388176401488939,0.0610559272447351,0.992553607352,0.84925805,0.15074195,4.2422,0.84925805,0,0.61267198,0,real,1
0.122411,0.035427,3.455326,0.00390571681181681,0.0612437783518272,0.9925077735395,0.84797208,0.15202792,4.2032,0.84797208,0,0.61358762,0,real,1
0.122786,0.035535,3.455331,0.00392974383774312,0.0614316316228231,0.992461799102,0.846672,0.153328,4.1645,0.846672,0,0.61451625,0,real,1
0.123162,0.035644,3.455335,0.00395390946877657,0.0616199880151792,0.992415560878,0.84535743,0.15464257,4.126,0.84535743,0,0.61545823,0,real,1
0.123537,0.035752,3.45534,0.00397808517118905,0.0618078456399111,0.9923693048155,0.84402795,0.15597205,4.0877,0.84402795,0,0.61641399,0,real,1
0.123912,0.035861,3.455344,0.00400233512316054,0.0619957054486792,0.992322908128,0.84268312,0.15731688,4.0496,0.84268312,0,0.61738398,0,real,1
0.124287,0.035969,3.455349,0.00402665933158139,0.0621835674481898,0.9922763708155,0.84132251,0.15867749,4.0117,0.84132251,0,0.61836861,0,real,1
0.124662,0.036078,3.455354,0.00405105780336347,0.0623714316451498,0.992229692878,0.83994561,0.16005439,3.9741,0.83994561,0,0.61936841,0,real,1
0.125038,0.036187,3.455358,0.00407559590538306,0.0625597990262892,0.992182749278,0.8385519,0.1614481,3.9366,0.8385519,0,0.62038389,0,real,1
0.125413,0.036295,3.455363,0.00410014312279136,0.0627476676441762,0.9921357897155,0.83714087,0.16285913,3.8993,0.83714087,0,0.62141556,0,real,1
0.125788,0.036404,3.455368,0.00412476462444438,0.0629355384796555,0.992088689528,0.83571194,0.16428806,3.8622,0.83571194,0,0.62246398,0,real,1
0.126163,0.036512,3.455373,0.00414946041734024,0.0631234115394369,0.9920414487155,0.83426449,0.16573551,3.8252,0.83426449,0,0.62352982,0,real,1
0.126538,0.036621,3.455377,0.00417423050849859,0.0633112868302307,0.991994067278,0.8327979,0.1672021,3.7884,0.8327979,0,0.62461364,0,real,1
0.126913,0.036729,3.455382,0.00419907490496068,0.0634991643587482,0.9919465452155,0.83131142,0.16868858,3.7518,0.83131142,0,0.62571626,0,real,1
0.127289,0.036838,3.455387,0.0042240601630332,0.0636875451474358,0.9918987552395,0.8298044,0.1701956,3.7153,0.8298044,0,0.62683827,0,real,1
0.127664,0.036946,3.455392,0.00424905338950741,0.0638754271775491,0.991850951552,0.82827598,0.17172402,3.679,0.82827598,0,0.62798056,0,real,1
0.128039,0.037055,3.455396,0.00427412094255746,0.0640633114655419,0.9918030072395,0.82672539,0.17327461,3.6427,0.82672539,0,0.62914386,0,real,1
0.128414,0.037163,3.455401,0.00429926282931096,0.0642511980181281,0.991754922302,0.82515166,0.17484834,3.6066,0.82515166,0,0.63032921,0,real,1
0.128789,0.037272,3.455406,0.0043244790569171,0.0644390868420226,0.9917066967395,0.82355386,0.17644614,3.5706,0.82355386,0,0.63153749,0,real,1
0.129165,0.03738,3.455411,0.00434983717348317,0.0646274789899307,0.9916582013875,0.82193095,0.17806905,3.5347,0.82193095,0,0.63276974,0,real,1
0.12954,0.037489,3.455416,0.00437520230261884,0.0648153723826906,0.9916096942,0.82028179,0.17971821,3.4988,0.82028179,0,0.63402712,0,real,1
0.129915,0.037597,3.455421,0.00440064179420364,0.0650032680669253,0.9915610463875,0.81860517,0.18139483,3.4631,0.81860517,0,0.63531083,0,real,1
0.13029,0.037706,3.455425,0.00442615565547329,0.0651911660493526,0.99151225795,0.81689977,0.18310023,3.4274,0.81689977,0,0.63662219,0,real,1
0.130665,0.037814,3.45543,0.0044517438936851,0.0653790663366909,0.9914633288875,0.81516416,0.18483584,3.3917,0.81516416,0,0.63796264,0,real,1
0.131041,0.037923,3.455435,0.0044774750492278,0.065567470012353,0.9914141281595,0.81339674,0.18660326,3.3561,0.81339674,0,0.63933376,0,real,1
0.131416,0.038032,3.45544,0.00450321226156961,0.0657553749358628,0.991364917472,0.81159584,0.18840416,3.3204,0.81159584,0,0.64073724,0,real,1
0.131791,0.03814,3.455445,0.00452902387277493,0.0659432821844613,0.9913155661595,0.80975955,0.19024045,3.2848,0.80975955,0,0.64217498,0,real,1
0.132166,0.038249,3.45545,0.00455490989018769,0.0661311917648699,0.991266074222,0.80788578,0.19211422,3.2491,0.80788578,0,0.64364907,0,real,1
0.132541,0.038357,3.455455,0.00458087032117351,0.0663191036838107,0.9912164416595,0.80597225,0.19402775,3.2134,0.80597225,0,0.64516179,0,real,1
0.132916,0.038466,3.45546,0.00460690517311965,0.0665070179480066,0.991166668472,0.80401638,0.19598362,3.1776,0.80401638,0,0.64671572,0,real,1
0.133292,0.038574,3.455465,0.00463308417769163,0.066695435678308,0.991116621368,0.80201536,0.19798464,3.1417,0.80201536,0,0.64831368,0,real,1
0.133667,0.038683,3.45547,0.00465926809231231,0.0668833546594847,0.9910665665555,0.79996594,0.20003406,3.1057,0.79996594,0,0.64995892,0,real,1
0.134042,0.038791,3.455475,0.00468552645020505,0.0670712760061077,0.991016371118,0.79786452,0.20213548,3.0695,0.79786452,0,0.65165501,0,real,1
0.134417,0.0389,3.45548,0.00471185925884388,0.0672591997249028,0.9909660350555,0.79570701,0.20429299,3.0331,0.79570701,0,0.65340608,0,real,1
0.134792,0.039008,3.455485,0.00473826652572455,0.0674471258225967,0.990915558368,0.79348862,0.20651138,2.9965,0.79348862,0,0.65521689,0,real,1
0.135168,0.039117,3.45549,0.00476481897587737,0.0676355554517345,0.990864805888,0.79120398,0.20879602,2.9596,0.79120398,0,0.65709283,0,real,1
0.135543,0.039225,3.455495,0.00479137538042129,0.0678234863337978,0.9908140475755,0.78884682,0.21115318,2.9224,0.78884682,0,0.65904016,0,real,1
0.135918,0.039334,3.4555,0.00481800626584468,0.0680114196149625,0.990763148638,0.78640969,0.21359031,2.8848,0.78640969,0,0.66106634,0,real,1
0.136293,0.039442,3.455505,0.00484471163973018,0.0681993553019584,0.9907121090755,0.78388378,0.21611622,2.8467,0.78388378,0,0.66318016,0,real,1
0.136668,0.039551,3.45551,0.00487149150968214,0.0683872934015159,0.990660928888,0.78125851,0.21874149,2.808,0.78125851,0,0.66539222,0,real,1
0.137044,0.039659,3.455515,0.00489841759459971,0.0685757350983235,0.990609471032,0.77852097,0.22147903,2.7686,0.77852097,0,0.66771543,0,real,1
0.137419,0.039768,3.45552,0.00492534667829181,0.0687636780496773,0.9905580092195,0.77565504,0.22434496,2.7284,0.77565504,0,0.67016589,0,real,1
0.137794,0.039876,3.455526,0.00495235028101439,0.0689516234338068,0.990506406782,0.77264036,0.22735964,2.6872,0.77264036,0,0.67276398,0,real,1
0.138169,0.039985,3.455531,0.00497942841045885,0.0691395712574457,0.9904546637195,0.76945035,0.23054965,2.6448,0.76945035,0,0.67553627,0,real,1
0.138544,0.040093,3.455536,0.00500658107433836,0.0693275215273284,0.990402780032,0.7660494,0.2339506,2.6008,0.7660494,0,0.67851838,0,real,1
0.138919,0.040202,3.455541,0.00503380828038783,0.06951547425019,0.9903507557195,0.76238743,0.23761257,2.5549,0.76238743,0,0.68176037,0,real,1
0.139295,0.04031,3.455546,0.00506118294071847,0.0697039306498811,0.9902984514875,0.75839085,0.24160915,2.5064,0.75839085,0,0.68533586,0,real,1
0.13967,0.040419,3.455551,0.00508855945323072,0.0698918883054955,0.99024614555,0.75394233,0.24605767,2.4541,0.75394233,0,0.68936215,0,real,1
0.140045,0.040527,3.455557,0.00511601053126922,0.0700798484343171,0.9901936989875,0.74883312,0.25116688,2.3965,0.74883312,0,0.69404801,0,real,1
0.14042,0.040636,3.455562,0.00514353618265609,0.0702678110430843,0.9901411118,0.74261445,0.25738555,2.3293,0.74261445,0,0.69984221,0,real,1
0.140795,0.040745,3.455567,0.00517113641523525,0.0704557761385361,0.9900883839875,0.73381019,0.26618981,2.2395,0.73381019,0,0.70822086,0,real,1
0.141171,0.040853,3.455572,0.0051988851361211,0.0706442449776555,0.9900353743795,0.72089277,0.27910723,2.118,0.72080215,0.01142991,0.72080215,-0.01142991,complex,1
0.141546,0.040962,3.455577,0.00522663475363958,0.0708322150733734,0.989982364942,0.72088355,0.27911645,2.1179,0.72058824,0.02063206,0.72058824,-0.02063206,complex,1
0.141921,0.04107,3.455583,0.0052544589760341,0.071020187676016,0.9899292148795,0.72087428,0.27912572,2.1178,0.72037374,0.02685885,0.72037374,-0.02685885,complex,1
0.142296,0.041179,3.455588,0.00528235781123592,0.0712081627923259,0.989875924192,0.720865,0.279135,2.1178,0.72015869,0.03190302,0.72015869,-0.03190302,complex,1
0.142671,0.041287,3.455593,0.0053103312671981,0.071396140429046,0.9898224928795,0.72085567,0.27914433,2.1177,0.71994307,0.03626117,0.71994307,-0.03626117,complex,1
0.143047,0.041396,3.455599,0.00533845424656557,0.071584621876742,0.9897687778955,0.72084633,0.27915367,2.1176,0.71972689,0.04015759,0.71972689,-0.04015759,complex,1
0.143422,0.041504,3.455604,0.00536657716703712,0.0717726045812816,0.989715064958,0.72083697,0.27916303,2.1175,0.71951016,0.04371589,0.71951016,-0.04371589,complex,1
0.143797,0.041613,3.455609,0.00539477473228079,0.0719605898264837,0.9896612113955,0.72082757,0.27917243,2.1174,0.71929285,0.04701262,0.71929285,-0.04701262,complex,1
0.144172,0.041721,3.455615,0.00542304695033711,0.0721485776190949,0.989607217208,0.72081814,0.27918186,2.1173,0.71907497,0.05009969,0.71907497,-0.05009969,complex,1
0.144547,0.04183,3.45562,0.00545139382926851,0.0723365679658623,0.9895530823955,0.7208087,0.2791913,2.1172,0.71885655,0.0530137,0.71885655,-0.0530137,complex,1
0.144922,0.041938,3.455625,0.00547981537715927,0.0725245608735339,0.989498806958,0.72079922,0.27920078,2.1172,0.71863755,0.05578167,0.71863755,-0.05578167,complex,1
0.145298,0.042047,3.455631,0.00550838769189099,0.0727130576735648,0.989444245598,0.72078973,0.27921027,2.1171,0.718418,0.05842449,0.718418,-0.05842449,complex,1
0.145673,0.042155,3.455636,0.00553695880121231,0.0729010557301664,0.9893896885355,0.72078018,0.27921982,2.117,0.71819786,0.06095822,0.71819786,-0.06095822,complex,1
0.146048,0.042264,3.455641,0.00556560460389898,0.0730890563679393,0.989334990848,0.72077064,0.27922936,2.1169,0.71797718,0.06339622,0.71797718,-0.06339622,complex,1
0.146423,0.042372,3.455647,0.0055943251081229,0.0732770595936348,0.9892801525355,0.72076106,0.27923894,2.1168,0.71775593,0.06574892,0.71775593,-0.06574892,complex,1
0.146798,0.042481,3.455652,0.00562312032207792,0.073465065414005,0.989225173598,0.72075147,0.27924853,2.1167,0.71753414,0.06802528,0.71753414,-0.06802528,complex,1
0.147174,0.042589,3.455658,0.00565206734036179,0.0736535751950784,0.989169906862,0.72074185,0.27925815,2.1166,0.71731178,0.07023267,0.71731178,-0.07023267,complex,1
0.147549,0.042698,3.455663,0.00568101219772905,0.0738415862320222,0.9891146462995,0.72073218,0.27926782,2.1166,0.71708884,0.07237733,0.71708884,-0.07237733,complex,1
0.147924,0.042806,3.455669,0.0057100317895625,0.0740295998839203,0.989059245112,0.72072251,0.27927749,2.1165,0.71686535,0.07446478,0.71686535,-0.07446478,complex,1
0.148299,0.042915,3.455674,0.00573912612414375,0.0742176161575282,0.9890037032995,0.72071279,0.27928721,2.1164,0.71664129,0.07649963,0.71664129,-0.07649963,complex,1
0.148674,0.043023,3.45568,0.00576829520977637,0.0744056350596022,0.988948020862,0.72070306,0.27929694,2.1163,0.71641667,0.07848603,0.71641667,-0.07848603,complex,1
0.14905,0.043132,3.455685,0.00579761713832497,0.0745941579911948,0.98889204875,0.7206933,0.2793067,2.1162,0.71619149,0.0804275,0.71619149,-0.0804275,complex,1
0.149425,0.04324,3.455691,0.00582693595045056,0.0747821821775279,0.9888360846875,0.72068351,0.27931649,2.1161,0.71596575,0.08232723,0.71596575,-0.08232723,complex,1
0.1498,0.043349,3.455696,0.00585632953869228,0.0749702090126193,0.98877998,0.7206737,0.2793263,2.116,0.71573944,0.08418808,0.71573944,-0.08418808,complex,1
0.150175,0.043457,3.455702,0.0058857979114416,0.0751582385032288,0.9887237346875,0.72066386,0.27933614,2.1159,0.71551257,0.08601253,0.71551257,-0.08601253,complex,1
0.15055,0.043566,3.455707,0.00591534107711197,0.0753462706561168,0.98866734875,0.72065399,0.27934601,2.1159,0.71528514,0.08780286,0.71528514,-0.08780286,complex,1
0.150925,0.043674,3.455713,0.00594495904413882,0.0755343054780451,0.9886108221875,0.7206441,0.2793559,2.1158,0.71505715,0.0895611,0.71505715,-0.0895611,complex,1
0.151301,0.043783,3.455718,0.00597473110173783,0.0757228444126862,0.9885540036995,0.72063418,0.27936582,2.1157,0.7148286,0.09128911,0.7148286,-0.09128911,complex,1
0.151676,0.043891,3.455724,0.00600449889639881,0.075910884600145,0.988497195512,0.72062424,0.27937576,2.1156,0.71459949,0.09298855,0.71459949,-0.09298855,complex,1
0.152051,0.044,3.455729,0.00603434151787731,0.0760989274769514,0.9884402466995,0.72061427,0.27938573,2.1155,0.71436981,0.09466099,0.71436981,-0.09466099,complex,1
0.152426,0.044108,3.455735,0.00606425897469689,0.0762869730498703,0.988383157262,0.72060427,0.27939573,2.1154,0.71413957,0.09630781,0.71413957,-0.09630781,complex,1
0.152801,0.044217,3.455741,0.00609425127540311,0.0764750213256675,0.9883259271995,0.72059425,0.27940575,2.1153,0.71390877,0.09793028,0.71390877,-0.09793028,complex,1
0.153177,0.044325,3.455746,0.00612439870771571,0.0766635737840328,0.9882684033355,0.7205842,0.2794158,2.1152,0.71367741,0.09952964,0.71367741,-0.09952964,complex,1
0.153552,0.044434,3.455752,0.00615454092156096,0.0768516274931402,0.988210891648,0.72057413,0.27942587,2.1151,0.71344548,0.10110694,0.71344548,-0.10110694,complex,1
0.153927,0.044542,3.455758,0.00618475800508476,0.0770396839254465,0.9881532393355,0.72056402,0.27943598,2.1151,0.713213,0.1026632,0.713213,-0.1026632,complex,1
0.154302,0.044651,3.455763,0.00621504996692088,0.0772277430877209,0.988095446398,0.7205539,0.2794461,2.115,0.71297995,0.10419936,0.71297995,-0.10419936,complex,1
0.154677,0.044759,3.455769,0.00624541681572521,0.0774158049867336,0.9880375128355,0.72054374,0.27945626,2.1149,0.71274634,0.10571629,0.71274634,-0.10571629,complex,1
0.155053,0.044868,3.455775,0.0062759398382958,0.0776043711386428,0.9879792835955,0.72053356,0.27946644,2.1148,0.71251217,0.10721481,0.71251217,-0.10721481,complex,1
0.155428,0.044976,3.45578,0.00630645668684898,0.077792438538789,0.987921068408,0.72052335,0.27947665,2.1147,0.71227744,0.10869566,0.71227744,-0.10869566,complex,1
0.155803,0.045085,3.455786,0.0063370484484937,0.0779805086960073,0.9878627125955,0.72051312,0.27948688,2.1146,0.71204215,0.11015958,0.71204215,-0.11015958,complex,1
0.156178,0.045193,3.455792,0.0063677151319742,0.0781685816170712,0.987804216158,0.72050286,0.27949714,2.1145,0.71180629,0.1116072,0.71180629,-0.1116072,complex,1
0.156553,0.045302,3.455798,0.00639845674605683,0.0783566573087553,0.9877455790955,0.72049257,0.27950743,2.1144,0.71156988,0.11303916,0.71156988,-0.11303916,complex,1
0.156928,0.04541,3.455803,0.00642927329953006,0.0785447357778351,0.987686801408,0.72048225,0.27951775,2.1143,0.7113329,0.11445603,0.7113329,-0.11445603,complex,1
0.157304,0.045519,3.455809,0.00646024727874756,0.0787333185848238,0.987627725792,0.72047192,0.27952808,2.1142,0.71109536,0.11585841,0.71109536,-0.11585841,complex,1
0.157679,0.045627,3.455815,0.00649121393735308,0.0789214026364765,0.9875686664795,0.72046155,0.27953845,2.1141,0.71085726,0.11724674,0.71085726,-0.11724674,complex,1
0.158054,0.045736,3.455821,0.00652225556187095,0.0791094894858745,0.987509466542,0.72045116,0.27954884,2.114,0.7106186,0.11862155,0.7106186,-0.11862155,complex,1
0.158429,0.045844,3.455826,0.00655337216117819,0.0792975791397971,0.9874501259795,0.72044074,0.27955926,2.1139,0.71037938,0.1199833,0.71037938,-0.1199833,complex,1
0.158804,0.045953,3.455832,0.00658456374417399,0.0794856716050241,0.987390644792,0.72043029,0.27956971,2.1139,0.7101396,0.12133243,0.7101396,-0.12133243,complex,1
0.15918,0.046061,3.455838,0.00661591379757938,0.0796742684795321,0.9873308638,0.72041982,0.27958018,2.1138,0.70989925,0.12266933,0.70989925,-0.12266933,complex,1
0.159555,0.04617,3.455844,0.00664725557475455,0.0798623665952534,0.9872711009875,0.72040932,0.27959068,2.1137,0.70965835,0.12399443,0.70965835,-0.12399443,complex,1
0.15993,0.046278,3.45585,0.00667867236247271,0.0800504675426425,0.98721119755,0.7203988,0.2796012,2.1136,0.70941688,0.12530807,0.70941688,-0.12530807,complex,1
0.160305,0.046387,3.455856,0.00671016416972175,0.0802385713284829,0.9871511534875,0.72038824,0.27961176,2.1135,0.70917485,0.1266106,0.70917485,-0.1266106,complex,1
0.16068,0.046495,3.455862,0.00674173100551175,0.0804266779595592,0.9870909688,0.72037766,0.27962234,2.1134,0.70893227,0.12790238,0.70893227,-0.12790238,complex,1
0.161056,0.046604,3.455867,0.00677345735752894,0.0806152890717638,0.987030482432,0.72036706,0.27963294,2.1133,0.70868912,0.1291837,0.70868912,-0.1291837,complex,1
0.161431,0.046712,3.455873,0.00680517447765638,0.0808034014213013,0.9869700161195,0.72035642,0.27964358,2.1132,0.70844541,0.13045489,0.70844541,-0.13045489,complex,1
0.161806,0.04682,3.455879,0.00683696665351247,0.0809915166364518,0.986909409182,0.72034576,0.27965424,2.1131,0.70820114,0.13171623,0.70820114,-0.13171623,complex,1
0.162181,0.046929,3.455885,0.00686883389419617,0.0811796347240033,0.9868486616195,0.72033508,0.27966492,2.113,0.70795631,0.13296801,0.70795631,-0.13296801,complex,1
0.162556,0.047037,3.455891,0.00690077620882869,0.0813677556907449,0.986787773432,0.72032437,0.27967563,2.1129,0.70771092,0.13421046,0.70771092,-0.13421046,complex,1
0.162931,0.047146,3.455897,0.00693279360655344,0.0815558795434666,0.9867267446195,0.72031363,0.27968637,2.1128,0.70746497,0.13544388,0.70746497,-0.13544388,complex,1
0.163307,0.047254,3.455903,0.00696497177690757,0.0817445079641542,0.9866654118755,0.72030286,0.27969714,2.1127,0.70721846,0.13666848,0.70721846,-0.13666848,complex,1
0.163682,0.047363,3.455909,0.00699713956861884,0.0819326376169513,0.986604101438,0.72029207,0.27970793,2.1126,0.70697138,0.13788448,0.70697138,-0.13788448,complex,1
0.164057,0.047471,3.455915,0.00702938247101069,0.0821207701761223,0.9865426503755,0.72028125,0.27971875,2.1125,0.70672375,0.13909214,0.70672375,-0.13909214,complex,1
0.164432,0.04758,3.455921,0.00706170049331559,0.0823089056484609,0.986481058688,0.72027041,0.27972959,2.1124,0.70647556,0.14029164,0.70647556,-0.14029164,complex,1
0.164807,0.047688,3.455927,0.00709409364478833,0.0824970440407619,0.9864193263755,0.72025954,0.27974046,2.1123,0.7062268,0.14148321,0.7062268,-0.14148321,complex,1
0.165183,0.047797,3.455933,0.00712664861727243,0.0826856870739238,0.9863572882555,0.72024864,0.27975136,2.1122,0.70597749,0.14266702,0.70597749,-0.14266702,complex,1
0.165558,0.047905,3.455939,0.00715919225534068,0.0828738313343692,0.986295274318,0.72023771,0.27976229,2.1121,0.70572762,0.14384327,0.70572762,-0.14384327,complex,1
0.165933,0.048014,3.455945,0.00719181105049966,0.0830619785351848,0.9862331197555,0.72022676,0.27977324,2.112,0.70547718,0.14501215,0.70547718,-0.14501215,complex,1
0.166308,0.048122,3.455951,0.00722450501209336,0.083250128683169,0.986170824568,0.72021578,0.27978422,2.1119,0.70522619,0.14617381,0.70522619,-0.14617381,complex,1
0.166683,0.048231,3.455957,0.00725727414948809,0.0834382817851213,0.9861083887555,0.72020477,0.27979523,2.1118,0.70497464,0.14732846,0.70497464,-0.14732846,complex,1
0.167059,0.048339,3.455963,0.00729020615745535,0.0836269396013069,0.9860456452595,0.72019373,0.27980627,2.1117,0.70472252,0.1484762,0.70472252,-0.1484762,complex,1
0.167434,0.048448,3.455969,0.00732312587517191,0.0838150986395201,0.985982927822,0.72018269,0.27981731,2.1116,0.70446986,0.14961726,0.70446986,-0.14961726,complex,1
0.167809,0.048556,3.455975,0.00735612079694756,0.0840032606521234,0.9859200697595,0.7201716,0.2798284,2.1115,0.70421662,0.15075172,0.70421662,-0.15075172,complex,1
0.168184,0.048665,3.455981,0.00738919093223802,0.0841914256459201,0.985857071072,0.72016046,0.27983954,2.1114,0.70396281,0.15187972,0.70396281,-0.15187972,complex,1
0.168559,0.048773,3.455988,0.00742233629052133,0.0843795936277145,0.9857939317595,0.72014933,0.27985067,2.1113,0.70370847,0.15300148,0.70370847,-0.15300148,complex,1
0.168934,0.048882,3.455994,0.00745555688129792,0.0845677646043117,0.985730651822,0.72013817,0.27986183,2.1112,0.70345356,0.15411709,0.70345356,-0.15411709,complex,1
0.16931,0.04899,3.456,0.00748894160357675,0.084756440383812,0.98566706195,0.72012698,0.27987302,2.1111,0.70319809,0.15522666,0.70319809,-0.15522666,complex,1
0.169685,0.049099,3.456006,0.00752231288861424,0.0849446173784657,0.9856035003875,0.72011576,0.27988424,2.111,0.70294206,0.15633034,0.70294206,-0.15633034,complex,1
0.17006,0.049207,3.456012,0.00755575943480605,0.0851327973883616,0.9855397982,0.72010451,0.27989549,2.1109,0.70268546,0.15742822,0.70268546,-0.15742822,complex,1
0.170435,0.049315,3.456018,0.0075892812517422,0.0853209804203089,0.9854759553875,0.72009323,0.27990677,2.1108,0.70242831,0.15852045,0.70242831,-0.15852045,complex,1
0.17081,0.049424,3.456025,0.00762287834903508,0.0855091664811175,0.98541197195,0.72008193,0.27991807,2.1107,0.7021706,0.15960714,0.7021706,-0.15960714,complex,1
0.171186,0.049532,3.456031,0.00765664063001525,0.0856978574192535,0.985347676702,0.7200706,0.2799294,2.1106,0.70191232,0.16068837,0.70191232,-0.16068837,complex,1
0.171561,0.049641,3.456037,0.00769038851776049,0.0858860495663412,0.9852834116395,0.72005926,0.27994074,2.1105,0.70165351,0.1617643,0.70165351,-0.1617643,complex,1
0.171936,0.049749,3.456043,0.00772421171486006,0.0860742447627443,0.985219005952,0.72004786,0.27995214,2.1104,0.70139411,0.16283496,0.70139411,-0.16283496,complex,1
0.172311,0.049858,3.456049,0.0077581102310161,0.0862624430152767,0.9851544596395,0.72003645,0.27996355,2.1103,0.70113416,0.16390051,0.70113416,-0.16390051,complex,1
0.172686,0.049966,3.456056,0.00779208407595325,0.0864506443307535,0.985089772702,0.72002501,0.27997499,2.1102,0.70087365,0.16496101,0.70087365,-0.16496101,complex,1
0.173062,0.050075,3.456062,0.00782622415796908,0.0866393505984611,0.985024772078,0.72001355,0.27998645,2.1101,0.70061258,0.1660166,0.70061258,-0.1660166,complex,1
0.173437,0.050183,3.456068,0.00786034889067396,0.0868275580684886,0.9849598035155,0.72000208,0.27999792,2.11,0.70035098,0.16706736,0.70035098,-0.16706736,complex,1
0.173812,0.050292,3.456074,0.00789454898149467,0.0870157686219293,0.984894694328,0.71999055,0.28000945,2.1099,0.70008878,0.16811331,0.70008878,-0.16811331,complex,1
0.174187,0.0504,3.456081,0.00792882444024576,0.0872039822656021,0.9848294445155,0.719979,0.280021,2.1098,0.69982604,0.1691546,0.69982604,-0.1691546,complex,1
0.174562,0.050509,3.456087,0.00796317527676425,0.087392199006327,0.984764054078,0.71996742,0.28003258,2.1097,0.69956273,0.17019127,0.69956273,-0.17019127,complex,1
0.174937,0.050617,3.456093,0.00799760150090966,0.0875804188509248,0.9846985230155,0.71995583,0.28004417,2.1096,0.69929888,0.17122347,0.69929888,-0.17122347,complex,1
0.175313,0.050726,3.4561,0.00803219522769536,0.087769143738263,0.9846326760155,0.71994421,0.28005579,2.1095,0.69903446,0.17225123,0.69903446,-0.17225123,complex,1
0.175688,0.050834,3.456106,0.00806677245786292,0.0879573698193959,0.984566863328,0.71993254,0.28006746,2.1094,0.69876947,0.17327461,0.69876947,-0.17327461,complex,1
0.176063,0.050943,3.456112,0.00810142510539753,0.0881455990248886,0.9845009100155,0.71992085,0.28007915,2.1093,0.69850393,0.17429369,0.69850393,-0.17429369,complex,1
0.176438,0.051051,3.456119,0.00813615318024886,0.0883338313615661,0.984434816078,0.71990915,0.28009085,2.1092,0.69823784,0.17530861,0.69823784,-0.17530861,complex,1
0.176813,0.051159,3.456125,0.0081709566923891,0.0885220668362544,0.9843685815155,0.71989742,0.28010258,2.1091,0.69797119,0.17631936,0.69797119,-0.17631936,complex,1
0.177189,0.051268,3.456131,0.00820592876324503,0.0887108074296428,0.9843020291395,0.71988567,0.28011433,2.109,0.69770398,0.17732606,0.69770398,-0.17732606,complex,1
0.177564,0.051376,3.456138,0.00824088338120275,0.0888990492092479,0.984235512952,0.71987385,0.28012615,2.1089,0.69743619,0.1783287,0.69743619,-0.1783287,complex,1
0.177939,0.051485,3.456144,0.00827591346652809,0.0890872941473659,0.9841688561395,0.71986205,0.28013795,2.1088,0.69716787,0.17932744,0.69716787,-0.17932744,complex,1
0.178314,0.051593,3.456151,0.00831101902928355,0.0892755422508267,0.984102058702,0.7198502,0.2801498,2.1087,0.69689898,0.18032229,0.69689898,-0.18032229,complex,1
0.178689,0.051702,3.456157,0.00834620007955422,0.0894637935264613,0.9840351206395,0.71983833,0.28016167,2.1086,0.69662953,0.18131332,0.69662953,-0.18131332,complex,1
0.179065,0.05181,3.456164,0.00838155074584978,0.0896525499972371,0.9839678628875,0.71982643,0.28017357,2.1085,0.69635953,0.18230058,0.69635953,-0.18230058,complex,1
0.17944,0.051919,3.45617,0.00841688300286404,0.0898408076462214,0.9839006432,0.71981453,0.28018547,2.1084,0.69608898,0.18328418,0.69608898,-0.18328418,complex,1
0.179815,0.052027,3.456176,0.00845229077781144,0.0900290684878971,0.9838332828875,0.71980255,0.28019745,2.1083,0.69581784,0.18426407,0.69581784,-0.18426407,complex,1
0.18019,0.052136,3.456183,0.00848777408086755,0.0902173325290993,0.98376578195,0.71979059,0.28020941,2.1081,0.69554618,0.18524042,0.69554618,-0.18524042,complex,1
0.180565,0.052244,3.456189,0.00852333292223055,0.0904055997766643,0.9836981403875,0.71977859,0.28022141,2.108,0.69527395,0.18621322,0.69527395,-0.18621322,complex,1
0.18094,0.052352,3.456196,0.00855896731212128,0.0905938702374291,0.9836303582,0.71976656,0.28023344,2.1079,0.69500115,0.18718254,0.69500115,-0.18718254,complex,1
0.181316,0.052461,3.456202,0.0085947725883358,0.0907826459856918,0.983562254072,0.71975448,0.28024552,2.1078,0.69472778,0.18814838,0.69472778,-0.18814838,complex,1
0.181691,0.052569,3.456209,0.00863055830756622,0.0909709229019865,0.9834941902595,0.71974237,0.28025763,2.1077,0.69445386,0.18911086,0.69445386,-0.18911086,complex,1
0.182066,0.052678,3.456215,0.00866641960615022,0.0911592030520171,0.983425985822,0.71973027,0.28026973,2.1076,0.6941794,0.19007004,0.6941794,-0.19007004,complex,1
0.182441,0.052786,3.456222,0.00870235649439931,0.0913474864426253,0.9833576407595,0.71971814,0.28028186,2.1075,0.69390438,0.19102593,0.69390438,-0.19102593,complex,1
0.182816,0.052895,3.456229,0.0087383689826477,0.0915357730806533,0.983289155072,0.71970595,0.28029405,2.1074,0.69362879,0.19197854,0.69362879,-0.19197854,complex,1
0.183192,0.053003,3.456235,0.0087745534172738,0.0917245650836809,0.983220345568,0.71969376,0.28030624,2.1073,0.69335265,0.19292799,0.69335265,-0.19292799,complex,1
0.183567,0.053112,3.456242,0.00881071733828337,0.0919128582457857,0.9831515782555,0.71968153,0.28031847,2.1072,0.69307595,0.19387427,0.69307595,-0.19387427,complex,1
0.183942,0.05322,3.456248,0.00884695689045878,0.0921011546758623,0.983082670318,0.71966928,0.28033072,2.1071,0.69279869,0.19481745,0.69279869,-0.19481745,complex,1
0.184317,0.053329,3.456255,0.00888327208422513,0.0922894543807573,0.9830136217555,0.71965699,0.28034301,2.107,0.69252088,0.19575756,0.69252088,-0.19575756,complex,1
0.184692,0.053437,3.456262,0.0089196629300302,0.0924777573673185,0.982944432568,0.71964468,0.28035532,2.1068,0.69224251,0.19669465,0.69224251,-0.19669465,complex,1
0.185068,0.053545,3.456268,0.00895622678352846,0.0926665657968641,0.982874917688,0.71963235,0.28036765,2.1067,0.69196358,0.19762875,0.69196358,-0.19762875,complex,1
0.185443,0.053654,3.456275,0.00899276916665408,0.0928548753761018,0.9828054468755,0.71961998,0.28038002,2.1066,0.69168409,0.19855992,0.69168409,-0.19855992,complex,1
0.185818,0.053762,3.456281,0.00902938723332638,0.0930431882575736,0.982735835438,0.71960759,0.28039241,2.1065,0.69140405,0.19948818,0.69140405,-0.19948818,complex,1
0.186193,0.053871,3.456288,0.0090660809940842,0.0932315044481313,0.9826660833755,0.71959517,0.28040483,2.1064,0.69112344,0.20041356,0.69112344,-0.20041356,complex,1
0.186568,0.053979,3.456295,0.00910285045948917,0.0934198239546281,0.982596190688,0.71958273,0.28041727,2.1063,0.69084229,0.20133612,0.69084229,-0.20133612,complex,1
0.186943,0.054088,3.456301,0.00913969564012572,0.0936081467839181,0.9825261573755,0.71957025,0.28042975,2.1062,0.69056057,0.20225589,0.69056057,-0.20225589,complex,1
0.187319,0.054196,3.456308,0.00917671510359816,0.0937969751504044,0.9824557961195,0.71955775,0.28044225,2.1061,0.6902783,0.20317289,0.6902783,-0.20317289,complex,1
0.187694,0.054305,3.456315,0.00921371194852041,0.0939853046547539,0.982385481182,0.71954522,0.28045478,2.106,0.68999547,0.20408717,0.68999547,-0.20408717,complex,1
0.188069,0.054413,3.456321,0.00925078454059269,0.0941736375024837,0.9823150256195,0.71953266,0.28046734,2.1058,0.68971208,0.20499877,0.68971208,-0.20499877,complex,1
0.188444,0.054522,3.456328,0.0092879328904907,0.0943619737004522,0.982244429432,0.71952008,0.28047992,2.1057,0.68942814,0.2059077,0.68942814,-0.2059077,complex,1
0.188819,0.05463,3.456335,0.00932515700891295,0.0945503132555191,0.9821736926195,0.71950747,0.28049253,2.1056,0.68914364,0.20681401,0.68914364,-0.20681401,complex,1
0.189195,0.054738,3.456342,0.0093625564742926,0.0947391584268324,0.9821026259875,0.71949483,0.28050517,2.1055,0.68885859,0.20771773,0.68885859,-0.20771773,complex,1
0.18957,0.054847,3.456348,0.00939993236407127,0.0949275047256768,0.98203160755,0.71948216,0.28051784,2.1054,0.68857298,0.20861888,0.68857298,-0.20861888,complex,1
0.189945,0.054955,3.456355,0.00943738405463556,0.0951158544022231,0.9819604484875,0.71946946,0.28053054,2.1053,0.68828681,0.2095175,0.68828681,-0.2095175,complex,1
0.19032,0.055064,3.456362,0.00947491155677543,0.095304207463335,0.9818891488,0.71945674,0.28054326,2.1052,0.68800008,0.21041362,0.68800008,-0.21041362,complex,1
0.190695,0.055172,3.456369,0.00951251488130376,0.0954925639158775,0.9818177084875,0.71944399,0.28055601,2.1051,0.6877128,0.21130727,0.6877128,-0.21130727,complex,1
0.191071,0.055281,3.456375,0.00955029461820058,0.0956814260642017,0.9817459364795,0.71943121,0.28056879,2.1049,0.68742496,0.21219848,0.68742496,-0.21219848,complex,1
0.191446,0.055389,3.456382,0.00958804982230137,0.0958697893292947,0.981674214542,0.71941841,0.28058159,2.1048,0.68713656,0.21308727,0.68713656,-0.21308727,complex,1
0.191821,0.055497,3.456389,0.00962588088139558,0.0960581560064382,0.9816023519795,0.71940557,0.28059443,2.1047,0.68684761,0.21397367,0.68684761,-0.21397367,complex,1
0.192196,0.055606,3.456396,0.00966378780638773,0.0962465261025017,0.981530348792,0.71939271,0.28060729,2.1046,0.68655811,0.21485772,0.68655811,-0.21485772,complex,1
0.192571,0.055714,3.456403,0.00970177060820527,0.0964348996243558,0.9814582049795,0.71937982,0.28062018,2.1045,0.68626804,0.21573942,0.68626804,-0.21573942,complex,1
0.192946,0.055823,3.45641,0.00973982929779855,0.0966232765788721,0.981385920542,0.7193669,0.2806331,2.1044,0.68597742,0.21661882,0.68597742,-0.21661882,complex,1
0.193322,0.055931,3.456416,0.00977806567985448,0.0968121593252452,0.981313302158,0.71935396,0.28064604,2.1043,0.68568625,0.21749595,0.68568625,-0.21749595,complex,1
0.193697,0.05604,3.456423,0.00981627638038285,0.0970005431749048,0.9812407360955,0.71934098,0.28065902,2.1041,0.68539452,0.2183708,0.68539452,-0.2183708,complex,1
0.194072,0.056148,3.45643,0.00985456300170518,0.0971889304778665,0.981168029408,0.71932798,0.28067202,2.104,0.68510223,0.21924344,0.68510223,-0.21924344,complex,1
0.194447,0.056257,3.456437,0.00989292555486373,0.0973773212410065,0.9810951820955,0.71931495,0.28068505,2.1039,0.68480938,0.22011386,0.68480938,-0.22011386,complex,1
0.194822,0.056365,3.456444,0.00993136405092372,0.0975657154712019,0.981022194158,0.7193019,0.2806981,2.1038,0.68451599,0.22098208,0.68451599,-0.22098208,complex,1
0.195198,0.056473,3.456451,0.00996998130772548,0.0977546155738592,0.980948870398,0.71928881,0.28071119,2.1037,0.68422203,0.22184816,0.68422203,-0.22184816,complex,1
0.195573,0.056582,3.456458,0.0100085719254645,0.0979430167680931,0.9808756008355,0.7192757,0.2807243,2.1036,0.68392752,0.2227121,0.68392752,-0.2227121,complex,1
0.195948,0.05669,3.456465,0.0100472385194684,0.0981314214500392,0.980802190648,0.71926256,0.28073744,2.1034,0.68363246,0.2235739,0.68363246,-0.2235739,complex,1
0.196323,0.056799,3.456472,0.0100859811008945,0.0983198296265793,0.9807286398355,0.71924939,0.28075061,2.1033,0.68333684,0.22443364,0.68333684,-0.22443364,complex,1
0.196698,0.056907,3.456479,0.010124799680923,0.0985082413045964,0.980654948398,0.71923619,0.28076381,2.1032,0.68304066,0.22529129,0.68304066,-0.22529129,complex,1
0.197074,0.057016,3.456486,0.0101637980912904,0.0986971589361677,0.980580919262,0.71922297,0.28077703,2.1031,0.68274393,0.22614688,0.68274393,-0.22614688,complex,1
0.197449,0.057124,3.456493,0.0102027689048949,0.0988855776471749,0.9805069461995,0.71920972,0.28079028,2.103,0.68244664,0.22700044,0.68244664,-0.22700044,complex,1
0.197824,0.057232,3.4565,0.0102418157508113,0.0990739998803328,0.980432832512,0.71919644,0.28080356,2.1029,0.6821488,0.227852,0.6821488,-0.227852,complex,1
0.198199,0.057341,3.456507,0.0102809386403121,0.0992624256425289,0.9803585781995,0.71918313,0.28081687,2.1027,0.6818504,0.22870156,0.6818504,-0.22870156,complex,1
0.198574,0.057449,3.456514,0.010320137584693,0.0994508549406518,0.980284183262,0.71916979,0.28083021,2.1026,0.68155145,0.22954917,0.68155145,-0.22954917,complex,1
0.198949,0.057558,3.456521,0.0103594125952729,0.0996392877815911,0.9802096476995,0.71915643,0.28084357,2.1025,0.68125194,0.2303948,0.68125194,-0.2303948,complex,1
0.199325,0.057666,3.456528,0.0103988687213459,0.0998282266740313,0.9801347721875,0.71914304,0.28085696,2.1024,0.68095187,0.23123852,0.68095187,-0.23123852,complex,1
0.1997,0.057775,3.456535,0.0104382961012914,0.100016666630771,0.980059955,0.71912962,0.28087038,2.1023,0.68065126,0.2320803,0.68065126,-0.2320803,complex,1
0.200075,0.057883,3.456542,0.0104777995815611,0.100205110151022,0.9799849971875,0.71911617,0.28088383,2.1022,0.68035009,0.23292021,0.68035009,-0.23292021,complex,1
0.20045,0.057991,3.456549,0.0105173791735664,0.100393557241678,0.97990989875,0.71910269,0.28089731,2.102,0.68004836,0.23375823,0.68004836,-0.23375823,complex,1
0.200825,0.0581,3.456556,0.0105570348887417,0.100582007909635,0.9798346596875,0.71908919,0.28091081,2.1019,0.67974608,0.23459439,0.67974608,-0.23459439,complex,1
0.201201,0.058208,3.456563,0.0105968727919379,0.10077096471126,0.9797590787995,0.71907565,0.28092435,2.1018,0.67944324,0.2354287,0.67944324,-0.2354287,complex,1
0.201576,0.058317,3.45657,0.0106366809909209,0.100959422564095,0.979683558112,0.71906209,0.28093791,2.1017,0.67913985,0.2362612,0.67913985,-0.2362612,complex,1
0.201951,0.058425,3.456577,0.0106765653475468,0.101147884014944,0.9796078967995,0.7190485,0.2809515,2.1016,0.6788359,0.23709188,0.6788359,-0.23709188,complex,1
0.202326,0.058534,3.456584,0.0107165258733428,0.101336349070705,0.979532094862,0.71903488,0.28096512,2.1014,0.6785314,0.23792077,0.6785314,-0.23792077,complex,1
0.202701,0.058642,3.456591,0.0107565625798592,0.101524817738281,0.9794561522995,0.71902124,0.28097876,2.1013,0.67822635,0.2387479,0.67822635,-0.2387479,complex,1
0.203077,0.05875,3.456598,0.0107967825482708,0.101713792622182,0.9793798660355,0.71900756,0.28099244,2.1012,0.67792074,0.23957326,0.67792074,-0.23957326,complex,1
0.203452,0.058859,3.456606,0.0108369718541978,0.101902268543773,0.979303641848,0.71899386,0.28100614,2.1011,0.67761458,0.24039686,0.67761458,-0.24039686,complex,1
0.203827,0.058967,3.456613,0.0108772373756665,0.102090748097908,0.9792272770355,0.71898013,0.28101987,2.1009,0.67730786,0.24121875,0.67730786,-0.24121875,complex,1
0.204202,0.059076,3.45662,0.0109175791243201,0.102279231291493,0.979150771598,0.71896637,0.28103363,2.1008,0.67700059,0.24203893,0.67700059,-0.24203893,complex,1
0.204577,0.059184,3.456627,0.0109579971118252,0.102467718131435,0.9790741255355,0.71895258,0.28104742,2.1007,0.67669277,0.2428574,0.67669277,-0.2428574,complex,1
0.204952,0.059292,3.456634,0.0109984913498715,0.102656208624644,0.978997338848,0.71893877,0.28106123,2.1006,0.67638439,0.24367419,0.67638439,-0.24367419,complex,1
0.205328,0.059401,3.456641,0.0110391701401373,0.102845205434002,0.978920206208,0.71892492,0.28107508,2.1005,0.67607545,0.24448932,0.67607545,-0.24448932,complex,1
0.205703,0.059509,3.456649,0.0110798171178412,0.10303370326426,0.9788431378955,0.71891105,0.28108895,2.1003,0.67576597,0.24530279,0.67576597,-0.24530279,complex,1
0.206078,0.059618,3.456656,0.0111205403813264,0.103222204768535,0.978765928958,0.71889715,0.28110285,2.1002,0.67545593,0.24611462,0.67545593,-0.24611462,complex,1
0.206453,0.059726,3.456663,0.011161339942376,0.10341070995374,0.9786885793955,0.71888322,0.28111678,2.1001,0.67514533,0.24692482,0.67514533,-0.24692482,complex,1
0.206828,0.059835,3.45667,0.011202215812796,0.103599218826789,0.978611089208,0.71886926,0.28113074,2.1,0.67483419,0.2477334,0.67483419,-0.2477334,complex,1
0.207204,0.059943,3.456677,0.0112432773123039,0.103788234099724,0.978533251192,0.71885528,0.28114472,2.0998,0.67452248,0.2485404,0.67452248,-0.2485404,complex,1
0.207579,0.060051,3.456685,0.0112843060405475,0.10397675037909,0.9784554793795,0.71884126,0.28115874,2.0997,0.67421023,0.2493458,0.67421023,-0.2493458,complex,1
0.207954,0.06016,3.456692,0.0113254111137517,0.10416527036707,0.978377566942,0.71882722,0.28117278,2.0996,0.67389742,0.25014964,0.67389742,-0.25014964,complex,1
0.208329,0.060268,3.456699,0.0113665925438163,0.104353794070582,0.9782995138795,0.71881315,0.28118685,2.0995,0.67358406,0.2509519,0.67358406,-0.2509519,complex,1
0.208704,0.060377,3.456707,0.0114078503426641,0.104542321496546,0.978221320192,0.71879905,0.28120095,2.0993,0.67327014,0.25175263,0.67327014,-0.25175263,complex,1
0.20908,0.060485,3.456714,0.0114492948488434,0.104731355406625,0.9781427768,0.71878492,0.28121508,2.0992,0.67295568,0.25255181,0.67295568,-0.25255181,complex,1
0.209455,0.060593,3.456721,0.0114907056248498,0.104919890308235,0.9780643014875,0.71877077,0.28122923,2.0991,0.67264066,0.25334949,0.67264066,-0.25334949,complex,1
0.20983,0.060702,3.456728,0.0115321928055804,0.105108428953085,0.97798568555,0.71875658,0.28124342,2.099,0.67232508,0.25414564,0.67232508,-0.25414564,complex,1
0.210205,0.06081,3.456736,0.0115737564030517,0.1052969713481,0.9779069289875,0.71874237,0.28125763,2.0988,0.67200896,0.25494029,0.67200896,-0.25494029,complex,1
0.21058,0.060919,3.456743,0.0116153964293037,0.105485517500207,0.9778280318,0.71872812,0.28127188,2.0987,0.67169228,0.25573345,0.67169228,-0.25573345,complex,1
0.210955,0.061027,3.45675,0.0116571128963997,0.105674067416333,0.9777489939875,0.71871385,0.28128615,2.0986,0.67137505,0.25652515,0.67137505,-0.25652515,complex,1
0.211331,0.061136,3.456758,0.0116990173664331,0.105863123918288,0.9776696042195,0.71869955,0.28130045,2.0985,0.67105726,0.25731538,0.67105726,-0.25731538,complex,1
0.211706,0.061244,3.456765,0.0117408869554239,0.106051681393326,0.977590284782,0.71868522,0.28131478,2.0983,0.67073892,0.25810415,0.67073892,-0.25810415,complex,1
0.212081,0.061352,3.456772,0.0117828330216216,0.106240242653192,0.9775108247195,0.71867087,0.28132913,2.0982,0.67042003,0.25889148,0.67042003,-0.25889148,complex,1
0.212456,0.061461,3.45678,0.0118248555771834,0.10642880770482,0.977431224032,0.71865648,0.28134352,2.0981,0.67010059,0.25967738,0.67010059,-0.25967738,complex,1
0.212831,0.061569,3.456787,0.0118669546342901,0.106617376555144,0.9773514827195,0.71864207,0.28135793,2.098,0.66978059,0.26046186,0.66978059,-0.26046186,complex,1
0.213207,0.061678,3.456795,0.011909242775636,0.106806452076608,0.9772713875755,0.71862763,0.28137237,2.0978,0.66946005,0.26124493,0.66946005,-0.26124493,complex,1
0.213582,0.061786,3.456802,0.0119514950765537,0.106995028555305,0.977191364638,0.71861315,0.28138685,2.0977,0.66913894,0.2620266,0.66913894,-0.2620266,complex,1
0.213957,0.061894,3.456809,0.0119938239157318,0.107183608853525,0.9771112010755,0.71859865,0.28140135,2.0976,0.66881729,0.26280688,0.66881729,-0.26280688,complex,1
0.214332,0.062003,3.456817,0.012036229305445,0.107372192978207,0.977030896888,0.71858413,0.28141587,2.0974,0.66849509,0.26358578,0.66849509,-0.26358578,complex,1
0.214707,0.062111,3.456824,0.0120787112579914,0.107560780936292,0.9769504520755,0.71856957,0.28143043,2.0973,0.66817233,0.26436331,0.66817233,-0.26436331,complex,1
0.215083,0.06222,3.456832,0.0121213833774835,0.107749875651322,0.9768696515555,0.71855498,0.28144502,2.0972,0.66784902,0.26513949,0.66784902,-0.26513949,complex,1
0.215458,0.062328,3.456839,0.0121640186969351,0.107938471307305,0.976788925118,0.71854037,0.28145963,2.0971,0.66752516,0.2659143,0.66752516,-0.2659143,complex,1
0.215833,0.062436,3.456847,0.0122067306162889,0.108127070817537,0.9767080580555,0.71852572,0.28147428,2.0969,0.66720075,0.26668779,0.66720075,-0.26668779,complex,1
0.216208,0.062545,3.456854,0.0122495191479373,0.108315674188963,0.976627050368,0.71851105,0.28148895,2.0968,0.66687578,0.26745994,0.66687578,-0.26745994,complex,1
0.216583,0.062653,3.456862,0.0122923843042964,0.108504281428528,0.9765459020555,0.71849635,0.28150365,2.0967,0.66655027,0.26823076,0.66655027,-0.26823076,complex,1
0.216958,0.062762,3.456869,0.0123353260978059,0.108692892543182,0.976464613118,0.71848162,0.28151838,2.0965,0.6662242,0.26900027,0.6662242,-0.26900027,complex,1
0.217334,0.06287,3.456877,0.0123784593592604,0.108882010518393,0.976382966222,0.71846686,0.28153314,2.0964,0.66589758,0.26976849,0.66589758,-0.26976849,complex,1
0.217709,0.062978,3.456884,0.012421554668933,0.109070629414451,0.9763013956595,0.71845207,0.28154793,2.0963,0.66557041,0.2705354,0.66557041,-0.2705354,complex,1
0.218084,0.063087,3.456892,0.0124647266532499,0.109259252206465,0.976219684472,0.71843725,0.28156275,2.0961,0.66524269,0.27130103,0.66524269,-0.27130103,complex,1
0.218459,0.063195,3.456899,0.0125079753247454,0.10944787890139,0.9761378326595,0.71842241,0.28157759,2.096,0.66491442,0.27206538,0.66491442,-0.27206538,complex,1
0.218834,0.063304,3.456907,0.0125513006959772,0.109636509506178,0.976055840222,0.71840753,0.28159247,2.0959,0.66458559,0.27282847,0.66458559,-0.27282847,complex,1
0.21921,0.063412,3.456914,0.0125948186209834,0.10982564705842,0.97597348795,0.71839263,0.28160737,2.0958,0.66425622,0.27359029,0.66425622,-0.27359029,complex,1
0.219585,0.06352,3.456922,0.0126382976340728,0.110014285514276,0.9758912138875,0.71837769,0.28162231,2.0956,0.66392629,0.27435085,0.66392629,-0.27435085,complex,1
0.21996,0.063629,3.456929,0.0126818533847477,0.110202927900885,0.9758087992,0.71836273,0.28163727,2.0955,0.66359581,0.27511018,0.66359581,-0.27511018,complex,1
0.220335,0.063737,3.456937,0.0127254858856608,0.110391574225205,0.9757262438875,0.71834774,0.28165226,2.0954,0.66326478,0.27586827,0.66326478,-0.27586827,complex,1
0.22071,0.063845,3.456945,0.0127691951494882,0.110580224494197,0.97564354795,0.71833272,0.28166728,2.0952,0.6629332,0.27662514,0.6629332,-0.27662514,complex,1
0.221086,0.063954,3.456952,0.0128130980543538,0.110769381798034,0.975560490302,0.71831767,0.28168233,2.0951,0.66260108,0.27738078,0.66260108,-0.27738078,complex,1
0.221461,0.064062,3.45696,0.0128569610869197,0.110958039987822,0.9754775127395,0.7183026,0.2816974,2.095,0.66226839,0.27813521,0.66226839,-0.27813521,complex,1
0.221836,0.064171,3.456967,0.0129009009206052,0.11114670214319,0.975394394552,0.71828749,0.28171251,2.0948,0.66193516,0.27888843,0.66193516,-0.27888843,complex,1
0.222211,0.064279,3.456975,0.0129449175681817,0.111335368271103,0.9753111357395,0.71827235,0.28172765,2.0947,0.66160138,0.27964046,0.66160138,-0.27964046,complex,1
0.222586,0.064387,3.456983,0.012989011042444,0.111524038378528,0.975227736302,0.71825719,0.28174281,2.0946,0.66126705,0.2803913,0.66126705,-0.2803913,complex,1
0.222961,0.064496,3.45699,0.0130331813562109,0.111712712472434,0.9751441962395,0.71824199,0.28175801,2.0944,0.66093216,0.28114095,0.66093216,-0.28114095,complex,1
0.223337,0.064604,3.456998,0.0130775466175227,0.1119018937067,0.9750602922155,0.71822677,0.28177323,2.0943,0.66059673,0.28188942,0.66059673,-0.28188942,complex,1
0.223712,0.064713,3.457006,0.0131218708538416,0.112090575805154,0.974976470528,0.71821151,0.28178849,2.0942,0.66026075,0.28263674,0.66026075,-0.28263674,complex,1
0.224087,0.064821,3.457013,0.0131662719682988,0.112279261911019,0.9748925082155,0.71819623,0.28180377,2.094,0.65992422,0.28338289,0.65992422,-0.28338289,complex,1
0.224462,0.064929,3.457021,0.0132107499738081,0.112467952031269,0.974808405278,0.71818092,0.28181908,2.0939,0.65958713,0.28412788,0.65958713,-0.28412788,complex,1
0.224837,0.065038,3.457029,0.0132553048833076,0.112656646172879,0.9747241617155,0.71816558,0.28183442,2.0938,0.6592495,0.28487173,0.6592495,-0.28487173,complex,1
0.225213,0.065146,3.457036,0.0133000558308037,0.112845847543336,0.9746395523155,0.71815021,0.28184979,2.0936,0.65891131,0.28561444,0.65891131,-0.28561444,complex,1
0.225588,0.065255,3.457044,0.0133447647923561,0.113034549759365,0.974555027128,0.71813481,0.28186519,2.0935,0.65857258,0.28635602,0.65857258,-0.28635602,complex,1
0.225963,0.065363,3.457052,0.01338955069689,0.113223256017705,0.9744703613155,0.71811938,0.28188062,2.0933,0.6582333,0.28709646,0.6582333,-0.28709646,complex,1
0.226338,0.065471,3.45706,0.0134344135574387,0.113411966325336,0.974385554878,0.71810393,0.28189607,2.0932,0.65789346,0.28783579,0.65789346,-0.28783579,complex,1
0.226713,0.06558,3.457067,0.0134793533870595,0.113600680689238,0.9743006078155,0.71808844,0.28191156,2.0931,0.65755308,0.288574,0.65755308,-0.288574,complex,1
0.227089,0.065688,3.457075,0.0135244903465931,0.113789902370973,0.9742152930395,0.71807292,0.28192708,2.0929,0.65721215,0.2893111,0.65721215,-0.2893111,complex,1
0.227464,0.065796,3.457083,0.0135695843589634,0.113978624879233,0.974130064352,0.71805738,0.28194262,2.0928,0.65687067,0.29004711,0.65687067,-0.29004711,complex,1
0.227839,0.065905,3.457091,0.013614755379756,0.114167351464736,0.9740446950395,0.7180418,0.2819582,2.0927,0.65652864,0.29078202,0.65652864,-0.29078202,complex,1
0.228214,0.066013,3.457098,0.0136600034221237,0.114356082134468,0.973959185102,0.7180262,0.2819738,2.0925,0.65618606,0.29151584,0.65618606,-0.29151584,complex,1
0.228589,0.066122,3.457106,0.0137053284992434,0.114544816895417,0.9738735345395,0.71801057,0.28198943,2.0924,0.65584293,0.29224857,0.65584293,-0.29224857,complex,1
0.228964,0.06623,3.457114,0.0137507306243159,0.114733555754574,0.973787743352,0.7179949,0.2820051,2.0922,0.65549925,0.29298023,0.65549925,-0.29298023,complex,1
0.22934,0.066338,3.457122,0.0137963311914302,0.114922802038995,0.9737015822,0.71797921,0.28202079,2.0921,0.65515502,0.29371082,0.65515502,-0.29371082,complex,1
0.229715,0.066447,3.45713,0.0138418876576564,0.115111549126515,0.9736155093875,0.71796349,0.28203651,2.092,0.65481025,0.29444034,0.65481025,-0.29444034,complex,1
0.23009,0.066555,3.457137,0.0138875212116172,0.115300300333236,0.97352929595,0.71794774,0.28205226,2.0918,0.65446492,0.2951688,0.65446492,-0.2951688,complex,1
0.230465,0.066663,3.457145,0.0139332318666094,0.115489055666155,0.9734429418875,0.71793196,0.28206804,2.0917,0.65411905,0.29589621,0.65411905,-0.29589621,complex,1
0.23084,0.066772,3.457153,0.013979019635954,0.115677815132266,0.9733564472,0.71791615,0.28208385,2.0916,0.65377263,0.29662257,0.65377263,-0.29662257,complex,1
0.231216,0.06688,3.457161,0.0140250069425109,0.115867082113725,0.973269580672,0.71790031,0.28209969,2.0914,0.65342566,0.29734788,0.65342566,-0.29734788,complex,1
0.231591,0.066989,3.457169,0.0140709491863461,0.116055849878285,0.9731828043595,0.71788444,0.28211556,2.0913,0.65307814,0.29807216,0.65307814,-0.29807216,complex,1
0.231966,0.067097,3.457177,0.0141169685846761,0.116244621797052,0.973095887422,0.71786854,0.28213146,2.0911,0.65273007,0.29879541,0.65273007,-0.29879541,complex,1
0.232341,0.067205,3.457184,0.0141630651509179,0.116433397877029,0.9730088298595,0.71785261,0.28214739,2.091,0.65238145,0.29951763,0.65238145,-0.29951763,complex,1
0.232716,0.067314,3.457192,0.0142092388985127,0.116622178125219,0.972921631672,0.71783665,0.28216335,2.0909,0.65203229,0.30023883,0.65203229,-0.30023883,complex,1
0.233092,0.067422,3.4572,0.0142556132799851,0.116811465979343,0.972834059768,0.71782067,0.28217933,2.0907,0.65168258,0.30095902,0.65168258,-0.30095902,complex,1
0.233467,0.06753,3.457208,0.0143019416366125,0.117000254596134,0.9727465799555,0.71780465,0.28219535,2.0906,0.65133232,0.30167819,0.65133232,-0.30167819,complex,1
0.233842,0.067639,3.457216,0.014348347215097,0.117189047402174,0.972658959518,0.7177886,0.2822114,2.0904,0.65098151,0.30239635,0.65098151,-0.30239635,complex,1
0.234217,0.067747,3.457224,0.0143948300289761,0.11737784440447,0.9725711984555,0.71777252,0.28222748,2.0903,0.65063015,0.30311351,0.65063015,-0.30311351,complex,1
0.234592,0.067856,3.457232,0.0144413900918117,0.117566645610033,0.972483296768,0.71775642,0.28224358,2.0902,0.65027825,0.30382969,0.65027825,-0.30382969,complex,1
0.234967,0.067964,3.45724,0.0144880274171895,0.117755451025874,0.9723952544555,0.71774028,0.28225972,2.09,0.64992579,0.30454487,0.64992579,-0.30454487,complex,1
0.235343,0.068072,3.457248,0.0145348666943122,0.117944764157005,0.9723068361755,0.71772412,0.28227588,2.0899,0.6495728,0.30525906,0.6495728,-0.30525906,complex,1
0.235718,0.068181,3.457256,0.0145816587917533,0.118133578025714,0.972218512238,0.71770792,0.28229208,2.0897,0.64921925,0.30597227,0.64921925,-0.30597227,complex,1
0.236093,0.068289,3.457264,0.0146285281926758,0.118322396125762,0.9721300476755,0.7176917,0.2823083,2.0896,0.64886515,0.3066845,0.64886515,-0.3066845,complex,1
0.236468,0.068397,3.457272,0.0146754749107624,0.118511218464165,0.972041442488,0.71767544,0.28232456,2.0894,0.64851051,0.30739576,0.64851051,-0.30739576,complex,1
0.236843,0.068506,3.45728,0.0147224989597198,0.118700045047942,0.9719526966755,0.71765916,0.28234084,2.0893,0.64815532,0.30810606,0.64815532,-0.30810606,complex,1
0.237219,0.068614,3.457288,0.0147697260604089,0.118889379438698,0.9718635730195,0.71764284,0.28235716,2.0892,0.64779959,0.30881539,0.64779959,-0.30881539,complex,1
0.237594,0.068722,3.457296,0.014816905018633,0.119078214545649,0.971774545582,0.7176265,0.2823735,2.089,0.6474433,0.30952377,0.6474433,-0.30952377,complex,1
0.237969,0.068831,3.457304,0.0148641613490308,0.119267053919054,0.9716853775195,0.71761012,0.28238988,2.0889,0.64708647,0.31023119,0.64708647,-0.31023119,complex,1
0.238344,0.068939,3.457312,0.014911495065406,0.119455897565938,0.971596068832,0.71759372,0.28240628,2.0887,0.6467291,0.31093765,0.6467291,-0.31093765,complex,1
0.238719,0.069048,3.45732,0.0149589061815869,0.119644745493325,0.9715066195195,0.71757728,0.28242272,2.0886,0.64637117,0.31164317,0.64637117,-0.31164317,complex,1
0.239095,0.069156,3.457328,0.0150065214510112,0.119834101319887,0.9714167904875,0.71756082,0.28243918,2.0884,0.6460127,0.31234777,0.6460127,-0.31234777,complex,1
0.23947,0.069264,3.457336,0.0150540876148768,0.120022957840824,0.97132705955,0.71754433,0.28245567,2.0883,0.64565368,0.31305141,0.64565368,-0.31305141,complex,1
0.239845,0.069373,3.457344,0.0151017312202152,0.120211818663367,0.9712371879875,0.71752781,0.28247219,2.0881,0.64529412,0.31375413,0.64529412,-0.31375413,complex,1
0.24022,0.069481,3.457352,0.0151494522809518,0.120400683794547,0.9711471758,0.71751125,0.28248875,2.088,0.64493401,0.31445591,0.64493401,-0.31445591,complex,1
0.240595,0.069589,3.45736,0.0151972508110363,0.120589553241396,0.9710570229875,0.71749467,0.28250533,2.0879,0.64457335,0.31515678,0.64457335,-0.31515678,complex,1
0.24097,0.069698,3.457368,0.0152451268244428,0.120778427010948,0.97096672955,0.71747806,0.28252194,2.0877,0.64421214,0.31585673,0.64421214,-0.31585673,complex,1
0.241346,0.069806,3.457376,0.015293208314816,0.120967808790963,0.970876054142,0.71746141,0.28253859,2.0876,0.6438504,0.31655575,0.6438504,-0.31655575,complex,1
0.241721,0.069914,3.457384,0.0153412395436017,0.121156691238601,0.9707854790795,0.71744474,0.28255526,2.0874,0.6434881,0.31725386,0.6434881,-0.31725386,complex,1
0.242096,0.070023,3.457392,0.0153893482978151,0.12134557803007,0.970694763392,0.71742803,0.28257197,2.0873,0.64312526,0.31795107,0.64312526,-0.31795107,complex,1
0.242471,0.070131,3.4574,0.0154375345915278,0.121534469172409,0.9706039070795,0.7174113,0.2825887,2.0871,0.64276187,0.31864738,0.64276187,-0.31864738,complex,1
0.242846,0.070239,3.457408,0.015485798438836,0.121723364672659,0.970512910142,0.71739453,0.28260547,2.087,0.64239794,0.31934277,0.64239794,-0.31934277,complex,1
0.243222,0.070348,3.457417,0.015534268868012,0.121912768276677,0.970421529358,0.71737774,0.28262226,2.0868,0.64203346,0.32003728,0.64203346,-0.32003728,complex,1
0.243597,0.070456,3.457425,0.0155826880718005,0.122101672525545,0.9703302507955,0.71736092,0.28263908,2.0867,0.64166843,0.3207309,0.64166843,-0.3207309,complex,1
0.243972,0.070564,3.457433,0.0156311848716566,0.122290581153473,0.970238831608,0.71734406,0.28265594,2.0865,0.64130286,0.32142361,0.64130286,-0.32142361,complex,1
0.244347,0.070673,3.457441,0.0156797592817744,0.122479494167508,0.9701472717955,0.71732718,0.28267282,2.0864,0.64093675,0.32211546,0.64093675,-0.32211546,complex,1
0.244722,0.070781,3.457449,0.015728411316372,0.122668411574699,0.970055571358,0.71731026,0.28268974,2.0862,0.64057009,0.32280641,0.64057009,-0.32280641,complex,1
0.245098,0.07089,3.457457,0.0157772710392947,0.122857837179469,0.969963485198,0.71729332,0.28270668,2.0861,0.64020288,0.32349649,0.64020288,-0.32349649,complex,1
0.245473,0.070998,3.457465,0.0158260785726984,0.123046763405881,0.9698715031355,0.71727634,0.28272366,2.0859,0.63983513,0.32418569,0.63983513,-0.32418569,complex,1
0.245848,0.071106,3.457474,0.0158749637734219,0.123235694046619,0.969779380448,0.71725934,0.28274066,2.0858,0.63946683,0.32487402,0.63946683,-0.32487402,complex,1
0.246223,0.071215,3.457482,0.0159239266557814,0.123424629108738,0.9696871171355,0.7172423,0.2827577,2.0856,0.63909799,0.32556149,0.63909799,-0.32556149,complex,1
0.246598,0.071323,3.45749,0.0159729672341178,0.123613568599291,0.969594713198,0.71722524,0.28277476,2.0855,0.6387286,0.32624809,0.6387286,-0.32624809,complex,1
0.246973,0.071431,3.457498,0.0160220855227965,0.123802512525337,0.9695021686355,0.71720814,0.28279186,2.0853,0.63835867,0.32693383,0.63835867,-0.32693383,complex,1
0.247349,0.07154,3.457506,0.0160714128294988,0.123991964762195,0.9694092360995,0.71719101,0.28280899,2.0852,0.63798819,0.32761871,0.63798819,-0.32761871,complex,1
0.247724,0.071648,3.457515,0.0161206867893804,0.124180917592276,0.969316409912,0.71717386,0.28282614,2.085,0.63761717,0.32830273,0.63761717,-0.32830273,complex,1
0.248099,0.071756,3.457523,0.0161700385028864,0.124369874879046,0.9692234430995,0.71715667,0.28284333,2.0849,0.63724561,0.32898591,0.63724561,-0.32898591,complex,1
0.248474,0.071865,3.457531,0.0162194679844806,0.124558836629569,0.969130335662,0.71713945,0.28286055,2.0847,0.6368735,0.32966823,0.6368735,-0.32966823,complex,1
0.248849,0.071973,3.457539,0.0162689752486515,0.124747802850907,0.9690370875995,0.71712221,0.28287779,2.0846,0.63650084,0.33034972,0.63650084,-0.33034972,complex,1
0.249225,0.072081,3.457548,0.0163186926407611,0.124937277477985,0.9689434496875,0.71710493,0.28289507,2.0844,0.63612764,0.33103036,0.63612764,-0.33103036,complex,1
0.2496,0.07219,3.457556,0.016368355721166,0.125126252674123,0.96884992,0.71708762,0.28291238,2.0843,0.6357539,0.33171016,0.6357539,-0.33171016,complex,1
0.249975,0.072298,3.457564,0.0164180966277993,0.125315232362297,0.9687562496875,0.71707028,0.28292972,2.0841,0.63537961,0.33238913,0.63537961,-0.33238913,complex,1
0.25035,0.072406,3.457572,0.016467915375248,0.125504216549577,0.96866243875,0.71705291,0.28294709,2.084,0.63500478,0.33306726,0.63500478,-0.33306726,complex,1
0.250725,0.072515,3.457581,0.0165178119781239,0.125693205243034,0.9685684871875,0.71703551,0.28296449,2.0838,0.63462941,0.33374457,0.63462941,-0.33374457,complex,1
0.251101,0.072623,3.457589,0.0165679198204411,0.125882702437666,0.9684741438995,0.71701807,0.28298193,2.0837,0.63425349,0.33442104,0.63425349,-0.33442104,complex,1
0.251476,0.072731,3.457597,0.0166179723858172,0.126071700176761,0.968379910712,0.71700062,0.28299938,2.0835,0.63387703,0.3350967,0.63387703,-0.3350967,complex,1
0.251851,0.07284,3.457606,0.0166681028506429,0.126260702443276,0.9682855368995,0.71698312,0.28301688,2.0834,0.63350002,0.33577153,0.63350002,-0.33577153,complex,1
0.252226,0.072948,3.457614,0.0167183112296286,0.126449709244287,0.968191022462,0.7169656,0.2830344,2.0832,0.63312247,0.33644554,0.63312247,-0.33644554,complex,1
0.252601,0.073056,3.457622,0.0167685975375097,0.126638720586874,0.9680963673995,0.71694805,0.28305195,2.0831,0.63274438,0.33711875,0.63274438,-0.33711875,complex,1
0.252976,0.073165,3.457631,0.0168189617890463,0.126827736478116,0.968001571712,0.71693046,0.28306954,2.0829,0.63236574,0.33779115,0.63236574,-0.33779115,complex,1
0.253352,0.073273,3.457639,0.0168695386158182,0.127017260985718,0.967906382048,0.71691285,0.28308715,2.0828,0.63198656,0.33846273,0.63198656,-0.33846273,complex,1
0.253727,0.073381,3.457647,0.0169200590069935,0.127206286007697,0.9678113047355,0.71689521,0.28310479,2.0826,0.63160684,0.3391335,0.63160684,-0.3391335,complex,1
0.254102,0.07349,3.457656,0.0169706573862927,0.1273953155996,0.967716086798,0.71687753,0.28312247,2.0825,0.63122658,0.33980347,0.63122658,-0.33980347,complex,1
0.254477,0.073598,3.457664,0.0170213337685752,0.127584349768515,0.9676207282355,0.71685982,0.28314018,2.0823,0.63084577,0.34047264,0.63084577,-0.34047264,complex,1
0.254852,0.073706,3.457672,0.0170720881687248,0.127773388521528,0.967525229048,0.71684209,0.28315791,2.0822,0.63046442,0.34114101,0.63046442,-0.34114101,complex,1
0.255228,0.073815,3.457681,0.0171230562591396,0.127962935987459,0.967429334008,0.71682432,0.28317568,2.082,0.63008253,0.34180859,0.63008253,-0.34180859,complex,1
0.255603,0.073923,3.457689,0.0171739669479227,0.128151983942213,0.9673335531955,0.71680652,0.28319348,2.0818,0.62970009,0.34247537,0.62970009,-0.34247537,complex,1
0.255978,0.074031,3.457698,0.0172249556994142,0.128341036502357,0.967237631758,0.71678869,0.28321131,2.0817,0.62931712,0.34314137,0.62931712,-0.34314137,complex,1
0.256353,0.07414,3.457706,0.0172760225285979,0.128530093674986,0.9671415696955,0.71677083,0.28322917,2.0815,0.62893359,0.34380658,0.62893359,-0.34380658,complex,1
0.256728,0.074248,3.457714,0.017327167450482,0.128719155467196,0.967045367008,0.71675294,0.28324706,2.0814,0.62854953,0.34447099,0.62854953,-0.34447099,complex,1
0.257104,0.074356,3.457723,0.0173785271792805,0.128908726069392,0.966948766592,0.71673502,0.28326498,2.0812,0.62816493,0.34513463,0.62816493,-0.34513463,complex,1
0.257479,0.074465,3.457731,0.0174298285400383,0.129097797134422,0.9668522822795,0.71671707,0.28328293,2.0811,0.62777978,0.34579749,0.62777978,-0.34579749,complex,1
0.257854,0.074573,3.45774,0.0174812080387117,0.129286872840346,0.966755657342,0.71669908,0.28330092,2.0809,0.62739409,0.34645957,0.62739409,-0.34645957,complex,1
0.258229,0.074681,3.457748,0.0175326656904089,0.129475953194268,0.9666588917795,0.71668107,0.28331893,2.0807,0.62700786,0.34712087,0.62700786,-0.34712087,complex,1
0.258604,0.07479,3.457756,0.0175842015102631,0.129665038203289,0.966561985592,0.71666302,0.28333698,2.0806,0.62662108,0.3477814,0.62662108,-0.3477814,complex,1
0.258979,0.074898,3.457765,0.0176358155134323,0.129854127874515,0.9664649387795,0.71664495,0.28335505,2.0804,0.62623377,0.34844117,0.62623377,-0.34844117,complex,1
0.259355,0.075006,3.457773,0.0176876456655271,0.130043726472875,0.9663674919875,0.71662684,0.28337316,2.0803,0.62584591,0.34910016,0.62584591,-0.34910016,complex,1
0.25973,0.075115,3.457782,0.017739416289491,0.130232825502311,0.96627016355,0.7166087,0.2833913,2.0801,0.62545752,0.34975838,0.62545752,-0.34975838,complex,1
0.260105,0.075223,3.45779,0.017791265142435,0.130421929215293,0.9661726944875,0.71659054,0.28340946,2.08,0.62506858,0.35041585,0.62506858,-0.35041585,complex,1
0.26048,0.075331,3.457799,0.0178431922396172,0.130611037618934,0.9660750848,0.71657233,0.28342767,2.0798,0.6246791,0.35107254,0.6246791,-0.35107254,complex,1
0.260855,0.07544,3.457807,0.0178951975963208,0.130800150720344,0.9659773344875,0.7165541,0.2834459,2.0796,0.62428908,0.35172848,0.62428908,-0.35172848,complex,1
0.261231,0.075548,3.457816,0.0179474202221968,0.130989772847086,0.9658791823195,0.71653584,0.28346416,2.0795,0.62389852,0.35238367,0.62389852,-0.35238367,complex,1
0.261606,0.075656,3.457824,0.0179995823526875,0.131178895377956,0.965781150382,0.71651753,0.28348247,2.0793,0.62350741,0.35303809,0.62350741,-0.35303809,complex,1
0.261981,0.075765,3.457833,0.0180518227887408,0.131368022627962,0.9656829778195,0.71649922,0.28350078,2.0792,0.62311577,0.35369178,0.62311577,-0.35369178,complex,1
0.262356,0.075873,3.457841,0.0181041415457402,0.131557154604224,0.965584664632,0.71648087,0.28351913,2.079,0.62272359,0.3543447,0.62272359,-0.3543447,complex,1
0.262731,0.075981,3.45785,0.0181565386390944,0.13174629131386,0.9654862108195,0.71646247,0.28353753,2.0788,0.62233085,0.35499687,0.62233085,-0.35499687,complex,1
0.263107,0.076089,3.457858,0.018209154123519,0.131935937147537,0.9653873532755,0.71644406,0.28355594,2.0787,0.62193759,0.35564832,0.62193759,-0.35564832,complex,1
0.263482,0.076198,3.457867,0.0182617081449092,0.13212508335796,0.965288617838,0.71642559,0.28357441,2.0785,0.62154377,0.35629898,0.62154377,-0.35629898,complex,1
0.263857,0.076306,3.457875,0.0183143405490725,0.132314234323148,0.9651897417755,0.71640715,0.28359285,2.0784,0.62114945,0.35694896,0.62114945,-0.35694896,complex,1
0.264232,0.076414,3.457884,0.018367051351518,0.132503390050227,0.965090725088,0.71638863,0.28361137,2.0782,0.62075457,0.35759816,0.62075457,-0.35759816,complex,1
0.264607,0.076523,3.457893,0.0184198405677802,0.132692550546324,0.9649915677755,0.71637008,0.28362992,2.078,0.62035913,0.35824662,0.62035913,-0.35824662,complex,1
0.264982,0.076631,3.457901,0.0184727082134188,0.132881715818571,0.964892269838,0.71635149,0.28364851,2.0779,0.61996315,0.35889434,0.61996315,-0.35889434,complex,1
0.265358,0.076739,3.45791,0.0185257955984799,0.13307139033398,0.964792565918,0.71633289,0.28366711,2.0777,0.61956665,0.35954134,0.61956665,-0.35954134,complex,1
0.265733,0.076848,3.457918,0.0185788203589003,0.133260565192703,0.9646929863555,0.71631426,0.28368574,2.0776,0.6191696,0.36018761,0.6191696,-0.36018761,complex,1
0.266108,0.076956,3.457927,0.0186319235955693,0.133449744848993,0.964593266168,0.7162956,0.2837044,2.0774,0.61877203,0.36083315,0.61877203,-0.36083315,complex,1
0.266483,0.077064,3.457935,0.0186851053241473,0.133638929309986,0.9644934053555,0.71627687,0.28372313,2.0772,0.61837388,0.36147794,0.61837388,-0.36147794,complex,1
0.266858,0.077173,3.457944,0.0187383655603204,0.133828118582818,0.964393403918,0.71625818,0.28374182,2.0771,0.61797525,0.36212205,0.61797525,-0.36212205,complex,1
0.267234,0.077281,3.457953,0.0187918466614826,0.134017817198658,0.964292994622,0.7162394,0.2837606,2.0769,0.61757603,0.36276538,0.61757603,-0.36276538,complex,1
0.267609,0.077389,3.457961,0.0188452641694631,0.13420701612947,0.9641927115595,0.71622061,0.28377939,2.0767,0.61717629,0.36340802,0.61717629,-0.36340802,complex,1
0.267984,0.077497,3.45797,0.0188987602322901,0.134396219893563,0.964092287872,0.71620178,0.28379822,2.0766,0.616776,0.36404994,0.616776,-0.36404994,complex,1
0.268359,0.077606,3.457979,0.0189523348657508,0.134585428498083,0.9639917235595,0.71618293,0.28381707,2.0764,0.61637518,0.36469114,0.61637518,-0.36469114,complex,1
0.268734,0.077714,3.457987,0.0190059880856577,0.134774641950174,0.963891018622,0.71616404,0.28383596,2.0762,0.61597382,0.3653316,0.61597382,-0.3653316,complex,1
0.26911,0.077822,3.457996,0.0190598632978044,0.134964364845633,0.96378990395,0.71614513,0.28385487,2.0761,0.61557192,0.36597138,0.61557192,-0.36597138,complex,1
0.269485,0.077931,3.458005,0.0191136739478121,0.135153588027286,0.9636889173875,0.71612618,0.28387382,2.0759,0.61516949,0.36661042,0.61516949,-0.36661042,complex,1
0.26986,0.078039,3.458013,0.019167563231898,0.135342816077976,0.9635877902,0.71610718,0.28389282,2.0758,0.6147665,0.36724875,0.6147665,-0.36724875,complex,1
0.270235,0.078147,3.458022,0.019221531165976,0.135532049004856,0.9634865223875,0.71608818,0.28391182,2.0756,0.614363,0.36788638,0.614363,-0.36788638,complex,1
0.27061,0.078256,3.458031,0.0192755777659857,0.135721286815079,0.96338511395,0.71606914,0.28393086,2.0754,0.61395895,0.3685233,0.61395895,-0.3685233,complex,1
0.270985,0.078364,3.458039,0.0193297030478919,0.135910529515801,0.9632835648875,0.71605008,0.28394992,2.0753,0.61355437,0.36915952,0.61355437,-0.36915952,complex,1
0.271361,0.078472,3.458048,0.0193840516768556,0.136100281780995,0.9631816038395,0.71603097,0.28396903,2.0751,0.61314924,0.36979502,0.61314924,-0.36979502,complex,1
0.271736,0.078581,3.458057,0.0194383345804761,0.136289534297277,0.963079773152,0.71601184,0.28398816,2.0749,0.61274358,0.37042983,0.61274358,-0.37042983,complex,1
0.272111,0.078689,3.458065,0.0194926962140832,0.136478791725552,0.9629778018395,0.71599263,0.28400737,2.0748,0.61233735,0.3710639,0.61233735,-0.3710639,complex,1
0.272486,0.078797,3.458074,0.0195471365937434,0.136668054072983,0.962875689902,0.71597341,0.28402659,2.0746,0.6119306,0.37169729,0.6119306,-0.37169729,complex,1
0.272861,0.078905,3.458083,0.0196016557355492,0.136857321346733,0.9627734373395,0.71595419,0.28404581,2.0744,0.61152333,0.37233,0.61152333,-0.37233,complex,1
0.273237,0.079014,3.458091,0.0196563993554037,0.137047098286455,0.9626707709155,0.71593496,0.28406504,2.0743,0.61111553,0.37296203,0.61111553,-0.37296203,complex,1
0.273612,0.079122,3.4581,0.019711076280019,0.137236375447526,0.962568236728,0.71591565,0.28408435,2.0741,0.61070717,0.37359333,0.61070717,-0.37359333,complex,1
0.273987,0.07923,3.458109,0.0197658320152527,0.137425657556435,0.9624655619155,0.71589633,0.28410367,2.0739,0.61029828,0.37422394,0.61029828,-0.37422394,complex,1
0.274362,0.079339,3.458118,0.019820666577299,0.137614944620353,0.962362746478,0.71587693,0.28412307,2.0738,0.60988883,0.37485384,0.60988883,-0.37485384,complex,1
0.274737,0.079447,3.458126,0.0198755799823781,0.137804236646452,0.9622597904155,0.71585756,0.28414244,2.0736,0.60947887,0.37548308,0.60947887,-0.37548308,complex,1
0.275113,0.079555,3.458135,0.0199307189982143,0.137994038440543,0.9621564186155,0.71583814,0.28416186,2.0734,0.60906838,0.37611163,0.60906838,-0.37611163,complex,1
0.275488,0.079663,3.458144,0.0199857903484776,0.138183340425806,0.962053180928,0.71581869,0.28418131,2.0733,0.60865734,0.37673949,0.60865734,-0.37673949,complex,1
0.275863,0.079772,3.458153,0.0200409405906305,0.138372647394794,0.9619498026155,0.71579916,0.28420084,2.0731,0.60824573,0.37736661,0.60824573,-0.37736661,complex,1
0.276238,0.07988,3.458161,0.0200961697409955,0.138561959354685,0.961846283678,0.71577967,0.28422033,2.0729,0.60783364,0.37799312,0.60783364,-0.37799312,complex,1
0.276613,0.079988,3.45817,0.0201514778159205,0.13875127631266,0.9617426241155,0.7157601,0.2842399,2.0727,0.60742098,0.37861891,0.60742098,-0.37861891,complex,1
0.276988,0.080097,3.458179,0.0202068648317794,0.1389405982759,0.961638823928,0.71574054,0.28425946,2.0726,0.60700781,0.37924403,0.60700781,-0.37924403,complex,1
0.277364,0.080205,3.458188,0.0202624788198053,0.139130430130231,0.961534605752,0.7157209,0.2842791,2.0724,0.60659407,0.37986845,0.60659407,-0.37986845,complex,1
0.277739,0.080313,3.458197,0.0203180239773744,0.139319762138949,0.9614305239395,0.71570128,0.28429872,2.0722,0.60617983,0.38049222,0.60617983,-0.38049222,complex,1
0.278114,0.080421,3.458205,0.0203736481251966,0.139509099174506,0.961326301502,0.71568158,0.28431842,2.0721,0.60576503,0.38111529,0.60576503,-0.38111529,complex,1
0.278489,0.08053,3.458214,0.0204293512797483,0.139698441244092,0.9612219384395,0.71566186,0.28433814,2.0719,0.60534968,0.38173768,0.60534968,-0.38173768,complex,1
0.278864,0.080638,3.458223,0.0204851334575318,0.139887788354895,0.961117434752,0.71564212,0.28435788,2.0717,0.60493383,0.38235941,0.60493383,-0.38235941,complex,1
0.27924,0.080746,3.458232,0.0205411437440041,0.140077645459955,0.9610125112,0.71562236,0.28437764,2.0716,0.60451744,0.38298046,0.60451744,-0.38298046,complex,1
0.279615,0.080855,3.458241,0.0205970842287001,0.140267002688263,0.9609077258875,0.71560254,0.28439746,2.0714,0.60410049,0.38360083,0.60410049,-0.38360083,complex,1
0.27999,0.080963,3.458249,0.0206531037863336,0.140456364979388,0.96080279995,0.71558269,0.28441731,2.0712,0.60368301,0.38422052,0.60368301,-0.38422052,complex,1
0.280365,0.081071,3.458258,0.0207092024335099,0.140645732340528,0.9606977333875,0.71556285,0.28443715,2.071,0.60326503,0.38483959,0.60326503,-0.38483959,complex,1
0.28074,0.081179,3.458267,0.0207653801868603,0.140835104778881,0.9605925262,0.71554292,0.28445708,2.0709,0.60284646,0.38545793,0.60284646,-0.38545793,complex,1
0.281116,0.081288,3.458276,0.0208217871871716,0.141024987315178,0.960486897272,0.715523,0.284477,2.0707,0.6024274,0.38607563,0.6024274,-0.38607563,complex,1
0.281491,0.081396,3.458285,0.020878123413928,0.141214369943146,0.9603814084595,0.71550302,0.28449698,2.0705,0.60200777,0.38669266,0.60200777,-0.38669266,complex,1
0.281866,0.081504,3.458294,0.0209345387969518,0.141403757669953,0.960275779022,0.71548301,0.28451699,2.0703,0.60158762,0.38730902,0.60158762,-0.38730902,complex,1
0.282241,0.081613,3.458303,0.0209910333529775,0.141593150502802,0.9601700089595,0.71546297,0.28453703,2.0702,0.60116693,0.38792471,0.60116693,-0.38792471,complex,1
0.282616,0.081721,3.458311,0.0210476070987656,0.141782548448902,0.960064098272,0.7154429,0.2845571,2.07,0.60074571,0.38853975,0.60074571,-0.38853975,complex,1
0.282991,0.081829,3.45832,0.0211042600511027,0.14197195151546,0.9599580469595,0.71542283,0.28457717,2.0698,0.60032398,0.38915415,0.60032398,-0.38915415,complex,1
0.283367,0.081937,3.458329,0.0211611436185306,0.142161864805068,0.9598515716555,0.7154027,0.2845973,2.0697,0.59990169,0.38976786,0.59990169,-0.38976786,complex,1
0.283742,0.082046,3.458338,0.0212179552457581,0.14235127814788,0.959745238718,0.71538254,0.28461746,2.0695,0.59947887,0.39038091,0.59947887,-0.39038091,complex,1
0.284117,0.082154,3.458347,0.0212748461300942,0.142540696632807,0.9596387651555,0.71536232,0.28463768,2.0693,0.5990555,0.39099329,0.5990555,-0.39099329,complex,1
0.284492,0.082262,3.458356,0.0213318162884292,0.142730120267064,0.959532150968,0.71534211,0.28465789,2.0691,0.59863162,0.39160504,0.59863162,-0.39160504,complex,1
0.284867,0.082371,3.458365,0.0213888657376794,0.142919549057868,0.9594253961555,0.71532186,0.28467814,2.069,0.59820721,0.39221613,0.59820721,-0.39221613,complex,1
0.285243,0.082479,3.458374,0.02144614694418,0.143109488176561,0.9593182154755,0.71530156,0.28469844,2.0688,0.59778225,0.39282656,0.59778225,-0.39282656,complex,1
0.285618,0.082587,3.458383,0.0215033552376684,0.143298927315919,0.959211179038,0.71528123,0.28471877,2.0686,0.59735675,0.39343633,0.59735675,-0.39343633,complex,1
0.285993,0.082695,3.458392,0.0215606428730219,0.143488371633505,0.9591040019755,0.7152609,0.2847391,2.0684,0.59693075,0.39404548,0.59693075,-0.39404548,complex,1
0.286368,0.082804,3.4584,0.0216180098672607,0.143677821136544,0.958996684288,0.71524046,0.28475954,2.0683,0.59650415,0.39465391,0.59650415,-0.39465391,complex,1
0.286743,0.082912,3.458409,0.0216754562374311,0.143867275832263,0.9588892259755,0.71522005,0.28477995,2.0681,0.59607707,0.39526173,0.59607707,-0.39526173,complex,1
0.287119,0.08302,3.458418,0.0217331355087957,0.144057240961235,0.9587813399195,0.71519962,0.28480038,2.0679,0.59564947,0.39586892,0.59564947,-0.39586892,complex,1
0.287494,0.083128,3.458427,0.0217907408938561,0.144246706077892,0.958673599982,0.71517912,0.28482088,2.0677,0.5952213,0.39647543,0.5952213,-0.39647543,complex,1
0.287869,0.083237,3.458436,0.0218484257061893,0.144436176408935,0.9585657194195,0.71515859,0.28484141,2.0675,0.59479261,0.3970813,0.59479261,-0.3970813,complex,1
0.288244,0.083345,3.458445,0.0219061899629462,0.144625651961599,0.958457698232,0.71513805,0.28486195,2.0674,0.59436339,0.39768654,0.59436339,-0.39768654,complex,1
0.288619,0.083453,3.458454,0.0219640336813037,0.144815132743116,0.9583495364195,0.71511745,0.28488255,2.0672,0.59393363,0.39829111,0.59393363,-0.39829111,complex,1
0.288994,0.083562,3.458463,0.0220219568784649,0.145004618760725,0.958241233982,0.71509685,0.28490315,2.067,0.59350335,0.39889506,0.59350335,-0.39889506,complex,1
0.28937,0.08367,3.458472,0.0220801143518001,0.145194615338707,0.95813250155,0.7150762,0.2849238,2.0668,0.59307253,0.39949836,0.59307253,-0.39949836,complex,1
0.289745,0.083778,3.458481,0.0221381967703409,0.145384111864224,0.9580239174875,0.71505552,0.28494448,2.0667,0.59264119,0.40010101,0.59264119,-0.40010101,complex,1
0.29012,0.083886,3.45849,0.0221963587194975,0.145573613647571,0.9579151928,0.7150348,0.2849652,2.0665,0.5922093,0.40070301,0.5922093,-0.40070301,complex,1
0.290495,0.083995,3.458499,0.022254600216578,0.145763120695991,0.9578063274875,0.71501405,0.28498595,2.0663,0.59177689,0.40130439,0.59177689,-0.40130439,complex,1
0.29087,0.084103,3.458508,0.0223129212789163,0.145952633016729,0.95769732155,0.71499327,0.28500673,2.0661,0.59134394,0.40190512,0.59134394,-0.40190512,complex,1
0.291246,0.084211,3.458517,0.0223714777653345,0.146142656004364,0.957587883742,0.71497246,0.28502754,2.0659,0.59091046,0.4025052,0.59091046,-0.4025052,complex,1
0.291621,0.084319,3.458526,0.0224299582225856,0.14633217890559,0.9574785961795,0.71495161,0.28504839,2.0658,0.59047645,0.40310466,0.59047645,-0.40310466,complex,1
0.291996,0.084428,3.458535,0.0224885182973008,0.146521707100899,0.957369167992,0.71493074,0.28506926,2.0656,0.59004191,0.40370348,0.59004191,-0.40370348,complex,1
0.292371,0.084536,3.458544,0.0225471580069191,0.146711240597544,0.9572595991795,0.71490982,0.28509018,2.0654,0.58960684,0.40430166,0.58960684,-0.40430166,complex,1
0.292746,0.084644,3.458553,0.0226058773689062,0.14690077940278,0.957149889742,0.71488888,0.28511112,2.0652,0.58917123,0.4048992,0.58917123,-0.4048992,complex,1
0.293122,0.084752,3.458562,0.0226648333046974,0.147090828981964,0.957039746558,0.7148679,0.2851321,2.065,0.5887351,0.40549611,0.5887351,-0.40549611,complex,1
0.293497,0.084861,3.458571,0.0227237122364467,0.147280378440354,0.9569297554955,0.71484689,0.28515311,2.0649,0.58829843,0.4060924,0.58829843,-0.4060924,complex,1
0.293872,0.084969,3.45858,0.0227826708731661,0.147469933229126,0.956819623808,0.71482585,0.28517415,2.0647,0.58786124,0.40668804,0.58786124,-0.40668804,complex,1
0.294247,0.085077,3.458589,0.0228417092324264,0.147659493355541,0.9567093514955,0.71480477,0.28519523,2.0645,0.58742351,0.40728305,0.58742351,-0.40728305,complex,1
0.294622,0.085185,3.458598,0.0229008273318248,0.147849058826864,0.956598938558,0.71478367,0.28521633,2.0643,0.58698525,0.40787743,0.58698525,-0.40787743,complex,1
0.294997,0.085294,3.458608,0.0229600251889853,0.148038629650357,0.9564883849955,0.71476252,0.28523748,2.0641,0.58654646,0.40847119,0.58654646,-0.40847119,complex,1
0.295373,0.085402,3.458617,0.0230194610019113,0.148228711376948,0.9563773954355,0.71474135,0.28525865,2.064,0.58610715,0.40906431,0.58610715,-0.40906431,complex,1
0.295748,0.08551,3.458626,0.0230788186403777,0.148418292940907,0.956266560248,0.71472014,0.28527986,2.0638,0.5856673,0.4096568,0.5856673,-0.4096568,complex,1
0.296123,0.085618,3.458635,0.023138256089683,0.148607879878861,0.9561555844355,0.7146989,0.2853011,2.0636,0.58522692,0.41024867,0.58522692,-0.41024867,complex,1
0.296498,0.085727,3.458644,0.0231977733675568,0.148797472198084,0.956044467998,0.71467763,0.28532237,2.0634,0.58478601,0.41083991,0.58478601,-0.41083991,complex,1
0.296873,0.085835,3.458653,0.023257370491755,0.148987069905848,0.9559332109355,0.71465632,0.28534368,2.0632,0.58434457,0.41143052,0.58434457,-0.41143052,complex,1
0.297249,0.085943,3.458662,0.023317206725481,0.149177178624925,0.9558215159995,0.71463498,0.28536502,2.063,0.5839026,0.41202051,0.5839026,-0.41202051,complex,1
0.297624,0.086051,3.458671,0.0233769638087445,0.149366787146018,0.955709977312,0.7146136,0.2853864,2.0629,0.58346011,0.41260987,0.58346011,-0.41260987,complex,1
0.297999,0.08616,3.45868,0.0234368007918071,0.149556401077505,0.9555982979995,0.7145922,0.2854078,2.0627,0.58301709,0.41319861,0.58301709,-0.41319861,complex,1
0.298374,0.086268,3.458689,0.0234967176925311,0.149746020426666,0.955486478062,0.71457076,0.28542924,2.0625,0.58257353,0.41378673,0.58257353,-0.41378673,complex,1
0.298749,0.086376,3.458698,0.0235567145288053,0.149935645200784,0.9553745174995,0.71454929,0.28545071,2.0623,0.58212944,0.41437422,0.58212944,-0.41437422,complex,1
0.299125,0.086484,3.458708,0.0236169516302224,0.150125781094963,0.9552621171875,0.71452778,0.28547222,2.0621,0.58168483,0.4149611,0.58168483,-0.4149611,complex,1
0.2995,0.086593,3.458717,0.0236771086046503,0.150315416755366,0.955149875,0.71450625,0.28549375,2.0619,0.58123969,0.41554735,0.58123969,-0.41554735,complex,1
0.299875,0.086701,3.458726,0.0237373455685021,0.150505057862605,0.9550374921875,0.71448467,0.28551533,2.0617,0.58079402,0.41613298,0.58079402,-0.41613298,complex,1
0.30025,0.086809,3.458735,0.023797662539773,0.15069470442397,0.95492496875,0.71446307,0.28553693,2.0616,0.58034782,0.41671799,0.58034782,-0.41671799,complex,1
0.300625,0.086917,3.458744,0.0238580595364847,0.150884356446754,0.9548123046875,0.71444143,0.28555857,2.0614,0.57990109,0.41730238,0.57990109,-0.41730238,complex,1
0.301001,0.087026,3.458753,0.0239186979558185,0.151074519698877,0.9546991989995,0.71441976,0.28558024,2.0612,0.57945383,0.41788616,0.57945383,-0.41788616,complex,1
0.301376,0.087134,3.458762,0.0239792552711061,0.151264182680993,0.954586253312,0.71439805,0.28560195,2.061,0.57900606,0.41846931,0.57900606,-0.41846931,complex,1
0.301751,0.087242,3.458771,0.0240398926661085,0.151453851146433,0.9544731669995,0.71437631,0.28562369,2.0608,0.57855774,0.41905185,0.57855774,-0.41905185,complex,1
0.302126,0.08735,3.458781,0.0241006101589546,0.151643525102497,0.954359940062,0.71435454,0.28564546,2.0606,0.5781089,0.41963378,0.5781089,-0.41963378,complex,1
0.302501,0.087459,3.45879,0.0241614077677996,0.151833204556486,0.9542465724995,0.71433273,0.28566727,2.0604,0.57765953,0.42021508,0.57765953,-0.42021508,complex,1
0.302876,0.087567,3.458799,0.0242222855108257,0.152022889515704,0.954133064312,0.7143109,0.2856891,2.0603,0.57720964,0.42079578,0.57720964,-0.42079578,complex,1
0.303252,0.087675,3.458808,0.0242834060678009,0.152213085836089,0.954019112248,0.71428903,0.28571097,2.0601,0.57675922,0.42137586,0.57675922,-0.42137586,complex,1
0.303627,0.087783,3.458817,0.0243444443476556,0.152402781842409,0.9539053224355,0.71426713,0.28573287,2.0599,0.57630828,0.42195533,0.57630828,-0.42195533,complex,1
0.304002,0.087892,3.458826,0.0244055628164474,0.152592483375897,0.953791391998,0.71424518,0.28575482,2.0597,0.57585679,0.42253418,0.57585679,-0.42253418,complex,1
0.304377,0.088,3.458836,0.0244667614924656,0.152782190443864,0.9536773209355,0.71422322,0.28577678,2.0595,0.5754048,0.42311243,0.5754048,-0.42311243,complex,1
0.304752,0.088108,3.458845,0.0245280403940264,0.152971903053621,0.953563109248,0.7142012,0.2857988,2.0593,0.57495226,0.42369004,0.57495226,-0.42369004,complex,1
0.305128,0.088216,3.458854,0.0245895632711543,0.153162127134999,0.953448451808,0.71417915,0.28582085,2.0591,0.57449919,0.42426706,0.57449919,-0.42426706,complex,1
0.305503,0.088325,3.458863,0.0246510028929137,0.15335185086511,0.9533339584955,0.71415709,0.28584291,2.0589,0.57404562,0.42484347,0.57404562,-0.42484347,complex,1
0.305878,0.088433,3.458872,0.0247125227953746,0.153541580158979,0.953219324558,0.71413499,0.28586501,2.0588,0.57359151,0.42541927,0.57359151,-0.42541927,complex,1
0.306253,0.088541,3.458882,0.0247741229969608,0.153731315023927,0.9531045499955,0.71411284,0.28588716,2.0586,0.57313688,0.42599445,0.57313688,-0.42599445,complex,1
0.306628,0.088649,3.458891,0.0248358035161229,0.153921055467275,0.952989634808,0.71409065,0.28590935,2.0584,0.5726817,0.42656902,0.5726817,-0.42656902,complex,1
0.307004,0.088758,3.4589,0.0248977291743694,0.154111307493232,0.952874271992,0.71406849,0.28593151,2.0582,0.57222605,0.42714302,0.57222605,-0.42714302,complex,1
0.307379,0.088866,3.458909,0.0249595705984469,0.154301059130277,0.9527590751795,0.71404622,0.28595378,2.058,0.57176981,0.42771636,0.57176981,-0.42771636,complex,1
0.307754,0.088974,3.458919,0.0250214923956635,0.154490816367719,0.952643737742,0.71402396,0.28597604,2.0578,0.57131308,0.42828912,0.57131308,-0.42828912,complex,1
0.308129,0.089082,3.458928,0.0250834945845779,0.154680579212886,0.9525282596795,0.71400163,0.28599837,2.0576,0.57085581,0.42886125,0.57085581,-0.42886125,complex,1
0.308504,0.08919,3.458937,0.0251455771837756,0.15487034767311,0.952412640992,0.71397926,0.28602074,2.0574,0.570398,0.42943278,0.570398,-0.42943278,complex,1
0.308879,0.089299,3.458946,0.0252077402118693,0.155060121755724,0.9522968816795,0.71395691,0.28604309,2.0572,0.5699397,0.43000374,0.5699397,-0.43000374,complex,1
0.309255,0.089407,3.458955,0.0252701497776663,0.155250407554828,0.9521806724875,0.7139345,0.2860655,2.057,0.56948086,0.43057406,0.56948086,-0.43057406,complex,1
0.30963,0.089515,3.458965,0.0253324739340993,0.155440192919269,0.95206463155,0.71391206,0.28608794,2.0568,0.5690215,0.43114378,0.5690215,-0.43114378,complex,1
0.310005,0.089623,3.458974,0.0253948785754783,0.15562998392813,0.9519484499875,0.71388959,0.28611041,2.0567,0.56856162,0.43171291,0.56856162,-0.43171291,complex,1
0.31038,0.089732,3.458983,0.0254573637205241,0.155819780588751,0.9518321278,0.71386707,0.28613293,2.0565,0.56810119,0.43228142,0.56810119,-0.43228142,complex,1
0.310755,0.08984,3.458992,0.0255199293879849,0.156009582908476,0.9517156649875,0.71384454,0.28615546,2.0563,0.56764027,0.43284934,0.56764027,-0.43284934,complex,1
0.311131,0.089948,3.459002,0.0255827427608834,0.156199897056859,0.9515987504195,0.71382194,0.28617806,2.0561,0.56717879,0.43341665,0.56717879,-0.43341665,complex,1
0.311506,0.090056,3.459011,0.0256454697443783,0.156389710731964,0.951482005982,0.71379934,0.28620066,2.0559,0.56671681,0.43398336,0.56671681,-0.43398336,complex,1
0.311881,0.090165,3.45902,0.0257082773067453,0.156579530088231,0.9513651209195,0.71377668,0.28622332,2.0557,0.56625429,0.43454946,0.56625429,-0.43454946,complex,1
0.312256,0.090273,3.45903,0.0257711654668409,0.15676935513301,0.951248095232,0.71375403,0.28624597,2.0555,0.56579127,0.43511498,0.56579127,-0.43511498,complex,1
0.312631,0.090381,3.459039,0.0258341342435491,0.156959185873653,0.9511309289195,0.7137313,0.2862687,2.0553,0.5653277,0.43567988,0.5653277,-0.43567988,complex,1
0.313007,0.090489,3.459048,0.0258973518953646,0.157149528555661,0.9510133089755,0.71370855,0.28629145,2.0551,0.56486362,0.43624418,0.56486362,-0.43624418,complex,1
0.313382,0.090597,3.459057,0.0259604821771625,0.157339370725334,0.950895861038,0.71368574,0.28631426,2.0549,0.56439899,0.43680786,0.56439899,-0.43680786,complex,1
0.313757,0.090706,3.459067,0.0260236931324385,0.157529218612958,0.9507782724755,0.71366292,0.28633708,2.0547,0.56393386,0.43737097,0.56393386,-0.43737097,complex,1
0.314132,0.090814,3.459076,0.0260869847801856,0.157719072225894,0.950660543288,0.71364008,0.28635992,2.0545,0.56346822,0.43793348,0.56346822,-0.43793348,complex,1
0.314507,0.090922,3.459085,0.026150357139424,0.157908931571503,0.9505426734755,0.71361718,0.28638282,2.0543,0.56300203,0.43849538,0.56300203,-0.43849538,complex,1
0.314882,0.09103,3.459095,0.0262138102292011,0.158098796657149,0.950424663038,0.71359428,0.28640572,2.0541,0.56253534,0.43905669,0.56253534,-0.43905669,complex,1
0.315258,0.091139,3.459104,0.0262775136001337,0.158289173820109,0.950306196718,0.7135713,0.2864287,2.0539,0.56206811,0.43961738,0.56206811,-0.43961738,complex,1
0.315633,0.091247,3.459113,0.0263411284236488,0.158479050423283,0.9501879046555,0.71354831,0.28645169,2.0537,0.56160036,0.44017749,0.56160036,-0.44017749,complex,1
0.316008,0.091355,3.459122,0.0264048240350601,0.158668932788617,0.950069471968,0.71352531,0.28647469,2.0535,0.56113211,0.44073702,0.56113211,-0.44073702,complex,1
0.316383,0.091463,3.459132,0.0264686004535245,0.158858820923482,0.9499508986555,0.71350226,0.28649774,2.0533,0.56066333,0.44129594,0.56066333,-0.44129594,complex,1
0.316758,0.091571,3.459141,0.0265324576982262,0.159048714835251,0.949832184718,0.71347914,0.28652086,2.0531,0.560194,0.44185424,0.560194,-0.44185424,complex,1
0.317134,0.09168,3.45915,0.0265965663980494,0.159239120938229,0.949713013022,0.71345602,0.28654398,2.053,0.55972417,0.44241197,0.55972417,-0.44241197,complex,1
0.317509,0.091788,3.45916,0.0266605855685533,0.15942902644139,0.9495940174595,0.71343287,0.28656713,2.0528,0.55925382,0.4429691,0.55925382,-0.4429691,complex,1
0.317884,0.091896,3.459169,0.0267246856230635,0.159618937743607,0.949474881272,0.71340968,0.28659032,2.0526,0.55878295,0.44352563,0.55878295,-0.44352563,complex,1
0.318259,0.092004,3.459178,0.026788866580874,0.159808854852261,0.9493556044595,0.71338645,0.28661355,2.0524,0.55831155,0.44408157,0.55831155,-0.44408157,complex,1
0.318634,0.092112,3.459188,0.0268531284613064,0.159998777774736,0.949236187022,0.71336317,0.28663683,2.0522,0.55783962,0.4446369,0.55783962,-0.4446369,complex,1
0.31901,0.092221,3.459197,0.0269176429727972,0.160189213002856,0.94911630995,0.71333987,0.28666013,2.052,0.55736718,0.44519165,0.55736718,-0.44519165,complex,1
0.319385,0.092329,3.459206,0.0269820669724709,0.160379147590683,0.9489966108875,0.71331654,0.28668346,2.0518,0.55689421,0.4457458,0.55689421,-0.4457458,complex,1
0.31976,0.092437,3.459216,0.0270465719529481,0.160569088014513,0.9488767712,0.71329316,0.28670684,2.0516,0.55642072,0.44629935,0.55642072,-0.44629935,complex,1
0.320135,0.092545,3.459225,0.0271111579336604,0.160759034281735,0.9487567908875,0.7132698,0.2867302,2.0514,0.55594675,0.44685235,0.55594675,-0.44685235,complex,1
0.32051,0.092654,3.459234,0.0271758249340671,0.160948986399744,0.94863666995,0.71324634,0.28675366,2.0512,0.55547221,0.4474047,0.55547221,-0.4474047,complex,1
0.320885,0.092762,3.459244,0.0272405729736552,0.161138944375935,0.9485164083875,0.71322288,0.28677712,2.051,0.55499718,0.44795649,0.55499718,-0.44795649,complex,1
0.321261,0.09287,3.459253,0.0273055750579185,0.161329414795798,0.9483956849395,0.71319937,0.28680063,2.0508,0.55452161,0.44850767,0.55452161,-0.44850767,complex,1
0.321636,0.092978,3.459263,0.0273704854506751,0.161519384526216,0.948275141752,0.71317584,0.28682416,2.0506,0.55404553,0.44905827,0.55404553,-0.44905827,complex,1
0.322011,0.093086,3.459272,0.0274354769412917,0.161709360137034,0.9481544579395,0.71315225,0.28684775,2.0504,0.55356891,0.44960826,0.55356891,-0.44960826,complex,1
0.322386,0.093195,3.459281,0.0275005495493657,0.161899341635653,0.948033633502,0.71312866,0.28687134,2.0502,0.5530918,0.45015769,0.5530918,-0.45015769,complex,1
0.322761,0.093303,3.459291,0.0275657032945222,0.162089329029479,0.9479126684395,0.71310501,0.28689499,2.05,0.55261416,0.4507065,0.55261416,-0.4507065,complex,1
0.323137,0.093411,3.4593,0.0276311122646675,0.162279828982607,0.9477912396155,0.71308133,0.28691867,2.0498,0.55213599,0.45125473,0.55213599,-0.45125473,complex,1
0.323512,0.093519,3.459309,0.0276964285594721,0.16246982820484,0.947669992928,0.71305762,0.28694238,2.0496,0.55165731,0.45180238,0.55165731,-0.45180238,complex,1
0.323887,0.093627,3.459319,0.0277618260504536,0.162659833344527,0.9475486056155,0.71303387,0.28696613,2.0494,0.55117811,0.45234942,0.55117811,-0.45234942,complex,1
0.324262,0.093736,3.459328,0.027827304757348,0.162849844409081,0.947427077678,0.71301009,0.28698991,2.0492,0.55069839,0.45289587,0.55069839,-0.45289587,complex,1
0.324637,0.093844,3.459338,0.0278928646999192,0.163039861405917,0.9473054091155,0.71298628,0.28701372,2.049,0.55021815,0.45344174,0.55021815,-0.45344174,complex,1
0.325013,0.093952,3.459347,0.027958681049801,0.163230391078231,0.9471832749155,0.71296242,0.28703758,2.0488,0.54973739,0.45398702,0.54973739,-0.45398702,complex,1
0.325388,0.09406,3.459356,0.0280244037398893,0.163420419977754,0.947061324728,0.71293854,0.28706146,2.0485,0.54925612,0.45453171,0.54925612,-0.45453171,complex,1
0.325763,0.094168,3.459366,0.0280902077251659,0.163610454831837,0.9469392339155,0.71291462,0.28708538,2.0483,0.54877432,0.45507581,0.54877432,-0.45507581,complex,1
0.326138,0.094277,3.459375,0.028156093025506,0.163800495647902,0.946817002478,0.71289066,0.28710934,2.0481,0.54829201,0.45561932,0.54829201,-0.45561932,complex,1
0.326513,0.094385,3.459385,0.0282220596608127,0.163990542433376,0.9466946304155,0.71286667,0.28713333,2.0479,0.54780918,0.45616224,0.54780918,-0.45616224,complex,1
0.326888,0.094493,3.459394,0.0282881076510168,0.164180595195685,0.946572117728,0.71284264,0.28715736,2.0477,0.54732583,0.45670457,0.54732583,-0.45670457,complex,1
0.327264,0.094601,3.459403,0.0283544134698578,0.164371160773589,0.946449137152,0.71281858,0.28718142,2.0475,0.54684196,0.45724632,0.54684196,-0.45724632,complex,1
0.327639,0.094709,3.459413,0.028420624446841,0.164561225527846,0.9463263428395,0.71279448,0.28720552,2.0473,0.54635758,0.45778747,0.54635758,-0.45778747,complex,1
0.328014,0.094818,3.459422,0.0284869168387356,0.164751296281252,0.946203407902,0.71277036,0.28722964,2.0471,0.54587268,0.45832805,0.54587268,-0.45832805,complex,1
0.328389,0.094926,3.459432,0.0285532906655841,0.164941373041242,0.9460803323395,0.71274619,0.28725381,2.0469,0.54538726,0.45886802,0.54538726,-0.45886802,complex,1
0.328764,0.095034,3.459441,0.0286197459474573,0.165131455815255,0.945957116152,0.71272199,0.28727801,2.0467,0.54490133,0.45940742,0.54490133,-0.45940742,complex,1
0.32914,0.095142,3.459451,0.0286864602447471,0.16532205152224,0.9458334302,0.71269775,0.28730225,2.0465,0.54441488,0.45994622,0.54441488,-0.45994622,complex,1
0.329515,0.09525,3.45946,0.0287530787143414,0.165512146362704,0.9457099323875,0.71267348,0.28732652,2.0463,0.54392791,0.46048444,0.54392791,-0.46048444,complex,1
0.32989,0.095359,3.459469,0.0288197786993944,0.165702247239535,0.94558629395,0.71264917,0.28735083,2.0461,0.54344042,0.46102207,0.54344042,-0.46102207,complex,1
0.330265,0.095467,3.459479,0.0288865602200889,0.165892354160177,0.9454625148875,0.71262483,0.28737517,2.0459,0.54295242,0.46155912,0.54295242,-0.46155912,complex,1
0.33064,0.095575,3.459488,0.0289534232966358,0.16608246713208,0.9453385952,0.71260045,0.28739955,2.0457,0.5424639,0.46209558,0.5424639,-0.46209558,complex,1
0.331016,0.095683,3.459498,0.0290205465774242,0.16627309315488,0.945214203872,0.71257605,0.28742395,2.0455,0.54197487,0.46263146,0.54197487,-0.46263146,complex,1
0.331391,0.095791,3.459507,0.0290875730440386,0.16646321826784,0.9450900025595,0.7125516,0.2874484,2.0453,0.54148532,0.46316674,0.54148532,-0.46316674,complex,1
0.331766,0.095899,3.459517,0.029154681127361,0.166653349454436,0.944965660622,0.71252712,0.28747288,2.0451,0.54099526,0.46370144,0.54099526,-0.46370144,complex,1
0.332141,0.096008,3.459526,0.0292218708477149,0.166843486722123,0.9448411780595,0.71250262,0.28749738,2.0449,0.54050469,0.46423557,0.54050469,-0.46423557,complex,1
0.332516,0.096116,3.459536,0.029289142225452,0.167033630078359,0.944716554872,0.71247804,0.28752196,2.0446,0.54001358,0.46476908,0.54001358,-0.46476908,complex,1
0.332891,0.096224,3.459545,0.029356495280952,0.167223779530604,0.9445917910595,0.71245346,0.28754654,2.0444,0.53952197,0.46530202,0.53952197,-0.46530202,complex,1
0.333267,0.096332,3.459554,0.0294241099698723,0.16741444217597,0.9444665533555,0.71242884,0.28757116,2.0442,0.53902984,0.46583438,0.53902984,-0.46583438,complex,1
0.333642,0.09644,3.459564,0.0294916266600941,0.167604603858929,0.944341507918,0.71240416,0.28759584,2.044,0.53853719,0.46636614,0.53853719,-0.46636614,complex,1
0.334017,0.096549,3.459573,0.0295592250894422,0.16779477166031,0.9442163218555,0.71237948,0.28762052,2.0438,0.53804404,0.46689734,0.53804404,-0.46689734,complex,1
0.334392,0.096657,3.459583,0.0296269052784094,0.167984945587583,0.944090995168,0.71235474,0.28764526,2.0436,0.53755037,0.46742793,0.53755037,-0.46742793,complex,1
0.334767,0.096765,3.459592,0.0296946672475168,0.168175125648216,0.9439655278555,0.71232999,0.28767001,2.0434,0.53705619,0.46795796,0.53705619,-0.46795796,complex,1
0.335143,0.096873,3.459602,0.02976269204341,0.168365819021104,0.9438395847755,0.71230519,0.28769481,2.0432,0.53656149,0.4684874,0.53656149,-0.4684874,complex,1
0.335518,0.096981,3.459611,0.0298306178526919,0.168556011387285,0.943713835838,0.71228035,0.28771965,2.043,0.53606629,0.46901624,0.53606629,-0.46901624,complex,1
0.335893,0.09709,3.459621,0.0298986255039022,0.168746209909273,0.9435879462755,0.71225549,0.28774451,2.0428,0.53557057,0.46954451,0.53557057,-0.46954451,complex,1
0.336268,0.097198,3.45963,0.0299667150176753,0.168936414594544,0.943461916088,0.71223057,0.28776943,2.0426,0.53507432,0.47007219,0.53507432,-0.47007219,complex,1
0.336643,0.097306,3.45964,0.030034886414674,0.169126625450581,0.9433357452755,0.71220563,0.28779437,2.0423,0.53457757,0.47059928,0.53457757,-0.47059928,complex,1
0.337019,0.097414,3.459649,0.0301033218339071,0.169317349738558,0.9432090968195,0.71218065,0.28781935,2.0421,0.5340803,0.47112579,0.5340803,-0.47112579,complex,1
0.337394,0.097522,3.459659,0.0301716572779528,0.169507572975083,0.943082644382,0.71215563,0.28784437,2.0419,0.53358252,0.47165172,0.53358252,-0.47165172,complex,1
0.337769,0.09763,3.459668,0.0302400746674386,0.16969780240485,0.9429560513195,0.71213061,0.28786939,2.0417,0.53308424,0.47217708,0.53308424,-0.47217708,complex,1
0.338144,0.097739,3.459678,0.030308574023141,0.169888038035347,0.942829317632,0.71210549,0.28789451,2.0415,0.53258541,0.47270181,0.53258541,-0.47270181,complex,1
0.338519,0.097847,3.459687,0.0303771553658653,0.170078279874066,0.9427024433195,0.71208035,0.28791965,2.0413,0.53208608,0.47322597,0.53208608,-0.47322597,complex,1
0.338894,0.097955,3.459697,0.030445818716445,0.170268527928502,0.942575428382,0.71205523,0.28794477,2.0411,0.53158628,0.47374959,0.53158628,-0.47374959,complex,1
0.33927,0.098063,3.459706,0.0305147475264355,0.170459289559217,0.94244793355,0.71203004,0.28796996,2.0409,0.53108594,0.47427261,0.53108594,-0.47427261,complex,1
0.339645,0.098171,3.459716,0.0305835751741678,0.1706495500842,0.9423206369875,0.71200481,0.28799519,2.0406,0.53058508,0.47479503,0.53058508,-0.47479503,complex,1
0.34002,0.098279,3.459725,0.0306524848924832,0.170839816847413,0.9421931998,0.71197955,0.28802045,2.0404,0.53008372,0.47531687,0.53008372,-0.47531687,complex,1
0.340395,0.098388,3.459735,0.0307214767023296,0.171030089856358,0.9420656219875,0.71195426,0.28804574,2.0402,0.52958185,0.47583814,0.52958185,-0.47583814,complex,1
0.34077,0.098496,3.459744,0.0307905506246834,0.171220369118541,0.94193790355,0.71192891,0.28807109,2.04,0.52907945,0.4763588,0.52907945,-0.4763588,complex,1
0.341146,0.098604,3.459754,0.0308598912065209,0.171411162077904,0.941809703342,0.71190355,0.28809645,2.0398,0.52857656,0.47687891,0.52857656,-0.47687891,complex,1
0.341521,0.098712,3.459763,0.0309291296360403,0.171601453885807,0.9416817032795,0.71187817,0.28812183,2.0396,0.52807316,0.47739842,0.52807316,-0.47739842,complex,1
0.341896,0.09882,3.459773,0.0309984502412245,0.171791751969493,0.941553562592,0.71185271,0.28814729,2.0394,0.52756923,0.47791734,0.52756923,-0.47791734,complex,1
0.342271,0.098929,3.459782,0.0310678530431644,0.171982056336475,0.9414252812795,0.71182721,0.28817279,2.0391,0.52706478,0.47843567,0.52706478,-0.47843567,complex,1
0.342646,0.099037,3.459792,0.0311373380629799,0.172172366994268,0.941296859342,0.71180168,0.28819832,2.0389,0.52655983,0.47895341,0.52655983,-0.47895341,complex,1
0.343022,0.099145,3.459801,0.031207090944473,0.172363191470699,0.941167953758,0.71177616,0.28822384,2.0387,0.5260544,0.47947062,0.5260544,-0.47947062,complex,1
0.343397,0.099253,3.459811,0.0312767406829027,0.172553514749493,0.9410392501955,0.71175057,0.28824943,2.0385,0.52554843,0.47998721,0.52554843,-0.47998721,complex,1
0.343772,0.099361,3.45982,0.0313464727027961,0.172743844341677,0.940910406008,0.71172492,0.28827508,2.0383,0.52504194,0.4805032,0.52504194,-0.4805032,complex,1
0.344147,0.099469,3.45983,0.0314162870253882,0.172934180254774,0.9407814211955,0.71169928,0.28830072,2.0381,0.52453497,0.48101864,0.52453497,-0.48101864,complex,1
0.344522,0.099578,3.459839,0.0314861836719425,0.17312452249631,0.940652295758,0.71167358,0.28832642,2.0379,0.52402747,0.48153349,0.52402747,-0.48153349,complex,1
0.344897,0.099686,3.459849,0.0315561626637515,0.173314871073814,0.9405230296955,0.71164787,0.28835213,2.0376,0.52351948,0.48204776,0.52351948,-0.48204776,complex,1
0.345273,0.099794,3.459858,0.0316264109625594,0.173505733616424,0.9403932777355,0.71162208,0.28837792,2.0374,0.52301096,0.48256143,0.52301096,-0.48256143,complex,1
0.345648,0.099902,3.459868,0.0316965549286,0.173696094905401,0.940263730048,0.71159628,0.28840372,2.0372,0.52250193,0.48307452,0.52250193,-0.48307452,complex,1
0.346023,0.10001,3.459877,0.0317667813040026,0.173886462552962,0.9401340417355,0.71157044,0.28842956,2.037,0.5219924,0.48358704,0.5219924,-0.48358704,complex,1
0.346398,0.100118,3.459887,0.0318370901101752,0.174076836566645,0.940004212798,0.71154457,0.28845543,2.0368,0.52148236,0.48409897,0.52148236,-0.48409897,complex,1
0.346773,0.100227,3.459896,0.0319074813685546,0.174267216953988,0.9398742432355,0.71151866,0.28848134,2.0365,0.52097182,0.48461032,0.52097182,-0.48461032,complex,1
0.347149,0.100335,3.459906,0.0319781431408361,0.17445811142912,0.9397437858995,0.71149271,0.28850729,2.0363,0.52046076,0.48512109,0.52046076,-0.48512109,complex,1
0.347524,0.100443,3.459915,0.0320486995880714,0.174648504603457,0.939613534712,0.71146672,0.28853328,2.0361,0.51994919,0.48563128,0.51994919,-0.48563128,complex,1
0.347899,0.100551,3.459925,0.0321193385520553,0.174838904174104,0.9394831428995,0.7114407,0.2885593,2.0359,0.51943712,0.48614088,0.51943712,-0.48614088,complex,1
0.348274,0.100659,3.459934,0.0321900600543405,0.175029310148609,0.939352610462,0.71141464,0.28858536,2.0357,0.51892454,0.48664989,0.51892454,-0.48664989,complex,1
0.348649,0.100767,3.459944,0.0322608641165089,0.175219722534523,0.9392219373995,0.71138855,0.28861145,2.0355,0.51841146,0.48715833,0.51841146,-0.48715833,complex,1
0.349025,0.100875,3.459953,0.0323319399016426,0.175410649131466,0.9390907746875,0.71136243,0.28863757,2.0352,0.51789786,0.48766619,0.51789786,-0.48766619,complex,1
0.3494,0.100984,3.459963,0.0324029093687429,0.175601074380002,0.93895982,0.71133626,0.28866374,2.035,0.51738376,0.48817345,0.51738376,-0.48817345,complex,1
0.349775,0.101092,3.459973,0.0324739614607039,0.175791506062631,0.9388287246875,0.71131006,0.28868994,2.0348,0.51686915,0.48868014,0.51686915,-0.48868014,complex,1
0.35015,0.1012,3.459982,0.0325450961992238,0.17598194418691,0.93869748875,0.71128382,0.28871618,2.0346,0.51635403,0.48918624,0.51635403,-0.48918624,complex,1
0.350525,0.101308,3.459992,0.0326163136060299,0.1761723887604,0.9385661121875,0.71125754,0.28874246,2.0344,0.51583841,0.48969177,0.51583841,-0.48969177,complex,1
0.3509,0.101416,3.460001,0.0326876137028785,0.176362839790665,0.938434595,0.71123123,0.28876877,2.0341,0.51532228,0.4901967,0.51532228,-0.4901967,complex,1
0.351276,0.101524,3.460011,0.0327591869763077,0.176553805180571,0.938302585912,0.71120488,0.28879512,2.0339,0.51480564,0.49070106,0.51480564,-0.49070106,complex,1
0.351651,0.101633,3.46002,0.0328306527392797,0.176744269164352,0.9381707870995,0.7111785,0.2888215,2.0337,0.5142885,0.49120483,0.5142885,-0.49120483,complex,1
0.352026,0.101741,3.46003,0.0329022012577968,0.176934739627631,0.938038847662,0.71115207,0.28884793,2.0335,0.51377085,0.49170802,0.51377085,-0.49170802,complex,1
0.352401,0.101849,3.460039,0.0329738325537323,0.17712521657798,0.9379067675995,0.71112562,0.28887438,2.0332,0.5132527,0.49221063,0.5132527,-0.49221063,complex,1
0.352776,0.101957,3.460049,0.0330455466489888,0.177315700022973,0.937774546912,0.71109912,0.28890088,2.033,0.51273404,0.49271266,0.51273404,-0.49271266,complex,1
0.353152,0.102065,3.460058,0.0331175351346844,0.177506697952079,0.937641832448,0.71107259,0.28892741,2.0328,0.51221488,0.49321411,0.51221488,-0.49321411,complex,1
0.353527,0.102173,3.460068,0.033189415115352,0.177697194426462,0.9375093301355,0.71104602,0.28895398,2.0326,0.51169521,0.49371496,0.51169521,-0.49371496,complex,1
0.353902,0.102282,3.460078,0.0332613779612824,0.177887697418246,0.937376687198,0.71101942,0.28898058,2.0324,0.51117503,0.49421523,0.51117503,-0.49421523,complex,1
0.354277,0.10239,3.460087,0.0333334236944954,0.178078206935015,0.9372439036355,0.71099278,0.28900722,2.0321,0.51065435,0.49471494,0.51065435,-0.49471494,complex,1
0.354652,0.102498,3.460097,0.0334055523370401,0.178268722984353,0.937110979448,0.7109661,0.2890339,2.0319,0.51013317,0.49521403,0.51013317,-0.49521403,complex,1
0.355028,0.102606,3.460106,0.0334779565860819,0.178459753642838,0.936977559608,0.71093938,0.28906062,2.0317,0.50961148,0.49571256,0.50961148,-0.49571256,complex,1
0.355403,0.102714,3.460116,0.0335502513347938,0.178650282797552,0.9368443537955,0.71091263,0.28908737,2.0315,0.50908929,0.49621051,0.50908929,-0.49621051,complex,1
0.355778,0.102822,3.460125,0.0336226290592201,0.178840818507626,0.936711007358,0.71088585,0.28911415,2.0312,0.50856659,0.49670787,0.50856659,-0.49670787,complex,1
0.356153,0.10293,3.460135,0.0336950897815276,0.179031360780656,0.9365775202955,0.71085902,0.28914098,2.031,0.50804339,0.49720464,0.50804339,-0.49720464,complex,1
0.356528,0.103039,3.460144,0.0337676335239126,0.179221909624236,0.936443892608,0.71083216,0.28916784,2.0308,0.5075197,0.49770083,0.5075197,-0.49770083,complex,1
0.356903,0.103147,3.460154,0.0338402603086008,0.179412465045968,0.9363101242955,0.71080526,0.28919474,2.0306,0.50699548,0.49819644,0.50699548,-0.49819644,complex,1
0.357279,0.103255,3.460164,0.0339131641618467,0.179603535227616,0.9361758580795,0.71077832,0.28922168,2.0303,0.50647077,0.49869147,0.50647077,-0.49869147,complex,1
0.357654,0.103363,3.460173,0.0339859573195312,0.179794103846048,0.936041808142,0.71075133,0.28924867,2.0301,0.50594554,0.4991859,0.50594554,-0.4991859,complex,1
0.358029,0.103471,3.460183,0.0340588335864327,0.179984679065462,0.9359076175795,0.71072436,0.28927564,2.0299,0.50541986,0.49967978,0.50541986,-0.49967978,complex,1
0.358404,0.103579,3.460192,0.0341317929848951,0.180175260893466,0.935773286392,0.7106973,0.2893027,2.0297,0.50489363,0.50017304,0.50489363,-0.50017304,complex,1
0.358779,0.103687,3.460202,0.034204835537292,0.18036584933767,0.9356388145795,0.7106702,0.2893298,2.0294,0.5043669,0.50066572,0.5043669,-0.50066572,complex,1
0.359155,0.103796,3.460211,0.0342781563791872,0.180556952668065,0.9355038429875,0.71064307,0.28935693,2.0292,0.50383967,0.50115782,0.50383967,-0.50115782,complex,1
0.35953,0.103904,3.460221,0.0343513655285853,0.180747554385205,0.93536908955,0.71061591,0.28938409,2.029,0.50331194,0.50164934,0.50331194,-0.50164934,complex,1
0.359905,0.104012,3.46023,0.034424657899276,0.180938162741412,0.9352341954875,0.71058873,0.28941127,2.0288,0.50278373,0.50214028,0.50278373,-0.50214028,complex,1
0.36028,0.10412,3.46024,0.0344980335137513,0.181128777744304,0.9350991608,0.7105615,0.2894385,2.0285,0.502255,0.50263064,0.502255,-0.50263064,complex,1
0.360655,0.104228,3.46025,0.0345714923945332,0.181319399401503,0.9349639854875,0.71053424,0.28946576,2.0283,0.50172577,0.50312041,0.50172577,-0.50312041,complex,1
0.361031,0.104336,3.460259,0.0346452307879937,0.181510536071732,0.9348283085195,0.71050691,0.28949309,2.0281,0.50119603,0.50360958,0.50119603,-0.50360958,complex,1
0.361406,0.104444,3.460269,0.034718856491267,0.181701171078217,0.934692851582,0.71047958,0.28952042,2.0278,0.50066581,0.50409818,0.50066581,-0.50409818,complex,1
0.361781,0.104553,3.460278,0.034792565528651,0.18189181276191,0.9345572540195,0.71045222,0.28954778,2.0276,0.50013509,0.50458621,0.50013509,-0.50458621,complex,1
0.362156,0.104661,3.460288,0.0348663579227866,0.182082461130442,0.934421515832,0.71042476,0.28957524,2.0274,0.49960383,0.50507361,0.49960383,-0.50507361,complex,1
0.362531,0.104769,3.460297,0.0349402336963443,0.182273116191445,0.9342856370195,0.7103973,0.2896027,2.0272,0.4990721,0.50556045,0.4990721,-0.50556045,complex,1
0.362906,0.104877,3.460307,0.0350141928720248,0.182463777952557,0.934149617582,0.71036983,0.28963017,2.0269,0.49853988,0.50604673,0.49853988,-0.50604673,complex,1
0.363282,0.104985,3.460316,0.0350884330310431,0.182654954879639,0.934013094238,0.71034228,0.28965772,2.0267,0.49800713,0.50653238,0.49800713,-0.50653238,complex,1
0.363657,0.105093,3.460326,0.0351625593017472,0.1828456300818,0.9338767931755,0.71031473,0.28968527,2.0265,0.49747391,0.50701748,0.49747391,-0.50701748,complex,1
0.364032,0.105201,3.460336,0.0352367690429155,0.183036312007011,0.933740351488,0.71028712,0.28971288,2.0262,0.49694017,0.50750198,0.49694017,-0.50750198,complex,1
0.364407,0.105309,3.460345,0.0353110622773679,0.183227000662916,0.9336037691755,0.71025948,0.28974052,2.026,0.49640595,0.50798589,0.49640595,-0.50798589,complex,1
0.364782,0.105418,3.460355,0.0353854390279545,0.183417696057164,0.933467046238,0.71023176,0.28976824,2.0258,0.49587119,0.5084692,0.49587119,-0.5084692,complex,1
0.365158,0.105526,3.460364,0.0354600979900303,0.183608906745469,0.933329817518,0.71020407,0.28979593,2.0255,0.49533597,0.50895196,0.49533597,-0.50895196,complex,1
0.365533,0.105634,3.460374,0.0355346420644175,0.183799615657371,0.9331928129555,0.71017633,0.28982367,2.0253,0.49480026,0.50943413,0.49480026,-0.50943413,complex,1
0.365908,0.105742,3.460383,0.0356092697237299,0.183990331330592,0.933055667768,0.71014855,0.28985145,2.0251,0.49426404,0.50991571,0.49426404,-0.50991571,complex,1
0.366283,0.10585,3.460393,0.0356839809909375,0.184181053772788,0.9329183819555,0.71012071,0.28987929,2.0248,0.4937273,0.51039668,0.4937273,-0.51039668,complex,1
0.366658,0.105958,3.460403,0.0357587758890403,0.184371782991618,0.932780955518,0.71009284,0.28990716,2.0246,0.49319008,0.51087707,0.49319008,-0.51087707,complex,1
0.367034,0.106066,3.460412,0.0358338542290638,0.184563027633162,0.932643021422,0.71006492,0.28993508,2.0244,0.49265234,0.51135688,0.49265234,-0.51135688,complex,1
0.367409,0.106175,3.460422,0.035908816681247,0.184753770446369,0.9325053133595,0.71003699,0.28996301,2.0242,0.49211414,0.51183611,0.49211414,-0.51183611,complex,1
0.367784,0.106283,3.460431,0.0359838628335676,0.184944520059222,0.932367464672,0.71000901,0.28999099,2.0239,0.49157542,0.51231474,0.49157542,-0.51231474,complex,1
0.368159,0.106391,3.460441,0.0360589927091463,0.18513527647939,0.9322294753595,0.70998099,0.29001901,2.0237,0.49103621,0.51279279,0.49103621,-0.51279279,complex,1
0.368534,0.106499,3.46045,0.0361342063311336,0.185326039714543,0.932091345422,0.70995294,0.29004706,2.0235,0.4904965,0.51327026,0.4904965,-0.51327026,complex,1
0.368909,0.106607,3.46046,0.0362095037227103,0.185516809772354,0.9319530748595,0.70992484,0.29007516,2.0232,0.48995629,0.51374713,0.48995629,-0.51374713,complex,1
0.369285,0.106715,3.460469,0.0362850860356216,0.185708095408006,0.9318142943875,0.70989671,0.29010329,2.023,0.48941559,0.51422342,0.48941559,-0.51422342,complex,1
0.36966,0.106823,3.460479,0.0363605512595812,0.185898879152408,0.9316757422,0.70986854,0.29013146,2.0228,0.48887438,0.51469911,0.48887438,-0.51469911,complex,1
0.370035,0.106931,3.460489,0.0364361003229161,0.186089669742524,0.9315370493875,0.70984033,0.29015967,2.0225,0.48833269,0.51517423,0.48833269,-0.51517423,complex,1
0.37041,0.10704,3.460498,0.0365117332489282,0.186280467186034,0.93139821595,0.70981209,0.29018791,2.0223,0.4877905,0.51564875,0.4877905,-0.51564875,complex,1
0.370785,0.107148,3.460508,0.0365874500609496,0.186471271490626,0.9312592418875,0.7097838,0.2902162,2.022,0.48724781,0.51612268,0.48724781,-0.51612268,complex,1
0.371161,0.107256,3.460517,0.0366634530297981,0.18666259150297,0.9311197560395,0.70975549,0.29024451,2.0218,0.48670463,0.51659603,0.48670463,-0.51659603,complex,1
0.371536,0.107364,3.460527,0.0367393379078077,0.186853409571135,0.930980500352,0.70972713,0.29027287,2.0216,0.48616095,0.51706878,0.48616095,-0.51706878,complex,1
0.371911,0.107472,3.460536,0.0368153067420674,0.18704423452347,0.9308411040395,0.70969873,0.29030127,2.0213,0.48561677,0.51754095,0.48561677,-0.51754095,complex,1
0.372286,0.10758,3.460546,0.0368913595560307,0.18723506636767,0.930701567102,0.70967029,0.29032971,2.0211,0.4850721,0.51801253,0.4850721,-0.51801253,complex,1
0.372661,0.107688,3.460555,0.0369674963731816,0.187425905111433,0.9305618895395,0.70964183,0.29035817,2.0209,0.48452694,0.51848352,0.48452694,-0.51848352,complex,1
0.373037,0.107796,3.460565,0.0370439205849736,0.187617259693434,0.9304216983155,0.70961331,0.29038669,2.0206,0.48398129,0.51895392,0.48398129,-0.51895392,complex,1
0.373412,0.107905,3.460575,0.0371202257032389,0.187808112277872,0.930281739128,0.70958476,0.29041524,2.0204,0.48343513,0.51942373,0.48343513,-0.51942373,complex,1
0.373787,0.108013,3.460584,0.0371966148953892,0.187998971784998,0.9301416393155,0.70955618,0.29044382,2.0202,0.48288849,0.51989295,0.48288849,-0.51989295,complex,1
0.374162,0.108121,3.460594,0.0372730881850305,0.188189838222519,0.930001398878,0.70952755,0.29047245,2.0199,0.48234135,0.52036158,0.48234135,-0.52036158,complex,1
0.374537,0.108229,3.460603,0.037349645595799,0.188380711598144,0.9298610178155,0.70949889,0.29050111,2.0197,0.48179371,0.52082962,0.48179371,-0.52082962,complex,1
0.374912,0.108337,3.460613,0.0374262871513617,0.188571591919584,0.929720496128,0.70947019,0.29052981,2.0194,0.48124559,0.52129707,0.48124559,-0.52129707,complex,1
0.375288,0.108445,3.460622,0.0375032175898921,0.188762988236589,0.929579458528,0.70944145,0.29055855,2.0192,0.48069697,0.52176392,0.48069697,-0.52176392,complex,1
0.375663,0.108553,3.460632,0.0375800277307105,0.188953882491378,0.9294386552155,0.70941267,0.29058733,2.019,0.48014786,0.52223019,0.48014786,-0.52223019,complex,1
0.376038,0.108661,3.460641,0.0376569220875708,0.189144783715151,0.929297711278,0.70938385,0.29061615,2.0187,0.47959825,0.52269587,0.47959825,-0.52269587,complex,1
0.376413,0.108769,3.460651,0.0377339006842622,0.18933569191563,0.9291566267155,0.709355,0.290645,2.0185,0.47904815,0.52316096,0.47904815,-0.52316096,complex,1
0.376788,0.108878,3.460661,0.0378109635446048,0.189526607100538,0.929015401528,0.70932611,0.29067389,2.0182,0.47849756,0.52362545,0.47849756,-0.52362545,complex,1
0.377164,0.108986,3.46067,0.0378883165308812,0.189718038412762,0.928873658552,0.70929718,0.29070282,2.018,0.47794648,0.52408935,0.47794648,-0.52408935,complex,1
0.377539,0.109094,3.46068,0.0379655482149712,0.189908967608387,0.9287321517395,0.70926821,0.29073179,2.0178,0.47739491,0.52455266,0.47739491,-0.52455266,complex,1
0.377914,0.109202,3.460689,0.0380428642344204,0.190099903811647,0.928590504302,0.7092392,0.2907608,2.0175,0.47684285,0.52501538,0.47684285,-0.52501538,complex,1
0.378289,0.10931,3.460699,0.0381202646131717,0.190290847030275,0.9284487162395,0.70921016,0.29078984,2.0173,0.47629029,0.52547751,0.47629029,-0.52547751,complex,1
0.378664,0.109418,3.460708,0.0381977493751987,0.190481797272008,0.928306787552,0.70918109,0.29081891,2.017,0.47573725,0.52593905,0.47573725,-0.52593905,complex,1
0.37904,0.109526,3.460718,0.0382755255084889,0.190673263773384,0.9281643392,0.70915197,0.29084803,2.0168,0.47518372,0.52639999,0.47518372,-0.52639999,complex,1
0.379415,0.109634,3.460727,0.0383531793342942,0.190864228103322,0.9280221288875,0.7091228,0.2908772,2.0166,0.47462968,0.52686034,0.47462968,-0.52686034,complex,1
0.37979,0.109742,3.460737,0.0384309176155454,0.191055199479608,0.92787977795,0.70909355,0.29090645,2.0163,0.47407513,0.52732005,0.47407513,-0.52732005,complex,1
0.380165,0.109851,3.460746,0.0385087403763396,0.191246177909987,0.9277372863875,0.70906437,0.29093563,2.0161,0.47352016,0.52777925,0.47352016,-0.52777925,complex,1
0.38054,0.109959,3.460756,0.0385866476408049,0.191437163402206,0.9275946542,0.70903508,0.29096492,2.0158,0.47296465,0.5282378,0.47296465,-0.5282378,complex,1
0.380915,0.110067,3.460765,0.0386646394331,0.191628155964016,0.9274518813875,0.70900574,0.29099426,2.0156,0.47240864,0.52869577,0.47240864,-0.52869577,complex,1
0.381291,0.110175,3.460775,0.0387429240940579,0.19181966494501,0.9273085866595,0.70897639,0.29102361,2.0154,0.47185217,0.52915314,0.47185217,-0.52915314,complex,1
0.381666,0.110283,3.460785,0.0388210852401821,0.192010671688168,0.927165532222,0.70894701,0.29105299,2.0151,0.47129522,0.52960994,0.47129522,-0.52960994,complex,1
0.382041,0.110391,3.460794,0.0388993309868632,0.192201685524204,0.9270223371595,0.7089176,0.2910824,2.0149,0.47073777,0.53006614,0.47073777,-0.53006614,complex,1
0.382416,0.110499,3.460804,0.0389776613583839,0.192392706460879,0.926879001472,0.70888811,0.29111189,2.0146,0.47017981,0.53052172,0.47017981,-0.53052172,complex,1
0.382791,0.110607,3.460813,0.0390560763790582,0.192583734505955,0.9267355251595,0.70885862,0.29114138,2.0144,0.4696214,0.53097673,0.4696214,-0.53097673,complex,1
0.383167,0.110715,3.460823,0.0391347855189695,0.192775279103814,0.9265915250555,0.70882906,0.29117094,2.0141,0.46906246,0.53143112,0.46906246,-0.53143112,complex,1
0.383542,0.110824,3.460832,0.0392133701369101,0.192966321407999,0.926447767118,0.70879949,0.29120051,2.0139,0.46850306,0.53188494,0.46850306,-0.53188494,complex,1
0.383917,0.110932,3.460842,0.0392920394771973,0.19315737084391,0.9263038685555,0.70876983,0.29123017,2.0136,0.46794314,0.53233813,0.46794314,-0.53233813,complex,1
0.384292,0.11104,3.460851,0.0393707935642693,0.193348427419319,0.926159829368,0.70874019,0.29125981,2.0134,0.46738277,0.53279077,0.46738277,-0.53279077,complex,1
0.384667,0.111148,3.460861,0.0394496324225956,0.193539491142001,0.9260156495555,0.70871046,0.29128954,2.0132,0.46682188,0.53324277,0.46682188,-0.53324277,complex,1
0.385043,0.111256,3.46087,0.0395287666531385,0.193731071551648,0.9258709440755,0.7086807,0.2913193,2.0129,0.46626051,0.53369418,0.46626051,-0.53369418,complex,1
0.385418,0.111364,3.46088,0.0396077753537263,0.193922149611326,0.925726482638,0.70865094,0.29134906,2.0127,0.46569867,0.53414502,0.46569867,-0.53414502,complex,1
0.385793,0.111472,3.460889,0.0396868688992291,0.194113234841639,0.9255818805755,0.70862112,0.29137888,2.0124,0.46513634,0.53459524,0.46513634,-0.53459524,complex,1
0.386168,0.11158,3.460899,0.0397660473142414,0.194304327250372,0.925437137888,0.70859128,0.29140872,2.0122,0.46457353,0.53504489,0.46457353,-0.53504489,complex,1
0.386543,0.111688,3.460908,0.0398453106233885,0.194495426845314,0.9252922545755,0.70856139,0.29143861,2.0119,0.46401023,0.53549392,0.46401023,-0.53549392,complex,1
0.386918,0.111796,3.460918,0.0399246588513274,0.194686533634255,0.925147230638,0.70853143,0.29146857,2.0117,0.46344642,0.53594235,0.46344642,-0.53594235,complex,1
0.387294,0.111905,3.460927,0.0400043039581188,0.194878157271932,0.925001678782,0.70850149,0.29149851,2.0114,0.46288218,0.5363902,0.46288218,-0.5363902,complex,1
0.387669,0.112013,3.460937,0.0400838223243521,0.195069278491488,0.9248563732195,0.70847146,0.29152854,2.0112,0.4623174,0.53683744,0.4623174,-0.53683744,complex,1
0.388044,0.112121,3.460946,0.0401634256836017,0.195260406928451,0.924710927032,0.7084414,0.2915586,2.0109,0.46175215,0.53728408,0.46175215,-0.53728408,complex,1
0.388419,0.112229,3.460956,0.0402431140606499,0.195451542590619,0.9245653402195,0.70841131,0.29158869,2.0107,0.46118642,0.53773012,0.46118642,-0.53773012,complex,1
0.388794,0.112337,3.460965,0.0403228874803106,0.195642685485797,0.924419612782,0.70838118,0.29161882,2.0104,0.4606202,0.53817556,0.4606202,-0.53817556,complex,1
0.38917,0.112445,3.460975,0.0404029590371424,0.195834345365174,0.92427335555,0.70835101,0.29164899,2.0102,0.4600535,0.5386204,0.4600535,-0.5386204,complex,1
0.389545,0.112553,3.460984,0.040482902843541,0.19602550276913,0.9241273464875,0.7083208,0.2916792,2.0099,0.45948631,0.53906464,0.45948631,-0.53906464,complex,1
0.38992,0.112661,3.460994,0.0405629317672484,0.19621666742954,0.9239811968,0.70829055,0.29170945,2.0097,0.45891864,0.53950828,0.45891864,-0.53950828,complex,1
0.390295,0.112769,3.461003,0.0406430458332043,0.196407839354218,0.9238349064875,0.70826026,0.29173974,2.0095,0.45835048,0.53995133,0.45835048,-0.53995133,complex,1
0.39067,0.112877,3.461013,0.0407232450663799,0.196599018550979,0.92368847555,0.70822993,0.29177007,2.0092,0.45778184,0.54039376,0.45778184,-0.54039376,complex,1
0.391046,0.112986,3.461022,0.0408037436974938,0.196790714867986,0.923541512942,0.70819957,0.29180043,2.009,0.45721273,0.54083561,0.45721273,-0.54083561,complex,1
0.391421,0.113094,3.461032,0.0408841135674282,0.196981908651816,0.9233948003795,0.70816916,0.29183084,2.0087,0.45664312,0.54127684,0.45664312,-0.54127684,complex,1
0.391796,0.113202,3.461041,0.0409645686797523,0.197173109731211,0.923247947192,0.70813872,0.29186128,2.0085,0.45607303,0.54171749,0.45607303,-0.54171749,complex,1
0.392171,0.11331,3.461051,0.0410451090595637,0.197364318114,0.9231009533795,0.70810823,0.29189177,2.0082,0.45550246,0.54215751,0.45550246,-0.54215751,complex,1
0.392546,0.113418,3.46106,0.0411257347319919,0.197555533808009,0.922953818942,0.7080777,0.2919223,2.0079,0.45493141,0.54259694,0.45493141,-0.54259694,complex,1
0.392921,0.113526,3.46107,0.0412064457221977,0.19774675682107,0.9228065438795,0.70804714,0.29195286,2.0077,0.45435988,0.54303578,0.45435988,-0.54303578,complex,1
0.393297,0.113634,3.461079,0.0412874576263791,0.197938497118393,0.9226587348955,0.70801654,0.29198346,2.0074,0.45378787,0.543474,0.45378787,-0.543474,complex,1
0.393672,0.113742,3.461088,0.0413683395554325,0.198129734812631,0.922511178208,0.7079859,0.2920141,2.0072,0.45321537,0.54391164,0.45321537,-0.54391164,complex,1
0.394047,0.11385,3.461098,0.0414493068780043,0.19832097984945,0.9223634808955,0.70795522,0.29204478,2.0069,0.45264239,0.54434865,0.45264239,-0.54434865,complex,1
0.394422,0.113958,3.461107,0.0415303596193827,0.198512232236693,0.922215642958,0.70792449,0.29207551,2.0067,0.45206893,0.54478507,0.45206893,-0.54478507,complex,1
0.394797,0.114066,3.461117,0.0416114978048874,0.198703491982202,0.9220676643955,0.70789373,0.29210627,2.0064,0.45149499,0.54522088,0.45149499,-0.54522088,complex,1
0.395173,0.114175,3.461126,0.0416929381705693,0.19889526914931,0.9219191500355,0.70786293,0.29213707,2.0062,0.45092057,0.54565609,0.45092057,-0.54565609,complex,1
0.395548,0.114283,3.461136,0.0417742475484339,0.199086543654569,0.921770889848,0.70783209,0.29216791,2.0059,0.45034567,0.54609069,0.45034567,-0.54609069,complex,1
0.395923,0.114391,3.461145,0.0418556424466433,0.199277825541663,0.9216224890355,0.70780121,0.29219879,2.0057,0.44977029,0.54652469,0.44977029,-0.54652469,complex,1
0.396298,0.114499,3.461155,0.0419371228906448,0.199469114818446,0.921473947598,0.70777029,0.29222971,2.0054,0.44919442,0.54695809,0.44919442,-0.54695809,complex,1
0.396673,0.114607,3.461164,0.042018688905918,0.199660411492776,0.9213252655355,0.70773933,0.29226067,2.0052,0.44861808,0.54739087,0.44861808,-0.54739087,complex,1
0.397049,0.114715,3.461174,0.0421005583700622,0.199852225726631,0.9211760457995,0.70770833,0.29229167,2.0049,0.44804126,0.54782306,0.44804126,-0.54782306,complex,1
0.397424,0.114823,3.461183,0.0421822958328046,0.200043537239413,0.921027082112,0.70767729,0.29232271,2.0047,0.44746396,0.54825464,0.44746396,-0.54825464,complex,1
0.397799,0.114931,3.461192,0.0422641189435165,0.200234856173349,0.9208779777995,0.70764621,0.29235379,2.0044,0.44688619,0.5486856,0.44688619,-0.5486856,complex,1
0.398174,0.115039,3.461202,0.0423460277278054,0.200426182536305,0.920728732862,0.70761509,0.29238491,2.0042,0.44630793,0.54911597,0.44630793,-0.54911597,complex,1
0.398549,0.115147,3.461211,0.0424280222113105,0.200617516336152,0.9205793472995,0.70758393,0.29241607,2.0039,0.4457292,0.54954572,0.4457292,-0.54954572,complex,1
0.398924,0.115255,3.461221,0.0425101024197036,0.200808857580763,0.920429821112,0.70755273,0.29244727,2.0036,0.44514999,0.54997487,0.44514999,-0.54997487,complex,1
0.3993,0.115364,3.46123,0.0425924876025741,0.201000716551175,0.920279755,0.7075215,0.2924785,2.0034,0.4445703,0.55040342,0.4445703,-0.55040342,complex,1
0.399675,0.115472,3.46124,0.0426747395666571,0.201192072728846,0.9201299471875,0.70749021,0.29250979,2.0031,0.44399013,0.55083134,0.44399013,-0.55083134,complex,1
0.40005,0.11558,3.461249,0.0427570773329039,0.201383436374935,0.91997999875,0.7074589,0.2925411,2.0029,0.44340948,0.55125867,0.44340948,-0.55125867,complex,1
0.400425,0.115688,3.461258,0.0428395009271148,0.201574807497324,0.9198299096875,0.70742752,0.29257248,2.0026,0.44282836,0.55168537,0.44282836,-0.55168537,complex,1
0.4008,0.115796,3.461268,0.042922010375122,0.2017661861039,0.91967968,0.70739613,0.29260387,2.0024,0.44224676,0.55211149,0.44224676,-0.55211149,complex,1
0.401176,0.115904,3.461277,0.0430048260718318,0.201958082575504,0.919528908512,0.70736473,0.29263527,2.0021,0.44166471,0.55253701,0.44166471,-0.55253701,complex,1
0.401551,0.116012,3.461287,0.0430875075341739,0.202149476194132,0.9193783971995,0.70733326,0.29266674,2.0018,0.44108216,0.5529619,0.44108216,-0.5529619,complex,1
0.401926,0.11612,3.461296,0.043170274928072,0.20234087732064,0.919227745262,0.70730171,0.29269829,2.0016,0.44049911,0.55338615,0.44049911,-0.55338615,complex,1
0.402301,0.116228,3.461305,0.0432531282794878,0.202532285962925,0.9190769526995,0.70727013,0.29272987,2.0013,0.4399156,0.55380981,0.4399156,-0.55380981,complex,1
0.402676,0.116336,3.461315,0.043336067614415,0.202723702128886,0.918926019512,0.70723853,0.29276147,2.0011,0.43933162,0.55423286,0.43933162,-0.55423286,complex,1
0.403052,0.116444,3.461324,0.043419314474807,0.202915636299694,0.918774542648,0.70720691,0.29279309,2.0008,0.43874717,0.55465532,0.43874717,-0.55465532,complex,1
0.403427,0.116552,3.461334,0.0435024260843313,0.203107067556831,0.9186233278355,0.70717523,0.29282477,2.0006,0.43816225,0.55507715,0.43816225,-0.55507715,complex,1
0.403802,0.11666,3.461343,0.0435856237556125,0.203298506361377,0.918471972398,0.70714351,0.29285649,2.0003,0.43757685,0.55549837,0.43757685,-0.55549837,complex,1
0.404177,0.116769,3.461352,0.0436689075147742,0.203489952721243,0.9183204763355,0.70711175,0.29288825,2,0.43699097,0.55591898,0.43699097,-0.55591898,complex,1
0.404552,0.116877,3.461362,0.0437522773879724,0.20368140664434,0.918168839648,0.70707994,0.29292006,1.9998,0.43640461,0.55633898,0.43640461,-0.55633898,complex,1
0.404927,0.116985,3.461371,0.0438357334013954,0.203872868138585,0.9180170623355,0.70704809,0.29295191,1.9995,0.43581778,0.55675835,0.43581778,-0.55675835,complex,1
0.405303,0.117093,3.46138,0.0439194984756291,0.204064847806228,0.9178647390955,0.70701623,0.29298377,1.9993,0.43523049,0.55717714,0.43523049,-0.55717714,complex,1
0.405678,0.117201,3.46139,0.0440031270780799,0.204256324486764,0.917712680158,0.70698428,0.29301572,1.999,0.4346427,0.55759528,0.4346427,-0.55759528,complex,1
0.406053,0.117309,3.461399,0.0440868418995863,0.204447808762228,0.9175604805955,0.70695231,0.29304769,1.9987,0.43405446,0.55801282,0.43405446,-0.55801282,complex,1
0.406428,0.117417,3.461408,0.0441706429664673,0.204639300640547,0.917408140408,0.70692034,0.29307966,1.9985,0.43346576,0.55842976,0.43346576,-0.55842976,complex,1
0.406803,0.117525,3.461418,0.0442545303050741,0.204830800129648,0.9172556595955,0.7068883,0.2931117,1.9982,0.43287657,0.55884608,0.43287657,-0.55884608,complex,1
0.407179,0.117633,3.461427,0.0443387279868833,0.205022817933277,0.9171026309795,0.70685625,0.29314375,1.998,0.43228693,0.5592618,0.43228693,-0.5592618,complex,1
0.407554,0.117741,3.461437,0.0444227881783609,0.205214332688088,0.916949868542,0.70682411,0.29317589,1.9977,0.43169678,0.55967688,0.43169678,-0.55967688,complex,1
0.407929,0.117849,3.461446,0.044506934720885,0.205405855077504,0.9167969654795,0.70679193,0.29320807,1.9974,0.43110617,0.56009134,0.43110617,-0.56009134,complex,1
0.408304,0.117957,3.461455,0.044591167640938,0.205597385109464,0.916643921792,0.7067597,0.2932403,1.9972,0.43051507,0.56050517,0.43051507,-0.56050517,complex,1
0.408679,0.118065,3.461465,0.0446754869650349,0.205788922791911,0.9164907374795,0.70672748,0.29327252,1.9969,0.42992354,0.56091842,0.42992354,-0.56091842,complex,1
0.409055,0.118174,3.461474,0.0447601179173077,0.20598097893061,0.9163370034875,0.70669519,0.29330481,1.9966,0.42933152,0.56133104,0.42933152,-0.56133104,complex,1
0.40943,0.118282,3.461483,0.0448446103597563,0.20617253195832,0.91618353755,0.70666286,0.29333714,1.9964,0.42873903,0.56174304,0.42873903,-0.56174304,complex,1
0.409805,0.11839,3.461493,0.0449291892860615,0.206364092660379,0.9160299309875,0.70663049,0.29336951,1.9961,0.42814607,0.56215443,0.42814607,-0.56215443,complex,1
0.41018,0.118498,3.461502,0.0450138547228695,0.20655566104474,0.9158761838,0.70659809,0.29340191,1.9959,0.42755264,0.56256519,0.42755264,-0.56256519,complex,1
0.410555,0.118606,3.461511,0.0450986066968597,0.206747237119358,0.9157222959875,0.70656564,0.29343436,1.9956,0.42695874,0.56297535,0.42695874,-0.56297535,complex,1
0.41093,0.118714,3.46152,0.045183445234744,0.206938820892193,0.91556826755,0.70653314,0.29346686,1.9953,0.42636437,0.56338487,0.42636437,-0.56338487,complex,1
0.411306,0.118822,3.46153,0.045268596946063,0.207130923292123,0.915413687182,0.70650062,0.29349938,1.9951,0.42576953,0.56379378,0.42576953,-0.56379378,complex,1
0.411681,0.11893,3.461539,0.0453536089230195,0.207322522505856,0.9152593771195,0.70646804,0.29353196,1.9948,0.42517422,0.56420207,0.42517422,-0.56420207,complex,1
0.412056,0.119038,3.461548,0.0454387075442757,0.207514129441716,0.915104926432,0.70643543,0.29356457,1.9945,0.42457844,0.56460975,0.42457844,-0.56460975,complex,1
0.412431,0.119146,3.461558,0.0455238928366759,0.207705744107673,0.9149503351195,0.70640278,0.29359722,1.9943,0.4239822,0.5650168,0.4239822,-0.5650168,complex,1
0.412806,0.119254,3.461567,0.0456091648270972,0.207897366511699,0.914795603182,0.70637008,0.29362992,1.994,0.42338549,0.56542323,0.42338549,-0.56542323,complex,1
0.413182,0.119362,3.461576,0.0456947512816564,0.208089507685864,0.914640317438,0.70633736,0.29366264,1.9937,0.42278831,0.56582904,0.42278831,-0.56582904,complex,1
0.413557,0.11947,3.461586,0.0457801969802579,0.208281145610642,0.9144853038755,0.70630458,0.29369542,1.9935,0.42219066,0.56623423,0.42219066,-0.56623423,complex,1
0.413932,0.119578,3.461595,0.0458657294577825,0.208472791297442,0.914330149688,0.70627176,0.29372824,1.9932,0.42159254,0.5666388,0.42159254,-0.5666388,complex,1
0.414307,0.119686,3.461604,0.0459513487412398,0.208664444754247,0.9141748548755,0.7062389,0.2937611,1.9929,0.42099396,0.56704274,0.42099396,-0.56704274,complex,1
0.414682,0.119795,3.461613,0.0460370548576726,0.208856105989043,0.914019419438,0.70620601,0.29379399,1.9927,0.42039491,0.56744607,0.42039491,-0.56744607,complex,1
0.415058,0.119903,3.461623,0.0461230767315741,0.209048286137622,0.913863428318,0.70617306,0.29382694,1.9924,0.41979539,0.56784877,0.41979539,-0.56784877,complex,1
0.415433,0.120011,3.461632,0.0462089568269548,0.209239962973162,0.9137077112555,0.70614009,0.29385991,1.9921,0.41919542,0.56825085,0.41919542,-0.56825085,complex,1
0.415808,0.120119,3.461641,0.0462949238367113,0.209431647610687,0.913551853568,0.70610706,0.29389294,1.9919,0.41859496,0.5686523,0.41859496,-0.5686523,complex,1
0.416183,0.120227,3.46165,0.0463809777880197,0.209623340058194,0.9133958552555,0.706074,0.293926,1.9916,0.41799405,0.56905312,0.41799405,-0.56905312,complex,1
0.416558,0.120335,3.46166,0.046467118708089,0.209815040323683,0.913239716318,0.70604089,0.29395911,1.9913,0.41739267,0.56945333,0.41739267,-0.56945333,complex,1
0.416933,0.120443,3.461669,0.0465533466241619,0.210006748415155,0.9130834367555,0.70600775,0.29399225,1.9911,0.41679083,0.56985292,0.41679083,-0.56985292,complex,1
0.417309,0.120551,3.461678,0.0466398918530508,0.210198975593565,0.9129265992595,0.70597456,0.29402544,1.9908,0.41618852,0.57025187,0.41618852,-0.57025187,complex,1
0.417684,0.120659,3.461687,0.0467262940751636,0.210390699381947,0.912770038072,0.70594133,0.29405867,1.9905,0.41558575,0.5706502,0.41558575,-0.5706502,complex,1
0.418059,0.120767,3.461696,0.0468127833752809,0.210582431020357,0.9126133362595,0.70590806,0.29409194,1.9903,0.41498251,0.57104791,0.41498251,-0.57104791,complex,1
0.418434,0.120875,3.461706,0.0468993597807791,0.210774170516809,0.912456493822,0.70587475,0.29412525,1.99,0.41437881,0.57144498,0.41437881,-0.57144498,complex,1
0.418809,0.120983,3.461715,0.0469860233190679,0.21096591787932,0.9122995107595,0.7058414,0.2941586,1.9897,0.41377465,0.57184143,0.41377465,-0.57184143,complex,1
0.419185,0.121091,3.461724,0.0470730054693347,0.21115818447374,0.9121419678875,0.705808,0.294192,1.9894,0.41317002,0.57223725,0.41317002,-0.57223725,complex,1
0.41956,0.121199,3.461733,0.0471598435881054,0.211349947613458,0.9119847032,0.70577457,0.29422543,1.9892,0.41256493,0.57263245,0.41256493,-0.57263245,complex,1
0.419935,0.121307,3.461743,0.0472467689221706,0.211541718643321,0.9118272978875,0.70574109,0.29425891,1.9889,0.41195937,0.57302702,0.41195937,-0.57302702,complex,1
0.42031,0.121415,3.461752,0.0473337814990743,0.211733497571357,0.91166975195,0.70570758,0.29429242,1.9886,0.41135336,0.57342096,0.41135336,-0.57342096,complex,1
0.420685,0.121524,3.461761,0.0474208813463941,0.211925284405597,0.9115120653875,0.705674,0.294326,1.9884,0.41074686,0.57381426,0.41074686,-0.57381426,complex,1
0.421061,0.121632,3.46177,0.0475083011075281,0.212117590617323,0.9113538171395,0.70564041,0.29435959,1.9881,0.41013994,0.57420695,0.41013994,-0.57420695,complex,1
0.421436,0.12174,3.461779,0.0475955758114533,0.212309393309208,0.911195848952,0.70560677,0.29439323,1.9878,0.40953254,0.57459901,0.40953254,-0.57459901,complex,1
0.421811,0.121848,3.461788,0.0476829378688034,0.212501203931425,0.9110377401395,0.70557306,0.29442694,1.9875,0.40892466,0.57499041,0.40892466,-0.57499041,complex,1
0.422186,0.121956,3.461798,0.0477703873072909,0.212693022492016,0.910879490702,0.70553935,0.29446065,1.9873,0.40831634,0.57538121,0.40831634,-0.57538121,complex,1
0.422561,0.122064,3.461807,0.0478579241546621,0.212884848999026,0.9107211006395,0.70550559,0.29449441,1.987,0.40770757,0.57577138,0.40770757,-0.57577138,complex,1
0.422936,0.122172,3.461816,0.0479455484386969,0.213076683460502,0.910562569952,0.70547178,0.29452822,1.9867,0.40709832,0.5761609,0.40709832,-0.5761609,complex,1
0.423312,0.12228,3.461825,0.0480334942021604,0.213269037474943,0.910403475328,0.70543794,0.29456206,1.9865,0.40648862,0.57654981,0.40648862,-0.57654981,complex,1
0.423687,0.122388,3.461834,0.0481212936763479,0.213460887890769,0.9102446630155,0.70540402,0.29459598,1.9862,0.40587845,0.57693806,0.40587845,-0.57693806,complex,1
0.424062,0.122496,3.461843,0.0482091806708165,0.213652746285241,0.910085710078,0.70537011,0.29462989,1.9859,0.40526783,0.57732571,0.40526783,-0.57732571,complex,1
0.424437,0.122604,3.461852,0.0482971552134816,0.213844612666418,0.9099266165155,0.70533615,0.29466385,1.9856,0.40465676,0.57771272,0.40465676,-0.57771272,complex,1
0.424812,0.122712,3.461862,0.0483852173322927,0.214036487042361,0.909767382328,0.70530213,0.29469787,1.9854,0.40404522,0.57809909,0.40404522,-0.57809909,complex,1
0.425188,0.12282,3.461871,0.048473602238303,0.214228881118184,0.909607582328,0.70526803,0.29473197,1.9851,0.40343319,0.57848479,0.40343319,-0.57848479,complex,1
0.425563,0.122928,3.46188,0.0485618398271134,0.214420771529229,0.9094480665155,0.70523396,0.29476604,1.9848,0.40282075,0.57886992,0.40282075,-0.57886992,complex,1
0.425938,0.123036,3.461889,0.0486501650761967,0.214612669959263,0.909288410078,0.70519984,0.29480016,1.9845,0.40220785,0.5792544,0.40220785,-0.5792544,complex,1
0.426313,0.123144,3.461898,0.0487385780136384,0.214804576416359,0.9091286130155,0.70516563,0.29483437,1.9843,0.40159447,0.57963821,0.40159447,-0.57963821,complex,1
0.426688,0.123252,3.461907,0.0488270786675581,0.214996490908594,0.908968675328,0.70513139,0.29486861,1.984,0.40098062,0.58002139,0.40098062,-0.58002139,complex,1
0.427064,0.12336,3.461916,0.0489159034191688,0.215188925248234,0.908808169952,0.70509715,0.29490285,1.9837,0.40036635,0.58040397,0.40036635,-0.58040397,complex,1
0.427439,0.123468,3.461925,0.049004579824638,0.215380855856465,0.9086479506395,0.7050628,0.2949372,1.9834,0.39975158,0.58078587,0.39975158,-0.58078587,complex,1
0.427814,0.123577,3.461934,0.0490933440312237,0.2155727945241,0.908487590702,0.70502847,0.29497153,1.9832,0.39913639,0.58116717,0.39913639,-0.58116717,complex,1
0.428189,0.123685,3.461944,0.0491821960671821,0.215764741259227,0.9083270901395,0.70499407,0.29500593,1.9829,0.39852073,0.58154782,0.39852073,-0.58154782,complex,1
0.428564,0.123793,3.461953,0.0492711359608037,0.215956696069937,0.908166448952,0.70495963,0.29504037,1.9826,0.39790462,0.58192783,0.39790462,-0.58192783,complex,1
0.428939,0.123901,3.461962,0.049360163740413,0.216148658964322,0.9080056671395,0.70492515,0.29507485,1.9823,0.39728805,0.5823072,0.39728805,-0.5823072,complex,1
0.429315,0.124009,3.461971,0.0494495171937764,0.216341141883932,0.9078443153875,0.70489062,0.29510938,1.982,0.39667102,0.58268593,0.39667102,-0.58268593,complex,1
0.42969,0.124117,3.46198,0.049538721065024,0.216533120991569,0.90768325195,0.70485607,0.29514393,1.9818,0.39605355,0.58306403,0.39605355,-0.58306403,complex,1
0.430065,0.124225,3.461989,0.0496280129075146,0.2167251082072,0.9075220478875,0.70482146,0.29517854,1.9815,0.39543561,0.58344149,0.39543561,-0.58344149,complex,1
0.43044,0.124333,3.461998,0.0497173927497104,0.216917103538929,0.9073607032,0.70478681,0.29521319,1.9812,0.39481723,0.5838183,0.39481723,-0.5838183,complex,1
0.430815,0.124441,3.462007,0.0498068606201074,0.217109106994864,0.9071992178875,0.70475212,0.29524788,1.9809,0.39419839,0.58419448,0.39419839,-0.58419448,complex,1
0.431191,0.124549,3.462016,0.0498966554807896,0.217301630624896,0.9070371607595,0.70471739,0.29528261,1.9807,0.39357909,0.58457001,0.39357909,-0.58457001,complex,1
0.431566,0.124657,3.462025,0.0499862997281482,0.217493650375297,0.906875393822,0.70468261,0.29531739,1.9804,0.39295934,0.58494491,0.39295934,-0.58494491,complex,1
0.431941,0.124765,3.462034,0.0500760320894798,0.217685678274265,0.9067134862595,0.7046478,0.2953522,1.9801,0.39233914,0.58531916,0.39233914,-0.58531916,complex,1
0.432316,0.124873,3.462043,0.0501658525934187,0.217877714329922,0.906551438072,0.70461293,0.29538707,1.9798,0.39171848,0.58569277,0.39171848,-0.58569277,complex,1
0.432691,0.124981,3.462052,0.0502557612686335,0.218069758550388,0.9063892492595,0.70457803,0.29542197,1.9795,0.39109738,0.58606573,0.39109738,-0.58606573,complex,1
0.433067,0.125089,3.462061,0.0503459982534341,0.218262323094438,0.9062264867555,0.70454309,0.29545691,1.9793,0.39047581,0.58643806,0.39047581,-0.58643806,complex,1
0.433442,0.125197,3.46207,0.0504360835926603,0.218454383690729,0.906064016318,0.7045081,0.2954919,1.979,0.3898538,0.58680974,0.3898538,-0.58680974,complex,1
0.433817,0.125305,3.462079,0.0505262571894529,0.218646452476236,0.9059014052555,0.70447307,0.29552693,1.9787,0.38923134,0.58718078,0.38923134,-0.58718078,complex,1
0.434192,0.125413,3.462088,0.050616519072619,0.218838529459094,0.905738653568,0.704438,0.295562,1.9784,0.38860843,0.58755118,0.38860843,-0.58755118,complex,1
0.434567,0.125521,3.462097,0.0507068692710004,0.219030614647438,0.9055757612555,0.70440288,0.29559712,1.9781,0.38798506,0.58792092,0.38798506,-0.58792092,complex,1
0.434942,0.125629,3.462106,0.0507973078134737,0.219222708049409,0.905412728318,0.70436773,0.29563227,1.9779,0.38736125,0.58829003,0.38736125,-0.58829003,complex,1
0.435318,0.125737,3.462115,0.0508880762522288,0.219415321955145,0.905249119438,0.70433252,0.29566748,1.9776,0.38673698,0.58865849,0.38673698,-0.58865849,complex,1
0.435693,0.125846,3.462124,0.0509786918054318,0.219607431830758,0.9050858048755,0.70429728,0.29570272,1.9773,0.38611226,0.5890263,0.38611226,-0.5890263,complex,1
0.436068,0.125954,3.462133,0.0510693957896421,0.219799549944458,0.904922349688,0.704262,0.295738,1.977,0.3854871,0.58939346,0.3854871,-0.58939346,complex,1
0.436443,0.126062,3.462142,0.0511601882338754,0.219991676304395,0.9047587538755,0.70422667,0.29577333,1.9767,0.38486148,0.58975998,0.38486148,-0.58975998,complex,1
0.436818,0.12617,3.462151,0.0512510691671824,0.220183810918725,0.904595017438,0.7041913,0.2958087,1.9764,0.38423542,0.59012586,0.38423542,-0.59012586,complex,1
0.437194,0.126278,3.46216,0.0513422813222174,0.220376466187664,0.904430703182,0.70415589,0.29584411,1.9762,0.38360891,0.59049108,0.38360891,-0.59049108,complex,1
0.437569,0.126386,3.462168,0.0514333395571279,0.220568617357322,0.9042666851195,0.70412043,0.29587957,1.9759,0.38298195,0.59085565,0.38298195,-0.59085565,complex,1
0.437944,0.126494,3.462177,0.0515244863685509,0.220760776805876,0.904102526432,0.70408493,0.29591507,1.9756,0.38235454,0.59121958,0.38235454,-0.59121958,complex,1
0.438319,0.126602,3.462186,0.0516157217856768,0.220952944541492,0.9039382271195,0.70404939,0.29595061,1.9753,0.38172669,0.59158286,0.38172669,-0.59158286,complex,1
0.438694,0.12671,3.462195,0.0517070458377308,0.221145120572342,0.903773787182,0.7040138,0.2959862,1.975,0.38109838,0.59194549,0.38109838,-0.59194549,complex,1
0.43907,0.126818,3.462204,0.051798702439777,0.221337817409263,0.90360876755,0.70397817,0.29602183,1.9747,0.38046963,0.59230746,0.38046963,-0.59230746,complex,1
0.439445,0.126926,3.462213,0.0518902040860586,0.221530010077273,0.9034440459875,0.7039425,0.2960575,1.9744,0.37984043,0.59266879,0.37984043,-0.59266879,complex,1
0.43982,0.127034,3.462222,0.0519817944552328,0.221722211065066,0.9032791838,0.70390679,0.29609321,1.9742,0.37921079,0.59302946,0.37921079,-0.59302946,complex,1
0.440195,0.127142,3.462231,0.0520734735766654,0.221914420380821,0.9031141809875,0.70387103,0.29612897,1.9739,0.3785807,0.59338949,0.3785807,-0.59338949,complex,1
0.44057,0.12725,3.46224,0.0521652414797571,0.222106638032723,0.90294903755,0.70383523,0.29616477,1.9736,0.37795017,0.59374886,0.37795017,-0.59374886,complex,1
0.440945,0.127358,3.462248,0.052257098193944,0.222298864028961,0.9027837534875,0.70379937,0.29620063,1.9733,0.37731918,0.59410756,0.37731918,-0.59410756,complex,1
0.441321,0.127466,3.462257,0.0523492890556396,0.222491611013828,0.9026178874795,0.70376348,0.29623652,1.973,0.37668774,0.59446562,0.37668774,-0.59446562,complex,1
0.441696,0.127574,3.462266,0.052441323717492,0.222683853745617,0.902452321792,0.70372758,0.29627242,1.9727,0.3760559,0.59482306,0.3760559,-0.59482306,complex,1
0.442071,0.127682,3.462275,0.0525334472790378,0.222876104846344,0.9022866154795,0.7036916,0.2963084,1.9724,0.37542358,0.59517981,0.37542358,-0.59517981,complex,1
0.442446,0.12779,3.462284,0.052625659769854,0.223068364324209,0.902120768542,0.70365559,0.29634441,1.9722,0.37479081,0.59553592,0.37479081,-0.59553592,complex,1
0.442821,0.127898,3.462293,0.052717961219553,0.223260632187414,0.9019547809795,0.70361953,0.29638047,1.9719,0.37415761,0.59589137,0.37415761,-0.59589137,complex,1
0.443197,0.128006,3.462301,0.0528105981512788,0.223453421192079,0.9017882095955,0.7035834,0.2964166,1.9716,0.37352395,0.59624614,0.37352395,-0.59624614,complex,1
0.443572,0.128114,3.46231,0.0529030778451437,0.223645705873001,0.901621940408,0.7035473,0.2964527,1.9713,0.37288989,0.59660031,0.37288989,-0.59660031,complex,1
0.443947,0.128222,3.462319,0.0529956465870203,0.223837998963912,0.9014555305955,0.70351105,0.29648895,1.971,0.37225532,0.59695375,0.37225532,-0.59695375,complex,1
0.444322,0.12833,3.462328,0.0530883044066625,0.224030300473026,0.901288980158,0.70347484,0.29652516,1.9707,0.37162035,0.59730659,0.37162035,-0.59730659,complex,1
0.444697,0.128439,3.462337,0.05318105133386,0.224222610408561,0.9011222890955,0.70343861,0.29656139,1.9704,0.37098497,0.59765879,0.37098497,-0.59765879,complex,1
0.445073,0.128547,3.462345,0.0532741350804701,0.22441544163901,0.9009550123355,0.70340228,0.29659772,1.9701,0.37034911,0.59801029,0.37034911,-0.59801029,complex,1
0.445448,0.128655,3.462354,0.0533670605501081,0.224607768474579,0.900788039648,0.7033659,0.2966341,1.9699,0.36971279,0.59836113,0.36971279,-0.59836113,complex,1
0.445823,0.128763,3.462363,0.0534600752169631,0.224800103761264,0.9006209263355,0.70332946,0.29667054,1.9696,0.36907603,0.59871129,0.36907603,-0.59871129,complex,1
0.446198,0.128871,3.462372,0.0535531791109668,0.224992447507295,0.900453672398,0.70329305,0.29670695,1.9693,0.36843888,0.59906086,0.36843888,-0.59906086,complex,1
0.446573,0.128979,3.46238,0.0536463722620868,0.225184799720904,0.9002862778355,0.70325661,0.29674339,1.969,0.36780129,0.59940977,0.36780129,-0.59940977,complex,1
0.446948,0.129087,3.462389,0.0537396547003262,0.225377160410329,0.900118742648,0.70322,0.29678,1.9687,0.36716317,0.59975793,0.36716317,-0.59975793,complex,1
0.447324,0.129195,3.462398,0.0538332755665055,0.225570042579619,0.899950619512,0.70318342,0.29681658,1.9684,0.36652468,0.60010548,0.36652468,-0.60010548,complex,1
0.447699,0.129303,3.462406,0.0539267369074356,0.225762420268052,0.8997828026995,0.70314678,0.29685322,1.9681,0.36588573,0.60045236,0.36588573,-0.60045236,complex,1
0.448074,0.129411,3.462415,0.0540202876257891,0.225954806457049,0.899614845262,0.70311016,0.29688984,1.9678,0.36524638,0.60079862,0.36524638,-0.60079862,complex,1
0.448449,0.129519,3.462424,0.0541139277517124,0.226147201154858,0.8994467471995,0.70307344,0.29692656,1.9675,0.36460656,0.60114418,0.36460656,-0.60114418,complex,1
0.448824,0.129627,3.462433,0.0542076573153874,0.226339604369732,0.899278508512,0.7030367,0.2969633,1.9672,0.3639663,0.60148909,0.3639663,-0.60148909,complex,1
0.4492,0.129735,3.462441,0.0543017266507521,0.226532529219304,0.89910968,0.7029999,0.2970001,1.9669,0.36332561,0.60183333,0.36332561,-0.60183333,complex,1
0.449575,0.129843,3.46245,0.0543956354193224,0.226724949515841,0.8989411596875,0.70296305,0.29703695,1.9666,0.36268448,0.60217691,0.36268448,-0.60217691,complex,1
0.44995,0.129951,3.462459,0.0544896337164864,0.226917378354238,0.89877249875,0.70292617,0.29707383,1.9664,0.36204291,0.60251982,0.36204291,-0.60251982,complex,1
0.450325,0.130059,3.462467,0.0545837215725698,0.227109815742759,0.8986036971875,0.70288924,0.29711076,1.9661,0.3614009,0.60286207,0.3614009,-0.60286207,complex,1
0.4507,0.130167,3.462476,0.0546778990179343,0.227302261689671,0.898434755,0.70285227,0.29714773,1.9658,0.36075846,0.60320365,0.36075846,-0.60320365,complex,1
0.451076,0.130275,3.462485,0.0547724175816563,0.227495229426741,0.898265221112,0.70281525,0.29718475,1.9655,0.36011558,0.60354457,0.36011558,-0.60354457,complex,1
0.451451,0.130383,3.462493,0.0548667745359196,0.227687692538127,0.8980959972995,0.7027782,0.2972218,1.9652,0.35947226,0.60388483,0.35947226,-0.60388483,complex,1
0.451826,0.130491,3.462502,0.0549612211708463,0.227880164232746,0.897926632862,0.70274109,0.29725891,1.9649,0.35882851,0.60422441,0.35882851,-0.60422441,complex,1
0.452201,0.130599,3.46251,0.0550557575169423,0.228072644518878,0.8977571277995,0.70270395,0.29729605,1.9646,0.35818433,0.60456333,0.35818433,-0.60456333,complex,1
0.452576,0.130707,3.462519,0.0551503836047496,0.228265133404806,0.897587482112,0.70266675,0.29733325,1.9643,0.35753971,0.60490158,0.35753971,-0.60490158,complex,1
0.452951,0.130815,3.462528,0.0552450994648466,0.228457630898815,0.8974176957995,0.70262952,0.29737048,1.964,0.35689465,0.60523916,0.35689465,-0.60523916,complex,1
0.453327,0.130923,3.462536,0.0553401580630326,0.228650650370348,0.8972473155355,0.70259224,0.29740776,1.9637,0.35624916,0.60557608,0.35624916,-0.60557608,complex,1
0.453702,0.131031,3.462545,0.0554350537991853,0.2288431651284,0.897077247598,0.70255491,0.29744509,1.9634,0.35560324,0.60591232,0.35560324,-0.60591232,complex,1
0.454077,0.131139,3.462553,0.0555300393996613,0.229035688519432,0.8969070390355,0.70251754,0.29748246,1.9631,0.35495688,0.6062479,0.35495688,-0.6062479,complex,1
0.454452,0.131247,3.462562,0.0556251148951839,0.229228220551742,0.896736689848,0.70248013,0.29751987,1.9628,0.35431009,0.6065828,0.35431009,-0.6065828,complex,1
0.454827,0.131355,3.462571,0.0557202803165126,0.229420761233631,0.8965662000355,0.70244268,0.29755732,1.9625,0.35366287,0.60691704,0.35366287,-0.60691704,complex,1
0.455203,0.131463,3.462579,0.0558157898290741,0.229613824049894,0.8963951143955,0.70240518,0.29759482,1.9622,0.35301522,0.6072506,0.35301522,-0.6072506,complex,1
0.455578,0.131571,3.462588,0.0559111354344469,0.229806382078981,0.896224342958,0.70236764,0.29763236,1.9619,0.35236713,0.60758349,0.35236713,-0.60758349,complex,1
0.455953,0.13168,3.462596,0.0560065710582052,0.229998948782594,0.8960534308955,0.70233004,0.29766996,1.9616,0.35171861,0.60791571,0.35171861,-0.60791571,complex,1
0.456328,0.131788,3.462605,0.0561020967312541,0.230191524169046,0.895882378208,0.70229241,0.29770759,1.9613,0.35106967,0.60824725,0.35106967,-0.60824725,complex,1
0.456703,0.131896,3.462613,0.0561977124845354,0.230384108246655,0.8957111848955,0.70225473,0.29774527,1.961,0.35042029,0.60857813,0.35042029,-0.60857813,complex,1
0.457079,0.132004,3.462622,0.0562936736851623,0.230577214616118,0.8955393938795,0.70221701,0.29778299,1.9607,0.34977047,0.60890832,0.34977047,-0.60890832,complex,1
0.457454,0.132112,3.46263,0.0563894699323003,0.230769816124237,0.895367918942,0.70217925,0.29782075,1.9604,0.34912023,0.60923785,0.34912023,-0.60923785,complex,1
0.457829,0.13222,3.462639,0.0564853563527978,0.230962426348506,0.8951963033795,0.70214143,0.29785857,1.9601,0.34846956,0.6095667,0.34846956,-0.6095667,complex,1
0.458204,0.132328,3.462647,0.0565813329777429,0.231155045297256,0.895024547192,0.70210358,0.29789642,1.9598,0.34781846,0.60989487,0.34781846,-0.60989487,complex,1
0.458579,0.132436,3.462656,0.0566773998382603,0.231347672978818,0.8948526503795,0.70206568,0.29793432,1.9595,0.34716693,0.61022237,0.34716693,-0.61022237,complex,1
0.458954,0.132544,3.462664,0.0567735569655112,0.231540309401531,0.894680612942,0.70202774,0.29797226,1.9592,0.34651497,0.6105492,0.34651497,-0.6105492,complex,1
0.45933,0.132652,3.462673,0.0568700611712403,0.231733468305896,0.89450797555,0.70198975,0.29801025,1.9589,0.34586259,0.61087534,0.34586259,-0.61087534,complex,1
0.459705,0.13276,3.462681,0.0569663991665088,0.231926122259294,0.8943356564875,0.70195172,0.29804828,1.9586,0.34520978,0.61120081,0.34520978,-0.61120081,complex,1
0.46008,0.132868,3.462689,0.0570628275222986,0.232118784978893,0.8941631968,0.70191364,0.29808636,1.9583,0.34455653,0.61152559,0.34455653,-0.61152559,complex,1
0.460455,0.132976,3.462698,0.0571593462699182,0.232311456473041,0.8939905964875,0.70187552,0.29812448,1.958,0.34390286,0.61184971,0.34390286,-0.61184971,complex,1
0.46083,0.133084,3.462706,0.0572559554407129,0.232504136750091,0.89381785555,0.70183735,0.29816265,1.9577,0.34324876,0.61217314,0.34324876,-0.61217314,complex,1
0.461206,0.133192,3.462715,0.0573529130526881,0.232697339667674,0.893644512782,0.70179914,0.29820086,1.9574,0.34259424,0.6124959,0.34259424,-0.6124959,complex,1
0.461581,0.1333,3.462723,0.0574497034053541,0.232890037559074,0.8934714902195,0.70176089,0.29823911,1.9571,0.34193929,0.61281797,0.34193929,-0.61281797,complex,1
0.461956,0.133408,3.462731,0.0575465842755361,0.233082744258474,0.893298327032,0.70172258,0.29827742,1.9568,0.34128392,0.61313936,0.34128392,-0.61313936,complex,1
0.462331,0.133516,3.46274,0.0576435556947273,0.23327545977424,0.8931250232195,0.70168424,0.29831576,1.9565,0.34062811,0.61346007,0.34062811,-0.61346007,complex,1
0.462706,0.133624,3.462748,0.0577406176944575,0.233468184114739,0.892951578782,0.70164587,0.29835413,1.9562,0.33997191,0.61378012,0.33997191,-0.61378012,complex,1
0.463082,0.133732,3.462757,0.0578380295010919,0.233661431255291,0.892777530638,0.70160742,0.29839258,1.9559,0.33931524,0.61409946,0.33931524,-0.61409946,complex,1
0.463457,0.13384,3.462765,0.0579352729983973,0.233854173293966,0.8926038045755,0.70156892,0.29843108,1.9556,0.33865815,0.61441811,0.33865815,-0.61441811,complex,1
0.463832,0.133948,3.462773,0.0580326071711385,0.234046924182522,0.892429937888,0.70153038,0.29846962,1.9553,0.33800064,0.61473607,0.33800064,-0.61473607,complex,1
0.464207,0.134056,3.462782,0.0581300320509938,0.23423968392934,0.8922559305755,0.70149187,0.29850813,1.955,0.33734276,0.61505341,0.33734276,-0.61505341,complex,1
0.464582,0.134164,3.46279,0.0582275476696789,0.234432452542805,0.892081782638,0.70145321,0.29854679,1.9547,0.33668438,0.61537,0.33668438,-0.61537,complex,1
0.464957,0.134272,3.462798,0.0583251540589465,0.234625230031306,0.8919074940755,0.70141457,0.29858543,1.9544,0.33602563,0.61568594,0.33602563,-0.61568594,complex,1
0.465333,0.13438,3.462806,0.058423111897852,0.234818530512108,0.8917325995555,0.70137585,0.29862415,1.9541,0.33536642,0.61600117,0.33536642,-0.61600117,complex,1
0.465708,0.134488,3.462815,0.058520900165959,0.235011325799579,0.891558029368,0.70133713,0.29866287,1.9538,0.33470683,0.61631575,0.33470683,-0.61631575,complex,1
0.466083,0.134596,3.462823,0.0586187793002151,0.23520412998729,0.8913833185555,0.7012983,0.2987017,1.9535,0.33404677,0.6166296,0.33404677,-0.6166296,complex,1
0.466458,0.134704,3.462831,0.0587167493325225,0.235396943083642,0.891208467118,0.70125949,0.29874051,1.9532,0.33338634,0.6169428,0.33338634,-0.6169428,complex,1
0.466833,0.134812,3.46284,0.0588148102948204,0.23558976509704,0.8910334750555,0.70122062,0.29877938,1.9529,0.33272547,0.61725531,0.33272547,-0.61725531,complex,1
0.467209,0.13492,3.462848,0.0589132240791848,0.235783110263668,0.8908578751595,0.7011817,0.2988183,1.9526,0.33206418,0.61756713,0.33206418,-0.61756713,complex,1
0.467584,0.135028,3.462856,0.0590114672401247,0.235975950160219,0.890682601472,0.70114273,0.29885727,1.9523,0.33140246,0.61787825,0.33140246,-0.61787825,complex,1
0.467959,0.135136,3.462864,0.059109801427183,0.236168798999069,0.8905071871595,0.70110371,0.29889629,1.952,0.33074033,0.61818868,0.33074033,-0.61818868,complex,1
0.468334,0.135244,3.462873,0.0592082266724489,0.236361656788638,0.890331632222,0.70106464,0.29893536,1.9517,0.33007776,0.61849842,0.33007776,-0.61849842,complex,1
0.468709,0.135352,3.462881,0.059306743008049,0.236554523537344,0.8901559366595,0.70102548,0.29897452,1.9514,0.32941475,0.61880744,0.32941475,-0.61880744,complex,1
0.469085,0.13546,3.462889,0.0594056135412187,0.236747913600853,0.8899796313875,0.70098635,0.29901365,1.9511,0.32875138,0.61911582,0.32875138,-0.61911582,complex,1
0.46946,0.135568,3.462897,0.0595043123971401,0.236940798317058,0.8898036542,0.70094713,0.29905287,1.9508,0.32808755,0.61942348,0.32808755,-0.61942348,complex,1
0.469835,0.135677,3.462905,0.0596031024400873,0.237133692017706,0.8896275363875,0.70090791,0.29909209,1.9504,0.32742333,0.61973047,0.32742333,-0.61973047,complex,1
0.47021,0.135785,3.462913,0.0597019837023377,0.23732659471123,0.88945127795,0.70086862,0.29913138,1.9501,0.32675869,0.62003676,0.32675869,-0.62003676,complex,1
0.470585,0.135893,3.462922,0.059800956216206,0.237519506406067,0.8892748788875,0.70082928,0.29917072,1.9498,0.32609362,0.62034235,0.32609362,-0.62034235,complex,1
0.47096,0.136001,3.46293,0.0599000200140451,0.237712427110657,0.8890983392,0.7007899,0.2992101,1.9495,0.32542814,0.62064725,0.32542814,-0.62064725,complex,1
0.471336,0.136109,3.462938,0.0599994396639918,0.237905871324769,0.888921187552,0.70075047,0.29924953,1.9492,0.32476224,0.62095146,0.32476224,-0.62095146,complex,1
0.471711,0.136217,3.462946,0.0600986863706213,0.238098810098284,0.8887443662395,0.700711,0.299289,1.9489,0.32409592,0.62125497,0.32409592,-0.62125497,complex,1
0.472086,0.136325,3.462954,0.0601980244585928,0.238291757906915,0.888567404302,0.70067148,0.29932852,1.9486,0.3234292,0.62155778,0.3234292,-0.62155778,complex,1
0.472461,0.136433,3.462962,0.0602974539604103,0.238484714759117,0.8883903017395,0.70063192,0.29936808,1.9483,0.32276205,0.62185991,0.32276205,-0.62185991,complex,1
0.472836,0.136541,3.46297,0.0603969749086156,0.238677680663347,0.888213058552,0.70059231,0.29940769,1.948,0.32209449,0.62216133,0.32209449,-0.62216133,complex,1
0.473212,0.136649,3.462978,0.060496853091254,0.238871170240091,0.888035201528,0.70055266,0.29944734,1.9477,0.32142652,0.62246206,0.32142652,-0.62246206,complex,1
0.473587,0.136757,3.462986,0.060596557274087,0.239064154297956,0.8878576767155,0.70051296,0.29948704,1.9474,0.32075813,0.62276209,0.32075813,-0.62276209,complex,1
0.473962,0.136865,3.462995,0.0606963530012484,0.239257147433263,0.887680011278,0.70047321,0.29952679,1.947,0.32008933,0.62306142,0.32008933,-0.62306142,complex,1
0.474337,0.136973,3.463003,0.0607962403054321,0.239450149654481,0.8875022052155,0.70043342,0.29956658,1.9467,0.31942011,0.62336006,0.31942011,-0.62336006,complex,1
0.474712,0.137081,3.463011,0.0608962192193701,0.239643160970084,0.887324258528,0.70039358,0.29960642,1.9464,0.31875049,0.623658,0.31875049,-0.623658,complex,1
0.475088,0.137189,3.463019,0.0609965567531949,0.239836696121843,0.887145696128,0.7003537,0.2996463,1.9461,0.31808044,0.62395523,0.31808044,-0.62395523,complex,1
0.475463,0.137297,3.463027,0.0610967192295015,0.240029725675961,0.8869674678155,0.70031377,0.29968623,1.9458,0.31740999,0.62425177,0.31740999,-0.62425177,complex,1
0.475838,0.137405,3.463035,0.0611969734140748,0.240222764349927,0.886789098878,0.70027379,0.29972621,1.9455,0.31673913,0.6245476,0.31673913,-0.6245476,complex,1
0.476213,0.137513,3.463043,0.0612973193397995,0.24041581215223,0.8866105893155,0.70023377,0.29976623,1.9452,0.31606785,0.62484274,0.31606785,-0.62484274,complex,1
0.476588,0.137621,3.463051,0.0613977570395987,0.24060886909136,0.886431939128,0.70019371,0.29980629,1.9449,0.31539617,0.62513717,0.31539617,-0.62513717,complex,1
0.476963,0.137729,3.463059,0.0614982865464335,0.240801935175811,0.8862531483155,0.70015359,0.29984641,1.9446,0.31472407,0.6254309,0.31472407,-0.6254309,complex,1
0.477339,0.137837,3.463067,0.0615991763397046,0.240995525293627,0.8860737395395,0.70011344,0.29988656,1.9442,0.31405157,0.62572393,0.31405157,-0.62572393,complex,1
0.477714,0.137945,3.463075,0.0616998898046867,0.241188609718659,0.885894667102,0.70007323,0.29992677,1.9439,0.31337865,0.62601625,0.31337865,-0.62601625,complex,1
0.478089,0.138053,3.463082,0.0618006951759065,0.241381703314536,0.8857154540395,0.70003298,0.29996702,1.9436,0.31270533,0.62630787,0.31270533,-0.62630787,complex,1
0.478464,0.138161,3.46309,0.0619015924864788,0.241574806089766,0.885536100352,0.69999269,0.30000731,1.9433,0.3120316,0.62659879,0.3120316,-0.62659879,complex,1
0.478839,0.138269,3.463098,0.0620025817695567,0.24176791805286,0.8853566060395,0.69995234,0.30004766,1.943,0.31135745,0.626889,0.31135745,-0.626889,complex,1
0.479215,0.138377,3.463106,0.0621039327314664,0.241961554214393,0.8851764918875,0.69991195,0.30008805,1.9427,0.3106829,0.62717851,0.3106829,-0.62717851,complex,1
0.47959,0.138485,3.463114,0.062205106304651,0.242154684603318,0.88499671595,0.69987152,0.30012848,1.9424,0.31000795,0.62746731,0.31000795,-0.62746731,complex,1
0.479965,0.138593,3.463122,0.0623063719501208,0.242347824205682,0.8848167993875,0.69983104,0.30016896,1.942,0.30933258,0.6277554,0.30933258,-0.6277554,complex,1
0.48034,0.138701,3.46313,0.0624077297011834,0.24254097303001,0.8846367422,0.69979051,0.30020949,1.9417,0.30865681,0.62804278,0.30865681,-0.62804278,complex,1
0.480715,0.138809,3.463138,0.0625091795911849,0.24273413108483,0.8844565443875,0.69974994,0.30025006,1.9414,0.30798064,0.62832946,0.30798064,-0.62832946,complex,1
0.481091,0.138917,3.463146,0.0626109925555968,0.242927813503815,0.8842757248595,0.69970932,0.30029068,1.9411,0.30730405,0.62861543,0.30730405,-0.62861543,complex,1
0.481466,0.139025,3.463153,0.0627126270695958,0.243120990069887,0.884095245422,0.69966866,0.30033134,1.9408,0.30662706,0.62890069,0.30662706,-0.62890069,complex,1
0.481841,0.139133,3.463161,0.0628143538228935,0.243314175892077,0.8839146253595,0.69962795,0.30037205,1.9405,0.30594967,0.62918523,0.30594967,-0.62918523,complex,1
0.482216,0.139241,3.463169,0.0629161728489909,0.243507370978926,0.883733864672,0.69958719,0.30041281,1.9401,0.30527187,0.62946908,0.30527187,-0.62946908,complex,1
0.482591,0.139349,3.463177,0.0630180841814279,0.243700575338981,0.8835529633595,0.69954639,0.30045361,1.9398,0.30459367,0.62975221,0.30459367,-0.62975221,complex,1
0.482966,0.139457,3.463185,0.0631200878537834,0.243893788980789,0.883371921422,0.69950554,0.30049446,1.9395,0.30391507,0.63003462,0.30391507,-0.63003462,complex,1
0.483342,0.139565,3.463192,0.0632224562793204,0.244087527186482,0.883190255518,0.69946464,0.30053536,1.9392,0.30323606,0.63031633,0.30323606,-0.63031633,complex,1
0.483717,0.139673,3.4632,0.0633246449788686,0.244280759442263,0.8830089319555,0.69942372,0.30057628,1.9389,0.30255665,0.63059734,0.30255665,-0.63059734,complex,1
0.484092,0.139781,3.463208,0.0634269261193946,0.244474001005487,0.882827467768,0.69938271,0.30061729,1.9386,0.30187683,0.6308776,0.30187683,-0.6308776,complex,1
0.484467,0.139889,3.463216,0.0635292997346331,0.244667251884715,0.8826458629555,0.69934163,0.30065837,1.9382,0.30119658,0.63115714,0.30119658,-0.63115714,complex,1
0.484842,0.139997,3.463223,0.0636317658583576,0.244860512088512,0.882464117518,0.69930061,0.30069939,1.9379,0.300516,0.63143604,0.300516,-0.63143604,complex,1
0.485218,0.140105,3.463231,0.0637345981379058,0.245054297023366,0.882281746238,0.69925946,0.30074054,1.9376,0.29983497,0.63171416,0.29983497,-0.63171416,complex,1
0.485593,0.140213,3.463239,0.0638372496269944,0.245247575926936,0.8820997191755,0.69921831,0.30078169,1.9373,0.29915356,0.6319916,0.29915356,-0.6319916,complex,1
0.485968,0.140322,3.463246,0.0639399937262145,0.245440864180818,0.881917551488,0.69917707,0.30082293,1.937,0.29847173,0.63226829,0.29847173,-0.63226829,complex,1
0.486343,0.14043,3.463254,0.0640428304694964,0.245634161793589,0.8817352431755,0.69913584,0.30086416,1.9367,0.29778953,0.63254432,0.29778953,-0.63254432,complex,1
0.486718,0.140538,3.463262,0.0641457598908092,0.245827468773832,0.881552794238,0.69909445,0.30090555,1.9363,0.29710686,0.63281954,0.29710686,-0.63281954,complex,1
0.487094,0.140646,3.463269,0.0642490568738266,0.246021300652962,0.881369717582,0.69905312,0.30094688,1.936,0.29642386,0.63309411,0.29642386,-0.63309411,complex,1
0.487469,0.140754,3.463277,0.0643521720006349,0.246214626418952,0.8811869870195,0.69901167,0.30098833,1.9357,0.29574042,0.63336792,0.29574042,-0.63336792,complex,1
0.487844,0.140862,3.463285,0.0644553799077085,0.246407961578207,0.881004115832,0.69897027,0.30102973,1.9354,0.29505664,0.63364108,0.29505664,-0.63364108,complex,1
0.488219,0.14097,3.463292,0.0645586806291741,0.246601306139325,0.8808211040195,0.69892872,0.30107128,1.935,0.2943724,0.63391344,0.2943724,-0.63391344,complex,1
0.488594,0.141078,3.4633,0.0646620741991976,0.246794660110907,0.880637951582,0.69888724,0.30111276,1.9347,0.29368783,0.63418517,0.29368783,-0.63418517,complex,1
0.488969,0.141186,3.463308,0.0647655606519844,0.246988023501556,0.8804546585195,0.6988456,0.3011544,1.9344,0.29300279,0.6344561,0.29300279,-0.6344561,complex,1
0.489345,0.141294,3.463315,0.0648694163576824,0.247181911993339,0.8802707354875,0.69880393,0.30119607,1.9341,0.29231736,0.63472632,0.29231736,-0.63472632,complex,1
0.48972,0.141402,3.463323,0.0649730889266856,0.247375294273123,0.8800871608,0.69876229,0.30123771,1.9338,0.29163159,0.63499587,0.29163159,-0.63499587,complex,1
0.490095,0.14151,3.46333,0.0650768544813965,0.247568685997829,0.8799034454875,0.6987205,0.3012795,1.9334,0.29094535,0.63526462,0.29094535,-0.63526462,complex,1
0.49047,0.141618,3.463338,0.0651807130561787,0.247762087176077,0.87971958955,0.69867878,0.30132122,1.9331,0.29025881,0.63553274,0.29025881,-0.63553274,complex,1
0.490845,0.141726,3.463345,0.0652846646854352,0.247955497816487,0.8795355929875,0.69863693,0.30136307,1.9328,0.2895718,0.63580007,0.2895718,-0.63580007,complex,1
0.491221,0.141834,3.463353,0.0653889869806709,0.248149433727317,0.8793509645795,0.69859502,0.30140498,1.9325,0.2888844,0.63606666,0.2888844,-0.63606666,complex,1
0.491596,0.141942,3.46336,0.0654931250706191,0.248342863343221,0.879166686392,0.69855311,0.30144689,1.9321,0.28819664,0.63633258,0.28819664,-0.63633258,complex,1
0.491971,0.14205,3.463368,0.0655973563185809,0.248536302447196,0.8789822675795,0.69851114,0.30148886,1.9318,0.28750846,0.63659776,0.28750846,-0.63659776,complex,1
0.492346,0.142158,3.463375,0.0657016807591183,0.248729751047878,0.878797708142,0.69846912,0.30153088,1.9315,0.2868199,0.6368622,0.2868199,-0.6368622,complex,1
0.492721,0.142266,3.463383,0.065806098426833,0.248923209153906,0.8786130080795,0.69842705,0.30157295,1.9312,0.28613094,0.63712591,0.28613094,-0.63712591,complex,1
0.493097,0.142374,3.46339,0.0659108881768904,0.249117192700303,0.8784276742955,0.69838494,0.30161506,1.9309,0.28544159,0.63738891,0.28544159,-0.63738891,complex,1
0.493472,0.142482,3.463398,0.0660154926517613,0.249310669868361,0.878242692608,0.69834279,0.30165721,1.9305,0.28475185,0.63765118,0.28475185,-0.63765118,complex,1
0.493847,0.14259,3.463405,0.0661201904579465,0.249504156567726,0.8780575702955,0.69830057,0.30169943,1.9302,0.28406172,0.63791271,0.28406172,-0.63791271,complex,1
0.494222,0.142698,3.463412,0.0662249816302072,0.249697652807054,0.877872307358,0.69825832,0.30174168,1.9299,0.2833712,0.63817352,0.2833712,-0.63817352,complex,1
0.494597,0.142806,3.46342,0.0663298662033448,0.249891158594999,0.8776869037955,0.69821602,0.30178398,1.9296,0.28268028,0.6384336,0.28268028,-0.6384336,complex,1
0.494972,0.142914,3.463427,0.0664348442122006,0.250084673940224,0.877501359608,0.69817366,0.30182634,1.9292,0.28198898,0.63869295,0.28198898,-0.63869295,complex,1
0.495348,0.143022,3.463435,0.0665401960072587,0.250278714930618,0.877315179448,0.69813126,0.30186874,1.9289,0.28129729,0.63895156,0.28129729,-0.63895156,complex,1
0.495723,0.14313,3.463442,0.0666453612416298,0.250472249441941,0.8771293536355,0.69808883,0.30191117,1.9286,0.2806052,0.63920946,0.2806052,-0.63920946,complex,1
0.496098,0.143238,3.463449,0.0667506200165767,0.250665793536569,0.876943387198,0.69804633,0.30195367,1.9282,0.27991273,0.63946661,0.27991273,-0.63946661,complex,1
0.496473,0.143346,3.463457,0.0668559723671011,0.250859347223177,0.8767572801355,0.69800379,0.30199621,1.9279,0.27921987,0.63972303,0.27921987,-0.63972303,complex,1
0.496848,0.143454,3.463464,0.0669614183282453,0.251052910510444,0.876571032448,0.69796121,0.30203879,1.9276,0.27852663,0.63997872,0.27852663,-0.63997872,complex,1
0.497224,0.143562,3.463471,0.0670672394992681,0.251246999614296,0.876384146912,0.69791857,0.30208143,1.9273,0.27783299,0.64023368,0.27783299,-0.64023368,complex,1
0.497599,0.14367,3.463478,0.067172873036801,0.25144058215459,0.8761976175995,0.69787589,0.30212411,1.9269,0.27713897,0.6404879,0.27713897,-0.6404879,complex,1
0.497974,0.143778,3.463486,0.067278600290415,0.251634174321622,0.876010947662,0.69783316,0.30216684,1.9266,0.27644456,0.64074138,0.27644456,-0.64074138,complex,1
0.498349,0.143886,3.463493,0.0673844212953132,0.251827776124086,0.8758241370995,0.69779038,0.30220962,1.9263,0.27574977,0.64099414,0.27574977,-0.64099414,complex,1
0.498724,0.143994,3.4635,0.0674903360867394,0.252021387570677,0.875637185912,0.69774756,0.30225244,1.926,0.2750546,0.64124615,0.2750546,-0.64124615,complex,1
0.4991,0.144102,3.463507,0.0675966275150737,0.252215525005941,0.875449595,0.69770469,0.30229531,1.9256,0.27435903,0.64149743,0.27435903,-0.64149743,complex,1
0.499475,0.14421,3.463515,0.0677027302357813,0.252409155792669,0.8752623621875,0.69766176,0.30233824,1.9253,0.27366308,0.64174797,0.27366308,-0.64174797,complex,1
0.49985,0.144318,3.463522,0.0678089268490849,0.252602796249658,0.87507498875,0.6976188,0.3023812,1.925,0.27296675,0.64199777,0.27296675,-0.64199777,complex,1
0.500225,0.144426,3.463529,0.06791521739039,0.252796446385621,0.8748874746875,0.69757578,0.30242422,1.9246,0.27227002,0.64224684,0.27227002,-0.64224684,complex,1
0.5006,0.144534,3.463536,0.068021601895143,0.252990106209272,0.87469982,0.69753272,0.30246728,1.9243,0.27157293,0.64249517,0.27157293,-0.64249517,complex,1
0.500975,0.144642,3.463543,0.0681280803988305,0.253183775729329,0.8745120246875,0.69748961,0.30251039,1.924,0.27087544,0.64274275,0.27087544,-0.64274275,complex,1
0.501351,0.14475,3.463551,0.0682349372561607,0.25337797144543,0.8743235873995,0.69744645,0.30255355,1.9236,0.27017758,0.6429896,0.27017758,-0.6429896,complex,1
0.501726,0.144859,3.463558,0.0683416041152418,0.253571660410383,0.874135510462,0.69740324,0.30259676,1.9233,0.26947933,0.6432357,0.26947933,-0.6432357,complex,1
0.502101,0.144967,3.463565,0.0684483650800572,0.253765359097942,0.8739472928995,0.69735998,0.30264002,1.923,0.2687807,0.64348107,0.2687807,-0.64348107,complex,1
0.502476,0.145075,3.463572,0.0685552201862565,0.25395906751684,0.873758934712,0.69731668,0.30268332,1.9227,0.26808169,0.64372568,0.26808169,-0.64372568,complex,1
0.502851,0.145183,3.463579,0.0686621694695305,0.254152785675813,0.8735704358995,0.69727333,0.30272667,1.9223,0.2673823,0.64396957,0.2673823,-0.64396957,complex,1
0.503227,0.145291,3.463586,0.0687694985409174,0.254347030204396,0.8733812932355,0.69722993,0.30277007,1.922,0.26668253,0.64421271,0.26668253,-0.64421271,complex,1
0.503602,0.145399,3.463593,0.0688766365369531,0.254540767895775,0.873192512798,0.69718649,0.30281351,1.9217,0.26598238,0.64445509,0.26598238,-0.64445509,complex,1
0.503977,0.145507,3.4636,0.0689838688174759,0.254734515353483,0.8730035917355,0.69714299,0.30285701,1.9213,0.26528186,0.64469674,0.26528186,-0.64469674,complex,1
0.504352,0.145615,3.463607,0.0690911954183402,0.254928272586273,0.872814530048,0.69709945,0.30290055,1.921,0.26458095,0.64493765,0.26458095,-0.64493765,complex,1
0.504727,0.145723,3.463614,0.0691986163754411,0.255122039602898,0.8726253277355,0.69705583,0.30294417,1.9207,0.26387965,0.64517777,0.26387965,-0.64517777,complex,1
0.505103,0.145831,3.463621,0.0693064185585371,0.255316333163374,0.8724354796955,0.69701223,0.30298777,1.9203,0.26317801,0.64541722,0.26317801,-0.64541722,complex,1
0.505478,0.145939,3.463628,0.0694140285878179,0.255510119800098,0.872245995758,0.69696853,0.30303147,1.92,0.26247596,0.64565587,0.26247596,-0.64565587,complex,1
0.505853,0.146047,3.463635,0.0695217330813638,0.255703916246967,0.8720563711955,0.69692476,0.30307524,1.9197,0.26177351,0.64589376,0.26177351,-0.64589376,complex,1
0.506228,0.146155,3.463642,0.0696295320752344,0.255897722512752,0.871866606008,0.69688098,0.30311902,1.9193,0.26107072,0.64613093,0.26107072,-0.64613093,complex,1
0.506603,0.146263,3.463649,0.0697374256055307,0.256091538606225,0.8716767001955,0.6968372,0.3031628,1.919,0.2603676,0.64636739,0.2603676,-0.64636739,complex,1
0.506978,0.146371,3.463656,0.0698454137083949,0.256285364536163,0.871486653758,0.69679329,0.30320671,1.9187,0.25966403,0.64660304,0.25966403,-0.64660304,complex,1
0.507354,0.146479,3.463663,0.0699537847670885,0.256479717219917,0.871295959342,0.69674939,0.30325061,1.9183,0.25896013,0.64683798,0.25896013,-0.64683798,complex,1
0.507729,0.146587,3.46367,0.0700619623761153,0.256673562875421,0.8711056312795,0.6967054,0.3032946,1.918,0.25825582,0.64707213,0.25825582,-0.64707213,complex,1
0.508104,0.146695,3.463677,0.070170234666481,0.256867418393766,0.870915162592,0.69666135,0.30333865,1.9177,0.25755114,0.64730553,0.25755114,-0.64730553,complex,1
0.508479,0.146803,3.463684,0.0702786016744934,0.257061283783745,0.8707245532795,0.69661727,0.30338273,1.9173,0.2568461,0.64753818,0.2568461,-0.64753818,complex,1
0.508854,0.146911,3.46369,0.0703870634365013,0.257255159054153,0.870533803342,0.69657315,0.30342685,1.917,0.25614068,0.6477701,0.25614068,-0.6477701,complex,1
0.50923,0.147019,3.463697,0.0704959095997918,0.25744956125411,0.87034240355,0.69652901,0.30347099,1.9166,0.25543492,0.64800129,0.25543492,-0.64800129,complex,1
0.509605,0.147127,3.463704,0.0706045612319244,0.257643456338184,0.8701513719875,0.6964848,0.3035152,1.9163,0.25472877,0.6482317,0.25472877,-0.6482317,complex,1
0.50998,0.147235,3.463711,0.0707133077274459,0.25783736132912,0.8699601998,0.69644051,0.30355949,1.916,0.25402222,0.64846133,0.25402222,-0.64846133,complex,1
0.510355,0.147343,3.463718,0.0708221491228716,0.258031276235728,0.8697688869875,0.69639623,0.30360377,1.9156,0.25331535,0.64869025,0.25331535,-0.64869025,complex,1
0.51073,0.147451,3.463725,0.0709310854547585,0.258225201066822,0.86957743355,0.6963518,0.3036482,1.9153,0.25260802,0.64891834,0.25260802,-0.64891834,complex,1
0.511106,0.147559,3.463731,0.0710404076368527,0.25841965300388,0.869385328382,0.69630744,0.30369256,1.915,0.25190042,0.64914577,0.25190042,-0.64914577,complex,1
0.511481,0.147667,3.463738,0.0711495342049073,0.258613597736929,0.8691935933195,0.69626294,0.30373706,1.9146,0.25119239,0.64937237,0.25119239,-0.64937237,complex,1
0.511856,0.147775,3.463745,0.0712587558194418,0.258807552420952,0.869001717632,0.69621844,0.30378156,1.9143,0.25048401,0.64959824,0.25048401,-0.64959824,complex,1
0.512231,0.147883,3.463751,0.0713680725171798,0.25900151706478,0.8688097013195,0.69617386,0.30382614,1.9139,0.24977525,0.64982334,0.24977525,-0.64982334,complex,1
0.512606,0.147991,3.463758,0.0714774843348872,0.259195491677245,0.868617544382,0.69612929,0.30387071,1.9136,0.24906616,0.65004772,0.24906616,-0.65004772,complex,1
0.512981,0.148099,3.463765,0.0715869913093715,0.259389476267184,0.8684252468195,0.69608462,0.30391538,1.9133,0.24835666,0.6502713,0.24835666,-0.6502713,complex,1
0.513357,0.148207,3.463772,0.0716968858772267,0.259583988175667,0.8682322952755,0.69603991,0.30396009,1.9129,0.24764681,0.65049413,0.24764681,-0.65049413,complex,1
0.513732,0.148315,3.463778,0.0718065835298526,0.259777992773745,0.868039716088,0.69599515,0.30400485,1.9126,0.24693659,0.6507162,0.24693659,-0.6507162,complex,1
0.514107,0.148423,3.463785,0.0719163764500282,0.259972007375854,0.8678469962755,0.69595035,0.30404965,1.9123,0.24622601,0.65093751,0.24622601,-0.65093751,complex,1
0.514482,0.148532,3.463791,0.0720262646747292,0.260166031990846,0.867654135838,0.69590549,0.30409451,1.9119,0.24551506,0.65115806,0.24551506,-0.65115806,complex,1
0.514857,0.14864,3.463798,0.072136248240973,0.260360066627576,0.8674611347755,0.6958606,0.3041394,1.9116,0.24480374,0.65137784,0.24480374,-0.65137784,complex,1
0.515233,0.148748,3.463805,0.0722466208572161,0.260554628760768,0.8672674778555,0.69581564,0.30418436,1.9112,0.24409206,0.65159687,0.24409206,-0.65159687,complex,1
0.515608,0.148856,3.463811,0.0723567954722585,0.260748683494341,0.867074195168,0.69577064,0.30422936,1.9109,0.24338002,0.65181512,0.24338002,-0.65181512,complex,1
0.515983,0.148964,3.463818,0.0724670655402486,0.260942748276266,0.8668807718555,0.69572559,0.30427441,1.9105,0.24266761,0.65203262,0.24266761,-0.65203262,complex,1
0.516358,0.149072,3.463824,0.0725774310983727,0.261136823115413,0.866687207918,0.69568049,0.30431951,1.9102,0.24195484,0.65224934,0.24195484,-0.65224934,complex,1
0.516733,0.14918,3.463831,0.0726878921838595,0.261330908020659,0.8664935033555,0.69563535,0.30436465,1.9099,0.24124171,0.65246531,0.24124171,-0.65246531,complex,1
0.517109,0.149288,3.463837,0.0727987437795062,0.261525520600971,0.8662991410595,0.69559016,0.30440984,1.9095,0.24052821,0.65268051,0.24052821,-0.65268051,complex,1
0.517484,0.149396,3.463844,0.072909396286562,0.261719625691953,0.866105154872,0.69554491,0.30445509,1.9092,0.23981435,0.65289493,0.23981435,-0.65289493,complex,1
0.517859,0.149504,3.46385,0.0730201444330202,0.261913740875704,0.8659110280595,0.69549961,0.30450039,1.9088,0.23910013,0.65310859,0.23910013,-0.65310859,complex,1
0.518234,0.149612,3.463857,0.0731309882562789,0.262107866161114,0.865716760622,0.69545427,0.30454573,1.9085,0.23838556,0.65332149,0.23838556,-0.65332149,complex,1
0.518609,0.14972,3.463863,0.0732419277937791,0.262302001557076,0.8655223525595,0.69540888,0.30459112,1.9082,0.23767062,0.65353361,0.23767062,-0.65353361,complex,1
0.518984,0.149828,3.46387,0.0733529630830037,0.262496147072488,0.865327803872,0.69536343,0.30463657,1.9078,0.23695532,0.65374497,0.23695532,-0.65374497,complex,1
0.51936,0.149936,3.463876,0.0734643906391145,0.262690820478184,0.8651325952,0.69531794,0.30468206,1.9075,0.23623966,0.65395555,0.23623966,-0.65395555,complex,1
0.519735,0.150044,3.463882,0.0735756177999967,0.26288498628625,0.8649377648875,0.6952724,0.3047276,1.9071,0.23552364,0.65416536,0.23552364,-0.65416536,complex,1
0.52011,0.150152,3.463889,0.0736869408254092,0.263079162240506,0.86474279395,0.69522681,0.30477319,1.9068,0.23480726,0.65437441,0.23480726,-0.65437441,complex,1
0.520485,0.15026,3.463895,0.0737983597530055,0.263273348349865,0.8645476823875,0.69518117,0.30481883,1.9064,0.23409054,0.65458268,0.23409054,-0.65458268,complex,1
0.52086,0.150368,3.463902,0.0739098746204825,0.263467544623246,0.8643524302,0.69513548,0.30486452,1.9061,0.23337344,0.65479017,0.23337344,-0.65479017,complex,1
0.521236,0.150476,3.463908,0.0740217832228447,0.263662268967032,0.864156516152,0.69508974,0.30491026,1.9057,0.232656,0.6549969,0.232656,-0.6549969,complex,1
0.521611,0.150584,3.463914,0.074133490339435,0.263856485622384,0.8639609823395,0.69504395,0.30495605,1.9054,0.2319382,0.65520284,0.2319382,-0.65520284,complex,1
0.521986,0.150692,3.463921,0.0742452935093532,0.264050712468553,0.863765307902,0.69499811,0.30500189,1.9051,0.23122004,0.65540802,0.23122004,-0.65540802,complex,1
0.522361,0.1508,3.463927,0.0743571927704672,0.264244949514474,0.8635694928395,0.69495223,0.30504777,1.9047,0.23050153,0.65561242,0.23050153,-0.65561242,complex,1
0.522736,0.150908,3.463933,0.0744691881606879,0.264439196769083,0.863373537152,0.69490629,0.30509371,1.9044,0.22978266,0.65581604,0.22978266,-0.65581604,complex,1
0.523112,0.151016,3.463939,0.0745815787573872,0.264633972274913,0.863176917728,0.6948603,0.3051397,1.904,0.22906344,0.65601888,0.22906344,-0.65601888,complex,1
0.523487,0.151124,3.463946,0.0746937667763236,0.264828240001005,0.8629806804155,0.69481427,0.30518573,1.9037,0.22834386,0.65622096,0.22834386,-0.65622096,complex,1
0.523862,0.151232,3.463952,0.0748060510384588,0.26502251796264,0.862784302478,0.69476818,0.30523182,1.9033,0.22762394,0.65642225,0.22762394,-0.65642225,complex,1
0.524237,0.15134,3.463958,0.074918431581876,0.265216806168771,0.8625877839155,0.69472204,0.30527796,1.903,0.22690366,0.65662276,0.22690366,-0.65662276,complex,1
0.524612,0.151449,3.463964,0.0750309084447015,0.265411104628355,0.862391124728,0.69467586,0.30532414,1.9026,0.22618302,0.65682249,0.22618302,-0.65682249,complex,1
0.524987,0.151557,3.46397,0.0751434816651048,0.26560541335035,0.8621943249155,0.69462963,0.30537037,1.9023,0.22546205,0.65702145,0.22546205,-0.65702145,complex,1
0.525363,0.151665,3.463976,0.075256451862513,0.265800250541443,0.8619968591155,0.69458334,0.30541666,1.9019,0.22474071,0.65721962,0.22474071,-0.65721962,complex,1
0.525738,0.151773,3.463983,0.0753692181699616,0.265994579842583,0.861799777678,0.694537,0.305463,1.9016,0.22401902,0.65741701,0.22401902,-0.65741701,complex,1
0.526113,0.151881,3.463989,0.0754820809498582,0.266188919433061,0.8616025556155,0.69449061,0.30550939,1.9012,0.22329698,0.65761361,0.22329698,-0.65761361,complex,1
0.526488,0.151989,3.463995,0.0755950402405452,0.266383269321854,0.861405192928,0.69444421,0.30555579,1.9009,0.22257462,0.65780947,0.22257462,-0.65780947,complex,1
0.526863,0.152097,3.464001,0.0757080960804089,0.266577629517941,0.8612076896155,0.69439769,0.30560231,1.9005,0.22185186,0.65800448,0.22185186,-0.65800448,complex,1
0.527239,0.152205,3.464007,0.0758215503768467,0.266772518365471,0.8610095184395,0.69435117,0.30564883,1.9002,0.22112879,0.65819875,0.22112879,-0.65819875,complex,1
0.527614,0.152313,3.464013,0.0759347996881169,0.266966899230645,0.860811733502,0.69430457,0.30569543,1.8998,0.22040536,0.65839222,0.22040536,-0.65839222,complex,1
0.527989,0.152421,3.464019,0.0760481456640855,0.267161290430099,0.8606138079395,0.69425794,0.30574206,1.8995,0.21968158,0.65858492,0.21968158,-0.65858492,complex,1
0.528364,0.152529,3.464025,0.076161588343313,0.267355691972828,0.860415741752,0.69421132,0.30578868,1.8991,0.2189575,0.65877687,0.2189575,-0.65877687,complex,1
0.528739,0.152637,3.464031,0.076275127764403,0.267550103867831,0.8602175349395,0.69416452,0.30583548,1.8988,0.21823299,0.65896794,0.21823299,-0.65896794,complex,1
0.529115,0.152745,3.464037,0.0763890671252934,0.267745044597322,0.8600186583875,0.69411776,0.30588224,1.8984,0.21750819,0.65915829,0.21750819,-0.65915829,complex,1
0.52949,0.152853,3.464043,0.076502800404331,0.267939477251553,0.85982016995,0.69407089,0.30592911,1.8981,0.21678301,0.6593478,0.21678301,-0.6593478,complex,1
0.529865,0.152961,3.464049,0.0766166305414081,0.268133920285104,0.8596215408875,0.69402406,0.30597594,1.8977,0.21605755,0.6595366,0.21605755,-0.6595366,complex,1
0.53024,0.153069,3.464055,0.0767305575753035,0.268328373706989,0.8594227712,0.6939771,0.3060229,1.8974,0.21533168,0.65972455,0.21533168,-0.65972455,complex,1
0.530615,0.153177,3.464061,0.0768445815448398,0.268522837526229,0.8592238608875,0.6939301,0.3060699,1.897,0.21460548,0.65991172,0.21460548,-0.65991172,complex,1
0.53099,0.153285,3.464066,0.0769587024888834,0.268717311751845,0.85902480995,0.69388301,0.30611699,1.8967,0.21387891,0.66009806,0.21387891,-0.66009806,complex,1
0.531366,0.153393,3.464072,0.0770732251572956,0.268912315032507,0.858825087022,0.69383601,0.30616399,1.8963,0.21315209,0.66028373,0.21315209,-0.66028373,complex,1
0.531741,0.153501,3.464078,0.0771875404259875,0.269106810125773,0.8586257544595,0.69378886,0.30621114,1.896,0.21242487,0.66046851,0.21242487,-0.66046851,complex,1
0.532116,0.153609,3.464084,0.0773019527861539,0.269301315652534,0.858426281272,0.69374166,0.30625834,1.8956,0.21169729,0.66065251,0.21169729,-0.66065251,complex,1
0.532491,0.153718,3.46409,0.0774164622768372,0.269495831621827,0.8582266674595,0.69369439,0.30630561,1.8953,0.21096938,0.66083571,0.21096938,-0.66083571,complex,1
0.532866,0.153826,3.464096,0.077531068937124,0.269690358042697,0.858026913022,0.69364713,0.30635287,1.8949,0.21024115,0.66101815,0.21024115,-0.66101815,complex,1
0.533242,0.153934,3.464101,0.0776460788131213,0.2698854137032,0.857826484718,0.69359978,0.30640022,1.8946,0.20951257,0.66119977,0.20951257,-0.66119977,complex,1
0.533617,0.154042,3.464107,0.0777608801894314,0.270079961082299,0.8576264486555,0.6935524,0.3064476,1.8942,0.20878365,0.66138061,0.20878365,-0.66138061,complex,1
0.533992,0.15415,3.464113,0.0778757788529743,0.270274518940151,0.857426271968,0.69350496,0.30649504,1.8939,0.2080544,0.66156066,0.2080544,-0.66156066,complex,1
0.534367,0.154258,3.464119,0.0779907748430133,0.270469087285817,0.8572259546555,0.69345747,0.30654253,1.8935,0.2073248,0.6617399,0.2073248,-0.6617399,complex,1
0.534742,0.154366,3.464124,0.0781058681988563,0.270663666128358,0.857025496718,0.69340993,0.30659007,1.8932,0.20659487,0.66191834,0.20659487,-0.66191834,complex,1
0.535118,0.154474,3.46413,0.0782213662654728,0.270858774395825,0.856824363038,0.69336234,0.30663766,1.8928,0.2058646,0.66209599,0.2058646,-0.66209599,complex,1
0.535493,0.154582,3.464136,0.0783366547309289,0.271053374287377,0.8566236234755,0.6933147,0.3066853,1.8924,0.20513399,0.66227284,0.20513399,-0.66227284,complex,1
0.535868,0.15469,3.464141,0.0784520406804836,0.271247984703043,0.856422743288,0.693267,0.306733,1.8921,0.20440305,0.66244889,0.20440305,-0.66244889,complex,1
0.536243,0.154798,3.464147,0.0785675241536222,0.271442605651901,0.8562217224755,0.69321927,0.30678073,1.8917,0.20367177,0.66262415,0.20367177,-0.66262415,complex,1
0.536618,0.154906,3.464152,0.0786831051898749,0.271637237143037,0.856020561038,0.69317147,0.30682853,1.8914,0.20294016,0.6627986,0.20294016,-0.6627986,complex,1
0.536993,0.155014,3.464158,0.078798783828816,0.271831879185537,0.8558192589755,0.69312362,0.30687638,1.891,0.20220821,0.66297224,0.20220821,-0.66297224,complex,1
0.537369,0.155122,3.464164,0.0789148689773872,0.272027050876227,0.8556172789195,0.69307573,0.30692427,1.8907,0.20147594,0.66314509,0.20147594,-0.66314509,complex,1
0.537744,0.15523,3.464169,0.079030743201146,0.272221714076932,0.855415695232,0.69302778,0.30697222,1.8903,0.20074332,0.66331714,0.20074332,-0.66331714,complex,1
0.538119,0.155338,3.464175,0.0791467151466907,0.272416387856313,0.8552139709195,0.69297978,0.30702022,1.8899,0.20001038,0.66348838,0.20001038,-0.66348838,complex,1
0.538494,0.155446,3.46418,0.0792627848537748,0.272611072223472,0.855012105982,0.69293174,0.30706826,1.8896,0.19927711,0.66365882,0.19927711,-0.66365882,complex,1
0.538869,0.155554,3.464186,0.0793789523621964,0.272805767187518,0.8548101004195,0.69288364,0.30711636,1.8892,0.1985435,0.66382846,0.1985435,-0.66382846,complex,1
0.539245,0.155662,3.464191,0.0794955278835691,0.273000991986604,0.8546074149875,0.69283549,0.30716451,1.8889,0.19780956,0.66399729,0.19780956,-0.66399729,complex,1
0.53962,0.155771,3.464197,0.0796118913753091,0.273195708200084,0.8544051278,0.69278729,0.30721271,1.8885,0.19707529,0.66416531,0.19707529,-0.66416531,complex,1
0.539995,0.155879,3.464202,0.0797283527881567,0.273390435037823,0.8542026999875,0.69273904,0.30726096,1.8882,0.19634069,0.66433253,0.19634069,-0.66433253,complex,1
0.54037,0.155987,3.464207,0.0798449121620898,0.273585172508945,0.85400013155,0.69269073,0.30730927,1.8878,0.19560576,0.66449894,0.19560576,-0.66449894,complex,1
0.540745,0.156095,3.464213,0.0799615695371313,0.273779920622579,0.8537974224875,0.69264238,0.30735762,1.8874,0.19487051,0.66466454,0.19487051,-0.66466454,complex,1
0.541121,0.156203,3.464218,0.0800786364322315,0.273975198758813,0.8535940316795,0.69259397,0.30740603,1.8871,0.19413492,0.66482934,0.19413492,-0.66482934,complex,1
0.541496,0.156311,3.464224,0.0801954901913424,0.274169968213314,0.853391040992,0.69254551,0.30745449,1.8867,0.19339901,0.66499332,0.19339901,-0.66499332,complex,1
0.541871,0.156419,3.464229,0.0803124420720078,0.27436474833776,0.8531879096795,0.69249701,0.30750299,1.8864,0.19266277,0.6651565,0.19266277,-0.6651565,complex,1
0.542246,0.156527,3.464234,0.0804294921144312,0.274559539141298,0.852984637742,0.69244845,0.30755155,1.886,0.19192621,0.66531886,0.19192621,-0.66531886,complex,1
0.542621,0.156635,3.46424,0.0805466403588615,0.274754340633075,0.8527812251795,0.69239984,0.30760016,1.8856,0.19118932,0.66548042,0.19118932,-0.66548042,complex,1
0.542996,0.156743,3.464245,0.0806638868455924,0.274949152822244,0.852577671992,0.69235118,0.30764882,1.8853,0.19045211,0.66564116,0.19045211,-0.66564116,complex,1
0.543372,0.156851,3.46425,0.0807815446657772,0.275144495260007,0.852373434808,0.69230247,0.30769753,1.8849,0.18971456,0.66580109,0.18971456,-0.66580109,complex,1
0.543747,0.156959,3.464255,0.0808989880204216,0.275339328900026,0.8521695999955,0.6922537,0.3077463,1.8846,0.1889767,0.66596021,0.1889767,-0.66596021,complex,1
0.544122,0.157067,3.464261,0.0810165297386286,0.275534173264946,0.851965624558,0.69220489,0.30779511,1.8842,0.18823852,0.66611851,0.18823852,-0.66611851,complex,1
0.544497,0.157175,3.464266,0.0811341698608739,0.275729028363936,0.8517615084955,0.69215602,0.30784398,1.8838,0.1875,0.666276,0.1875,-0.666276,complex,1
0.544872,0.157283,3.464271,0.0812519084276786,0.275923894206172,0.851557251808,0.69210711,0.30789289,1.8835,0.18676117,0.66643268,0.18676117,-0.66643268,complex,1
0.545248,0.157392,3.464276,0.0813700598434479,0.276119290486132,0.851352309248,0.69205814,0.30794186,1.8831,0.18602202,0.66658853,0.18602202,-0.66658853,complex,1
0.545623,0.1575,3.464281,0.0814879956839069,0.276314177871104,0.8511477709355,0.69200912,0.30799088,1.8828,0.18528255,0.66674358,0.18528255,-0.66674358,complex,1
0.545998,0.157608,3.464286,0.0816060300908708,0.276509076026893,0.850943091998,0.69196004,0.30803996,1.8824,0.18454275,0.6668978,0.18454275,-0.6668978,complex,1
0.546373,0.157716,3.464291,0.0817241631050434,0.276703984962687,0.8507382724355,0.69191092,0.30808908,1.882,0.18380264,0.6670512,0.18380264,-0.6670512,complex,1
0.546748,0.157824,3.464297,0.0818423947671742,0.276898904687683,0.850533312248,0.69186174,0.30813826,1.8817,0.1830622,0.66720379,0.1830622,-0.66720379,complex,1
0.547124,0.157932,3.464302,0.0819610407976332,0.277094355040251,0.850327664312,0.69181253,0.30818747,1.8813,0.18232146,0.66735557,0.18232146,-0.66735557,complex,1
0.547499,0.15804,3.464307,0.0820794701414455,0.277289296400081,0.8501224224995,0.69176323,0.30823677,1.8809,0.18158038,0.6675065,0.18158038,-0.6675065,complex,1
0.547874,0.158148,3.464312,0.0821979982558486,0.277484248576746,0.849917040062,0.69171392,0.30828608,1.8806,0.180839,0.66765665,0.180839,-0.66765665,complex,1
0.548249,0.158256,3.464317,0.0823166251817753,0.277679211579457,0.8497115169995,0.69166451,0.30833549,1.8802,0.18009727,0.66780594,0.18009727,-0.66780594,complex,1
0.548624,0.158364,3.464322,0.0824353509602047,0.27787418541743,0.849505853312,0.69161507,0.30838493,1.8798,0.17935525,0.66795442,0.17935525,-0.66795442,complex,1
0.548999,0.158472,3.464327,0.0825541756321617,0.278069170099884,0.8493000489995,0.6915656,0.3084344,1.8795,0.17861292,0.66810209,0.17861292,-0.66810209,complex,1
0.549375,0.15858,3.464332,0.0826734165006362,0.278264685638658,0.8490935546875,0.69151608,0.30848392,1.8791,0.17787029,0.66824894,0.17787029,-0.66824894,complex,1
0.54975,0.158688,3.464336,0.082792439346898,0.278459692066732,0.84888746875,0.69146646,0.30853354,1.8787,0.1771273,0.66839493,0.1771273,-0.66839493,complex,1
0.550125,0.158796,3.464341,0.0829115612101489,0.278654709366997,0.8486812421875,0.6914168,0.3085832,1.8784,0.176384,0.66854011,0.176384,-0.66854011,complex,1
0.5505,0.158905,3.464346,0.0830307821315985,0.278849737548689,0.848474875,0.69136715,0.30863285,1.878,0.17564044,0.66868451,0.17564044,-0.66868451,complex,1
0.550875,0.159013,3.464351,0.0831501021525026,0.279044776621051,0.8482683671875,0.69131742,0.30868258,1.8777,0.17489655,0.66882806,0.17489655,-0.66882806,complex,1
0.551251,0.159121,3.464356,0.0832698398978382,0.279240346741166,0.8480611674995,0.69126759,0.30873241,1.8773,0.1741523,0.66897074,0.1741523,-0.66897074,complex,1
0.551626,0.159229,3.464361,0.0833893585061451,0.279435407651708,0.847854378062,0.69121776,0.30878224,1.8769,0.17340778,0.66911264,0.17340778,-0.66911264,complex,1
0.552001,0.159337,3.464365,0.0835089763380627,0.279630479480693,0.8476474479995,0.69116783,0.30883217,1.8766,0.17266293,0.66925367,0.17266293,-0.66925367,complex,1
0.552376,0.159445,3.46437,0.0836286934350322,0.279825562237377,0.847440377312,0.69111789,0.30888211,1.8762,0.17191779,0.66939392,0.17191779,-0.66939392,complex,1
0.552751,0.159553,3.464375,0.0837485098385417,0.280020655931024,0.8472331659995,0.69106791,0.30893209,1.8758,0.17117234,0.66953333,0.17117234,-0.66953333,complex,1
0.553127,0.159661,3.46438,0.0838687454983176,0.280216280864581,0.8470252609355,0.69101781,0.30898219,1.8755,0.17042654,0.66967187,0.17042654,-0.66967187,complex,1
0.553502,0.159769,3.464384,0.0839887609046516,0.280411396489182,0.846817767998,0.69096774,0.30903226,1.8751,0.16968049,0.66980963,0.16968049,-0.66980963,complex,1
0.553877,0.159877,3.464389,0.0841088757423798,0.280606523078583,0.8466101344355,0.69091758,0.30908242,1.8747,0.1689341,0.66994654,0.1689341,-0.66994654,complex,1
0.554252,0.159985,3.464394,0.0842290900531766,0.280801660642063,0.846402360248,0.69086735,0.30913265,1.8743,0.1681874,0.6700826,0.1681874,-0.6700826,complex,1
0.554627,0.160093,3.464398,0.0843494038787632,0.280996809188905,0.8461944454355,0.69081709,0.30918291,1.874,0.1674404,0.67021785,0.1674404,-0.67021785,complex,1
0.555003,0.160201,3.464403,0.0844701384963932,0.281192489168539,0.8459858349955,0.69076677,0.30923323,1.8736,0.1666931,0.67035225,0.1666931,-0.67035225,complex,1
0.555378,0.16031,3.464408,0.0845906517425615,0.281387659739324,0.845777638558,0.6907164,0.3092836,1.8732,0.16594549,0.67048582,0.16594549,-0.67048582,complex,1
0.555753,0.160418,3.464412,0.0847112646290755,0.281582841321373,0.8455693014955,0.69066598,0.30933402,1.8729,0.16519757,0.67061856,0.16519757,-0.67061856,complex,1
0.556128,0.160526,3.464417,0.0848319771978439,0.281778033923986,0.845360823808,0.6906155,0.3093845,1.8725,0.16444935,0.67075046,0.16444935,-0.67075046,complex,1
0.556503,0.160634,3.464421,0.0849527894908222,0.281973237556468,0.8451522054955,0.69056498,0.30943502,1.8721,0.16370082,0.67088153,0.16370082,-0.67088153,complex,1
0.556878,0.160742,3.464426,0.085073701550013,0.282168452228129,0.844943446558,0.6905144,0.3094856,1.8718,0.162952,0.67101176,0.162952,-0.67101176,complex,1
0.557254,0.16085,3.46443,0.0851950362492493,0.282364198564983,0.844733989742,0.69046376,0.30953624,1.8714,0.16220286,0.67114115,0.16220286,-0.67114115,complex,1
0.557629,0.160958,3.464435,0.0853161482333851,0.282559435372447,0.8445249491795,0.69041308,0.30958692,1.871,0.16145343,0.6712697,0.16145343,-0.6712697,complex,1
0.558004,0.161066,3.464439,0.085437360110136,0.28275468324707,0.844315767992,0.69036234,0.30963766,1.8706,0.1607037,0.67139741,0.1607037,-0.67139741,complex,1
0.558379,0.161174,3.464444,0.0855586719216935,0.282949942198177,0.8441064461795,0.69031155,0.30968845,1.8703,0.15995367,0.67152428,0.15995367,-0.67152428,complex,1
0.558754,0.161282,3.464448,0.0856800837102957,0.283145212235099,0.843896983742,0.6902607,0.3097393,1.8699,0.15920333,0.67165031,0.15920333,-0.67165031,complex,1
0.55913,0.16139,3.464453,0.0858019196834689,0.2833410141317,0.84368682155,0.69020981,0.30979019,1.8695,0.15845271,0.6717755,0.15845271,-0.6717755,complex,1
0.559505,0.161499,3.464457,0.0859235318199531,0.283536306397889,0.8434770774875,0.69015886,0.30984114,1.8692,0.15770177,0.67189985,0.15770177,-0.67189985,complex,1
0.55988,0.161607,3.464461,0.0860452440605945,0.283731609777938,0.8432671928,0.69010786,0.30989214,1.8688,0.15695054,0.67202336,0.15695054,-0.67202336,complex,1
0.560255,0.161715,3.464466,0.0861670564478211,0.283926924281195,0.8430571674875,0.69005681,0.30994319,1.8684,0.15619902,0.67214602,0.15619902,-0.67214602,complex,1
0.56063,0.161823,3.46447,0.0862889690241085,0.284122249917014,0.84284700155,0.69000571,0.30999429,1.868,0.15544719,0.67226784,0.15544719,-0.67226784,complex,1
0.561006,0.161931,3.464474,0.0864113073335037,0.284318107607728,0.842636133982,0.68995455,0.31004545,1.8677,0.15469508,0.67238881,0.15469508,-0.67238881,complex,1
0.561381,0.162039,3.464478,0.086533420682984,0.284513455566494,0.8424256864195,0.68990333,0.31009667,1.8673,0.15394266,0.67250894,0.15394266,-0.67250894,complex,1
0.561756,0.162147,3.464483,0.0866556343493505,0.284708814685931,0.842215098232,0.68985207,0.31014793,1.8669,0.15318995,0.67262822,0.15318995,-0.67262822,complex,1
0.562131,0.162255,3.464487,0.0867779483752695,0.284904184975408,0.8420043694195,0.68980075,0.31019925,1.8665,0.15243695,0.67274665,0.15243695,-0.67274665,complex,1
0.562506,0.162363,3.464491,0.0869003628034547,0.285099566444302,0.841793499982,0.68974938,0.31025062,1.8662,0.15168365,0.67286424,0.15168365,-0.67286424,complex,1
0.562881,0.162471,3.464495,0.0870228776766677,0.28529495910199,0.8415824899195,0.68969796,0.31030204,1.8658,0.15093006,0.67298098,0.15093006,-0.67298098,complex,1
0.563257,0.16258,3.464499,0.0871458201463934,0.285490884049785,0.8413707759755,0.68964648,0.31035352,1.8654,0.15017618,0.67309686,0.15017618,-0.67309686,complex,1
0.563632,0.162688,3.464503,0.0872685363062772,0.285686299143117,0.841159484288,0.68959495,0.31040505,1.865,0.149422,0.6732119,0.149422,-0.6732119,complex,1
0.564007,0.162796,3.464508,0.0873913530398752,0.285881725453433,0.8409480519755,0.68954338,0.31045662,1.8647,0.14866755,0.67332609,0.14866755,-0.67332609,complex,1
0.564382,0.162904,3.464512,0.0875142703901407,0.286077162990129,0.840736479038,0.68949174,0.31050826,1.8643,0.14791278,0.67343943,0.14791278,-0.67343943,complex,1
0.564757,0.163012,3.464516,0.0876372884000749,0.286272611762606,0.8405247654755,0.68944005,0.31055995,1.8639,0.14715774,0.67355191,0.14715774,-0.67355191,complex,1
0.565133,0.16312,3.46452,0.0877607355639611,0.286468593022026,0.8403123461555,0.68938831,0.31061169,1.8635,0.14640241,0.67366355,0.14640241,-0.67366355,complex,1
0.565508,0.163228,3.464524,0.0878839552911424,0.286664064324313,0.840100350968,0.68933652,0.31066348,1.8632,0.14564678,0.67377433,0.14564678,-0.67377433,complex,1
0.565883,0.163336,3.464528,0.0880072758074003,0.286859546890635,0.8398882151555,0.68928467,0.31071533,1.8628,0.14489087,0.67388426,0.14489087,-0.67388426,complex,1
0.566258,0.163444,3.464532,0.0881306971559287,0.287055040730413,0.839675938718,0.68923277,0.31076723,1.8624,0.14413468,0.67399333,0.14413468,-0.67399333,complex,1
0.566633,0.163552,3.464536,0.08825421937997,0.28725054585307,0.8394635216555,0.68918082,0.31081918,1.862,0.14337819,0.67410155,0.14337819,-0.67410155,complex,1
0.567009,0.163661,3.464539,0.088378172319485,0.287446583660244,0.8392503969595,0.68912881,0.31087119,1.8617,0.14262142,0.67420891,0.14262142,-0.67420891,complex,1
0.567384,0.163769,3.464543,0.0885018966937628,0.287642111407096,0.839037698272,0.68907674,0.31092326,1.8613,0.14186437,0.6743154,0.14186437,-0.6743154,complex,1
0.567759,0.163877,3.464547,0.0886257220736864,0.287837650465149,0.8388248589595,0.68902464,0.31097536,1.8609,0.14110703,0.67442106,0.14110703,-0.67442106,complex,1
0.568134,0.163985,3.464551,0.0887496485026919,0.288033200843842,0.838611879022,0.68897248,0.31102752,1.8605,0.14034942,0.67452585,0.14034942,-0.67452585,complex,1
0.568509,0.164093,3.464555,0.0888736760242638,0.288228762552623,0.8383987584595,0.68892028,0.31107972,1.8601,0.13959152,0.67462979,0.13959152,-0.67462979,complex,1
0.568884,0.164201,3.464559,0.0889978046819352,0.288424335600941,0.838185497272,0.68886794,0.31113206,1.8598,0.13883329,0.6747328,0.13883329,-0.6747328,complex,1
0.56926,0.164309,3.464562,0.0891223659341592,0.288620441571824,0.8379715262,0.68881561,0.31118439,1.8594,0.13807481,0.67483501,0.13807481,-0.67483501,complex,1
0.569635,0.164417,3.464566,0.089246697264811,0.288816037357885,0.8377579833875,0.68876332,0.31123668,1.859,0.13731612,0.67493644,0.13731612,-0.67493644,complex,1
0.57001,0.164525,3.46457,0.0893711298625702,0.289011644511886,0.83754429995,0.68871082,0.31128918,1.8586,0.13655705,0.67503686,0.13655705,-0.67503686,complex,1
0.570385,0.164634,3.464574,0.0894956637711651,0.289207263043294,0.8373304758875,0.68865834,0.31134166,1.8583,0.13579774,0.6751365,0.13579774,-0.6751365,complex,1
0.57076,0.164742,3.464577,0.0896202990343723,0.289402892961582,0.8371165112,0.68860582,0.31139418,1.8579,0.13503816,0.67523527,0.13503816,-0.67523527,complex,1
0.571136,0.16485,3.464581,0.0897453684627131,0.289599056001643,0.836901834752,0.68855323,0.31144677,1.8575,0.13427829,0.67533317,0.13427829,-0.67533317,complex,1
0.571511,0.164958,3.464585,0.0898702068372431,0.289794708752554,0.8366875884395,0.68850057,0.31149943,1.8571,0.13351813,0.67543019,0.13351813,-0.67543019,complex,1
0.571886,0.165066,3.464588,0.0899951466981269,0.289990372918815,0.836473201502,0.68844787,0.31155213,1.8567,0.13275771,0.67552636,0.13275771,-0.67552636,complex,1
0.572261,0.165174,3.464592,0.0901201880893374,0.290186048509916,0.8362586739395,0.68839508,0.31160492,1.8564,0.13199698,0.67562162,0.13199698,-0.67562162,complex,1
0.572636,0.165282,3.464595,0.0902453310548964,0.290381735535351,0.836044005752,0.68834232,0.31165768,1.856,0.13123603,0.6757161,0.13123603,-0.6757161,complex,1
0.573012,0.16539,3.464599,0.0903709097603243,0.290577955882514,0.835828623928,0.68828942,0.31171058,1.8556,0.13047476,0.67580963,0.13047476,-0.67580963,complex,1
0.573387,0.165499,3.464602,0.090496256278002,0.290773665835678,0.8356136741155,0.68823652,0.31176348,1.8552,0.12971325,0.67590235,0.12971325,-0.67590235,complex,1
0.573762,0.165607,3.464606,0.0906217045025069,0.290969387251715,0.835398583678,0.6881835,0.3118165,1.8548,0.1289514,0.67599413,0.1289514,-0.67599413,complex,1
0.574137,0.165715,3.464609,0.0907472544780579,0.291165120140138,0.8351833526155,0.68813051,0.31186949,1.8544,0.12818936,0.67608512,0.12818936,-0.67608512,complex,1
0.574512,0.165823,3.464613,0.0908729062489233,0.291360864510465,0.834967980928,0.68807744,0.31192256,1.8541,0.12742702,0.67617521,0.12742702,-0.67617521,complex,1
0.574887,0.165931,3.464616,0.0909986598594206,0.291556620372217,0.8347524686155,0.68802431,0.31197569,1.8537,0.12666439,0.67626443,0.12666439,-0.67626443,complex,1
0.575263,0.166039,3.46462,0.0911248511048161,0.291752909796607,0.8345362404155,0.68797111,0.31202889,1.8533,0.1259015,0.67635277,0.1259015,-0.67635277,complex,1
0.575638,0.166147,3.464623,0.0912508087995964,0.291948688700504,0.834320446478,0.68791788,0.31208212,1.8529,0.12513834,0.67644024,0.12513834,-0.67644024,complex,1
0.576013,0.166255,3.464626,0.091376868467377,0.292144479124447,0.8341045119155,0.68786458,0.31213542,1.8525,0.12437491,0.67652684,0.12437491,-0.67652684,complex,1
0.576388,0.166364,3.46463,0.0915030301526738,0.292340281077976,0.833888436728,0.68781123,0.31218877,1.8521,0.12361121,0.67661256,0.12361121,-0.67661256,complex,1
0.576763,0.166472,3.464633,0.0916292939000521,0.292536094570637,0.8336722209155,0.68775783,0.31224217,1.8518,0.12284724,0.67669741,0.12284724,-0.67669741,complex,1
0.577139,0.16658,3.464636,0.0917559968662831,0.292732441827536,0.8334552873395,0.68770437,0.31229563,1.8514,0.12208301,0.67678139,0.12208301,-0.67678139,complex,1
0.577514,0.166688,3.46464,0.0918824651441832,0.292928278457948,0.833238789902,0.68765086,0.31234914,1.851,0.1213185,0.67686448,0.1213185,-0.67686448,complex,1
0.577889,0.166796,3.464643,0.0920090356182789,0.293124126656179,0.8330221518395,0.68759729,0.31240271,1.8506,0.12055373,0.6769467,0.12055373,-0.6769467,complex,1
0.578264,0.166904,3.464646,0.092135708333335,0.293319986431794,0.832805373152,0.68754368,0.31245632,1.8502,0.11978869,0.67702805,0.11978869,-0.67702805,complex,1
0.578639,0.167012,3.464649,0.0922624833341661,0.293515857794361,0.8325884538395,0.68749,0.31251,1.8498,0.1190234,0.67710851,0.1190234,-0.67710851,complex,1
0.579015,0.167121,3.464652,0.0923896991420321,0.293712263123521,0.8323708148875,0.68743628,0.31256372,1.8494,0.11825783,0.6771881,0.11825783,-0.6771881,complex,1
0.57939,0.167229,3.464655,0.0925166791221185,0.293908157719675,0.83215361395,0.68738249,0.31261751,1.8491,0.117492,0.6772668,0.117492,-0.6772668,complex,1
0.579765,0.167337,3.464659,0.0926437615228437,0.294104063931539,0.8319362723875,0.68732865,0.31267135,1.8487,0.11672591,0.67734463,0.11672591,-0.67734463,complex,1
0.58014,0.167445,3.464662,0.0927709463892226,0.294299981768698,0.8317187902,0.68727477,0.31272523,1.8483,0.11595955,0.67742157,0.11595955,-0.67742157,complex,1
0.580515,0.167553,3.464665,0.0928982337663202,0.294495911240744,0.8315011673875,0.68722083,0.31277917,1.8479,0.11519294,0.67749764,0.11519294,-0.67749764,complex,1
0.58089,0.167661,3.464668,0.0930256236992519,0.294691852357273,0.83128340395,0.68716682,0.31283318,1.8475,0.11442606,0.67757281,0.11442606,-0.67757281,complex,1
0.581266,0.167769,3.464671,0.0931534563504803,0.294888327684196,0.831064918622,0.68711277,0.31288723,1.8471,0.11365893,0.67764711,0.11365893,-0.67764711,complex,1
0.581641,0.167878,3.464674,0.093281051804411,0.295084292149613,0.8308468735595,0.68705866,0.31294134,1.8467,0.11289153,0.67772052,0.11289153,-0.67772052,complex,1
0.582016,0.167986,3.464677,0.0934087499499443,0.295280268288353,0.830628687872,0.6870045,0.3129955,1.8464,0.11212387,0.67779305,0.11212387,-0.67779305,complex,1
0.582391,0.168094,3.46468,0.0935365508323971,0.295476256110032,0.8304103615595,0.68695028,0.31304972,1.846,0.11135596,0.67786469,0.11135596,-0.67786469,complex,1
0.582766,0.168202,3.464682,0.0936644544971367,0.295672255624269,0.830191894622,0.68689601,0.31310399,1.8456,0.11058779,0.67793544,0.11058779,-0.67793544,complex,1
0.583142,0.16831,3.464685,0.0937928024777374,0.295868789552916,0.829972703918,0.68684168,0.31315832,1.8452,0.10981937,0.67800531,0.10981937,-0.67800531,complex,1
0.583517,0.168418,3.464688,0.0939209121177442,0.296064812512388,0.8297539553555,0.6867873,0.3132127,1.8448,0.10905069,0.67807429,0.10905069,-0.67807429,complex,1
0.583892,0.168526,3.464691,0.0940491246765649,0.296260847193328,0.829535066168,0.68673287,0.31326713,1.8444,0.10828174,0.67814238,0.10828174,-0.67814238,complex,1
0.584267,0.168635,3.464694,0.0941774401997693,0.296456893605375,0.8293160363555,0.68667837,0.31332163,1.844,0.10751255,0.67820958,0.10751255,-0.67820958,complex,1
0.584642,0.168743,3.464697,0.0943058587329782,0.296652951758171,0.829096865918,0.68662382,0.31337618,1.8436,0.1067431,0.67827589,0.1067431,-0.67827589,complex,1
0.585018,0.168851,3.464699,0.094434723183915,0.296849544530155,0.828876969838,0.68656923,0.31343077,1.8432,0.1059734,0.67834132,0.1059734,-0.67834132,complex,1
0.585393,0.168959,3.464702,0.0945633481491967,0.297045626224768,0.8286575177755,0.68651457,0.31348543,1.8429,0.10520346,0.67840584,0.10520346,-0.67840584,complex,1
0.585768,0.169067,3.464705,0.0946920762617721,0.297241719689112,0.828437925088,0.68645986,0.31354014,1.8425,0.10443325,0.67846948,0.10443325,-0.67846948,complex,1
0.586143,0.169175,3.464707,0.094820907567466,0.297437824932847,0.8282181917755,0.6864051,0.3135949,1.8421,0.1036628,0.67853223,0.1036628,-0.67853223,complex,1
0.586518,0.169284,3.46471,0.0949498421121536,0.29763394196564,0.827998317838,0.68635028,0.31364972,1.8417,0.10289209,0.67859408,0.10289209,-0.67859408,complex,1
0.586893,0.169392,3.464713,0.0950788799417615,0.297830070797162,0.8277783032755,0.6862954,0.3137046,1.8413,0.10212114,0.67865503,0.10212114,-0.67865503,complex,1
0.587269,0.1695,3.464715,0.0952083656168784,0.29802673449459,0.8275575608195,0.68624047,0.31375953,1.8409,0.10134994,0.67871509,0.10134994,-0.67871509,complex,1
0.587644,0.169608,3.464718,0.0953376104300444,0.298222886984128,0.827337264632,0.68618548,0.31381452,1.8405,0.10057848,0.67877425,0.10057848,-0.67877425,complex,1
0.588019,0.169716,3.46472,0.0954669586663402,0.298419051301461,0.8271168278195,0.68613044,0.31386956,1.8401,0.09980678,0.67883252,0.09980678,-0.67883252,complex,1
0.588394,0.169824,3.464723,0.0955964103718975,0.29861522745628,0.826896250382,0.68607535,0.31392465,1.8397,0.09903485,0.6788899,0.09903485,-0.6788899,complex,1
0.588769,0.169932,3.464725,0.095725965592899,0.298811415458278,0.8266755323195,0.68602018,0.31397982,1.8393,0.09826263,0.67894635,0.09826263,-0.67894635,complex,1
0.589145,0.170041,3.464728,0.0958559702708247,0.299008138532638,0.8264540844875,0.68596501,0.31403499,1.8389,0.09749023,0.67900195,0.09749023,-0.67900195,complex,1
0.58952,0.170149,3.46473,0.0959857329378188,0.299204350289754,0.8262330848,0.68590979,0.31409021,1.8385,0.09671757,0.67905666,0.09671757,-0.67905666,complex,1
0.589895,0.170257,3.464733,0.0961155992592381,0.299400573923188,0.8260119444875,0.68585446,0.31414554,1.8381,0.09594464,0.67911042,0.09594464,-0.67911042,complex,1
0.59027,0.170365,3.464735,0.0962455692814716,0.299596809442652,0.82579066355,0.68579909,0.31420091,1.8378,0.09517147,0.67916329,0.09517147,-0.67916329,complex,1
0.590645,0.170473,3.464737,0.0963756430509598,0.299793056857865,0.8255692419875,0.68574363,0.31425637,1.8374,0.09439804,0.67921523,0.09439804,-0.67921523,complex,1
0.591021,0.170582,3.46474,0.0965061678931659,0.299989839552664,0.8253470887795,0.68568816,0.31431184,1.837,0.0936244,0.67926631,0.0936244,-0.67926631,complex,1
0.591396,0.17069,3.464742,0.0966364495736618,0.300186110820337,0.825125385592,0.68563262,0.31436738,1.8366,0.09285051,0.67931647,0.09285051,-0.67931647,complex,1
0.591771,0.170798,3.464744,0.0967668351411688,0.300382394012968,0.8249035417795,0.68557706,0.31442294,1.8362,0.0920764,0.67936576,0.0920764,-0.67936576,complex,1
0.592146,0.170906,3.464746,0.0968973246423348,0.300578689140295,0.824681557342,0.68552138,0.31447862,1.8358,0.09130199,0.67941409,0.09130199,-0.67941409,complex,1
0.592521,0.171014,3.464749,0.0970279181238593,0.30077499621206,0.8244594322795,0.68546567,0.31453433,1.8354,0.09052739,0.67946154,0.09052739,-0.67946154,complex,1
0.592896,0.171122,3.464751,0.0971586156324941,0.300971315238011,0.824237166592,0.68540987,0.31459013,1.835,0.08975251,0.67950804,0.08975251,-0.67950804,complex,1
0.593272,0.171231,3.464753,0.09728976615844,0.301168169793209,0.824014167008,0.68535414,0.31464586,1.8346,0.08897749,0.67955376,0.08897749,-0.67955376,complex,1
0.593647,0.171339,3.464755,0.0974206721394763,0.301364512788733,0.8237916196955,0.68529821,0.31470179,1.8342,0.08820212,0.67959843,0.08820212,-0.67959843,complex,1
0.594022,0.171447,3.464757,0.0975516822883152,0.30156086776774,0.823568931758,0.68524228,0.31475772,1.8338,0.08742656,0.67964225,0.08742656,-0.67964225,complex,1
0.594397,0.171555,3.464759,0.0976827966519168,0.301757234739994,0.8233461031955,0.68518633,0.31481367,1.8334,0.08665079,0.67968519,0.08665079,-0.67968519,complex,1
0.594772,0.171663,3.464761,0.0978140152772936,0.301953613715268,0.823123134008,0.68513024,0.31486976,1.833,0.08587473,0.67972713,0.08587473,-0.67972713,complex,1
0.595148,0.171771,3.464763,0.0979456885454928,0.302150528428706,0.822899429048,0.68507417,0.31492583,1.8326,0.08509848,0.67976824,0.08509848,-0.67976824,complex,1
0.595523,0.17188,3.464765,0.0980771161140119,0.302346931471424,0.8226761782355,0.68501806,0.31498194,1.8322,0.08432202,0.67980846,0.08432202,-0.67980846,complex,1
0.595898,0.171988,3.464767,0.0982086480857831,0.302543346546529,0.822452786798,0.68496186,0.31503814,1.8318,0.0835453,0.67984772,0.0835453,-0.67984772,complex,1
0.596273,0.172096,3.464769,0.0983402845080285,0.302739773663813,0.8222292547355,0.6849056,0.3150944,1.8314,0.08276834,0.67988608,0.08276834,-0.67988608,complex,1
0.596648,0.172204,3.464771,0.0984720254280226,0.302936212833071,0.822005582048,0.68484928,0.31515072,1.831,0.08199116,0.67992352,0.08199116,-0.67992352,complex,1
0.597024,0.172312,3.464773,0.0986042226208068,0.303133187950186,0.821781171712,0.68479292,0.31520708,1.8306,0.08121375,0.67996005,0.08121375,-0.67996005,complex,1
0.597399,0.172421,3.464775,0.0987361729573089,0.303329651285001,0.8215572173995,0.68473649,0.31526351,1.8302,0.0804361,0.67999566,0.0804361,-0.67999566,complex,1
0.597774,0.172529,3.464777,0.0988682279338256,0.303526126701232,0.821333122462,0.68468001,0.31531999,1.8298,0.07965824,0.68003035,0.07965824,-0.68003035,complex,1
0.598149,0.172637,3.464779,0.0990003875978422,0.303722614208693,0.8211088868995,0.68462347,0.31537653,1.8294,0.07888014,0.68006413,0.07888014,-0.68006413,complex,1
0.598524,0.172745,3.464781,0.0991326519968968,0.303919113817204,0.820884510712,0.68456688,0.31543312,1.829,0.07810182,0.68009699,0.07810182,-0.68009699,complex,1
0.598899,0.172853,3.464782,0.0992650211785804,0.30411562553659,0.8206599938995,0.68451023,0.31548977,1.8286,0.07732327,0.68012894,0.07732327,-0.68012894,complex,1
0.599275,0.172962,3.464784,0.0993978485947577,0.304312673456468,0.8204347371875,0.68445353,0.31554647,1.8282,0.07654449,0.68015996,0.07654449,-0.68015996,complex,1
0.59965,0.17307,3.464786,0.0995304277644222,0.30450920945946,0.82020993875,0.68439677,0.31560323,1.8278,0.0757655,0.68019007,0.0757655,-0.68019007,complex,1
0.600025,0.173178,3.464787,0.0996631118599337,0.304705757602856,0.8199849996875,0.68433995,0.31566005,1.8274,0.07498628,0.68021925,0.07498628,-0.68021925,complex,1
0.6004,0.173286,3.464789,0.0997959009290953,0.304902317896502,0.81975992,0.68428308,0.31571692,1.827,0.07420683,0.68024751,0.07420683,-0.68024751,complex,1
0.600775,0.173394,3.464791,0.0999287950197632,0.305098890350246,0.8195346996875,0.68422615,0.31577385,1.8266,0.07342717,0.68027485,0.07342717,-0.68027485,complex,1
0.601151,0.173503,3.464792,0.100062148984783,0.305295999215886,0.8193087375995,0.68416917,0.31583083,1.8262,0.07264728,0.68030127,0.07264728,-0.68030127,complex,1
0.601526,0.173611,3.464794,0.100195253542622,0.305492596051888,0.819083235662,0.68411212,0.31588788,1.8258,0.07186717,0.68032676,0.07186717,-0.68032676,complex,1
0.601901,0.173719,3.464795,0.100328463265984,0.305689205077592,0.8188575930995,0.68405503,0.31594497,1.8254,0.07108684,0.68035134,0.07108684,-0.68035134,complex,1
0.602276,0.173827,3.464797,0.100461778202938,0.305885826302868,0.818631809912,0.68399788,0.31600212,1.825,0.0703063,0.68037499,0.0703063,-0.68037499,complex,1
0.602651,0.173935,3.464798,0.100595198401607,0.306082459737589,0.8184058860995,0.68394067,0.31605933,1.8246,0.06952554,0.68039771,0.06952554,-0.68039771,complex,1
0.603027,0.174044,3.4648,0.100729080119021,0.306279629796391,0.8181792186355,0.6838834,0.3161166,1.8242,0.06874456,0.6804195,0.06874456,-0.6804195,complex,1
0.603402,0.174152,3.464801,0.100862711266723,0.306476287712269,0.817953013198,0.68382607,0.31617393,1.8238,0.06796336,0.68044036,0.06796336,-0.68044036,complex,1
0.603777,0.17426,3.464803,0.100996447820958,0.306672957867271,0.8177266671355,0.6837687,0.3162313,1.8234,0.06718194,0.6804603,0.06718194,-0.6804603,complex,1
0.604152,0.174368,3.464804,0.101130289830065,0.306869640271291,0.817500180448,0.68371127,0.31628873,1.823,0.06640032,0.68047931,0.06640032,-0.68047931,complex,1
0.604527,0.174477,3.464805,0.101264237342434,0.307066334934227,0.8172735531355,0.68365377,0.31634623,1.8226,0.06561847,0.68049739,0.06561847,-0.68049739,complex,1
0.604902,0.174585,3.464807,0.10139829040651,0.307263041865983,0.817046785198,0.68359623,0.31640377,1.8222,0.06483642,0.68051454,0.06483642,-0.68051454,complex,1
0.605278,0.174693,3.464808,0.101532806968449,0.307460285677453,0.816819271358,0.68353862,0.31646138,1.8218,0.06405416,0.68053076,0.06405416,-0.68053076,complex,1
0.605653,0.174801,3.464809,0.101667071563285,0.307657017209364,0.8165922217955,0.68348097,0.31651903,1.8214,0.06327167,0.68054605,0.06327167,-0.68054605,complex,1
0.606028,0.174909,3.46481,0.101801441855615,0.307853761039863,0.816365031608,0.68342324,0.31657676,1.821,0.06248898,0.6805604,0.06248898,-0.6805604,complex,1
0.606403,0.175018,3.464811,0.101935917894101,0.308050517178873,0.8161377007955,0.68336547,0.31663453,1.8206,0.06170608,0.68057382,0.06170608,-0.68057382,complex,1
0.606778,0.175126,3.464813,0.102070499727458,0.308247285636325,0.815910229358,0.68330765,0.31669235,1.8202,0.06092298,0.68058632,0.06092298,-0.68058632,complex,1
0.607154,0.175234,3.464814,0.102205546713136,0.308444591187403,0.815682010142,0.68324975,0.31675025,1.8198,0.06013966,0.68059786,0.06013966,-0.68059786,complex,1
0.607529,0.175342,3.464815,0.10234034056504,0.308641384344458,0.8154542570795,0.68319181,0.31680819,1.8194,0.05935614,0.68060848,0.05935614,-0.68060848,complex,1
0.607904,0.175451,3.464816,0.102475240358413,0.308838189849797,0.815226363392,0.68313381,0.31686619,1.819,0.0585724,0.68061816,0.0585724,-0.68061816,complex,1
0.608279,0.175559,3.464817,0.102610246142187,0.309035007713368,0.8149983290795,0.68307576,0.31692424,1.8186,0.05778847,0.68062691,0.05778847,-0.68062691,complex,1
0.608654,0.175667,3.464818,0.10274535796535,0.309231837945126,0.814770154142,0.68301765,0.31698235,1.8182,0.05700432,0.68063471,0.05700432,-0.68063471,complex,1
0.60903,0.175775,3.464819,0.102880936599912,0.309429205485214,0.81454122955,0.68295948,0.31704052,1.8178,0.05621997,0.68064158,0.05621997,-0.68064158,complex,1
0.609405,0.175884,3.46482,0.103016260932126,0.309626060516276,0.8143127729875,0.68290125,0.31709875,1.8174,0.05543542,0.68064751,0.05543542,-0.68064751,complex,1
0.60978,0.175992,3.464821,0.103151691451144,0.309822927945444,0.8140841758,0.68284297,0.31715703,1.8169,0.05465066,0.6806525,0.05465066,-0.6806525,complex,1
0.610155,0.1761,3.464822,0.103287228206171,0.310019807782692,0.8138554379875,0.68278456,0.31721544,1.8165,0.05386566,0.68065648,0.05386566,-0.68065648,complex,1
0.61053,0.176208,3.464823,0.103422871246466,0.310216700037999,0.81362655955,0.68272619,0.31727381,1.8161,0.05308052,0.68065961,0.05308052,-0.68065961,complex,1
0.610905,0.176316,3.464823,0.103558620621343,0.310413604721349,0.8133975404875,0.68266776,0.31733224,1.8157,0.05229518,0.6806618,0.05229518,-0.6806618,complex,1
0.611281,0.176425,3.464824,0.10369483880446,0.310611046971693,0.8131677695195,0.68260926,0.31739074,1.8153,0.05150962,0.68066303,0.05150962,-0.68066303,complex,1
0.611656,0.176533,3.464825,0.103830801280548,0.310807976574312,0.812938468832,0.68255069,0.31744931,1.8149,0.05072387,0.6806633,0.05072387,-0.6806633,complex,1
0.612031,0.176641,3.464826,0.10396687023962,0.311004918634985,0.8127090275195,0.68249212,0.31750788,1.8145,0.04993795,0.68066269,0.04993795,-0.68066269,complex,1
0.612406,0.176749,3.464826,0.104103045731208,0.311201873163716,0.812479445582,0.68243336,0.31756664,1.8141,0.04915175,0.680661,0.04915175,-0.680661,complex,1
0.612781,0.176858,3.464827,0.104239327804902,0.311398840170516,0.8122497230195,0.68237466,0.31762534,1.8137,0.04836543,0.68065847,0.04836543,-0.68065847,complex,1
0.613157,0.176966,3.464828,0.104376080356159,0.311596344960755,0.8120192466755,0.68231588,0.31768412,1.8133,0.04757888,0.68065498,0.04757888,-0.68065498,complex,1
0.613532,0.177074,3.464828,0.104512576027599,0.311793336987083,0.811789242488,0.68225697,0.31774303,1.8129,0.04679211,0.68065048,0.04679211,-0.68065048,complex,1
0.613907,0.177182,3.464829,0.104649178430373,0.311990341521566,0.8115590976755,0.68219813,0.31780187,1.8125,0.04600523,0.68064514,0.04600523,-0.68064514,complex,1
0.614282,0.177291,3.46483,0.104785887614291,0.312187358574234,0.811328812238,0.68213907,0.31786093,1.812,0.04521804,0.6806387,0.04521804,-0.6806387,complex,1
0.614657,0.177399,3.46483,0.104922703629216,0.312384388155124,0.8110983861755,0.68208013,0.31791987,1.8116,0.04443079,0.68063148,0.04443079,-0.68063148,complex,1
0.615033,0.177507,3.464831,0.105059991795723,0.312581955736697,0.8108672044555,0.68202105,0.31797895,1.8112,0.04364327,0.68062322,0.04364327,-0.68062322,complex,1
0.615408,0.177615,3.464831,0.105197021907695,0.31277901043763,0.810636496768,0.68196182,0.31803818,1.8108,0.04285551,0.68061394,0.04285551,-0.68061394,complex,1
0.615783,0.177724,3.464832,0.105334159000734,0.312976077696949,0.8104056484555,0.68190267,0.31809733,1.8104,0.04206766,0.68060382,0.04206766,-0.68060382,complex,1
0.616158,0.177832,3.464832,0.105471403124927,0.313173157524708,0.810174659518,0.68184342,0.31815658,1.81,0.04127958,0.68059271,0.04127958,-0.68059271,complex,1
0.616533,0.17794,3.464832,0.105608754330416,0.31337024993097,0.8099435299555,0.68178409,0.31821591,1.8096,0.0404913,0.68058063,0.0404913,-0.68058063,complex,1
0.616908,0.178049,3.464833,0.105746212667398,0.3135673549258,0.809712259768,0.68172473,0.31827527,1.8092,0.03970286,0.68056763,0.03970286,-0.68056763,complex,1
0.617284,0.178157,3.464833,0.105884145170847,0.313764998183037,0.809480231672,0.68166531,0.31833469,1.8088,0.03891422,0.68055365,0.03891422,-0.68055365,complex,1
0.617659,0.178265,3.464833,0.106021818207654,0.313962128418861,0.8092486798595,0.68160582,0.31839418,1.8083,0.03812539,0.68053872,0.03812539,-0.68053872,complex,1
0.618034,0.178373,3.464834,0.106159598527018,0.31415927127351,0.809016987422,0.68154628,0.31845372,1.8079,0.03733638,0.68052283,0.03733638,-0.68052283,complex,1
0.618409,0.178482,3.464834,0.10629748617936,0.314356426757071,0.8087851543595,0.68148668,0.31851332,1.8075,0.03654718,0.68050599,0.03654718,-0.68050599,complex,1
0.618784,0.17859,3.464834,0.106435481215158,0.314553594879637,0.808553180672,0.68142702,0.31857298,1.8071,0.0357578,0.68048818,0.0357578,-0.68048818,complex,1
0.61916,0.178698,3.464834,0.10657395210187,0.314751301483617,0.8083204472,0.68136731,0.31863269,1.8067,0.03496825,0.68046942,0.03496825,-0.68046942,complex,1
0.619535,0.178806,3.464834,0.106712162342929,0.314948494948262,0.8080881918875,0.68130754,0.31869246,1.8063,0.03417851,0.6804497,0.03417851,-0.6804497,complex,1
0.61991,0.178915,3.464834,0.106850480119347,0.315145701082247,0.80785579595,0.68124771,0.31875229,1.8059,0.03338858,0.68042901,0.03338858,-0.68042901,complex,1
0.620285,0.179023,3.464834,0.106988905481827,0.315342919895685,0.8076232593875,0.68118782,0.31881218,1.8055,0.03259848,0.68040737,0.03259848,-0.68040737,complex,1
0.62066,0.179131,3.464834,0.107127438481128,0.315540151398694,0.8073905822,0.68112788,0.31887212,1.805,0.0318082,0.68038476,0.0318082,-0.68038476,complex,1
0.621036,0.17924,3.464834,0.107266449020574,0.315737921602927,0.807157143352,0.68106787,0.31893213,1.8046,0.03101774,0.68036119,0.03101774,-0.68036119,complex,1
0.621411,0.179348,3.464834,0.107405197733386,0.315935178549361,0.8069241845395,0.68100781,0.31899219,1.8042,0.03022711,0.68033665,0.03022711,-0.68033665,complex,1
0.621786,0.179456,3.464834,0.107544054235769,0.316132448215781,0.806691085102,0.6809477,0.3190523,1.8038,0.0294363,0.68031116,0.0294363,-0.68031116,complex,1
0.622161,0.179564,3.464834,0.107683018578706,0.316329730612325,0.8064578450395,0.68088752,0.31911248,1.8034,0.02864531,0.68028469,0.02864531,-0.68028469,complex,1
0.622536,0.179673,3.464834,0.107822090813238,0.316527025749138,0.806224464352,0.68082728,0.31917272,1.803,0.02785415,0.68025725,0.02785415,-0.68025725,complex,1
0.622911,0.179781,3.464834,0.107961270990464,0.31672433363637,0.8059909430395,0.68076699,0.31923301,1.8026,0.02706281,0.68022886,0.02706281,-0.68022886,complex,1
0.623287,0.179889,3.464834,0.108100930741082,0.316922180489638,0.8057566578155,0.68070664,0.31929336,1.8021,0.0262713,0.68019949,0.0262713,-0.68019949,complex,1
0.623662,0.179998,3.464834,0.108240327245403,0.317119513942246,0.805522854878,0.68064623,0.31935377,1.8017,0.02547963,0.68016916,0.02547963,-0.68016916,complex,1
0.624037,0.180106,3.464833,0.108379831846189,0.317316860175782,0.8052889113155,0.68058576,0.31941424,1.8013,0.02468777,0.68013785,0.02468777,-0.68013785,complex,1
0.624412,0.180214,3.464833,0.108519444594764,0.317514219200415,0.805054827128,0.68052524,0.31947476,1.8009,0.02389575,0.68010558,0.02389575,-0.68010558,complex,1
0.624787,0.180323,3.464833,0.10865916554251,0.317711591026323,0.8048206023155,0.68046466,0.31953534,1.8005,0.02310357,0.68007233,0.02310357,-0.68007233,complex,1
0.625163,0.180431,3.464832,0.108799367763495,0.317909502039856,0.8045856117155,0.68040402,0.31959598,1.8001,0.0223112,0.68003812,0.0223112,-0.68003812,complex,1
0.625538,0.180539,3.464832,0.108939305552834,0.318106899533067,0.804351105278,0.68034332,0.31965668,1.7996,0.02151868,0.68000293,0.02151868,-0.68000293,complex,1
0.625913,0.180647,3.464832,0.109079351695972,0.31830430985814,0.8041164582155,0.68028256,0.31971744,1.7992,0.02072599,0.67996676,0.02072599,-0.67996676,complex,1
0.626288,0.180756,3.464831,0.10921950624452,0.318501733025272,0.803881670528,0.68022175,0.31977825,1.7988,0.01993313,0.67992963,0.01993313,-0.67992963,complex,1
0.626663,0.180864,3.464831,0.109359769250146,0.318699169044667,0.8036467422155,0.68016087,0.31983913,1.7984,0.0191401,0.67989151,0.0191401,-0.67989151,complex,1
0.627039,0.180972,3.46483,0.109500515233724,0.318897144474088,0.8034110462395,0.68009994,0.31990006,1.798,0.01834692,0.67985243,0.01834692,-0.67985243,complex,1
0.627414,0.181081,3.46483,0.109640995598305,0.319094606262978,0.803175836302,0.68003896,0.31996104,1.7976,0.01755357,0.67981237,0.01755357,-0.67981237,complex,1
0.627789,0.181189,3.464829,0.109781584575451,0.319292080934797,0.8029404857395,0.6799779,0.3200221,1.7971,0.01676005,0.67977132,0.01676005,-0.67977132,complex,1
0.628164,0.181297,3.464829,0.109922282217062,0.319489568499771,0.802704994552,0.6799168,0.3200832,1.7967,0.01596638,0.67972931,0.01596638,-0.67972931,complex,1
0.628539,0.181406,3.464828,0.110063088575093,0.319687068968128,0.8024693627395,0.67985564,0.32014436,1.7963,0.01517254,0.67968631,0.01517254,-0.67968631,complex,1
0.628914,0.181514,3.464827,0.110204003701558,0.319884582350103,0.802233590302,0.67979441,0.32020559,1.7959,0.01437855,0.67964233,0.01437855,-0.67964233,complex,1
0.62929,0.181622,3.464827,0.110345403857915,0.32008263541004,0.80199704795,0.67973313,0.32026687,1.7955,0.0135844,0.67959738,0.0135844,-0.67959738,complex,1
0.629665,0.181731,3.464826,0.110486536967917,0.320280174684483,0.8017609938875,0.67967179,0.32032821,1.795,0.01279008,0.67955143,0.01279008,-0.67955143,complex,1
0.63004,0.181839,3.464825,0.11062777900288,0.320477726903309,0.8015247992,0.67961038,0.32038962,1.7946,0.01199562,0.67950451,0.01199562,-0.67950451,complex,1
0.630415,0.181947,3.464824,0.110769130015051,0.320675292076773,0.8012884638875,0.67954893,0.32045107,1.7942,0.01120099,0.67945661,0.01120099,-0.67945661,complex,1
0.63079,0.182056,3.464823,0.110910590056731,0.320872870215139,0.80105198795,0.67948741,0.32051259,1.7938,0.01040621,0.67940773,0.01040621,-0.67940773,complex,1
0.631166,0.182164,3.464823,0.111052536843823,0.321070988255663,0.800814740222,0.67942581,0.32057419,1.7934,0.00961125,0.67935783,0.00961125,-0.67935783,complex,1
0.631541,0.182272,3.464822,0.11119421539276,0.321268592389278,0.8005779826595,0.67936419,0.32063581,1.7929,0.00881618,0.67930698,0.00881618,-0.67930698,complex,1
0.631916,0.182381,3.464821,0.111336003128607,0.321466209518639,0.800341084472,0.67930256,0.32069744,1.7925,0.00802098,0.6792552,0.00802098,-0.6792552,complex,1
0.632291,0.182489,3.46482,0.111477900103898,0.321663839654029,0.8001040456595,0.67924076,0.32075924,1.7921,0.00722554,0.67920233,0.00722554,-0.67920233,complex,1
0.632666,0.182597,3.464819,0.111619906371229,0.321861482805736,0.799866866222,0.67917899,0.32082101,1.7917,0.00643004,0.67914855,0.00643004,-0.67914855,complex,1
0.633042,0.182706,3.464818,0.111762401104447,0.322059666084622,0.799628913118,0.67911705,0.32088295,1.7913,0.0056343,0.67909368,0.0056343,-0.67909368,complex,1
0.633417,0.182814,3.464817,0.111904626405672,0.322257335334633,0.7993914520555,0.67905518,0.32094482,1.7908,0.00483849,0.67903794,0.00483849,-0.67903794,complex,1
0.633792,0.182922,3.464816,0.112046961157212,0.322455017631887,0.799153850368,0.67899318,0.32100682,1.7904,0.00404249,0.67898115,0.00404249,-0.67898115,complex,1
0.634167,0.183031,3.464814,0.112189405411895,0.322652712986696,0.7989161080555,0.67893111,0.32106889,1.79,0.00324634,0.67892335,0.00324634,-0.67892335,complex,1
0.634542,0.183139,3.464813,0.11233195922261,0.322850421409376,0.798678225118,0.678869,0.321131,1.7896,0.00245005,0.67886458,0.00245005,-0.67886458,complex,1
0.634917,0.183247,3.464812,0.112474622642302,0.323048142910248,0.7984402015555,0.67880688,0.32119312,1.7891,0.00165366,0.67880487,0.00165366,-0.67880487,complex,1
0.635293,0.183356,3.464811,0.112617776598847,0.323246404809385,0.7982014020755,0.67874464,0.32125536,1.7887,0.00085708,0.6787441,0.00085708,-0.6787441,complex,1
0.635668,0.183464,3.46481,0.112760659688212,0.323444152532572,0.797963096888,0.6786824,0.3213176,1.7883,6.04e-05,0.6786824,6.04e-05,-0.6786824,complex,1
0.636043,0.183572,3.464808,0.112903652545888,0.323641913364975,0.7977246510755,0.67862002,0.32137998,1.7879,-0.00073651,0.67861962,-0.00073651,-0.67861962,complex,1
0.636418,0.183681,3.464807,0.113046755225057,0.323839687316939,0.797486064638,0.67855763,0.32144237,1.7874,-0.00153349,0.67855589,-0.00153349,-0.67855589,complex,1
0.636793,0.183789,3.464806,0.113189967778959,0.324037474398811,0.7972473375755,0.67849514,0.32150486,1.787,-0.00233065,0.67849113,-0.00233065,-0.67849113,complex,1
0.637169,0.183897,3.464804,0.11333367260119,0.324235802105782,0.7970078327195,0.67843265,0.32156735,1.7866,-0.00312792,0.67842544,-0.00312792,-0.67842544,complex,1
0.637544,0.184006,3.464803,0.113477105357875,0.324433615513623,0.796768824032,0.67837008,0.32162992,1.7862,-0.00392533,0.67835872,-0.00392533,-0.67835872,complex,1
0.637919,0.184114,3.464801,0.113620648149515,0.32463144208248,0.7965296747195,0.67830743,0.32169257,1.7858,-0.00472289,0.67829099,-0.00472289,-0.67829099,complex,1
0.638294,0.184223,3.4648,0.113764301029588,0.324829281822724,0.796290384782,0.67824474,0.32175526,1.7853,-0.00552058,0.67822228,-0.00552058,-0.67822228,complex,1
0.638669,0.184331,3.464798,0.11390806405163,0.32502713474473,0.7960509542195,0.678182,0.321818,1.7849,-0.0063184,0.67815256,-0.0063184,-0.67815256,complex,1
0.639045,0.184439,3.464797,0.114052321078521,0.325225528519499,0.7958107439875,0.67811918,0.32188082,1.7845,-0.00711637,0.67808184,-0.00711637,-0.67808184,complex,1
0.63942,0.184548,3.464795,0.114196304839425,0.325423407871403,0.7955710318,0.67805631,0.32194369,1.784,-0.00791447,0.67801012,-0.00791447,-0.67801012,complex,1
0.639795,0.184656,3.464793,0.114340398903413,0.325621300436261,0.7953311789875,0.67799338,0.32200662,1.7836,-0.0087127,0.67793739,-0.0087127,-0.67793739,complex,1
0.64017,0.184764,3.464792,0.11448460332426,0.32581920622447,0.79509118555,0.67793038,0.32206962,1.7832,-0.00951106,0.67786366,-0.00951106,-0.67786366,complex,1
0.640545,0.184873,3.46479,0.114628918155802,0.326017125246434,0.7948510514875,0.67786734,0.32213266,1.7828,-0.01030956,0.67778894,-0.01030956,-0.67778894,complex,1
0.64092,0.184981,3.464788,0.114773343451936,0.326215057512563,0.7946107768,0.67780423,0.32219577,1.7823,-0.01110818,0.6777132,-0.01110818,-0.6777132,complex,1
0.641296,0.18509,3.464787,0.114918264843254,0.326413530905723,0.794369720192,0.67774106,0.32225894,1.7819,-0.01190694,0.67763646,-0.01190694,-0.67763646,complex,1
0.641671,0.185198,3.464785,0.115062911525428,0.326611489726821,0.7941291638795,0.67767783,0.32232217,1.7815,-0.01270582,0.67755871,-0.01270582,-0.67755871,complex,1
0.642046,0.185306,3.464783,0.115207668834383,0.326809461823373,0.793888466942,0.67761454,0.32238546,1.7811,-0.01350483,0.67747995,-0.01350483,-0.67747995,complex,1
0.642421,0.185415,3.464781,0.115352536824256,0.327007447205812,0.7936476293795,0.67755119,0.32244881,1.7806,-0.01430397,0.67740018,-0.01430397,-0.67740018,complex,1
0.642796,0.185523,3.464779,0.115497515549241,0.327205445884575,0.793406651192,0.67748778,0.32251222,1.7802,-0.01510323,0.67731941,-0.01510323,-0.67731941,complex,1
0.643172,0.185631,3.464777,0.115642992117129,0.327403985919866,0.793164889208,0.67742432,0.32257568,1.7798,-0.01590261,0.67723763,-0.01590261,-0.67723763,complex,1
0.643547,0.18574,3.464775,0.115788192770824,0.327602011258139,0.7929236293955,0.67736079,0.32263921,1.7793,-0.01670213,0.67715484,-0.01670213,-0.67715484,complex,1
0.643922,0.185848,3.464773,0.115933504322727,0.327800049924109,0.792682228958,0.6772972,0.3227028,1.7789,-0.01750176,0.67707104,-0.01750176,-0.67707104,complex,1
0.644297,0.185957,3.464771,0.116078926827274,0.327998101928238,0.7924406878955,0.67723356,0.32276644,1.7785,-0.01830151,0.67698623,-0.01830151,-0.67698623,complex,1
0.644672,0.186065,3.464769,0.116224460338963,0.328196167280989,0.792199006208,0.67716985,0.32283015,1.7781,-0.0191014,0.6769004,-0.0191014,-0.6769004,complex,1
0.645048,0.186173,3.464767,0.116370493446407,0.328394774220602,0.791956538848,0.67710609,0.32289391,1.7776,-0.01990139,0.67681356,-0.01990139,-0.67681356,complex,1
0.645423,0.186282,3.464765,0.116516249432499,0.328592866337686,0.7917145755355,0.67704226,0.32295774,1.7772,-0.02070151,0.6767257,-0.02070151,-0.6767257,complex,1
0.645798,0.18639,3.464762,0.116662116589736,0.32879097183485,0.791472471598,0.67697838,0.32302162,1.7768,-0.02150174,0.67663683,-0.02150174,-0.67663683,complex,1
0.646173,0.186499,3.46476,0.116808094972859,0.328989090722584,0.7912302270355,0.67691444,0.32308556,1.7763,-0.02230209,0.67654695,-0.02230209,-0.67654695,complex,1
0.646548,0.186607,3.464758,0.116954184636668,0.329187223011381,0.790987841848,0.67685043,0.32314957,1.7759,-0.02310255,0.67645604,-0.02310255,-0.67645604,complex,1
0.646923,0.186715,3.464756,0.117100385636026,0.329385368711741,0.7907453160355,0.67678636,0.32321364,1.7755,-0.02390314,0.67636412,-0.02390314,-0.67636412,complex,1
0.647299,0.186824,3.464753,0.117247088341196,0.329584056276447,0.7905020022995,0.67672224,0.32327776,1.7751,-0.02470383,0.67627118,-0.02470383,-0.67627118,complex,1
0.647674,0.186932,3.464751,0.117393512473745,0.329782228867286,0.790259194862,0.67665806,0.32334194,1.7746,-0.02550464,0.67617723,-0.02550464,-0.67617723,complex,1
0.648049,0.187041,3.464748,0.117540048106943,0.329980414901248,0.7900162467995,0.67659381,0.32340619,1.7742,-0.02630556,0.67608225,-0.02630556,-0.67608225,complex,1
0.648424,0.187149,3.464746,0.117686695295898,0.330178614388853,0.789773158112,0.67652951,0.32347049,1.7738,-0.0271066,0.67598625,-0.0271066,-0.67598625,complex,1
0.648799,0.187258,3.464744,0.117833454095776,0.330376827340631,0.7895299287995,0.67646514,0.32353486,1.7733,-0.02790774,0.67588923,-0.02790774,-0.67588923,complex,1
0.649175,0.187366,3.464741,0.117980716365718,0.330575582388942,0.7892859096875,0.67640071,0.32359929,1.7729,-0.02870899,0.67579118,-0.02870899,-0.67579118,complex,1
0.64955,0.187474,3.464738,0.118127698851192,0.330773822336644,0.78904239875,0.67633623,0.32366377,1.7725,-0.02951035,0.67569212,-0.02951035,-0.67569212,complex,1
0.649925,0.187583,3.464736,0.118274793113609,0.330972075780164,0.7887987471875,0.67627169,0.32372831,1.772,-0.03031181,0.67559203,-0.03031181,-0.67559203,complex,1
0.6503,0.187691,3.464733,0.118421999208385,0.331170342730052,0.788554955,0.67620709,0.32379291,1.7716,-0.03111339,0.67549092,-0.03111339,-0.67549092,complex,1
0.650675,0.1878,3.464731,0.118569317190994,0.331368623196864,0.7883110221875,0.67614242,0.32385758,1.7712,-0.03191507,0.67538878,-0.03191507,-0.67538878,complex,1
0.651051,0.187908,3.464728,0.118717140413149,0.331567445993241,0.7880662976995,0.67607769,0.32392231,1.7707,-0.03271685,0.6752856,-0.03271685,-0.6752856,complex,1
0.651426,0.188017,3.464725,0.118864682636837,0.331765753561709,0.787822083262,0.67601291,0.32398709,1.7703,-0.03351874,0.67518142,-0.03351874,-0.67518142,complex,1
0.651801,0.188125,3.464722,0.119012336915305,0.331964074678832,0.7875777281995,0.67594806,0.32405194,1.7699,-0.03432073,0.67507619,-0.03432073,-0.67507619,complex,1
0.652176,0.188233,3.464719,0.119160103304274,0.33216240935519,0.787333232512,0.67588318,0.32411682,1.7694,-0.03512279,0.67496997,-0.03512279,-0.67496997,complex,1
0.652551,0.188342,3.464717,0.11930798185953,0.332360757601367,0.7870885961995,0.67581814,0.32418186,1.769,-0.03592505,0.67486261,-0.03592505,-0.67486261,complex,1
0.652926,0.18845,3.464714,0.11945597263692,0.332559119427955,0.786843819262,0.67575316,0.32424684,1.7686,-0.03672728,0.67475436,-0.03672728,-0.67475436,complex,1
0.653302,0.188559,3.464711,0.119604470783986,0.332758023864842,0.786598248398,0.67568806,0.32431194,1.7681,-0.03752969,0.674645,-0.03752969,-0.674645,complex,1
0.653677,0.188667,3.464708,0.119752686473064,0.332956412920331,0.7863531898355,0.67562292,0.32437708,1.7677,-0.03833217,0.67453463,-0.03833217,-0.67453463,complex,1
0.654052,0.188776,3.464705,0.119901014552339,0.333154815588065,0.786107990648,0.67555769,0.32444231,1.7673,-0.03913477,0.67442321,-0.03913477,-0.67442321,complex,1
0.654427,0.188884,3.464702,0.120049455077906,0.333353231878658,0.7858626508355,0.67549243,0.32450757,1.7668,-0.03993744,0.67431077,-0.03993744,-0.67431077,complex,1
0.654802,0.188993,3.464699,0.120198008105924,0.333551661802729,0.785617170398,0.67542716,0.32457284,1.7664,-0.04074018,0.67419736,-0.04074018,-0.67419736,complex,1
0.655178,0.189101,3.464696,0.120347070284706,0.333750634572004,0.785370894158,0.67536172,0.32463828,1.7659,-0.04154307,0.67408281,-0.04154307,-0.67408281,complex,1
0.655553,0.18921,3.464692,0.120495848786731,0.333949091831342,0.7851251320955,0.67529624,0.32470376,1.7655,-0.04234604,0.67396723,-0.04234604,-0.67396723,complex,1
0.655928,0.189318,3.464689,0.120644739960207,0.33414756275608,0.784879229408,0.67523074,0.32476926,1.7651,-0.04314908,0.67385065,-0.04314908,-0.67385065,complex,1
0.656303,0.189426,3.464686,0.120793743861543,0.334346047356863,0.7846331860955,0.67516522,0.32483478,1.7646,-0.0439522,0.67373309,-0.0439522,-0.67373309,complex,1
0.656678,0.189535,3.464683,0.120942860547209,0.334544545644337,0.784387002158,0.67509957,0.32490043,1.7642,-0.04475542,0.67361442,-0.04475542,-0.67361442,complex,1
0.657054,0.189643,3.464679,0.121092488170051,0.334743587012772,0.784140020542,0.67503386,0.32496614,1.7638,-0.04555875,0.6734947,-0.04555875,-0.6734947,complex,1
0.657429,0.189752,3.464676,0.12124183089518,0.334942112742169,0.7838935549795,0.67496809,0.32503191,1.7633,-0.04636218,0.67337394,-0.04636218,-0.67337394,complex,1
0.657804,0.18986,3.464673,0.121391286574582,0.335140652190268,0.783646948792,0.67490233,0.32509767,1.7629,-0.04716561,0.67325223,-0.04716561,-0.67325223,complex,1
0.658179,0.189969,3.464669,0.121540855264982,0.33533920536774,0.7834002019795,0.67483647,0.32516353,1.7625,-0.04796919,0.67312942,-0.04796919,-0.67312942,complex,1
0.658554,0.190077,3.464666,0.121690537023164,0.335537772285264,0.783153314542,0.67477046,0.32522954,1.762,-0.04877289,0.67300549,-0.04877289,-0.67300549,complex,1
0.658929,0.190186,3.464662,0.12184033190598,0.335736352953523,0.7829062864795,0.67470447,0.32529553,1.7616,-0.04957663,0.67288059,-0.04957663,-0.67288059,complex,1
0.659305,0.190294,3.464659,0.121990639876541,0.33593547698676,0.7826584584875,0.67463841,0.32536159,1.7611,-0.05038045,0.67275464,-0.05038045,-0.67275464,complex,1
0.65968,0.190403,3.464655,0.122140661481469,0.336134085225304,0.7824111488,0.67457229,0.32542771,1.7607,-0.05118436,0.67262764,-0.05118436,-0.67262764,complex,1
0.660055,0.190511,3.464652,0.122290796382112,0.336332707246699,0.7821636984875,0.67450611,0.32549389,1.7603,-0.05198835,0.6724996,-0.05198835,-0.6724996,complex,1
0.66043,0.19062,3.464648,0.122441044635571,0.336531343061651,0.78191610755,0.67443986,0.32556014,1.7598,-0.0527924,0.6723705,-0.0527924,-0.6723705,complex,1
0.660805,0.190728,3.464644,0.122591406299014,0.336729992680874,0.7816683759875,0.67437357,0.32562643,1.7594,-0.05359654,0.67224037,-0.05359654,-0.67224037,complex,1
0.661181,0.190837,3.464641,0.12274228284843,0.336929185902724,0.7814198426195,0.6743072,0.3256928,1.7589,-0.05440077,0.67210919,-0.05440077,-0.67210919,complex,1
0.661556,0.190945,3.464637,0.122892871806404,0.337127863199534,0.781171829432,0.67424078,0.32575922,1.7585,-0.05520506,0.67197696,-0.05520506,-0.67197696,complex,1
0.661931,0.191054,3.464633,0.123043574346397,0.337326554332819,0.7809236756195,0.67417428,0.32582572,1.7581,-0.05600943,0.67184366,-0.05600943,-0.67184366,complex,1
0.662306,0.191162,3.464629,0.123194390525831,0.337525259313316,0.780675381182,0.67410774,0.32589226,1.7576,-0.05681388,0.67170933,-0.05681388,-0.67170933,complex,1
0.662681,0.191271,3.464625,0.123345320402193,0.337723978151766,0.7804269461195,0.67404113,0.32595887,1.7572,-0.0576184,0.67157394,-0.0576184,-0.67157394,complex,1
0.663057,0.191379,3.464621,0.123496766968175,0.337923240831355,0.7801777073755,0.67397446,0.32602554,1.7567,-0.05842299,0.67143751,-0.05842299,-0.67143751,complex,1
0.663432,0.191488,3.464618,0.123647924714679,0.338121987454992,0.779928990688,0.67390772,0.32609228,1.7563,-0.05922764,0.67130001,-0.05922764,-0.67130001,complex,1
0.663807,0.191596,3.464614,0.123799196331107,0.338320747968875,0.7796801333755,0.67384093,0.32615907,1.7559,-0.06003238,0.67116146,-0.06003238,-0.67116146,complex,1
0.664182,0.191705,3.46461,0.123950581875199,0.338519522383772,0.779431135438,0.67377408,0.32622592,1.7554,-0.06083717,0.67102187,-0.06083717,-0.67102187,complex,1
0.664557,0.191813,3.464605,0.124102081404763,0.338718310710454,0.7791819968755,0.67370716,0.32629284,1.755,-0.06164203,0.67088121,-0.06164203,-0.67088121,complex,1
0.664932,0.191922,3.464601,0.124253694977669,0.338917112959701,0.778932717688,0.67364018,0.32635982,1.7545,-0.06244697,0.6707395,-0.06244697,-0.6707395,complex,1
0.665308,0.19203,3.464597,0.124405827411578,0.33911645933742,0.778682632568,0.67357315,0.32642685,1.7541,-0.06325196,0.67059673,-0.06325196,-0.67059673,complex,1
0.665683,0.192139,3.464593,0.124557669549544,0.339315289501353,0.7784330717555,0.67350604,0.32649396,1.7537,-0.06405702,0.6704529,-0.06405702,-0.6704529,complex,1
0.666058,0.192247,3.464589,0.124709625905008,0.339514133620251,0.778183370318,0.67343888,0.32656112,1.7532,-0.06486215,0.67030801,-0.06486215,-0.67030801,complex,1
0.666433,0.192356,3.464585,0.124861696536099,0.339712991704916,0.7779335282555,0.67337165,0.32662835,1.7528,-0.06566734,0.67016206,-0.06566734,-0.67016206,complex,1
0.666808,0.192464,3.46458,0.125013881501012,0.339911863766156,0.777683545568,0.67330438,0.32669562,1.7523,-0.06647259,0.67001506,-0.06647259,-0.67001506,complex,1
0.667184,0.192573,3.464576,0.125166587142605,0.340111280196291,0.777432755072,0.67323703,0.32676297,1.7519,-0.0672779,0.66986698,-0.0672779,-0.66986698,complex,1
0.667559,0.192681,3.464571,0.125319001255282,0.340310180280475,0.7771824907595,0.67316962,0.32683038,1.7514,-0.06808326,0.66971785,-0.06808326,-0.66971785,complex,1
0.667934,0.19279,3.464567,0.125471529876909,0.340509094373724,0.776932085822,0.67310215,0.32689785,1.751,-0.06888869,0.66956766,-0.06888869,-0.66956766,complex,1
0.668309,0.192899,3.464563,0.125624173065939,0.340708022486871,0.7766815402595,0.67303462,0.32696538,1.7506,-0.06969417,0.6694164,-0.06969417,-0.6694164,complex,1
0.668684,0.193007,3.464558,0.125776930880892,0.340906964630756,0.776430854072,0.67296703,0.32703297,1.7501,-0.07049971,0.66926408,-0.07049971,-0.66926408,complex,1
0.66906,0.193116,3.464554,0.125930211193723,0.341106451384831,0.7761793582,0.67289936,0.32710064,1.7497,-0.07130531,0.66911068,-0.07130531,-0.66911068,complex,1
0.669435,0.193224,3.464549,0.1260831987424,0.341305421660217,0.7759283903875,0.67283164,0.32716836,1.7492,-0.07211095,0.66895623,-0.07211095,-0.66895623,complex,1
0.66981,0.193333,3.464544,0.126236301093105,0.341504405998921,0.77567728195,0.67276387,0.32723613,1.7488,-0.07291665,0.6688007,-0.07291665,-0.6688007,complex,1
0.670185,0.193441,3.46454,0.12638951830462,0.341703404411806,0.7754260328875,0.67269603,0.32730397,1.7483,-0.0737224,0.66864412,-0.0737224,-0.66864412,complex,1
0.67056,0.19355,3.464535,0.12654285043579,0.341902416909741,0.7751746432,0.67262813,0.32737187,1.7479,-0.0745282,0.66848646,-0.0745282,-0.66848646,complex,1
0.670935,0.193658,3.46453,0.126696297545527,0.3421014435036,0.7749231128875,0.67256016,0.32743984,1.7474,-0.07533405,0.66832773,-0.07533405,-0.66832773,complex,1
0.671311,0.193767,3.464525,0.126850269345713,0.342301014998336,0.7746707706395,0.67249214,0.32750786,1.747,-0.07613995,0.66816793,-0.07613995,-0.66816793,complex,1
0.671686,0.193876,3.464521,0.127003946896586,0.342500069854356,0.774418958702,0.67242405,0.32757595,1.7466,-0.07694589,0.66800706,-0.07694589,-0.66800706,complex,1
0.672061,0.193984,3.464516,0.127157739603313,0.342699138838991,0.7741670061395,0.67235589,0.32764411,1.7461,-0.07775189,0.66784511,-0.07775189,-0.66784511,complex,1
0.672436,0.194093,3.464511,0.12731164752507,0.342898221963141,0.773914912952,0.67228768,0.32771232,1.7457,-0.07855793,0.66768209,-0.07855793,-0.66768209,complex,1
0.672811,0.194201,3.464506,0.127465670721097,0.343097319237711,0.7736626791395,0.67221941,0.32778059,1.7452,-0.079364,0.667518,-0.079364,-0.667518,complex,1
0.673187,0.19431,3.464501,0.127620220441021,0.343296961656384,0.7734096315155,0.67215109,0.32784891,1.7448,-0.08017012,0.66735286,-0.08017012,-0.66735286,complex,1
0.673562,0.194418,3.464496,0.12777447467137,0.343496087302342,0.773157116078,0.67208272,0.32791728,1.7443,-0.08097627,0.66718665,-0.08097627,-0.66718665,complex,1
0.673937,0.194527,3.464491,0.127928844354268,0.343695227131504,0.7729044600155,0.67201424,0.32798576,1.7439,-0.08178247,0.66701931,-0.08178247,-0.66701931,complex,1
0.674312,0.194636,3.464486,0.128083329549219,0.343894381154798,0.772651663328,0.67194566,0.32805434,1.7434,-0.08258876,0.66685086,-0.08258876,-0.66685086,complex,1
0.674687,0.194744,3.464481,0.128237930315798,0.344093549383161,0.7723987260155,0.67187706,0.32812294,1.743,-0.08339506,0.66668137,-0.08339506,-0.66668137,complex,1
0.675063,0.194853,3.464475,0.128393059445341,0.344293262999734,0.7721449730155,0.67180848,0.32819152,1.7425,-0.08420134,0.66651089,-0.08420134,-0.66651089,complex,1
0.675438,0.194961,3.46447,0.128547891842744,0.344492459709021,0.771891754078,0.67173971,0.32826029,1.7421,-0.08500774,0.6663392,-0.08500774,-0.6663392,complex,1
0.675813,0.19507,3.464465,0.128702839991048,0.344691670656252,0.7716383945155,0.67167102,0.32832898,1.7416,-0.08581407,0.66616658,-0.08581407,-0.66616658,complex,1
0.676188,0.195179,3.46446,0.128857903950092,0.344890895852387,0.771384894328,0.67160211,0.32839789,1.7412,-0.08662054,0.6659927,-0.08662054,-0.6659927,complex,1
0.676563,0.195287,3.464454,0.129013083779781,0.345090135308393,0.7711312535155,0.67153321,0.32846679,1.7407,-0.08742702,0.66581782,-0.08742702,-0.66581782,complex,1
0.676938,0.195396,3.464449,0.129168379540087,0.345289389035244,0.770877472078,0.67146425,0.32853575,1.7403,-0.08823349,0.66564186,-0.08823349,-0.66564186,complex,1
0.677314,0.195504,3.464443,0.129324205877506,0.345489188444379,0.770622872702,0.67139527,0.32860473,1.7398,-0.08903997,0.66546487,-0.08903997,-0.66546487,complex,1
0.677689,0.195613,3.464438,0.12947973398878,0.345688470783993,0.7703688096395,0.6713262,0.3286738,1.7394,-0.08984654,0.66528675,-0.08984654,-0.66528675,complex,1
0.678064,0.195722,3.464433,0.12963537821115,0.345887767427437,0.770114605952,0.67125701,0.32874299,1.7389,-0.09065315,0.66510749,-0.09065315,-0.66510749,complex,1
0.678439,0.19583,3.464427,0.129791138604856,0.346087078385711,0.7698602616395,0.67118784,0.32881216,1.7385,-0.09145971,0.66492725,-0.09145971,-0.66492725,complex,1
0.678814,0.195939,3.464421,0.129947015230206,0.346286403669819,0.769605776702,0.67111856,0.32888144,1.738,-0.09226636,0.66474584,-0.09226636,-0.66474584,complex,1
0.67919,0.196047,3.464416,0.130103424284211,0.346486274882269,0.76935047195,0.6710492,0.3289508,1.7376,-0.09307303,0.66456335,-0.09307303,-0.66456335,complex,1
0.679565,0.196156,3.46441,0.130259533864395,0.346685628889357,0.7690957053875,0.67097983,0.32902017,1.7371,-0.0938797,0.66437981,-0.0938797,-0.66437981,complex,1
0.67994,0.196265,3.464404,0.130415759857711,0.346884997255358,0.7688407982,0.67091035,0.32908965,1.7367,-0.09468641,0.66419514,-0.09468641,-0.66419514,complex,1
0.680315,0.196373,3.464399,0.130572102324737,0.347084379991301,0.7685857503875,0.67084082,0.32915918,1.7362,-0.09549314,0.66400939,-0.09549314,-0.66400939,complex,1
0.68069,0.196482,3.464393,0.130728561326117,0.347283777108222,0.76833056195,0.67077123,0.32922877,1.7358,-0.09629989,0.66382255,-0.09629989,-0.66382255,complex,1
0.681066,0.19659,3.464387,0.130885554613418,0.347483720400437,0.768074551822,0.67070159,0.32929841,1.7353,-0.09710665,0.66363463,-0.09710665,-0.66363463,complex,1
0.681441,0.196699,3.464381,0.131042247176877,0.347683146350869,0.7678190817595,0.67063187,0.32936813,1.7349,-0.09791344,0.6634456,-0.09791344,-0.6634456,complex,1
0.681816,0.196808,3.464375,0.131199056457196,0.347882586715453,0.767563471072,0.6705621,0.3294379,1.7344,-0.09872024,0.66325549,-0.09872024,-0.66325549,complex,1
0.682191,0.196916,3.464369,0.131355982515289,0.348082041505249,0.7673077197595,0.67049227,0.32950773,1.734,-0.09952705,0.66306428,-0.09952705,-0.66306428,complex,1
0.682566,0.197025,3.464363,0.131513025412143,0.348281510731325,0.767051827822,0.67042237,0.32957763,1.7335,-0.10033388,0.66287198,-0.10033388,-0.66287198,complex,1
0.682941,0.197134,3.464357,0.131670185208809,0.348480994404754,0.7667957952595,0.6703524,0.3296476,1.7331,-0.10114073,0.66267858,-0.10114073,-0.66267858,complex,1
0.683317,0.197242,3.464351,0.131827881527514,0.348681024550972,0.7665389387555,0.67028237,0.32971763,1.7326,-0.10194759,0.66248407,-0.10194759,-0.66248407,complex,1
0.683692,0.197351,3.464345,0.131985275619377,0.348880537190952,0.766282624568,0.67021229,0.32978771,1.7322,-0.10275446,0.66228848,-0.10275446,-0.66228848,complex,1
0.684067,0.19746,3.464339,0.132142786794783,0.349080064311571,0.7660261697555,0.67014214,0.32985786,1.7317,-0.10356133,0.66209179,-0.10356133,-0.66209179,complex,1
0.684442,0.197568,3.464332,0.132300415115058,0.34927960592393,0.765769574318,0.67007192,0.32992808,1.7313,-0.10436822,0.66189398,-0.10436822,-0.66189398,complex,1
0.684817,0.197677,3.464326,0.132458160641598,0.349479162039132,0.7655128382555,0.67000164,0.32999836,1.7308,-0.10517512,0.66169509,-0.10517512,-0.66169509,complex,1
0.685193,0.197786,3.46432,0.132616444560145,0.349679264876047,0.7652552763755,0.6699313,0.3300687,1.7304,-0.10598201,0.6614951,-0.10598201,-0.6614951,complex,1
0.685568,0.197894,3.464313,0.132774424996631,0.349878850069024,0.764998258688,0.6698609,0.3301391,1.7299,-0.10678893,0.66129399,-0.10678893,-0.66129399,complex,1
0.685943,0.198003,3.464307,0.13293252282414,0.350078449798229,0.7647411003755,0.66979043,0.33020957,1.7295,-0.10759584,0.66109179,-0.10759584,-0.66109179,complex,1
0.686318,0.198112,3.464301,0.133090738104344,0.350278064074789,0.764483801438,0.6697199,0.3302801,1.729,-0.10840276,0.66088848,-0.10840276,-0.66088848,complex,1
0.686693,0.19822,3.464294,0.133249070898979,0.350477692909844,0.7642263618755,0.6696493,0.3303507,1.7285,-0.10920967,0.66068407,-0.10920967,-0.66068407,complex,1
0.687069,0.198329,3.464288,0.133407943961418,0.350677868716435,0.7639680946195,0.66957865,0.33042135,1.7281,-0.11001659,0.66047855,-0.11001659,-0.66047855,complex,1
0.687444,0.198438,3.464281,0.133566512284193,0.350877526740809,0.763710373432,0.66950793,0.33049207,1.7276,-0.1108235,0.66027193,-0.1108235,-0.66027193,complex,1
0.687819,0.198546,3.464274,0.133725198307195,0.351077199357154,0.7634525116195,0.66943714,0.33056286,1.7272,-0.11163042,0.66006419,-0.11163042,-0.66006419,complex,1
0.688194,0.198655,3.464268,0.13388400209244,0.351276886576634,0.763194509182,0.66936629,0.33063371,1.7267,-0.11243733,0.65985535,-0.11243733,-0.65985535,complex,1
0.688569,0.198764,3.464261,0.134042923702011,0.351476588410416,0.7629363661195,0.66929538,0.33070462,1.7263,-0.11324424,0.6596454,-0.11324424,-0.6596454,complex,1
0.688944,0.198872,3.464254,0.134201963198063,0.351676304869677,0.762678082432,0.66922441,0.33077559,1.7258,-0.11405114,0.65943434,-0.11405114,-0.65943434,complex,1
0.68932,0.198981,3.464247,0.134361545220411,0.35187656860143,0.7624189688,0.66915337,0.33084663,1.7254,-0.11485805,0.65922217,-0.11485805,-0.65922217,complex,1
0.689695,0.19909,3.464241,0.134520820990944,0.352076314384274,0.7621604034875,0.66908227,0.33091773,1.7249,-0.11566493,0.65900889,-0.11566493,-0.65900889,complex,1
0.69007,0.199198,3.464234,0.134680214835002,0.352276074826189,0.76190169755,0.66901111,0.33098889,1.7244,-0.11647181,0.65879449,-0.11647181,-0.65879449,complex,1
0.690445,0.199307,3.464227,0.134839726815019,0.352475849938378,0.7616428509875,0.66893988,0.33106012,1.724,-0.11727868,0.65857898,-0.11727868,-0.65857898,complex,1
0.69082,0.199416,3.46422,0.134999356993498,0.352675639732047,0.7613838638,0.66886859,0.33113141,1.7235,-0.11808555,0.65836236,-0.11808555,-0.65836236,complex,1
0.691196,0.199525,3.464213,0.135159531587006,0.352875977050026,0.761124044792,0.66879723,0.33120277,1.7231,-0.11889239,0.65814461,-0.11889239,-0.65814461,complex,1
0.691571,0.199633,3.464206,0.135319398665807,0.353075796279529,0.7608647759795,0.66872581,0.33127419,1.7226,-0.11969923,0.65792575,-0.11969923,-0.65792575,complex,1
0.691946,0.199742,3.464199,0.135479384131163,0.353275630224204,0.760605366542,0.66865433,0.33134567,1.7222,-0.12050605,0.65770579,-0.12050605,-0.65770579,complex,1
0.692321,0.199851,3.464192,0.135639488045858,0.353475478895283,0.7603458164795,0.66858278,0.33141722,1.7217,-0.12131286,0.65748469,-0.12131286,-0.65748469,complex,1
0.692696,0.199959,3.464184,0.135799710472744,0.353675342304006,0.760086125792,0.66851117,0.33148883,1.7212,-0.12211964,0.65726249,-0.12211964,-0.65726249,complex,1
0.693072,0.200068,3.464177,0.135960479209328,0.353875753489769,0.759825601408,0.6684395,0.3315605,1.7208,-0.12292641,0.65703916,-0.12292641,-0.65703916,complex,1
0.693447,0.200177,3.46417,0.136120939165889,0.354075646446902,0.7595656290955,0.66836776,0.33163224,1.7203,-0.12373316,0.65681471,-0.12373316,-0.65681471,complex,1
0.693822,0.200286,3.464163,0.136281517823791,0.354275554175468,0.759305516158,0.66829596,0.33170404,1.7199,-0.12453989,0.65658914,-0.12453989,-0.65658914,complex,1
0.694197,0.200394,3.464155,0.136442215246168,0.354475476686733,0.7590452625955,0.6682241,0.3317759,1.7194,-0.1253466,0.65636246,-0.1253466,-0.65636246,complex,1
0.694572,0.200503,3.464148,0.136603031496227,0.354675413991969,0.758784868408,0.66815216,0.33184784,1.7189,-0.12615329,0.65613463,-0.12615329,-0.65613463,complex,1
0.694947,0.200612,3.46414,0.136763966637244,0.354875366102455,0.7585243335955,0.66808019,0.33191981,1.7185,-0.12695994,0.65590573,-0.12695994,-0.65590573,complex,1
0.695323,0.200721,3.464133,0.136925450369239,0.355075866294434,0.7582629628355,0.66800812,0.33199188,1.718,-0.12776658,0.65567564,-0.12776658,-0.65567564,complex,1
0.695698,0.200829,3.464125,0.137086623799749,0.35527584808884,0.758002146398,0.66793599,0.33206401,1.7176,-0.12857319,0.65544445,-0.12857319,-0.65544445,complex,1
0.696073,0.200938,3.464118,0.137247916311642,0.355475844722402,0.7577411893355,0.66786384,0.33213616,1.7171,-0.12937976,0.65521217,-0.12937976,-0.65521217,complex,1
0.696448,0.201047,3.46411,0.137409327968477,0.355675856206425,0.757480091648,0.66779156,0.33220844,1.7166,-0.13018631,0.65497869,-0.13018631,-0.65497869,complex,1
0.696823,0.201156,3.464102,0.137570858833887,0.355875882552222,0.7572188533355,0.6677193,0.3322807,1.7162,-0.13099281,0.65474418,-0.13099281,-0.65474418,complex,1
0.697199,0.201264,3.464095,0.137732940198117,0.356076457234254,0.7569567771995,0.66764689,0.33235311,1.7157,-0.13179931,0.65450845,-0.13179931,-0.65450845,complex,1
0.697574,0.201373,3.464087,0.13789470999017,0.356276513377266,0.756695257262,0.6675744,0.3324256,1.7153,-0.1326058,0.65427156,-0.1326058,-0.65427156,complex,1
0.697949,0.201482,3.464079,0.13805659918229,0.356476584416056,0.7564335966995,0.66750187,0.33249813,1.7148,-0.13341223,0.65403358,-0.13341223,-0.65403358,complex,1
0.698324,0.201591,3.464071,0.138218607838395,0.356676670361963,0.756171795512,0.66742929,0.33257071,1.7143,-0.13421862,0.65379448,-0.13421862,-0.65379448,complex,1
0.698699,0.201699,3.464063,0.138380736022473,0.356876771226331,0.7559098536995,0.66735675,0.33264325,1.7139,-0.13502492,0.65355436,-0.13502492,-0.65355436,complex,1
0.699075,0.201808,3.464055,0.138543416619262,0.357077420682598,0.7556470721875,0.66728402,0.33271598,1.7134,-0.13583125,0.65331296,-0.13583125,-0.65331296,complex,1
0.69945,0.201917,3.464047,0.138705784370712,0.357277551457808,0.75538484875,0.6672113,0.3327887,1.713,-0.1366375,0.65307052,-0.1366375,-0.65307052,complex,1
0.699825,0.202026,3.464039,0.138868271842705,0.357477697185582,0.7551224846875,0.66713842,0.33286158,1.7125,-0.13744375,0.65282684,-0.13744375,-0.65282684,complex,1
0.7002,0.202134,3.464031,0.139030879099517,0.357677857877294,0.75485998,0.66706557,0.33293443,1.712,-0.13824992,0.65258213,-0.13824992,-0.65258213,complex,1
0.700575,0.202243,3.464023,0.139193606205498,0.35787803354432,0.7545973346875,0.66699258,0.33300742,1.7116,-0.1390561,0.65233619,-0.1390561,-0.65233619,complex,1
0.70095,0.202352,3.464015,0.139356453225068,0.358078224198046,0.75433454875,0.66691954,0.33308046,1.7111,-0.13986221,0.65208913,-0.13986221,-0.65208913,complex,1
0.701326,0.202461,3.464007,0.139519854961835,0.358278963751662,0.754070920862,0.66684647,0.33315353,1.7106,-0.14066826,0.65184098,-0.14066826,-0.65184098,complex,1
0.701701,0.20257,3.463998,0.139682942322335,0.358479184453007,0.7538078532995,0.66677332,0.33322668,1.7102,-0.14147428,0.65159166,-0.14147428,-0.65159166,complex,1
0.702076,0.202678,3.46399,0.139846149790292,0.358679420175276,0.753544645112,0.66670011,0.33329989,1.7097,-0.14228024,0.6513412,-0.14228024,-0.6513412,complex,1
0.702451,0.202787,3.463982,0.140009477430417,0.35887967092988,0.7532812962995,0.66662683,0.33337317,1.7093,-0.14308616,0.65108961,-0.14308616,-0.65108961,complex,1
0.702826,0.202896,3.463973,0.140172925307492,0.359079936728237,0.753017806862,0.66655348,0.33344652,1.7088,-0.14389202,0.65083687,-0.14389202,-0.65083687,complex,1
0.703202,0.203005,3.463965,0.140336929829072,0.359280751684185,0.752753473598,0.66648008,0.33351992,1.7083,-0.14469784,0.65058299,-0.14469784,-0.65058299,complex,1
0.703577,0.203114,3.463956,0.140500618695754,0.359481047644522,0.7524897025355,0.6664066,0.3335934,1.7079,-0.1455036,0.65032797,-0.1455036,-0.65032797,complex,1
0.703952,0.203222,3.463948,0.140664427994345,0.359681358682937,0.752225790848,0.66633307,0.33366693,1.7074,-0.14630931,0.6500718,-0.14630931,-0.6500718,complex,1
0.704327,0.203331,3.463939,0.140828357789919,0.359881684810874,0.7519617385355,0.66625947,0.33374053,1.7069,-0.14711496,0.64981449,-0.14711496,-0.64981449,complex,1
0.704702,0.20344,3.463931,0.140992408147625,0.360082026039786,0.751697545598,0.6661858,0.3338142,1.7065,-0.14792055,0.64955603,-0.14792055,-0.64955603,complex,1
0.705078,0.203549,3.463922,0.141157017083299,0.360282916684921,0.751432506958,0.66611207,0.33388793,1.706,-0.14872609,0.64929642,-0.14872609,-0.64929642,complex,1
0.705453,0.203658,3.463913,0.141321309082936,0.360483288190509,0.7511680323955,0.66603827,0.33396173,1.7055,-0.14953157,0.64903566,-0.14953157,-0.64903566,complex,1
0.705828,0.203767,3.463904,0.141485721840758,0.360683674831497,0.750903417208,0.66596442,0.33403558,1.7051,-0.15033698,0.64877377,-0.15033698,-0.64877377,complex,1
0.706203,0.203875,3.463896,0.141650255422208,0.360884076619364,0.7506386613955,0.66589049,0.33410951,1.7046,-0.15114234,0.6485107,-0.15114234,-0.6485107,complex,1
0.706578,0.203984,3.463887,0.141814909892799,0.361084493565596,0.750373764958,0.66581649,0.33418351,1.7041,-0.15194763,0.6482465,-0.15194763,-0.6482465,complex,1
0.706953,0.204093,3.463878,0.141979685318117,0.361284925681684,0.7501087278955,0.66574244,0.33425756,1.7037,-0.15275286,0.64798114,-0.15275286,-0.64798114,complex,1
0.707329,0.204202,3.463869,0.14214502164953,0.36148590752556,0.7498428428795,0.66566832,0.33433168,1.7032,-0.15355802,0.64771463,-0.15355802,-0.64771463,complex,1
0.707704,0.204311,3.46386,0.142310039504346,0.361686370056395,0.749577524192,0.66559413,0.33440587,1.7027,-0.15436312,0.64744697,-0.15436312,-0.64744697,complex,1
0.708079,0.20442,3.463851,0.142475178511271,0.361886847791635,0.7493120648795,0.66551988,0.33448012,1.7023,-0.15516815,0.64717815,-0.15516815,-0.64717815,complex,1
0.708454,0.204528,3.463842,0.142640438736187,0.362087340742799,0.749046464942,0.66544557,0.33455443,1.7018,-0.1559731,0.64690818,-0.1559731,-0.64690818,complex,1
0.708829,0.204637,3.463833,0.142805820245052,0.362287848921413,0.7487807243795,0.66537119,0.33462881,1.7013,-0.15677799,0.64663706,-0.15677799,-0.64663706,complex,1
0.709205,0.204746,3.463823,0.142971764607142,0.362488907088508,0.7485141339875,0.66529674,0.33470326,1.7009,-0.15758281,0.64636477,-0.15758281,-0.64636477,complex,1
0.70958,0.204855,3.463814,0.143137389205933,0.362689445797312,0.7482481118,0.66522223,0.33477777,1.7004,-0.15838755,0.64609132,-0.15838755,-0.64609132,complex,1
0.709955,0.204964,3.463805,0.143303135287165,0.362889999768218,0.7479819489875,0.66514765,0.33485235,1.6999,-0.15919223,0.64581672,-0.15919223,-0.64581672,complex,1
0.71033,0.205073,3.463795,0.14346900291709,0.363090569012778,0.74771564555,0.66507301,0.33492699,1.6995,-0.15999681,0.64554096,-0.15999681,-0.64554096,complex,1
0.710705,0.205182,3.463786,0.143634992162036,0.363291153542554,0.7474492014875,0.6649983,0.3350017,1.699,-0.16080132,0.64526404,-0.16080132,-0.64526404,complex,1
0.711081,0.205291,3.463777,0.143801546213612,0.363492288322443,0.7471819057195,0.66492353,0.33507647,1.6985,-0.16160577,0.64498595,-0.16160577,-0.64498595,complex,1
0.711456,0.205399,3.463767,0.143967779212636,0.363692903498195,0.746915180032,0.66484869,0.33515131,1.6981,-0.16241012,0.64470671,-0.16241012,-0.64470671,complex,1
0.711831,0.205508,3.463758,0.144134134026292,0.363893533993916,0.7466483137195,0.66477379,0.33522621,1.6976,-0.16321439,0.6444263,-0.16321439,-0.6444263,complex,1
0.712206,0.205617,3.463748,0.144300610721208,0.364094179821193,0.746381306782,0.66469882,0.33530118,1.6971,-0.16401859,0.64414473,-0.16401859,-0.64414473,complex,1
0.712581,0.205726,3.463738,0.144467209364085,0.364294840991622,0.7461141592195,0.66462379,0.33537621,1.6967,-0.16482269,0.643862,-0.16482269,-0.643862,complex,1
0.712956,0.205835,3.463729,0.144633930021701,0.364495517516805,0.745846871032,0.66454869,0.33545131,1.6962,-0.16562672,0.64357809,-0.16562672,-0.64357809,complex,1
0.713332,0.205944,3.463719,0.144801217838148,0.36469674460728,0.745578728888,0.66447353,0.33552647,1.6957,-0.16643065,0.64329302,-0.16643065,-0.64329302,complex,1
0.713707,0.206053,3.463709,0.144968183051692,0.364897451917826,0.7453111590755,0.6643983,0.3356017,1.6953,-0.1672345,0.64300678,-0.1672345,-0.64300678,complex,1
0.714082,0.206162,3.463699,0.145135270480935,0.365098174618003,0.745043448638,0.664323,0.335677,1.6948,-0.16803826,0.64271937,-0.16803826,-0.64271937,complex,1
0.714457,0.206271,3.46369,0.145302480192957,0.365298912719441,0.7447755975755,0.66424764,0.33575236,1.6943,-0.16884193,0.6424308,-0.16884193,-0.6424308,complex,1
0.714832,0.206379,3.46368,0.145469812254911,0.365499666233777,0.744507605888,0.66417222,0.33582778,1.6939,-0.16964551,0.64214105,-0.16964551,-0.64214105,complex,1
0.715208,0.206488,3.46367,0.145637713443022,0.365700970577121,0.744238758368,0.66409672,0.33590328,1.6934,-0.170449,0.64185013,-0.170449,-0.64185013,complex,1
0.715583,0.206597,3.46366,0.145805290733319,0.365901754993367,0.7439704850555,0.66402116,0.33597884,1.6929,-0.17125239,0.64155804,-0.17125239,-0.64155804,complex,1
0.715958,0.206706,3.46365,0.145972990575642,0.366102554857493,0.743702071118,0.66394554,0.33605446,1.6924,-0.17205568,0.64126478,-0.17205568,-0.64126478,complex,1
0.716333,0.206815,3.463639,0.146140813037448,0.366303370181163,0.7434335165555,0.66386988,0.33613012,1.692,-0.17285884,0.64097039,-0.17285884,-0.64097039,complex,1
0.716708,0.206924,3.463629,0.146308758186271,0.366504200976048,0.743164821368,0.66379409,0.33620591,1.6915,-0.17366197,0.64067473,-0.17366197,-0.64067473,complex,1
0.717084,0.207033,3.463619,0.146477274434964,0.36670558286461,0.742895268472,0.66371824,0.33628176,1.691,-0.174465,0.64037791,-0.174465,-0.64037791,complex,1
0.717459,0.207142,3.463609,0.146645465488337,0.366906444678302,0.7426262916595,0.66364241,0.33635759,1.6906,-0.17526786,0.64008001,-0.17526786,-0.64008001,complex,1
0.717834,0.207251,3.463598,0.146813779431962,0.367107321998297,0.742357174222,0.66356646,0.33643354,1.6901,-0.17607065,0.63978088,-0.17607065,-0.63978088,complex,1
0.718209,0.20736,3.463588,0.146982216333676,0.367308214836294,0.7420879161595,0.6634904,0.3365096,1.6896,-0.17687335,0.63948051,-0.17687335,-0.63948051,complex,1
0.718584,0.207469,3.463578,0.147150776261393,0.367509123203999,0.741818517472,0.66341433,0.33658567,1.6891,-0.17767594,0.63917903,-0.17767594,-0.63917903,complex,1
0.718959,0.207578,3.463567,0.147319459283103,0.367710047113125,0.7415489781595,0.66333818,0.33666182,1.6887,-0.17847842,0.63887635,-0.17847842,-0.63887635,complex,1
0.719335,0.207687,3.463557,0.147488715781411,0.367911522434764,0.7412785788875,0.66326191,0.33673809,1.6882,-0.17928084,0.63857242,-0.17928084,-0.63857242,complex,1
0.71971,0.207796,3.463546,0.14765764552409,0.368112477503425,0.74100875795,0.66318566,0.33681434,1.6877,-0.18008305,0.63826743,-0.18008305,-0.63826743,complex,1
0.720085,0.207905,3.463536,0.147826698565376,0.368313448148721,0.7407387963875,0.66310939,0.33689061,1.6872,-0.18088516,0.6379613,-0.18088516,-0.6379613,complex,1
0.72046,0.208014,3.463525,0.147995874973565,0.368514434382395,0.7404686942,0.66303294,0.33696706,1.6868,-0.18168722,0.63765386,-0.18168722,-0.63765386,complex,1
0.720835,0.208123,3.463514,0.148165174817033,0.368715436216195,0.7401984513875,0.6629564,0.3370436,1.6863,-0.18248918,0.63734519,-0.18248918,-0.63734519,complex,1
0.721211,0.208232,3.463503,0.148335050124995,0.36891698972928,0.7399273467395,0.6628799,0.3371201,1.6858,-0.18329097,0.63703547,-0.18329097,-0.63703547,complex,1
0.721586,0.208341,3.463493,0.148504597374069,0.369118022840285,0.739656822302,0.66280333,0.33719667,1.6854,-0.18409263,0.63672455,-0.18409263,-0.63672455,complex,1
0.721961,0.208449,3.463482,0.148674268264191,0.369319071586737,0.7393861572395,0.6627266,0.3372734,1.6849,-0.18489425,0.63641233,-0.18489425,-0.63641233,complex,1
0.722336,0.208558,3.463471,0.148844062864045,0.369520135980412,0.739115351552,0.66264985,0.33735015,1.6844,-0.18569571,0.63609899,-0.18569571,-0.63609899,complex,1
0.722711,0.208667,3.46346,0.14901398124239,0.369721216033094,0.7388444052395,0.66257303,0.33742697,1.6839,-0.18649705,0.63578446,-0.18649705,-0.63578446,complex,1
0.723087,0.208776,3.463449,0.149184477079633,0.369922848032799,0.7385725952155,0.66249616,0.33750384,1.6835,-0.18729826,0.63546874,-0.18729826,-0.63546874,complex,1
0.723462,0.208885,3.463438,0.149354643552092,0.370123959480714,0.738301367278,0.66241922,0.33758078,1.683,-0.18809936,0.63515183,-0.18809936,-0.63515183,complex,1
0.723837,0.208994,3.463427,0.149524934009976,0.370325086623064,0.7380299987155,0.66234221,0.33765779,1.6825,-0.18890033,0.63483373,-0.18890033,-0.63483373,complex,1
0.724212,0.209103,3.463416,0.149695348522357,0.370526229471661,0.737758489528,0.66226513,0.33773487,1.682,-0.18970117,0.63451443,-0.18970117,-0.63451443,complex,1
0.724587,0.209212,3.463404,0.149865887158384,0.370727388038325,0.7374868397155,0.66218798,0.33781202,1.6816,-0.19050189,0.63419394,-0.19050189,-0.63419394,complex,1
0.724962,0.209321,3.463393,0.150036549987286,0.370928562334884,0.737215049278,0.66211078,0.33788922,1.6811,-0.19130247,0.63387226,-0.19130247,-0.63387226,complex,1
0.725338,0.20943,3.463382,0.150207792676798,0.371130288900997,0.736942392878,0.6620335,0.3379665,1.6806,-0.19210293,0.63354938,-0.19210293,-0.63354938,complex,1
0.725713,0.209539,3.46337,0.150378704431088,0.37133149473488,0.7366703208155,0.66195616,0.33804384,1.6801,-0.19290326,0.63322531,-0.19290326,-0.63322531,complex,1
0.726088,0.209649,3.463359,0.150549740586592,0.371532716334214,0.736398108128,0.66187874,0.33812126,1.6797,-0.19370345,0.63290002,-0.19370345,-0.63290002,complex,1
0.726463,0.209758,3.463348,0.150720901212849,0.371733953710855,0.7361257548155,0.66180127,0.33819873,1.6792,-0.19450351,0.63257356,-0.19450351,-0.63257356,complex,1
0.726838,0.209867,3.463336,0.15089218637948,0.371935206876665,0.735853260878,0.66172372,0.33827628,1.6787,-0.19530343,0.63224588,-0.19530343,-0.63224588,complex,1
0.727214,0.209976,3.463324,0.151064053415572,0.372137012581895,0.735579899102,0.66164612,0.33835388,1.6782,-0.19610321,0.63191702,-0.19610321,-0.63191702,complex,1
0.727589,0.210085,3.463313,0.151235588204696,0.372338297403846,0.7353071235395,0.66156845,0.33843155,1.6777,-0.19690287,0.63158695,-0.19690287,-0.63158695,complex,1
0.727964,0.210194,3.463301,0.151407247743711,0.372539598050631,0.735034207352,0.66149069,0.33850931,1.6773,-0.19770237,0.63125566,-0.19770237,-0.63125566,complex,1
0.728339,0.210303,3.463289,0.151579032102551,0.372740914534142,0.7347611505395,0.66141289,0.33858711,1.6768,-0.19850174,0.63092319,-0.19850174,-0.63092319,complex,1
0.728714,0.210412,3.463278,0.151750941351231,0.372942246866278,0.734487953102,0.66133501,0.33866499,1.6763,-0.19930097,0.63058951,-0.19930097,-0.63058951,complex,1
0.72909,0.210521,3.463266,0.151923434484854,0.373144132008673,0.73421388595,0.66125707,0.33874293,1.6758,-0.20010004,0.63025461,-0.20010004,-0.63025461,complex,1
0.729465,0.21063,3.463254,0.152095594057079,0.373345496116129,0.7339404068875,0.66117906,0.33882094,1.6754,-0.20089897,0.62991853,-0.20089897,-0.62991853,complex,1
0.72984,0.210739,3.463242,0.152267878729847,0.373546876107982,0.7336667872,0.66110098,0.33889902,1.6749,-0.20169776,0.62958123,-0.20169776,-0.62958123,complex,1
0.730215,0.210848,3.46323,0.152440288573491,0.373748271996162,0.7333930268875,0.66102284,0.33897716,1.6744,-0.20249641,0.62924272,-0.20249641,-0.62924272,complex,1
0.73059,0.210957,3.463218,0.152612823658419,0.373949683792605,0.73311912595,0.66094463,0.33905537,1.6739,-0.20329489,0.628903,-0.20329489,-0.628903,complex,1
0.730965,0.211066,3.463206,0.152785484055124,0.374151111509252,0.7328450843875,0.66086635,0.33913365,1.6734,-0.20409323,0.62856208,-0.20409323,-0.62856208,complex,1
0.731341,0.211175,3.463194,0.152958730763936,0.374353092362429,0.7325701708595,0.660788,0.339212,1.673,-0.20489141,0.62821994,-0.20489141,-0.62821994,complex,1
0.731716,0.211284,3.463182,0.153131642330617,0.374554551997878,0.732295847672,0.66070959,0.33929041,1.6725,-0.20568944,0.6278766,-0.20568944,-0.6278766,complex,1
0.732091,0.211393,3.463169,0.15330467942121,0.374756027589438,0.7320213838595,0.66063111,0.33936889,1.672,-0.20648732,0.62753203,-0.20648732,-0.62753203,complex,1
0.732466,0.211502,3.463157,0.153477842106527,0.374957519149079,0.731746779422,0.66055256,0.33944744,1.6715,-0.20728504,0.62718626,-0.20728504,-0.62718626,complex,1
0.732841,0.211612,3.463145,0.153651130457457,0.375159026688781,0.7314720343595,0.66047395,0.33952605,1.671,-0.2080826,0.62683928,-0.2080826,-0.62683928,complex,1
0.733217,0.211721,3.463132,0.153825007150696,0.375361087638007,0.7311964154555,0.66039528,0.33960472,1.6706,-0.20888,0.62649108,-0.20888,-0.62649108,complex,1
0.733592,0.21183,3.46312,0.153998547381425,0.375562627216494,0.730921388768,0.66031653,0.33968347,1.6701,-0.20967724,0.62614165,-0.20967724,-0.62614165,complex,1
0.733967,0.211939,3.463107,0.154172213491107,0.375764182811058,0.7306462214555,0.66023771,0.33976229,1.6696,-0.21047431,0.62579101,-0.21047431,-0.62579101,complex,1
0.734342,0.212048,3.463095,0.154346005550955,0.375965754433706,0.730370913518,0.66015883,0.33984117,1.6691,-0.21127122,0.62543917,-0.21127122,-0.62543917,complex,1
0.734717,0.212157,3.463082,0.15451992363226,0.376167342096457,0.7300954649555,0.66007988,0.33992012,1.6686,-0.21206797,0.62508609,-0.21206797,-0.62508609,complex,1
0.735093,0.212266,3.46307,0.154694432092829,0.376369483442709,0.7298191406755,0.66000086,0.33999914,1.6682,-0.21286455,0.6247318,-0.21286455,-0.6247318,complex,1
0.735468,0.212375,3.463057,0.154868602767781,0.376571103264596,0.729543410488,0.65992178,0.34007822,1.6677,-0.21366096,0.62437629,-0.21366096,-0.62437629,complex,1
0.735843,0.212484,3.463044,0.155042899678743,0.376772739162709,0.7292675396755,0.65984263,0.34015737,1.6672,-0.2144572,0.62401956,-0.2144572,-0.62401956,complex,1
0.736218,0.212594,3.463031,0.155217322897329,0.376974391149096,0.728991528238,0.65976341,0.34023659,1.6667,-0.21525326,0.6236616,-0.21525326,-0.6236616,complex,1
0.736593,0.212703,3.463018,0.155391872495237,0.37717605923581,0.7287153761755,0.65968413,0.34031587,1.6662,-0.21604916,0.62330242,-0.21604916,-0.62330242,complex,1
0.736968,0.212812,3.463006,0.155566548544244,0.377377743434912,0.728439083488,0.65960476,0.34039524,1.6658,-0.21684488,0.622942,-0.21684488,-0.622942,complex,1
0.737344,0.212921,3.462993,0.155741817425613,0.377579981647566,0.728161912832,0.65952535,0.34047465,1.6653,-0.21764042,0.62258039,-0.21764042,-0.62258039,complex,1
0.737719,0.21303,3.462979,0.155916746930161,0.377781698150703,0.7278853385195,0.65944586,0.34055414,1.6648,-0.21843579,0.62221752,-0.21843579,-0.62221752,complex,1
0.738094,0.213139,3.462966,0.156091803101823,0.377983430802486,0.727608623582,0.6593663,0.3406337,1.6643,-0.21923098,0.62185343,-0.21923098,-0.62185343,complex,1
0.738469,0.213248,3.462953,0.156266986012703,0.378185179615008,0.7273317680195,0.65928671,0.34071329,1.6638,-0.22002597,0.62148816,-0.22002597,-0.62148816,complex,1
0.738844,0.213358,3.46294,0.156442295734986,0.378386944600366,0.727054771832,0.65920702,0.34079298,1.6633,-0.22082079,0.62112163,-0.22082079,-0.62112163,complex,1
0.73922,0.213467,3.462927,0.156618200341584,0.378589263875434,0.7267768958,0.65912722,0.34087278,1.6629,-0.22161546,0.6207538,-0.22161546,-0.6207538,complex,1
0.739595,0.213576,3.462914,0.156793764242206,0.378791061285997,0.7264996179875,0.65904738,0.34095262,1.6624,-0.22240995,0.62038477,-0.22240995,-0.62038477,complex,1
0.73997,0.213685,3.4629,0.156969455171473,0.378992874905768,0.72622219955,0.65896748,0.34103252,1.6619,-0.22320419,0.62001454,-0.22320419,-0.62001454,complex,1
0.740345,0.213794,3.462887,0.1571452732019,0.379194704746875,0.7259446404875,0.65888757,0.34111243,1.6614,-0.22399825,0.61964313,-0.22399825,-0.61964313,complex,1
0.74072,0.213903,3.462873,0.157321218406083,0.379396550821454,0.7256669408,0.65880748,0.34119252,1.6609,-0.22479218,0.61927036,-0.22479218,-0.61927036,complex,1
0.741096,0.214013,3.46286,0.157497760553414,0.379598951462898,0.725388359392,0.65872744,0.34127256,1.6604,-0.22558585,0.61889649,-0.22558585,-0.61889649,complex,1
0.741471,0.214122,3.462846,0.157673960662841,0.379800830084229,0.7251103780795,0.65864731,0.34135269,1.66,-0.22637933,0.61852136,-0.22637933,-0.61852136,complex,1
0.741846,0.214231,3.462833,0.157850288164501,0.380002724975516,0.724832256142,0.65856704,0.34143296,1.6595,-0.22717267,0.6181449,-0.22717267,-0.6181449,complex,1
0.742221,0.21434,3.462819,0.15802674313132,0.380204636148926,0.7245539935795,0.65848674,0.34151326,1.659,-0.22796579,0.61776726,-0.22796579,-0.61776726,complex,1
0.742596,0.214449,3.462805,0.158203325636308,0.380406563616631,0.724275590392,0.65840627,0.34159373,1.6585,-0.22875877,0.61738825,-0.22875877,-0.61738825,complex,1
0.742971,0.214559,3.462791,0.158380035752556,0.380608507390814,0.7239970465795,0.65832587,0.34167413,1.658,-0.22955147,0.61700817,-0.22955147,-0.61700817,complex,1
0.743347,0.214668,3.462778,0.158557345291474,0.380811006065737,0.7237176187955,0.65824537,0.34175463,1.6575,-0.23034402,0.6166268,-0.23034402,-0.6166268,complex,1
0.743722,0.214777,3.462764,0.158734311190636,0.381012982533013,0.723438793358,0.65816486,0.34183514,1.6571,-0.23113627,0.61624427,-0.23113627,-0.61624427,complex,1
0.744097,0.214886,3.46275,0.158911404921028,0.381214975343387,0.7231598272955,0.65808418,0.34191582,1.6566,-0.23192843,0.61586037,-0.23192843,-0.61586037,complex,1
0.744472,0.214995,3.462736,0.159088626556076,0.38141698450907,0.722880720608,0.65800347,0.34199653,1.6561,-0.23272035,0.61547527,-0.23272035,-0.61547527,complex,1
0.744847,0.215105,3.462722,0.159265976169286,0.381619010042282,0.7226014732955,0.65792269,0.34207731,1.6556,-0.23351206,0.61508892,-0.23351206,-0.61508892,complex,1
0.745223,0.215214,3.462708,0.159443927279281,0.381821590755593,0.7223213401355,0.65784185,0.34215815,1.6551,-0.23430356,0.61470134,-0.23430356,-0.61470134,complex,1
0.745598,0.215323,3.462693,0.159621533411443,0.382023649104279,0.722041811198,0.65776093,0.34223907,1.6546,-0.23509485,0.6143125,-0.23509485,-0.6143125,complex,1
0.745973,0.215432,3.462679,0.15979926774299,0.382225723857228,0.7217621416355,0.65767995,0.34232005,1.6541,-0.23588594,0.61392242,-0.23588594,-0.61392242,complex,1
0.746348,0.215542,3.462665,0.159977130347766,0.382427815026692,0.721482331448,0.6575989,0.3424011,1.6537,-0.23667681,0.61353109,-0.23667681,-0.61353109,complex,1
0.746723,0.215651,3.462651,0.160155121299697,0.382629922624926,0.7212023806355,0.65751778,0.34248222,1.6532,-0.23746747,0.61313851,-0.23746747,-0.61313851,complex,1
0.747099,0.21576,3.462636,0.160333715829541,0.382832585683626,0.7209215420995,0.65743658,0.34256342,1.6527,-0.23825791,0.61274467,-0.23825791,-0.61274467,complex,1
0.747474,0.215869,3.462622,0.160511964040653,0.383034726220097,0.720641309662,0.65735533,0.34264467,1.6522,-0.23904814,0.61234959,-0.23904814,-0.61234959,complex,1
0.747849,0.215979,3.462607,0.160690340821404,0.383236883222189,0.7203609365995,0.65727401,0.34272599,1.6517,-0.23983814,0.61195326,-0.23983814,-0.61195326,complex,1
0.748224,0.216088,3.462593,0.160868846246057,0.383439056702192,0.720080422912,0.65719262,0.34280738,1.6512,-0.24062793,0.61155567,-0.24062793,-0.61155567,complex,1
0.748599,0.216197,3.462578,0.161047480388961,0.383641246672399,0.7197997685995,0.65711115,0.34288885,1.6507,-0.24141749,0.61115682,-0.24141749,-0.61115682,complex,1
0.748974,0.216306,3.462563,0.161226243324549,0.383843453145116,0.719518973662,0.65702962,0.34297038,1.6502,-0.24220684,0.61075672,-0.24220684,-0.61075672,complex,1
0.74935,0.216416,3.462549,0.161405612344493,0.384046215416042,0.71923728875,0.65694803,0.34305197,1.6498,-0.24299595,0.61035537,-0.24299595,-0.61035537,complex,1
0.749725,0.216525,3.462534,0.16158463343303,0.384248454974806,0.7189562121875,0.65686635,0.34313365,1.6493,-0.24378485,0.60995274,-0.24378485,-0.60995274,complex,1
0.7501,0.216634,3.462519,0.161763783538257,0.384450711073068,0.718674995,0.65678462,0.34321538,1.6488,-0.24457352,0.60954887,-0.24457352,-0.60954887,complex,1
0.750475,0.216743,3.462504,0.161943062734946,0.384652983723163,0.7183936371875,0.65670281,0.34329719,1.6483,-0.24536195,0.60914374,-0.24536195,-0.60914374,complex,1
0.75085,0.216853,3.462489,0.162122471097956,0.384855272937432,0.71811213875,0.65662093,0.34337907,1.6478,-0.24615016,0.60873734,-0.24615016,-0.60873734,complex,1
0.751226,0.216962,3.462474,0.162302487642021,0.385058118232507,0.717829748462,0.656539,0.343461,1.6473,-0.24693813,0.6083297,-0.24693813,-0.6083297,complex,1
0.751601,0.217071,3.462459,0.162482154907528,0.385260440656438,0.7175479683995,0.65645699,0.34354301,1.6468,-0.24772587,0.60792078,-0.24772587,-0.60792078,complex,1
0.751976,0.217181,3.462444,0.16266195156464,0.385462779681649,0.717266047712,0.6563749,0.3436251,1.6463,-0.24851337,0.60751059,-0.24851337,-0.60751059,complex,1
0.752351,0.21729,3.462429,0.162841877688556,0.385665135320514,0.7169839863995,0.65629276,0.34370724,1.6459,-0.24930063,0.60709915,-0.24930063,-0.60709915,complex,1
0.752726,0.217399,3.462414,0.163021933354561,0.385867507585414,0.716701784462,0.65621054,0.34378946,1.6454,-0.25008766,0.60668644,-0.25008766,-0.60668644,complex,1
0.753102,0.217509,3.462398,0.163202599305466,0.386070436214735,0.716418688798,0.65612826,0.34387174,1.6449,-0.25087445,0.60627246,-0.25087445,-0.60627246,complex,1
0.753477,0.217618,3.462383,0.163382914627796,0.386272841813299,0.7161362052355,0.65604589,0.34395411,1.6444,-0.25166099,0.60585721,-0.25166099,-0.60585721,complex,1
0.753852,0.217727,3.462368,0.163563359718786,0.386475264075122,0.715853581048,0.65596347,0.34403653,1.6439,-0.2524473,0.6054407,-0.2524473,-0.6054407,complex,1
0.754227,0.217837,3.462352,0.163743934654066,0.386677703012615,0.7155708162355,0.65588098,0.34411902,1.6434,-0.25323335,0.60502292,-0.25323335,-0.60502292,complex,1
0.754602,0.217946,3.462337,0.16392463950935,0.386880158638199,0.715287910798,0.65579843,0.34420157,1.6429,-0.25401916,0.60460387,-0.25401916,-0.60460387,complex,1
0.754977,0.218055,3.462321,0.16410547436044,0.387082630964302,0.7150048647355,0.65571579,0.34428421,1.6424,-0.25480472,0.60418354,-0.25480472,-0.60418354,complex,1
0.755353,0.218165,3.462306,0.16428692203031,0.387285659996485,0.7147209226955,0.65563309,0.34436691,1.6419,-0.25559004,0.60376194,-0.25559004,-0.60376194,complex,1
0.755728,0.218274,3.46229,0.164468017447924,0.38748816580556,0.714437595008,0.65555032,0.34444968,1.6414,-0.25637509,0.60333907,-0.25637509,-0.60333907,complex,1
0.756103,0.218383,3.462274,0.164649243089469,0.387690688352519,0.7141541266955,0.65546748,0.34453252,1.6409,-0.2571599,0.60291493,-0.2571599,-0.60291493,complex,1
0.756478,0.218493,3.462258,0.164830599031095,0.387893227649821,0.713870517758,0.65538457,0.34461543,1.6405,-0.25794445,0.6024895,-0.25794445,-0.6024895,complex,1
0.756853,0.218602,3.462243,0.165012085349035,0.388095783709934,0.7135867681955,0.6553016,0.3446984,1.64,-0.25872876,0.6020628,-0.25872876,-0.6020628,complex,1
0.757229,0.218711,3.462227,0.165194186605469,0.388298896761999,0.7133021207795,0.65521856,0.34478144,1.6395,-0.25951278,0.60163483,-0.25951278,-0.60163483,complex,1
0.757604,0.218821,3.462211,0.165375934253271,0.388501486429953,0.713018089592,0.65513543,0.34486457,1.639,-0.26029657,0.60120557,-0.26029657,-0.60120557,complex,1
0.757979,0.21893,3.462195,0.165557812506818,0.388704092898201,0.7127339177795,0.65505225,0.34494775,1.6385,-0.26108009,0.60077503,-0.26108009,-0.60077503,complex,1
0.758354,0.21904,3.462179,0.165739821442695,0.388906716179243,0.712449605342,0.65496899,0.34503101,1.638,-0.26186334,0.60034321,-0.26186334,-0.60034321,complex,1
0.758729,0.219149,3.462162,0.165921961137573,0.389109356285586,0.7121651522795,0.65488567,0.34511433,1.6375,-0.26264634,0.59991012,-0.26264634,-0.59991012,complex,1
0.759105,0.219258,3.462146,0.166104717897939,0.389312553670784,0.7118797994875,0.65480228,0.34519772,1.637,-0.26342906,0.59947573,-0.26342906,-0.59947573,complex,1
0.75948,0.219368,3.46213,0.166287119690385,0.389515227510233,0.7115950648,0.65471881,0.34528119,1.6365,-0.26421152,0.59904006,-0.26421152,-0.59904006,complex,1
0.759855,0.219477,3.462114,0.166469652472575,0.389717918212586,0.7113101894875,0.65463529,0.34536471,1.636,-0.26499371,0.59860312,-0.26499371,-0.59860312,complex,1
0.76023,0.219587,3.462097,0.166652316321531,0.389920625790382,0.71102517355,0.65455168,0.34544832,1.6355,-0.26577562,0.59816488,-0.26577562,-0.59816488,complex,1
0.760605,0.219696,3.462081,0.166835111314366,0.390123350256168,0.7107400169875,0.65446798,0.34553202,1.635,-0.2665573,0.59772531,-0.2665573,-0.59772531,complex,1
0.76098,0.219805,3.462064,0.167018037528275,0.390326091622499,0.7104547198,0.65438433,0.34561567,1.6345,-0.26733862,0.59728461,-0.26733862,-0.59728461,complex,1
0.761356,0.219915,3.462048,0.167201583369513,0.390529390613306,0.710168520632,0.65430052,0.34569948,1.6341,-0.26811969,0.59684253,-0.26811969,-0.59684253,complex,1
0.761731,0.220024,3.462031,0.16738477260796,0.390732165863577,0.7098829418195,0.65421661,0.34578339,1.6336,-0.26890054,0.59639908,-0.26890054,-0.59639908,complex,1
0.762106,0.220134,3.462015,0.167568093299813,0.39093495805214,0.709597222382,0.65413269,0.34586731,1.6331,-0.26968106,0.59595444,-0.26968106,-0.59595444,complex,1
0.762481,0.220243,3.461998,0.167751545522626,0.391137767191582,0.7093113623195,0.65404856,0.34595144,1.6326,-0.2704614,0.59550831,-0.2704614,-0.59550831,complex,1
0.762856,0.220353,3.461981,0.167935129354038,0.391340593294499,0.709025361632,0.65396456,0.34603544,1.6321,-0.2712413,0.59506117,-0.2712413,-0.59506117,complex,1
0.763232,0.220462,3.461964,0.168119334955945,0.391543977311078,0.708738457088,0.65388031,0.34611969,1.6316,-0.27202106,0.59461248,-0.27202106,-0.59461248,complex,1
0.763607,0.220571,3.461947,0.168303182589309,0.391746837424083,0.7084521747755,0.65379608,0.34620392,1.6311,-0.27280048,0.59416261,-0.27280048,-0.59416261,complex,1
0.763982,0.220681,3.46193,0.168487162064936,0.39194971453843,0.708165751838,0.65371184,0.34628816,1.6306,-0.27357956,0.59371154,-0.27357956,-0.59371154,complex,1
0.764357,0.22079,3.461913,0.168671273460822,0.392152608666748,0.7078791882755,0.65362753,0.34637247,1.6301,-0.27435833,0.59325918,-0.27435833,-0.59325918,complex,1
0.764732,0.2209,3.461896,0.168855516855054,0.392355519821672,0.707592484088,0.65354307,0.34645693,1.6296,-0.27513689,0.59280539,-0.27513689,-0.59280539,complex,1
0.765108,0.221009,3.461879,0.169040384170371,0.392558989180487,0.707304874168,0.65345852,0.34654148,1.6291,-0.27591518,0.59235028,-0.27591518,-0.59235028,complex,1
0.765483,0.221119,3.461862,0.169224892148429,0.392761934472051,0.7070178883555,0.65337395,0.34662605,1.6286,-0.27669312,0.59189394,-0.27669312,-0.59189394,complex,1
0.765858,0.221228,3.461845,0.169409532359836,0.392964896828211,0.706730761918,0.6532893,0.3467107,1.6281,-0.27747076,0.59143629,-0.27747076,-0.59143629,complex,1
0.766233,0.221338,3.461827,0.169594304883038,0.393167876261634,0.7064434948555,0.65320461,0.34679539,1.6276,-0.27824812,0.59097736,-0.27824812,-0.59097736,complex,1
0.766608,0.221447,3.46181,0.169779209796568,0.393370872784998,0.706156087168,0.65311979,0.34688021,1.6271,-0.27902519,0.59051706,-0.27902519,-0.59051706,complex,1
0.766983,0.221557,3.461793,0.169964247179052,0.393573886410986,0.7058685388555,0.65303493,0.34696507,1.6266,-0.27980195,0.5900555,-0.27980195,-0.5900555,complex,1
0.767359,0.221666,3.461775,0.170149911072955,0.393777458590495,0.7055800825595,0.65295,0.34705,1.6261,-0.28057841,0.58959263,-0.28057841,-0.58959263,complex,1
0.767734,0.221776,3.461757,0.170335213983354,0.393980506505511,0.705292252622,0.65286501,0.34713499,1.6256,-0.28135456,0.58912845,-0.28135456,-0.58912845,complex,1
0.768109,0.221885,3.46174,0.17052064959933,0.394183571561288,0.7050042820595,0.65277994,0.34722006,1.6251,-0.28213042,0.58866295,-0.28213042,-0.58866295,complex,1
0.768484,0.221995,3.461722,0.17070621799987,0.394386653770543,0.704716170872,0.6526948,0.3473052,1.6246,-0.28290595,0.58819616,-0.28290595,-0.58819616,complex,1
0.768859,0.222104,3.461704,0.170891919264048,0.394589753146002,0.7044279190595,0.65260959,0.34739041,1.6241,-0.28368119,0.58772805,-0.28368119,-0.58772805,complex,1
0.769235,0.222214,3.461687,0.171078249206718,0.394793411367522,0.7041387573875,0.65252431,0.34747569,1.6236,-0.28445611,0.58725863,-0.28445611,-0.58725863,complex,1
0.76961,0.222323,3.461669,0.171264216790596,0.39499654515946,0.70385022395,0.65243896,0.34756104,1.6232,-0.28523071,0.5867879,-0.28523071,-0.5867879,complex,1
0.769985,0.222433,3.461651,0.171450317476098,0.395199696155862,0.7035615498875,0.65235353,0.34764647,1.6227,-0.28600501,0.58631584,-0.28600501,-0.58631584,complex,1
0.77036,0.222542,3.461633,0.171636551342663,0.395402864369486,0.7032727352,0.65226805,0.34773195,1.6222,-0.28677899,0.58584249,-0.28677899,-0.58584249,complex,1
0.770735,0.222652,3.461615,0.171822918469821,0.395606049813098,0.7029837798875,0.65218249,0.34781751,1.6217,-0.28755265,0.58536781,-0.28755265,-0.58536781,complex,1
0.771111,0.222762,3.461597,0.172009916450107,0.395809794396368,0.7026939128395,0.65209685,0.34790315,1.6212,-0.28832599,0.5848918,-0.28832599,-0.5848918,complex,1
0.771486,0.222871,3.461579,0.172196550693303,0.396013014384322,0.702404675902,0.65201116,0.34798884,1.6207,-0.289099,0.58441451,-0.289099,-0.58441451,complex,1
0.771861,0.222981,3.46156,0.172383318436446,0.396216251640649,0.7021152983395,0.65192538,0.34807462,1.6202,-0.2898717,0.58393587,-0.2898717,-0.58393587,complex,1
0.772236,0.22309,3.461542,0.172570219759432,0.396419506178148,0.701825780152,0.65183954,0.34816046,1.6197,-0.29064408,0.58345591,-0.29064408,-0.58345591,complex,1
0.772611,0.2232,3.461524,0.17275725474225,0.396622778009627,0.7015361213395,0.65175362,0.34824638,1.6192,-0.29141612,0.58297464,-0.29141612,-0.58297464,complex,1
0.772986,0.223309,3.461505,0.17294442346498,0.396826067147903,0.701246321902,0.65166763,0.34833237,1.6187,-0.29218784,0.58249203,-0.29218784,-0.58249203,complex,1
0.773362,0.223419,3.461487,0.173132225660217,0.39702991577952,0.700955608478,0.65158158,0.34841842,1.6182,-0.29295922,0.58200812,-0.29295922,-0.58200812,complex,1
0.773737,0.223529,3.461468,0.173319662460555,0.397233239616108,0.7006655274155,0.65149546,0.34850454,1.6177,-0.29373028,0.58152288,-0.29373028,-0.58152288,complex,1
0.774112,0.223638,3.46145,0.173507233241813,0.397436580798026,0.700375305728,0.65140926,0.34859074,1.6172,-0.294501,0.5810363,-0.294501,-0.5810363,complex,1
0.774487,0.223748,3.461431,0.173694938084439,0.397639939338123,0.7000849434155,0.65132299,0.34867701,1.6167,-0.2952714,0.58054839,-0.2952714,-0.58054839,complex,1
0.774862,0.223857,3.461413,0.173882777068976,0.397843315249258,0.699794440478,0.65123665,0.34876335,1.6162,-0.29604145,0.58005917,-0.29604145,-0.58005917,complex,1
0.775238,0.223967,3.461394,0.174071251717456,0.398047250949669,0.699503021678,0.65115025,0.34884975,1.6157,-0.29681115,0.57956862,-0.29681115,-0.57956862,complex,1
0.775613,0.224077,3.461375,0.174259359586058,0.398250661687895,0.6992122371155,0.65106376,0.34893624,1.6152,-0.29758054,0.57907672,-0.29758054,-0.57907672,complex,1
0.775988,0.224186,3.461356,0.174447601838967,0.398454089835818,0.698921311928,0.65097721,0.34902279,1.6147,-0.29834956,0.5785835,-0.29834956,-0.5785835,complex,1
0.776363,0.224296,3.461337,0.174635978557095,0.398657535406329,0.6986302461155,0.65089059,0.34910941,1.6142,-0.29911825,0.57808894,-0.29911825,-0.57808894,complex,1
0.776738,0.224405,3.461318,0.174824489821448,0.398860998412328,0.698339039678,0.65080389,0.34919611,1.6137,-0.29988659,0.57759306,-0.29988659,-0.57759306,complex,1
0.777114,0.224515,3.461299,0.175013638948891,0.399065021504607,0.698046915502,0.65071714,0.34928286,1.6132,-0.30065459,0.57709585,-0.30065459,-0.57709585,complex,1
0.777489,0.224625,3.46128,0.175202419908416,0.399268519466897,0.6977554274395,0.65063029,0.34936971,1.6127,-0.30142223,0.57659728,-0.30142223,-0.57659728,complex,1
0.777864,0.224734,3.461261,0.17539133565796,0.399472034903459,0.697463798752,0.65054339,0.34945661,1.6122,-0.30218953,0.57609738,-0.30218953,-0.57609738,complex,1
0.778239,0.224844,3.461241,0.175580386278902,0.399675567827229,0.6971720294395,0.65045641,0.34954359,1.6117,-0.30295647,0.57559614,-0.30295647,-0.57559614,complex,1
0.778614,0.224954,3.461222,0.175769571852716,0.399879118251149,0.696880119502,0.65036936,0.34963064,1.6112,-0.30372306,0.57509357,-0.30372306,-0.57509357,complex,1
0.778989,0.225063,3.461203,0.175958892460969,0.400082686188168,0.6965880689395,0.65028224,0.34971776,1.6107,-0.30448929,0.57458965,-0.30448929,-0.57458965,complex,1
0.779365,0.225173,3.461183,0.176148853581295,0.400286814569256,0.6962950983875,0.65019505,0.34980495,1.6102,-0.30525517,0.57408439,-0.30525517,-0.57408439,complex,1
0.77974,0.225283,3.461164,0.176338444864139,0.400490417618149,0.6960027662,0.65010779,0.34989221,1.6097,-0.30602068,0.57357779,-0.30602068,-0.57357779,complex,1
0.780115,0.225392,3.461144,0.176528171426906,0.40069403821908,0.6957102933875,0.65002046,0.34997954,1.6092,-0.30678583,0.57306984,-0.30678583,-0.57306984,complex,1
0.78049,0.225502,3.461125,0.176718033351538,0.400897676385032,0.69541767995,0.64993305,0.35006695,1.6087,-0.30755063,0.57256055,-0.30755063,-0.57256055,complex,1
0.780865,0.225612,3.461105,0.176908030720074,0.401101332129001,0.6951249258875,0.64984558,0.35015442,1.6082,-0.30831505,0.57204992,-0.30831505,-0.57204992,complex,1
0.781241,0.225721,3.461085,0.177098670816955,0.401305548616408,0.6948312499595,0.64975803,0.35024197,1.6077,-0.30907911,0.57153792,-0.30907911,-0.57153792,complex,1
0.781616,0.225831,3.461065,0.177288939681523,0.401509239602382,0.694538214272,0.64967041,0.35032959,1.6071,-0.30984279,0.57102459,-0.30984279,-0.57102459,complex,1
0.781991,0.225941,3.461045,0.177479344236896,0.401712948205437,0.6942450379595,0.64958271,0.35041729,1.6066,-0.31060612,0.5705099,-0.31060612,-0.5705099,complex,1
0.782366,0.22605,3.461025,0.177669884565492,0.401916674438601,0.693951721022,0.64949496,0.35050504,1.6061,-0.31136907,0.56999386,-0.31136907,-0.56999386,complex,1
0.782741,0.22616,3.461005,0.177860560749823,0.402120418314908,0.6936582634595,0.64940709,0.35059291,1.6056,-0.31213164,0.56947643,-0.31213164,-0.56947643,complex,1
0.783117,0.22627,3.460985,0.178051881886631,0.402324723235108,0.6933638821555,0.6493193,0.3506807,1.6051,-0.31289378,0.56895785,-0.31289378,-0.56895785,complex,1
0.783492,0.22638,3.460965,0.178242830393182,0.402528502483982,0.693070142968,0.64923118,0.35076882,1.6046,-0.3136557,0.56843753,-0.3136557,-0.56843753,complex,1
0.783867,0.226489,3.460945,0.178433915003797,0.402732299415194,0.6927762631555,0.64914317,0.35085683,1.6041,-0.31441709,0.56791614,-0.31441709,-0.56791614,complex,1
0.784242,0.226599,3.460925,0.178625135801369,0.402936114041815,0.692482242718,0.64905513,0.35094487,1.6036,-0.31517811,0.56739345,-0.31517811,-0.56739345,complex,1
0.784617,0.226709,3.460904,0.178816492868889,0.403139946376924,0.6921880816555,0.64896684,0.35103316,1.6031,-0.31593886,0.56686912,-0.31593886,-0.56686912,complex,1
0.784992,0.226818,3.460884,0.179007986289441,0.403343796433608,0.691893779968,0.64887856,0.35112144,1.6026,-0.31669916,0.56634355,-0.31669916,-0.56634355,complex,1
0.785368,0.226928,3.460864,0.179200127341632,0.403548207896129,0.691598552288,0.64879022,0.35120978,1.6021,-0.31745907,0.56581666,-0.31745907,-0.56581666,complex,1
0.785743,0.227038,3.460843,0.179391894082053,0.403752093482606,0.6913039689755,0.6487019,0.3512981,1.6016,-0.31821852,0.56528854,-0.31821852,-0.56528854,complex,1
0.786118,0.227148,3.460822,0.17958379742556,0.403955996830008,0.691009245038,0.64861336,0.35138664,1.6011,-0.31897768,0.56475883,-0.31897768,-0.56475883,complex,1
0.786493,0.227258,3.460802,0.179775837455625,0.404159917951457,0.6907143804755,0.64852484,0.35147516,1.6006,-0.31973642,0.56422787,-0.31973642,-0.56422787,complex,1
0.786868,0.227367,3.460781,0.179968014255812,0.404363856860084,0.690419375288,0.64843624,0.35156376,1.6001,-0.32049474,0.56369556,-0.32049474,-0.56369556,complex,1
0.787244,0.227477,3.46076,0.18016084092923,0.404568357477395,0.690123442232,0.64834752,0.35165248,1.5996,-0.3212527,0.5631618,-0.3212527,-0.5631618,complex,1
0.787619,0.227587,3.46074,0.18035329188603,0.404772332047326,0.6898281554195,0.64825876,0.35174124,1.5991,-0.32201023,0.56262673,-0.32201023,-0.56262673,complex,1
0.787994,0.227697,3.460719,0.180545879864455,0.404976324443915,0.689532727982,0.64816995,0.35183005,1.5986,-0.32276735,0.56209031,-0.32276735,-0.56209031,complex,1
0.788369,0.227806,3.460698,0.180738604948461,0.405180334680327,0.6892371599195,0.64808101,0.35191899,1.5981,-0.32352413,0.56155243,-0.32352413,-0.56155243,complex,1
0.788744,0.227916,3.460677,0.180931467222097,0.405384362769737,0.688941451232,0.64799202,0.35200798,1.5976,-0.32428046,0.56101323,-0.32428046,-0.56101323,complex,1
0.78912,0.228026,3.460655,0.181124981618567,0.405588952871774,0.6886448128,0.64790296,0.35209704,1.5971,-0.3250364,0.56047264,-0.3250364,-0.56047264,complex,1
0.789495,0.228136,3.460634,0.181318118890408,0.405793016754435,0.6883488224875,0.64781384,0.35218616,1.5966,-0.32579193,0.55993071,-0.32579193,-0.55993071,complex,1
0.78987,0.228246,3.460613,0.18151139360484,0.405997098529705,0.68805269155,0.64772464,0.35227536,1.596,-0.32654706,0.55938737,-0.32654706,-0.55938737,complex,1
0.790245,0.228355,3.460592,0.181704805846304,0.406201198210794,0.6877564199875,0.64763536,0.35236464,1.5955,-0.32730176,0.55884266,-0.32730176,-0.55884266,complex,1
0.79062,0.228465,3.46057,0.181898355699339,0.406405315810919,0.6874600078,0.64754602,0.35245398,1.595,-0.32805606,0.55829658,-0.32805606,-0.55829658,complex,1
0.790995,0.228575,3.460549,0.182092043248581,0.406609451343309,0.6871634549875,0.64745661,0.35254339,1.5945,-0.32880995,0.55774911,-0.32880995,-0.55774911,complex,1
0.791371,0.228685,3.460528,0.182286385630585,0.406814149254476,0.6868659701795,0.64736712,0.35263288,1.594,-0.32956342,0.55720026,-0.32956342,-0.55720026,complex,1
0.791746,0.228795,3.460506,0.182480349194297,0.407018320739017,0.686569135742,0.64727756,0.35272244,1.5935,-0.33031647,0.55665004,-0.33031647,-0.55665004,complex,1
0.792121,0.228905,3.460484,0.182674450708939,0.407222510195592,0.6862721606795,0.64718792,0.35281208,1.593,-0.33106909,0.55609843,-0.33106909,-0.55609843,complex,1
0.792496,0.229015,3.460463,0.182868690259541,0.407426717637462,0.685975044992,0.64709822,0.35290178,1.5925,-0.3318213,0.55554543,-0.3318213,-0.55554543,complex,1
0.792871,0.229124,3.460441,0.183063067931229,0.4076309430779,0.6856777886795,0.64700844,0.35299156,1.592,-0.33257309,0.55499105,-0.33257309,-0.55499105,complex,1
0.793247,0.229234,3.460419,0.183258102703082,0.407835731203482,0.6853795984955,0.64691859,0.35308141,1.5915,-0.33332444,0.55443528,-0.33332444,-0.55443528,complex,1
0.793622,0.229344,3.460397,0.183452757241614,0.408039992728987,0.685082060558,0.64682866,0.35317134,1.591,-0.33407537,0.55387811,-0.33407537,-0.55387811,complex,1
0.793997,0.229454,3.460375,0.183647550157436,0.40824427229296,0.6847843819955,0.64673867,0.35326133,1.5905,-0.33482587,0.55331956,-0.33482587,-0.55331956,complex,1
0.794372,0.229564,3.460353,0.183842481536071,0.40844856990871,0.684486562808,0.64664859,0.35335141,1.59,-0.33557595,0.55275961,-0.33557595,-0.55275961,complex,1
0.794747,0.229674,3.460331,0.184037551463142,0.408652885589551,0.6841886029955,0.64655845,0.35344155,1.5895,-0.33632558,0.55219828,-0.33632558,-0.55219828,complex,1
0.795123,0.229784,3.460309,0.184233280765948,0.408857764263013,0.6838897074355,0.64646825,0.35353175,1.5889,-0.33707478,0.55163556,-0.33707478,-0.55163556,complex,1
0.795498,0.229894,3.460287,0.184428628417189,0.409062116162281,0.683591465998,0.64637795,0.35362205,1.5884,-0.33782355,0.55107142,-0.33782355,-0.55107142,complex,1
0.795873,0.230003,3.460265,0.184624114874558,0.409266486166677,0.6832930839355,0.6462876,0.3537124,1.5879,-0.33857187,0.5505059,-0.33857187,-0.5505059,complex,1
0.796248,0.230113,3.460242,0.184819740224076,0.409470874289551,0.682994561248,0.64619716,0.35380284,1.5874,-0.33931975,0.54993898,-0.33931975,-0.54993898,complex,1
0.796623,0.230223,3.46022,0.185015504551863,0.409675280544263,0.6826958979355,0.64610665,0.35389335,1.5869,-0.34006719,0.54937065,-0.34006719,-0.54937065,complex,1
0.796998,0.230333,3.460197,0.18521140794414,0.409879704944184,0.682397093998,0.64601608,0.35398392,1.5864,-0.34081419,0.54880093,-0.34081419,-0.54880093,complex,1
0.797374,0.230443,3.460175,0.185407973453447,0.410084692707134,0.682097352062,0.64592543,0.35407457,1.5859,-0.34156074,0.5482298,-0.34156074,-0.5482298,complex,1
0.797749,0.230553,3.460152,0.185604155605179,0.41028915348609,0.6817982664995,0.6458347,0.3541653,1.5854,-0.34230684,0.54765727,-0.34230684,-0.54765727,complex,1
0.798124,0.230663,3.460129,0.185800477080893,0.410493632450451,0.681499040312,0.64574391,0.35425609,1.5849,-0.34305249,0.54708334,-0.34305249,-0.54708334,complex,1
0.798499,0.230773,3.460107,0.185996937967212,0.410698129613622,0.6811996734995,0.64565304,0.35434696,1.5844,-0.34379769,0.546508,-0.34379769,-0.546508,complex,1
0.798874,0.230883,3.460084,0.186193538350857,0.410902644989018,0.680900166062,0.64556209,0.35443791,1.5839,-0.34454243,0.54593125,-0.34454243,-0.54593125,complex,1
0.79925,0.230993,3.460061,0.186390803145253,0.411107724037375,0.68059971875,0.64547107,0.35452893,1.5833,-0.34528672,0.54535308,-0.34528672,-0.54535308,complex,1
0.799625,0.231103,3.460038,0.186587683156694,0.411312275926153,0.6802999296875,0.64537998,0.35462002,1.5828,-0.34603055,0.54477351,-0.34603055,-0.54477351,complex,1
0.8,0.231213,3.460015,0.186784702926467,0.411516846067488,0.68,0.64528882,0.35471118,1.5823,-0.34677392,0.54419253,-0.34677392,-0.54419253,complex,1
